Date Collected,Date Received,CowID,Date Sent,Date Approved,ClientID,ProjectNo,Test,S-N Value,DIM,combined_cow,date_collected,year,adj_final_breeding,DSLB,breed_event_id,ai_id,sample_id,sample_class,Result,final_resolved,first_sample_rc,rc_resolved_open,n_clients_for_CowID,n_combined_for_CowID
3/5/2026,,10080,,,398645,,Pregnancy Test - Milk,2.564,305,10080.0398645.0,3/5/2026,2025,9/4/2025,182,10080.0398645.0_2025_9,1,1,first,Pregnant,Pregnant,,,2,2
11/13/2025,,10080,,,401430,,Pregnancy Test - Milk,1.058,160,10080.0401430.0,11/13/2025,2025,10/9/2025,35,10080.0401430.0_2025_10,2,1,first,Pregnant,Pregnant,,,2,2
12/18/2025,,10080,,,401430,,Pregnancy Test - Milk,0.688,195,10080.0401430.0,12/18/2025,2025,10/9/2025,70,10080.0401430.0_2025_10,2,2,last,Pregnant,Pregnant,,,2,2
9/25/2025,,10080,,,401430,,Pregnancy Test - Milk,0.018,111,10080.0401430.0,9/25/2025,2025,8/21/2025,35,10080.0401430.0_2025_8,1,1,first,Open,Open,,,2,2
1/8/2026,,10093,,,398645,,Pregnancy Test - Milk,0.511,161,10093.0398645.0,1/8/2026,2025,12/2/2025,37,10093.0398645.0_2025_12,1,1,first,Pregnant,Pregnant,,,2,2
4/30/2026,,10093,,,398645,,Pregnancy Test - Milk,2.724,273,10093.0398645.0,4/30/2026,2025,12/2/2025,149,10093.0398645.0_2025_12,1,2,last,Pregnant,Pregnant,,,2,2
6/26/2025,,10093,,,401430,,Pregnancy Test - Milk,0.445,158,10093.0401430.0,6/26/2025,2025,4/17/2025,70,10093.0401430.0_2025_4,1,1,first,Pregnant,Pregnant,,,2,2
1/1/2026,,10094,,,398645,,Pregnancy Test - Milk,0.388,222,10094.0398645.0,1/1/2026,2025,10/25/2025,68,10094.0398645.0_2025_10,1,1,first,Pregnant,preg_loss_rebred,,,2,2
4/30/2026,,10094,,,398645,,Pregnancy Test - Milk,2.789,341,10094.0398645.0,4/30/2026,2026,3/19/2026,42,10094.0398645.0_2026_3,2,1,first,Pregnant,Pregnant,,,2,2
10/30/2025,,10094,,,401430,,Pregnancy Test - Milk,0.434,138,10094.0401430.0,10/30/2025,2025,9/26/2025,34,10094.0401430.0_2025_9,1,1,first,Pregnant,preg_loss_rebred,,,2,2
3/5/2026,,10094,,,401430,,Pregnancy Test - Milk,0.959,264,10094.0401430.0,3/5/2026,2026,1/28/2026,36,10094.0401430.0_2026_1,2,1,first,Pregnant,Pregnant,,,2,2
4/2/2026,,10098,,,398645,,Pregnancy Test - Milk,2.336,253,10098.0398645.0,4/2/2026,2025,10/1/2025,183,10098.0398645.0_2025_10,1,1,first,Pregnant,Pregnant,,,2,2
2/12/2026,,10098,,,401430,,Pregnancy Test - Milk,0.048,86,10098.0401430.0,2/12/2026,2026,1/6/2026,37,10098.0401430.0_2026_1,1,1,first,Open,Open,,,2,2
4/7/2026,,10098,,,401430,,Pregnancy Test - Milk,0.058,142,10098.0401430.0,4/7/2026,2026,2/26/2026,40,10098.0401430.0_2026_2,2,1,first,Open,Open,,,2,2
5/21/2026,,10098,,,401430,,Pregnancy Test - Milk,0.62,184,10098.0401430.0,5/21/2026,2026,4/13/2026,38,10098.0401430.0_2026_4,3,1,first,Pregnant,Pregnant,,,2,2
2/19/2026,,10103,,,398645,,Pregnancy Test - Milk,1.687,314,10103.0398645.0,2/19/2026,2025,8/9/2025,194,10103.0398645.0_2025_8,1,1,first,Pregnant,Pregnant,,,2,2
10/30/2025,,10103,,,401430,,Pregnancy Test - Milk,0.517,319,10103.0401430.0,10/30/2025,2025,9/26/2025,34,10103.0401430.0_2025_9,3,1,first,Pregnant,Pregnant,,,2,2
7/31/2025,,10103,,,401430,,Pregnancy Test - Milk,0.502,228,10103.0401430.0,7/31/2025,2025,6/23/2025,38,10103.0401430.0_2025_6,1,1,first,Pregnant,preg_loss_rebred,,,2,2
9/18/2025,,10103,,,401430,,Pregnancy Test - Milk,0.001,277,10103.0401430.0,9/18/2025,2025,8/11/2025,38,10103.0401430.0_2025_8,2,1,first,Open,Open,,,2,2
12/25/2025,,10159,,,398645,,Pregnancy Test - Milk,0.421,164,10159.0398645.0,12/25/2025,2025,10/17/2025,69,10159.0398645.0_2025_10,1,1,first,Pregnant,Pregnant,,,2,2
10/2/2025,,10159,,,401430,,Pregnancy Test - Milk,0.617,183,10159.0401430.0,10/2/2025,2025,7/21/2025,73,10159.0401430.0_2025_7_2,2,1,first,Pregnant,Pregnant,,,2,2
8/28/2025,,10159,,,401430,,Pregnancy Test - Milk,0.585,150,10159.0401430.0,8/28/2025,2025,7/19/2025,40,10159.0401430.0_2025_7_1,1,1,first,Pregnant,preg_loss_rebred,,,2,2
11/6/2025,,12321,,,398645,,Pregnancy Test - Milk,0.33,148,12321.0398645.0,11/6/2025,2025,8/19/2025,79,12321.0398645.0_2025_8,1,1,first,Pregnant,Pregnant,,,2,2
2/19/2026,,12321,,,398645,,Pregnancy Test - Milk,1.948,253,12321.0398645.0,2/19/2026,2025,8/19/2025,184,12321.0398645.0_2025_8,1,2,last,Pregnant,Pregnant,,,2,2
3/12/2026,,12321,,,401430,,Pregnancy Test - Milk,,115,12321.0401430.0,3/12/2026,2026,2/2/2026,38,12321.0401430.0_2026_2,1,1,first,Not Tested,Not Tested,,,2,2
2/19/2026,,12330,,,398645,,Pregnancy Test - Milk,0.692,163,12330.0398645.0,2/19/2026,2025,12/9/2025,72,12330.0398645.0_2025_12,2,1,first,Pregnant,Pregnant,,,2,2
5/29/2025,,12330,,,398645,,Pregnancy Test - Milk,1.787,307,12330.0398645.0,5/29/2025,2025,5/29/2025,0,12330.0398645.0_2025_5,1,1,first,Pregnant,preg_loss_rebred,,,2,2
10/8/2025,,12330,,,401430,,Pregnancy Test - Milk,0.343,173,12330.0401430.0,10/8/2025,2025,7/29/2025,71,12330.0401430.0_2025_7,1,2,last,Pregnant,Pregnant,,,2,2
9/4/2025,,12330,,,401430,,Pregnancy Test - Milk,0.351,138,12330.0401430.0,9/4/2025,2025,7/29/2025,36,12330.0401430.0_2025_7,1,1,first,Pregnant,Pregnant,,,2,2
8/21/2025,,12613,,,398645,,Pregnancy Test - Milk,0.677,295,12613.0398645.0,8/21/2025,2025,6/13/2025,69,12613.0398645.0_2025_6,1,1,first,Pregnant,Pregnant,,,2,2
4/29/2026,,12613,,,401430,,Pregnancy Test - Milk,-0.013,131,12613.0401430.0,4/29/2026,2026,3/20/2026,40,12613.0401430.0_2026_3,1,1,first,Open,Open,,,2,2
10/30/2025,,12795,,,398645,,Pregnancy Test - Milk,0.193,200,12795.0398645.0,10/30/2025,2025,6/17/2025,135,12795.0398645.0_2025_6,1,1,first,Re-Check,rc_preg,,,2,2
2/19/2026,,12795,,,398645,,Pregnancy Test - Milk,2.154,312,12795.0398645.0,2/19/2026,2025,6/17/2025,247,12795.0398645.0_2025_6,1,2,last,Pregnant,rc_preg,,,2,2
1/2/2026,,12795,,,401430,,Pregnancy Test - Milk,0.502,176,12795.0401430.0,1/2/2026,2025,9/18/2025,106,12795.0401430.0_2025_9,1,6,last,Pregnant,Pregant_with_rc,,,2,2
10/24/2025,,12795,,,401430,,Pregnancy Test - Milk,0.598,106,12795.0401430.0,10/24/2025,2025,9/18/2025,36,12795.0401430.0_2025_9,1,1,first,Pregnant,Pregant_with_rc,,,2,2
12/12/2025,,12795,,,401430,,Pregnancy Test - Milk,0.144,155,12795.0401430.0,12/12/2025,2025,9/18/2025,85,12795.0401430.0_2025_9,1,3,intermediate,Re-Check,Pregant_with_rc,,,2,2
12/19/2025,,12795,,,401430,,Pregnancy Test - Milk,0.237,162,12795.0401430.0,12/19/2025,2025,9/18/2025,92,12795.0401430.0_2025_9,1,4,intermediate,Re-Check,Pregant_with_rc,,,2,2
12/26/2025,,12795,,,401430,,Pregnancy Test - Milk,0.169,169,12795.0401430.0,12/26/2025,2025,9/18/2025,99,12795.0401430.0_2025_9,1,5,intermediate,Re-Check,Pregant_with_rc,,,2,2
12/5/2025,,12795,,,401430,,Pregnancy Test - Milk,0.115,148,12795.0401430.0,12/5/2025,2025,9/18/2025,78,12795.0401430.0_2025_9,1,2,intermediate,Re-Check,Pregant_with_rc,,,2,2
10/30/2025,,12812,,,398645,,Pregnancy Test - Milk,POS,281,12812.0398645.0,10/30/2025,2025,4/27/2025,186,12812.0398645.0_2025_4,1,2,last,Pregnant,Pregnant,,,2,2
7/3/2025,,12812,,,398645,,Pregnancy Test - Milk,0.491,162,12812.0398645.0,7/3/2025,2025,4/27/2025,67,12812.0398645.0_2025_4,1,1,first,Pregnant,Pregnant,,,2,2
2/19/2026,,12812,,,401430,,Pregnancy Test - Milk,1.066,105,12812.0401430.0,2/19/2026,2026,1/15/2026,35,12812.0401430.0_2026_1_2,2,1,first,Pregnant,,,,2,2
4/2/2026,,12812,,,401430,,Pregnancy Test - Milk,,147,12812.0401430.0,4/2/2026,2026,1/15/2026,77,12812.0401430.0_2026_1_2,2,2,last,Not Tested,,,,2,2
4/7/2026,,12812,,,401430,,Pregnancy Test - Milk,0.43,154,12812.0401430.0,4/7/2026,2026,1/13/2026,84,12812.0401430.0_2026_1_1,1,1,first,Pregnant,preg_loss_rebred,,,2,2
9/25/2025,,13205,,,398645,,Pregnancy Test - Milk,0.484,156,13205.0398645.0,9/25/2025,2025,7/17/2025,70,13205.0398645.0_2025_7,1,1,first,Pregnant,Pregnant,,,2,2
4/15/2026,,13205,,,401430,,Pregnancy Test - Milk,0.241,145,13205.0401430.0,4/15/2026,2026,2/20/2026,53,13205.0401430.0_2026_2,1,3,intermediate,Re-Check,Open,,,2,2
4/2/2026,,13205,,,401430,,Pregnancy Test - Milk,,131,13205.0401430.0,4/2/2026,2026,2/20/2026,39,13205.0401430.0_2026_2,1,1,first,Not Tested,Open,,,2,2
4/22/2026,,13205,,,401430,,Pregnancy Test - Milk,0.091,152,13205.0401430.0,4/22/2026,2026,2/20/2026,60,13205.0401430.0_2026_2,1,4,last,Open,Open,,,2,2
4/7/2026,,13205,,,401430,,Pregnancy Test - Milk,0.132,138,13205.0401430.0,4/7/2026,2026,2/20/2026,46,13205.0401430.0_2026_2,1,2,intermediate,Re-Check,Open,,,2,2
11/27/2025,,13340,,,398645,,Pregnancy Test - Milk,2.139,259,13340.0398645.0,11/27/2025,2025,6/14/2025,166,13340.0398645.0_2025_6,1,2,last,Pregnant,Pregnant,,,2,2
7/31/2025,,13340,,,398645,,Pregnancy Test - Milk,0.644,139,13340.0398645.0,7/31/2025,2025,6/14/2025,47,13340.0398645.0_2025_6,1,1,first,Pregnant,Pregnant,,,2,2
3/12/2026,,13340,,,401430,,Pregnancy Test - Milk,-0.025,95,13340.0401430.0,3/12/2026,2026,2/3/2026,37,13340.0401430.0_2026_2,1,1,first,Open,Open,,,2,2
5/7/2026,,13340,,,401430,,Pregnancy Test - Milk,0.349,151,13340.0401430.0,5/7/2026,2026,3/27/2026,41,13340.0401430.0_2026_3,2,1,first,Pregnant,Pregnant,,,2,2
6/5/2025,,13375,,,398645,,Pregnancy Test - Milk,1.472,267,13375.0398645.0,6/5/2025,2025,1/7/2025,149,13375.0398645.0_2025_1,1,1,first,Pregnant,Pregnant,,,2,2
3/5/2026,,13375,,,401430,,Pregnancy Test - Milk,1.15,104,13375.0401430.0,3/5/2026,2026,1/24/2026,40,13375.0401430.0_2026_1_2,2,1,first,Pregnant,Pregnant,,,2,2
4/7/2026,,13375,,,401430,,Pregnancy Test - Milk,0.477,139,13375.0401430.0,4/7/2026,2026,1/22/2026,75,13375.0401430.0_2026_1_1,1,1,first,Pregnant,preg_loss_rebred,,,2,2
9/25/2025,,13395,,,398645,,Pregnancy Test - Milk,0.302,341,13395.0398645.0,9/25/2025,2025,7/16/2025,71,13395.0398645.0_2025_7,1,1,first,Pregnant,Pregnant,,,2,2
1/15/2026,,13395,,,401430,,Pregnancy Test - Milk,0.226,153,13395.0401430.0,1/15/2026,2025,10/30/2025,77,13395.0401430.0_2025_10,1,3,intermediate,Re-Check,Pregant_with_rc,,,2,2
1/22/2026,,13395,,,401430,,Pregnancy Test - Milk,0.291,160,13395.0401430.0,1/22/2026,2025,10/30/2025,84,13395.0401430.0_2025_10,1,4,last,Pregnant,Pregant_with_rc,,,2,2
1/8/2026,,13395,,,401430,,Pregnancy Test - Milk,0.191,146,13395.0401430.0,1/8/2026,2025,10/30/2025,70,13395.0401430.0_2025_10,1,2,intermediate,Re-Check,Pregant_with_rc,,,2,2
12/4/2025,,13395,,,401430,,Pregnancy Test - Milk,0.582,111,13395.0401430.0,12/4/2025,2025,10/30/2025,35,13395.0401430.0_2025_10,1,1,first,Pregnant,Pregant_with_rc,,,2,2
1/8/2026,,13482,,,398645,,Pregnancy Test - Milk,0.365,184,13482.0398645.0,1/8/2026,2025,10/26/2025,74,13482.0398645.0_2025_10,1,1,first,Pregnant,Pregnant,,,2,2
4/30/2026,,13482,,,398645,,Pregnancy Test - Milk,1.352,296,13482.0398645.0,4/30/2026,2025,10/26/2025,186,13482.0398645.0_2025_10,1,2,last,Pregnant,Pregnant,,,2,2
4/7/2026,,13482,,,401430,,Pregnancy Test - Milk,0.565,100,13482.0401430.0,4/7/2026,2026,3/1/2026,37,13482.0401430.0_2026_3,2,1,first,Pregnant,Pregant_with_rc,,,2,2
5/14/2026,,13482,,,401430,,Pregnancy Test - Milk,0.116,136,13482.0401430.0,5/14/2026,2026,3/1/2026,73,13482.0401430.0_2026_3,2,2,intermediate,Re-Check,Pregant_with_rc,,,2,2
5/21/2026,,13482,,,401430,,Pregnancy Test - Milk,0.349,142,13482.0401430.0,5/21/2026,2026,3/1/2026,79,13482.0401430.0_2026_3,2,3,last,Pregnant,Pregant_with_rc,,,2,2
6/4/2025,,13482,,,401430,,Pregnancy Test - Milk,0.376,177,13482.0401430.0,6/4/2025,2025,3/25/2025,71,13482.0401430.0_2025_3,1,1,first,Pregnant,Pregnant,,,2,2
11/6/2025,,1384,,,398645,,Pregnancy Test - Milk,2.795,306,1384.0398645.0,11/6/2025,2025,11/6/2025,0,1384.0398645.0_2025_11,1,1,first,Pregnant,Pregnant,,,2,2
2/13/2026,,1384,,,401430,,Pregnancy Test - Milk,0.426,146,1384.0401430.0,2/13/2026,2025,12/31/2025,44,1384.0401430.0_2025_12,1,1,first,Pregnant,Pregnant,,,2,2
3/12/2026,,1384,,,401430,,Pregnancy Test - Milk,0.315,173,1384.0401430.0,3/12/2026,2025,12/31/2025,71,1384.0401430.0_2025_12,1,2,last,Pregnant,Pregnant,,,2,2
10/23/2025,,14057,,,398645,,Pregnancy Test - Milk,1.704,249,14057.0398645.0,10/23/2025,2025,4/25/2025,181,14057.0398645.0_2025_4,1,2,last,Pregnant,Pregnant,,,2,2
7/3/2025,,14057,,,398645,,Pregnancy Test - Milk,0.549,137,14057.0398645.0,7/3/2025,2025,4/25/2025,69,14057.0398645.0_2025_4,1,1,first,Pregnant,Pregnant,,,2,2
5/30/2025,,14057,,,401430,,Pregnancy Test - Milk,0.796,181,14057.0401430.0,5/30/2025,2025,4/24/2025,36,14057.0401430.0_2025_4,1,1,first,Pregnant,Pregnant,,,2,2
7/18/2025,,14057,,,401430,,Pregnancy Test - Milk,0.352,230,14057.0401430.0,7/18/2025,2025,4/24/2025,85,14057.0401430.0_2025_4,1,2,last,Pregnant,Pregnant,,,2,2
9/25/2025,,14076,,,398645,,Pregnancy Test - Milk,0.393,178,14076.0398645.0,9/25/2025,2025,7/12/2025,75,14076.0398645.0_2025_7,1,1,first,Pregnant,Pregnant,,,2,2
10/23/2025,,14076,,,401430,,Pregnancy Test - Milk,0.283,196,14076.0401430.0,10/23/2025,2025,8/9/2025,75,14076.0401430.0_2025_8,1,2,last,Pregnant,Pregnant,,,2,2
9/19/2025,,14076,,,401430,,Pregnancy Test - Milk,0.915,162,14076.0401430.0,9/19/2025,2025,8/9/2025,41,14076.0401430.0_2025_8,1,1,first,Pregnant,Pregnant,,,2,2
10/23/2025,,14077,,,398645,,Pregnancy Test - Milk,0.426,167,14077.0398645.0,10/23/2025,2025,8/14/2025,70,14077.0398645.0_2025_8,1,1,first,Pregnant,Pregnant,,,2,2
2/19/2026,,14077,,,398645,,Pregnancy Test - Milk,2.595,286,14077.0398645.0,2/19/2026,2025,8/14/2025,189,14077.0398645.0_2025_8,1,2,last,Pregnant,Pregnant,,,2,2
12/4/2025,,14077,,,401430,,Pregnancy Test - Milk,1.1,111,14077.0401430.0,12/4/2025,2025,10/30/2025,35,14077.0401430.0_2025_10,1,1,first,Pregnant,Pregnant,,,2,2
7/17/2025,,14099,,,398645,,Pregnancy Test - Milk,1.908,299,14099.0398645.0,7/17/2025,2024,12/4/2024,225,14099.0398645.0_2024_12,1,1,first,Pregnant,Pregnant,,,2,2
12/23/2025,,14099,,,401430,,Pregnancy Test - Milk,0.069,108,14099.0401430.0,12/23/2025,2025,11/20/2025,33,14099.0401430.0_2025_11,1,1,first,Open,Open,,,2,2
2/12/2026,,14099,,,401430,,Pregnancy Test - Milk,1.885,159,14099.0401430.0,2/12/2026,2026,1/7/2026,36,14099.0401430.0_2026_1,2,1,first,Pregnant,Pregnant,,,2,2
3/19/2026,,14099,,,401430,,Pregnancy Test - Milk,0.328,194,14099.0401430.0,3/19/2026,2026,1/7/2026,71,14099.0401430.0_2026_1,2,2,last,Pregnant,Pregnant,,,2,2
12/25/2025,,14115,,,398645,,Pregnancy Test - Milk,2.826,258,14115.0398645.0,12/25/2025,2025,6/17/2025,191,14115.0398645.0_2025_6,1,2,last,Pregnant,Pregnant,,,2,2
8/28/2025,,14115,,,398645,,Pregnancy Test - Milk,0.522,139,14115.0398645.0,8/28/2025,2025,6/17/2025,72,14115.0398645.0_2025_6,1,1,first,Pregnant,Pregnant,,,2,2
10/2/2025,,14115,,,401430,,Pregnancy Test - Milk,0.841,107,14115.0401430.0,10/2/2025,2025,8/28/2025,35,14115.0401430.0_2025_8,1,1,first,Pregnant,Pregnant,,,2,2
11/13/2025,,14115,,,401430,,Pregnancy Test - Milk,0.68,149,14115.0401430.0,11/13/2025,2025,8/28/2025,77,14115.0401430.0_2025_8,1,2,last,Pregnant,Pregnant,,,2,2
9/25/2025,,14126,,,398645,,Pregnancy Test - Milk,0.816,166,14126.0398645.0,9/25/2025,2025,7/21/2025,66,14126.0398645.0_2025_7,1,1,first,Pregnant,Pregnant,,,2,2
4/3/2026,,14126,,,401430,,Pregnancy Test - Milk,0.81,122,14126.0401430.0,4/3/2026,2026,2/26/2026,36,14126.0401430.0_2026_2,1,1,first,Pregnant,Pregnant,,,2,2
5/15/2026,,14126,,,401430,,Pregnancy Test - Milk,0.505,164,14126.0401430.0,5/15/2026,2026,2/26/2026,78,14126.0401430.0_2026_2,1,2,last,Pregnant,Pregnant,,,2,2
1/8/2026,,14185,,,398645,,Pregnancy Test - Milk,1.024,263,14185.0398645.0,1/8/2026,2025,6/7/2025,215,14185.0398645.0_2025_6,1,2,last,Pregnant,rc_preg,,,2,2
9/18/2025,,14185,,,398645,,Pregnancy Test - Milk,0.248,151,14185.0398645.0,9/18/2025,2025,6/7/2025,103,14185.0398645.0_2025_6,1,1,first,Re-Check,rc_preg,,,2,2
10/2/2025,,14185,,,401430,,Pregnancy Test - Milk,0.627,180,14185.0401430.0,10/2/2025,2025,7/17/2025,76,14185.0401430.0_2025_7,1,2,last,Pregnant,Pregnant,,,2,2
8/20/2025,,14185,,,401430,,Pregnancy Test - Milk,1.064,138,14185.0401430.0,8/20/2025,2025,7/17/2025,34,14185.0401430.0_2025_7,1,1,first,Pregnant,Pregnant,,,2,2
8/7/2025,,14319,,,398645,,Pregnancy Test - Milk,2.117,347,14319.0398645.0,8/7/2025,2025,2/4/2025,184,14319.0398645.0_2025_2,1,1,first,Pregnant,Pregnant,,,2,2
10/30/2025,,14319,,,401430,,Pregnancy Test - Milk,0.221,164,14319.0401430.0,10/30/2025,2025,8/19/2025,72,14319.0401430.0_2025_8,1,2,intermediate,Re-Check,Pregant_with_rc,,,2,2
11/6/2025,,14319,,,401430,,Pregnancy Test - Milk,0.401,171,14319.0401430.0,11/6/2025,2025,8/19/2025,79,14319.0401430.0_2025_8,1,3,last,Pregnant,Pregant_with_rc,,,2,2
9/25/2025,,14319,,,401430,,Pregnancy Test - Milk,0.361,129,14319.0401430.0,9/25/2025,2025,8/19/2025,37,14319.0401430.0_2025_8,1,1,first,Pregnant,Pregant_with_rc,,,2,2
11/27/2025,,1438,,,398645,,Pregnancy Test - Milk,1.022,314,1438.0398645.0,11/27/2025,2025,7/27/2025,123,1438.0398645.0_2025_7,1,2,last,Pregnant,rc_preg,,,2,2
7/31/2025,,1438,,,398645,,Pregnancy Test - Milk,0.241,194,1438.0398645.0,7/31/2025,2025,7/27/2025,4,1438.0398645.0_2025_7,1,1,first,Re-Check,rc_preg,,,2,2
12/31/2025,,1438,,,401430,,Pregnancy Test - Milk,-0.019,107,1438.0401430.0,12/31/2025,2025,11/24/2025,37,1438.0401430.0_2025_11,1,1,first,Open,Open,,,2,2
2/19/2026,,1438,,,401430,,Pregnancy Test - Milk,1.054,154,1438.0401430.0,2/19/2026,2026,1/13/2026,35,1438.0401430.0_2026_1,2,1,first,Pregnant,Pregant_with_rc,,,2,2
4/15/2026,,1438,,,401430,,Pregnancy Test - Milk,0.173,210,1438.0401430.0,4/15/2026,2026,1/13/2026,91,1438.0401430.0_2026_1,2,4,intermediate,Re-Check,Pregant_with_rc,,,2,2
4/2/2026,,1438,,,401430,,Pregnancy Test - Milk,0.222,196,1438.0401430.0,4/2/2026,2026,1/13/2026,77,1438.0401430.0_2026_1,2,2,intermediate,Re-Check,Pregant_with_rc,,,2,2
4/22/2026,,1438,,,401430,,Pregnancy Test - Milk,0.166,217,1438.0401430.0,4/22/2026,2026,1/13/2026,98,1438.0401430.0_2026_1,2,5,intermediate,Re-Check,Pregant_with_rc,,,2,2
4/29/2026,,1438,,,401430,,Pregnancy Test - Milk,0.221,224,1438.0401430.0,4/29/2026,2026,1/13/2026,105,1438.0401430.0_2026_1,2,6,intermediate,Re-Check,Pregant_with_rc,,,2,2
4/7/2026,,1438,,,401430,,Pregnancy Test - Milk,0.191,203,1438.0401430.0,4/7/2026,2026,1/13/2026,84,1438.0401430.0_2026_1,2,3,intermediate,Re-Check,Pregant_with_rc,,,2,2
5/7/2026,,1438,,,401430,,Pregnancy Test - Milk,0.258,231,1438.0401430.0,5/7/2026,2026,1/13/2026,112,1438.0401430.0_2026_1,2,7,last,Pregnant,Pregant_with_rc,,,2,2
4/2/2026,,1449,,,398645,,Pregnancy Test - Milk,POS,315,1449.0398645.0,4/2/2026,2025,10/14/2025,170,1449.0398645.0_2025_10,1,1,first,Pregnant,Pregnant,,,2,2
1/16/2026,,1449,,,401430,,Pregnancy Test - Milk,0.407,224,1449.0401430.0,1/16/2026,2025,10/27/2025,81,1449.0401430.0_2025_10,1,2,last,Pregnant,Pregnant,,,2,2
12/5/2025,,1449,,,401430,,Pregnancy Test - Milk,0.823,182,1449.0401430.0,12/5/2025,2025,10/27/2025,39,1449.0401430.0_2025_10,1,1,first,Pregnant,Pregnant,,,2,2
2/19/2026,,14501,,,398645,,Pregnancy Test - Milk,0.49,170,14501.0398645.0,2/19/2026,2025,12/3/2025,78,14501.0398645.0_2025_12,1,1,first,Pregnant,Pregnant,,,2,2
1/8/2026,,14501,,,401430,,Pregnancy Test - Milk,0.869,106,14501.0401430.0,1/8/2026,2025,12/4/2025,35,14501.0401430.0_2025_12,1,1,first,Pregnant,Pregnant,,,2,2
2/12/2026,,14501,,,401430,,Pregnancy Test - Milk,0.71,141,14501.0401430.0,2/12/2026,2025,12/4/2025,70,14501.0401430.0_2025_12,1,2,last,Pregnant,Pregnant,,,2,2
11/27/2025,,1452,,,398645,,Pregnancy Test - Milk,1.767,277,1452.0398645.0,11/27/2025,2025,7/27/2025,123,1452.0398645.0_2025_7,1,2,last,Pregnant,rc_preg,,,2,2
7/31/2025,,1452,,,398645,,Pregnancy Test - Milk,0.152,157,1452.0398645.0,7/31/2025,2025,7/27/2025,4,1452.0398645.0_2025_7,1,1,first,Re-Check,rc_preg,,,2,2
1/22/2026,,1452,,,401430,,Pregnancy Test - Milk,0.497,128,1452.0401430.0,1/22/2026,2025,12/16/2025,37,1452.0401430.0_2025_12,1,1,first,Pregnant,Pregnant,,,2,2
2/26/2026,,1452,,,401430,,Pregnancy Test - Milk,0.363,163,1452.0401430.0,2/26/2026,2025,12/16/2025,72,1452.0401430.0_2025_12,1,2,last,Pregnant,Pregnant,,,2,2
7/24/2025,,14560,,,398645,,Pregnancy Test - Milk,2.546,280,14560.0398645.0,7/24/2025,2025,1/16/2025,189,14560.0398645.0_2025_1,1,1,first,Pregnant,Pregnant,,,2,2
1/23/2026,,14560,,,401430,,Pregnancy Test - Milk,0.286,205,14560.0401430.0,1/23/2026,2025,11/3/2025,81,14560.0401430.0_2025_11_1,1,1,first,Pregnant,preg_loss_rebred,,,2,2
12/12/2025,,14560,,,401430,,Pregnancy Test - Milk,0.451,160,14560.0401430.0,12/12/2025,2025,11/6/2025,36,14560.0401430.0_2025_11_2,2,1,first,Pregnant,Pregnant,,,2,2
4/9/2026,,14650,,,398645,,Pregnancy Test - Milk,1.032,214,14650.0398645.0,4/9/2026,2026,2/2/2026,66,14650.0398645.0_2026_2,2,1,first,Pregnant,Pregnant,,,2,2
6/5/2025,,14650,,,398645,,Pregnancy Test - Milk,1.926,271,14650.0398645.0,6/5/2025,2024,12/5/2024,182,14650.0398645.0_2024_12,1,1,first,Pregnant,Pregnant,,,2,2
7/17/2025,,14650,,,401430,,Pregnancy Test - Milk,1.377,204,14650.0401430.0,7/17/2025,2025,6/10/2025,36,14650.0401430.0_2025_6,1,1,first,Pregnant,Pregnant,,,2,2
8/28/2025,,14650,,,401430,,Pregnancy Test - Milk,1.145,247,14650.0401430.0,8/28/2025,2025,6/10/2025,79,14650.0401430.0_2025_6,1,2,last,Pregnant,Pregnant,,,2,2
2/19/2026,,14662,,,398645,,Pregnancy Test - Milk,2.796,174,14662.0398645.0,2/19/2026,2025,12/12/2025,69,14662.0398645.0_2025_12,1,1,first,Pregnant,Pregnant,,,2,2
4/3/2026,,14662,,,401430,,Pregnancy Test - Milk,0.664,118,14662.0401430.0,4/3/2026,2026,2/26/2026,36,14662.0401430.0_2026_2,1,1,first,Pregnant,loss_2_open,,,2,2
5/15/2026,,14662,,,401430,,Pregnancy Test - Milk,-0.016,160,14662.0401430.0,5/15/2026,2026,2/26/2026,78,14662.0401430.0_2026_2,1,2,last,Open,loss_2_open,,,2,2
6/26/2025,,14677,,,398645,,Pregnancy Test - Milk,POS,267,14677.0398645.0,6/26/2025,2025,6/2/2025,24,14677.0398645.0_2025_6,1,1,first,Pregnant,Pregnant,,,2,2
4/2/2026,,14677,,,401430,,Pregnancy Test - Milk,0.967,122,14677.0401430.0,4/2/2026,2026,2/21/2026,40,14677.0401430.0_2026_2,1,1,first,Pregnant,Pregnant,,,2,2
5/7/2026,,14677,,,401430,,Pregnancy Test - Milk,0.36,157,14677.0401430.0,5/7/2026,2026,2/21/2026,75,14677.0401430.0_2026_2,1,2,last,Pregnant,Pregnant,,,2,2
4/2/2026,,14863,,,398645,,Pregnancy Test - Milk,0.66,123,14863.0398645.0,4/2/2026,2026,1/26/2026,66,14863.0398645.0_2026_1,2,1,first,Pregnant,Pregnant,,,2,2
8/28/2025,,14863,,,398645,,Pregnancy Test - Milk,2.336,332,14863.0398645.0,8/28/2025,2025,2/22/2025,187,14863.0398645.0_2025_2,1,1,first,Pregnant,Pregnant,,,2,2
10/31/2025,,14863,,,401430,,Pregnancy Test - Milk,0.435,107,14863.0401430.0,10/31/2025,2025,9/25/2025,36,14863.0401430.0_2025_9,1,1,first,Pregnant,Pregnant,,,2,2
12/12/2025,,14863,,,401430,,Pregnancy Test - Milk,0.335,149,14863.0401430.0,12/12/2025,2025,9/25/2025,78,14863.0401430.0_2025_9,1,2,last,Pregnant,Pregnant,,,2,2
12/4/2025,,14893,,,398645,,Pregnancy Test - Milk,0.253,195,14893.0398645.0,12/4/2025,2025,8/22/2025,104,14893.0398645.0_2025_8,1,1,first,Pregnant,Pregnant,,,2,2
3/26/2026,,14893,,,398645,,Pregnancy Test - Milk,2.256,307,14893.0398645.0,3/26/2026,2025,8/22/2025,216,14893.0398645.0_2025_8,1,2,last,Pregnant,Pregnant,,,2,2
11/6/2025,,14893,,,401430,,Pregnancy Test - Milk,0.255,152,14893.0401430.0,11/6/2025,2025,8/21/2025,77,14893.0401430.0_2025_8,1,2,last,Pregnant,Pregnant,,,2,2
9/25/2025,,14893,,,401430,,Pregnancy Test - Milk,0.427,110,14893.0401430.0,9/25/2025,2025,8/21/2025,35,14893.0401430.0_2025_8,1,1,first,Pregnant,Pregnant,,,2,2
11/27/2025,,14927,,,398645,,Pregnancy Test - Milk,1.031,306,14927.0398645.0,11/27/2025,2025,5/24/2025,187,14927.0398645.0_2025_5,1,2,last,Pregnant,Pregnant,,,2,2
7/31/2025,,14927,,,398645,,Pregnancy Test - Milk,0.591,186,14927.0398645.0,7/31/2025,2025,5/24/2025,68,14927.0398645.0_2025_5,1,1,first,Pregnant,Pregnant,,,2,2
2/12/2026,,14927,,,401430,,Pregnancy Test - Milk,0.721,84,14927.0401430.0,2/12/2026,2026,1/8/2026,35,14927.0401430.0_2026_1,1,1,first,Pregnant,Pregnant,,,2,2
3/19/2026,,14927,,,401430,,Pregnancy Test - Milk,0.307,119,14927.0401430.0,3/19/2026,2026,1/8/2026,70,14927.0401430.0_2026_1,1,2,last,Pregnant,Pregnant,,,2,2
10/30/2025,,1496,,,398645,,Pregnancy Test - Milk,0.721,258,1496.0398645.0,10/30/2025,2025,10/30/2025,0,1496.0398645.0_2025_10,1,1,first,Pregnant,Pregnant,,,2,2
9/19/2025,,1496,,,401430,,Pregnancy Test - Milk,0.436,208,1496.0401430.0,9/19/2025,2025,9/19/2025,0,1496.0401430.0_2025_9,1,1,first,Pregnant,Pregnant,,,2,2
10/23/2025,,14963,,,398645,,Pregnancy Test - Milk,2.854,413,14963.0398645.0,10/23/2025,2025,4/20/2025,186,14963.0398645.0_2025_4,1,2,last,Pregnant,Pregnant,,,2,2
6/26/2025,,14963,,,398645,,Pregnancy Test - Milk,0.735,294,14963.0398645.0,6/26/2025,2025,4/20/2025,67,14963.0398645.0_2025_4,1,1,first,Pregnant,Pregnant,,,2,2
1/8/2026,,14963,,,401430,,Pregnancy Test - Milk,0.599,104,14963.0401430.0,1/8/2026,2025,12/4/2025,35,14963.0401430.0_2025_12,1,1,first,Pregnant,Pregnant,,,2,2
2/26/2026,,14963,,,401430,,Pregnancy Test - Milk,0.421,153,14963.0401430.0,2/26/2026,2025,12/4/2025,84,14963.0401430.0_2025_12,1,2,last,Pregnant,Pregnant,,,2,2
9/25/2025,,14966,,,398645,,Pregnancy Test - Milk,0.319,158,14966.0398645.0,9/25/2025,2025,6/24/2025,93,14966.0398645.0_2025_6,1,1,first,Pregnant,Pregnant,,,2,2
1/15/2026,,14966,,,401430,,Pregnancy Test - Milk,0.205,153,14966.0401430.0,1/15/2026,2025,10/30/2025,77,14966.0401430.0_2025_10,1,2,intermediate,Re-Check,Pregant_with_rc,,,2,2
1/22/2026,,14966,,,401430,,Pregnancy Test - Milk,0.369,160,14966.0401430.0,1/22/2026,2025,10/30/2025,84,14966.0401430.0_2025_10,1,3,last,Pregnant,Pregant_with_rc,,,2,2
12/4/2025,,14966,,,401430,,Pregnancy Test - Milk,1.085,111,14966.0401430.0,12/4/2025,2025,10/30/2025,35,14966.0401430.0_2025_10,1,1,first,Pregnant,Pregant_with_rc,,,2,2
6/19/2025,,14981,,,398645,,Pregnancy Test - Milk,1.396,153,14981.0398645.0,6/19/2025,2025,3/21/2025,90,14981.0398645.0_2025_3,1,1,first,Pregnant,Pregnant,,,2,2
7/17/2025,,14981,,,401430,,Pregnancy Test - Milk,0.469,120,14981.0401430.0,7/17/2025,2025,6/11/2025,35,14981.0401430.0_2025_6,1,1,first,Pregnant,Pregnant,,,2,2
8/20/2025,,14981,,,401430,,Pregnancy Test - Milk,0.385,155,14981.0401430.0,8/20/2025,2025,6/11/2025,70,14981.0401430.0_2025_6,1,2,last,Pregnant,Pregnant,,,2,2
2/19/2026,,15013,,,398645,,Pregnancy Test - Milk,0.24,217,15013.0398645.0,2/19/2026,2025,11/19/2025,92,15013.0398645.0_2025_11,1,1,first,Re-Check,rc_unresolved,,,2,2
2/19/2026,,15013,,,401430,,Pregnancy Test - Milk,0.648,91,15013.0401430.0,2/19/2026,2026,1/12/2026,38,15013.0401430.0_2026_1,1,1,first,Pregnant,Pregnant,,,2,2
4/2/2026,,15013,,,401430,,Pregnancy Test - Milk,0.725,133,15013.0401430.0,4/2/2026,2026,1/12/2026,80,15013.0401430.0_2026_1,1,2,last,Pregnant,Pregnant,,,2,2
5/29/2025,,15027,,,398645,,Pregnancy Test - Milk,0.636,205,15027.0398645.0,5/29/2025,2025,3/20/2025,70,15027.0398645.0_2025_3,1,1,first,Pregnant,Pregnant,,,2,2
9/18/2025,,15027,,,398645,,Pregnancy Test - Milk,2.062,317,15027.0398645.0,9/18/2025,2025,3/20/2025,182,15027.0398645.0_2025_3,1,2,last,Pregnant,Pregnant,,,2,2
1/8/2026,,15027,,,401430,,Pregnancy Test - Milk,0.679,101,15027.0401430.0,1/8/2026,2025,12/4/2025,35,15027.0401430.0_2025_12,1,1,first,Pregnant,Pregnant,,,2,2
2/26/2026,,15027,,,401430,,Pregnancy Test - Milk,0.432,150,15027.0401430.0,2/26/2026,2025,12/4/2025,84,15027.0401430.0_2025_12,1,2,last,Pregnant,Pregnant,,,2,2
10/9/2025,,1503,,,398645,,Pregnancy Test - Milk,0.561,254,1503.0398645.0,10/9/2025,2025,10/9/2025,0,1503.0398645.0_2025_10,1,1,first,Pregnant,Pregnant,,,2,2
12/26/2025,,1503,,,401430,,Pregnancy Test - Milk,0.784,102,1503.0401430.0,12/26/2025,2025,11/20/2025,36,1503.0401430.0_2025_11,1,1,first,Pregnant,Pregnant,,,2,2
2/5/2026,,1503,,,401430,,Pregnancy Test - Milk,0.607,143,1503.0401430.0,2/5/2026,2025,11/20/2025,77,1503.0401430.0_2025_11,1,2,last,Pregnant,Pregnant,,,2,2
7/31/2025,,15044,,,398645,,Pregnancy Test - Milk,POS,269,15044.0398645.0,7/31/2025,2025,1/2/2025,210,15044.0398645.0_2025_1,1,1,first,Pregnant,Pregnant,,,2,2
3/19/2026,,15044,,,401430,,Pregnancy Test - Milk,0.296,155,15044.0401430.0,3/19/2026,2026,2/8/2026,39,15044.0401430.0_2026_2,1,1,first,Pregnant,Pregnant,,,2,2
4/23/2026,,15044,,,401430,,Pregnancy Test - Milk,0.682,190,15044.0401430.0,4/23/2026,2026,2/8/2026,74,15044.0401430.0_2026_2,1,2,last,Pregnant,Pregnant,,,2,2
1/23/2026,,15112,,,398645,,Pregnancy Test - Milk,0.169,135,15112.0398645.0,1/23/2026,2025,11/11/2025,73,15112.0398645.0_2025_11,2,1,first,Re-Check,rc_unresolved_>_1_bred,,,2,2
6/5/2025,,15112,,,398645,,Pregnancy Test - Milk,1.789,253,15112.0398645.0,6/5/2025,2024,12/3/2024,184,15112.0398645.0_2024_12,1,1,first,Pregnant,Pregnant,,,2,2
2/12/2026,,15112,,,401430,,Pregnancy Test - Milk,0.414,115,15112.0401430.0,2/12/2026,2026,1/8/2026,35,15112.0401430.0_2026_1,1,1,first,Pregnant,Pregnant,,,2,2
3/19/2026,,15112,,,401430,,Pregnancy Test - Milk,0.51,150,15112.0401430.0,3/19/2026,2026,1/8/2026,70,15112.0401430.0_2026_1,1,2,last,Pregnant,Pregnant,,,2,2
8/7/2025,,15162,,,398645,,Pregnancy Test - Milk,0.671,298,15162.0398645.0,8/7/2025,2025,5/31/2025,68,15162.0398645.0_2025_5,1,1,first,Pregnant,Pregnant,,,2,2
5/14/2026,,15162,,,401430,,Pregnancy Test - Milk,0.64,118,15162.0401430.0,5/14/2026,2026,4/6/2026,38,15162.0401430.0_2026_4,2,1,first,Pregnant,Pregnant,,,2,2
7/3/2025,,15162,,,401430,,Pregnancy Test - Milk,0.309,250,15162.0401430.0,7/3/2025,2025,4/17/2025,77,15162.0401430.0_2025_4,1,1,first,Pregnant,Pregnant,,,2,2
2/5/2026,,15196,,,398645,,Pregnancy Test - Milk,2.738,335,15196.0398645.0,2/5/2026,2025,8/7/2025,182,15196.0398645.0_2025_8,1,1,first,Pregnant,Pregnant,,,2,2
1/22/2026,,15196,,,401430,,Pregnancy Test - Milk,0.621,103,15196.0401430.0,1/22/2026,2025,12/18/2025,35,15196.0401430.0_2025_12,1,1,first,Pregnant,Pregnant,,,2,2
2/26/2026,,15196,,,401430,,Pregnancy Test - Milk,0.932,138,15196.0401430.0,2/26/2026,2025,12/18/2025,70,15196.0401430.0_2025_12,1,2,last,Pregnant,Pregnant,,,2,2
9/4/2025,,15231,,,398645,,Pregnancy Test - Milk,1.91,302,15231.0398645.0,9/4/2025,2025,3/3/2025,185,15231.0398645.0_2025_3,1,1,first,Pregnant,Pregnant,,,2,2
7/3/2025,,15231,,,401430,,Pregnancy Test - Milk,0.553,122,15231.0401430.0,7/3/2025,2025,5/29/2025,35,15231.0401430.0_2025_5,1,1,first,Pregnant,Pregnant,,,2,2
8/14/2025,,15231,,,401430,,Pregnancy Test - Milk,0.445,164,15231.0401430.0,8/14/2025,2025,5/29/2025,77,15231.0401430.0_2025_5,1,2,last,Pregnant,Pregnant,,,2,2
9/18/2025,,15254,,,398645,,Pregnancy Test - Milk,0.408,169,15254.0398645.0,9/18/2025,2025,7/12/2025,68,15254.0398645.0_2025_7,1,1,first,Pregnant,Pregnant,,,2,2
1/2/2026,,15254,,,401430,,Pregnancy Test - Milk,0.526,282,15254.0401430.0,1/2/2026,2025,10/12/2025,82,15254.0401430.0_2025_10,3,2,last,Pregnant,Pregnant,,,2,2
10/10/2025,,15254,,,401430,,Pregnancy Test - Milk,0.036,198,15254.0401430.0,10/10/2025,2025,8/30/2025,41,15254.0401430.0_2025_8,2,1,first,Open,Open,,,2,2
11/21/2025,,15254,,,401430,,Pregnancy Test - Milk,1.762,240,15254.0401430.0,11/21/2025,2025,10/12/2025,40,15254.0401430.0_2025_10,3,1,first,Pregnant,Pregnant,,,2,2
8/15/2025,,15254,,,401430,,Pregnancy Test - Milk,0.28,142,15254.0401430.0,8/15/2025,2025,7/10/2025,36,15254.0401430.0_2025_7,1,1,first,Pregnant,preg_loss_rebred,,,2,2
4/2/2026,,1530,,,398645,,Pregnancy Test - Milk,2.618,366,1530.0398645.0,4/2/2026,2025,11/4/2025,149,1530.0398645.0_2025_11,1,1,first,Pregnant,Pregnant,,,2,2
1/2/2026,,1530,,,401430,,Pregnancy Test - Milk,2.658,101,1530.0401430.0,1/2/2026,2025,11/27/2025,36,1530.0401430.0_2025_11,1,1,first,Pregnant,Pregnant,,,2,2
2/13/2026,,1530,,,401430,,Pregnancy Test - Milk,0.327,143,1530.0401430.0,2/13/2026,2025,11/27/2025,78,1530.0401430.0_2025_11,1,2,last,Pregnant,Pregnant,,,2,2
5/7/2026,,15341,,,398645,,Pregnancy Test - Milk,0.244,193,15341.0398645.0,5/7/2026,2026,2/25/2026,71,15341.0398645.0_2026_2,2,1,first,Re-Check,rc_unresolved_>_1_bred,,,2,2
7/17/2025,,15341,,,398645,,Pregnancy Test - Milk,2.741,252,15341.0398645.0,7/17/2025,2025,1/15/2025,183,15341.0398645.0_2025_1,1,1,first,Pregnant,Pregnant,,,2,2
11/13/2025,,15341,,,401430,,Pregnancy Test - Milk,0.225,209,15341.0401430.0,11/13/2025,2025,10/9/2025,35,15341.0401430.0_2025_10_2,4,1,first,Re-Check,rc_rebred,,,2,2
11/20/2025,,15341,,,401430,,Pregnancy Test - Milk,0.101,216,15341.0401430.0,11/20/2025,2025,10/9/2025,42,15341.0401430.0_2025_10_2,4,2,last,Re-Check,rc_rebred,,,2,2
11/27/2025,,15341,,,401430,,Pregnancy Test - Milk,0.002,227,15341.0401430.0,11/27/2025,2025,10/5/2025,53,15341.0401430.0_2025_10_1,3,1,first,Open,Open,,,2,2
2/20/2026,,15341,,,401430,,Pregnancy Test - Milk,0.312,308,15341.0401430.0,2/20/2026,2025,12/25/2025,57,15341.0401430.0_2025_12,5,1,first,Pregnant,Pregnant,,,2,2
3/12/2026,,15341,,,401430,,Pregnancy Test - Milk,0.958,328,15341.0401430.0,3/12/2026,2025,12/25/2025,77,15341.0401430.0_2025_12,5,2,last,Pregnant,Pregnant,,,2,2
8/7/2025,,15341,,,401430,,Pregnancy Test - Milk,0.009,111,15341.0401430.0,8/7/2025,2025,7/3/2025,35,15341.0401430.0_2025_7,1,1,first,Open,Open,,,2,2
9/25/2025,,15341,,,401430,,Pregnancy Test - Milk,0.048,160,15341.0401430.0,9/25/2025,2025,8/21/2025,35,15341.0401430.0_2025_8,2,1,first,Open,Open,,,2,2
12/18/2025,,15354,,,398645,,Pregnancy Test - Milk,2.311,301,15354.0398645.0,12/18/2025,2025,6/15/2025,186,15354.0398645.0_2025_6,1,2,last,Pregnant,Pregnant,,,2,2
8/21/2025,,15354,,,398645,,Pregnancy Test - Milk,0.488,182,15354.0398645.0,8/21/2025,2025,6/15/2025,67,15354.0398645.0_2025_6,1,1,first,Pregnant,Pregnant,,,2,2
5/21/2026,,15354,,,401430,,Pregnancy Test - Milk,0.021,103,15354.0401430.0,5/21/2026,2026,4/16/2026,35,15354.0401430.0_2026_4,3,1,first,Open,Open,,,2,2
6/5/2025,,15354,,,401430,,Pregnancy Test - Milk,0.665,119,15354.0401430.0,6/5/2025,2025,5/1/2025,35,15354.0401430.0_2025_5,2,1,first,Pregnant,Pregnant,,,2,2
7/17/2025,,15354,,,401430,,Pregnancy Test - Milk,0.264,162,15354.0401430.0,7/17/2025,2025,4/30/2025,78,15354.0401430.0_2025_4,1,1,first,Pregnant,preg_loss_rebred,,,2,2
10/23/2025,,1538,,,398645,,Pregnancy Test - Milk,0.959,226,1538.0398645.0,10/23/2025,2025,10/23/2025,0,1538.0398645.0_2025_10,1,1,first,Pregnant,preg_loss_rebred,,,2,2
2/19/2026,,1538,,,398645,,Pregnancy Test - Milk,POS,345,1538.0398645.0,2/19/2026,2026,2/13/2026,6,1538.0398645.0_2026_2,2,1,first,Pregnant,Pregnant,,,2,2
10/16/2025,,1538,,,401430,,Pregnancy Test - Milk,0.375,165,1538.0401430.0,10/16/2025,2025,8/7/2025,70,1538.0401430.0_2025_8,1,2,last,Pregnant,Pregnant,,,2,2
9/11/2025,,1538,,,401430,,Pregnancy Test - Milk,0.73,130,1538.0401430.0,9/11/2025,2025,8/7/2025,35,1538.0401430.0_2025_8,1,1,first,Pregnant,Pregnant,,,2,2
1/8/2026,,15386,,,398645,,Pregnancy Test - Milk,0.582,311,15386.0398645.0,1/8/2026,2025,10/30/2025,70,15386.0398645.0_2025_10,1,1,first,Pregnant,Pregnant,,,2,2
4/30/2026,,15386,,,398645,,Pregnancy Test - Milk,1.552,423,15386.0398645.0,4/30/2026,2025,10/30/2025,182,15386.0398645.0_2025_10,1,2,last,Pregnant,Pregnant,,,2,2
4/29/2026,,15386,,,401430,,Pregnancy Test - Milk,1.044,102,15386.0401430.0,4/29/2026,2026,3/25/2026,35,15386.0401430.0_2026_3,2,1,first,Pregnant,Pregnant,,,2,2
6/26/2025,,15386,,,401430,,Pregnancy Test - Milk,0.457,157,15386.0401430.0,6/26/2025,2025,4/17/2025,70,15386.0401430.0_2025_4,1,1,first,Pregnant,Pregnant,,,2,2
9/25/2025,,15400,,,398645,,Pregnancy Test - Milk,0.382,195,15400.0398645.0,9/25/2025,2025,7/16/2025,71,15400.0398645.0_2025_7,1,1,first,Pregnant,Pregnant,,,2,2
10/2/2025,,15400,,,401430,,Pregnancy Test - Milk,0.727,342,15400.0401430.0,10/2/2025,2025,7/23/2025,71,15400.0401430.0_2025_7_2,4,1,first,Pregnant,Pregnant,,,2,2
6/19/2025,,15400,,,401430,,Pregnancy Test - Milk,0.145,244,15400.0401430.0,6/19/2025,2025,3/27/2025,84,15400.0401430.0_2025_3,1,1,first,Re-Check,rc_rebred,,,2,2
7/3/2025,,15400,,,401430,,Pregnancy Test - Milk,0.089,251,15400.0401430.0,7/3/2025,2025,4/3/2025,91,15400.0401430.0_2025_4,2,1,first,Open,Open,,,2,2
8/28/2025,,15400,,,401430,,Pregnancy Test - Milk,1.07,309,15400.0401430.0,8/28/2025,2025,7/21/2025,38,15400.0401430.0_2025_7_1,3,1,first,Pregnant,preg_loss_rebred,,,2,2
7/31/2025,,1541,,,398645,,Pregnancy Test - Milk,0.723,191,1541.0398645.0,7/31/2025,2025,7/31/2025,0,1541.0398645.0_2025_7,1,1,first,Pregnant,Pregnant,,,2,2
2/26/2026,,1541,,,401430,,Pregnancy Test - Milk,0.807,93,1541.0401430.0,2/26/2026,2026,1/21/2026,36,1541.0401430.0_2026_1,1,1,first,Pregnant,Pregnant,,,2,2
4/2/2026,,1541,,,401430,,Pregnancy Test - Milk,0.347,128,1541.0401430.0,4/2/2026,2026,1/21/2026,71,1541.0401430.0_2026_1,1,2,last,Pregnant,Pregnant,,,2,2
10/23/2025,,15428,,,398645,,Pregnancy Test - Milk,0.483,228,15428.0398645.0,10/23/2025,2025,8/14/2025,70,15428.0398645.0_2025_8,1,1,first,Pregnant,Pregnant,,,2,2
10/2/2025,,15428,,,401430,,Pregnancy Test - Milk,0.488,224,15428.0401430.0,10/2/2025,2025,7/20/2025,73,15428.0401430.0_2025_7,2,2,last,Pregnant,Pregnant,,,2,2
6/19/2025,,15428,,,401430,,Pregnancy Test - Milk,0.181,119,15428.0401430.0,6/19/2025,2025,5/15/2025,35,15428.0401430.0_2025_5,1,1,first,Re-Check,rc_rebred,,,2,2
6/26/2025,,15428,,,401430,,Pregnancy Test - Milk,0.13,126,15428.0401430.0,6/26/2025,2025,5/15/2025,42,15428.0401430.0_2025_5,1,2,last,Re-Check,rc_rebred,,,2,2
8/27/2025,,15428,,,401430,,Pregnancy Test - Milk,0.867,189,15428.0401430.0,8/27/2025,2025,7/20/2025,38,15428.0401430.0_2025_7,2,1,first,Pregnant,Pregnant,,,2,2
11/6/2025,,1543,,,398645,,Pregnancy Test - Milk,2.025,305,1543.0398645.0,11/6/2025,2025,11/6/2025,0,1543.0398645.0_2025_11,1,1,first,Pregnant,Pregnant,,,2,2
5/29/2025,,1543,,,401430,,Pregnancy Test - Milk,0.673,159,1543.0401430.0,5/29/2025,2025,3/13/2025,77,1543.0401430.0_2025_3,1,1,first,Pregnant,Pregnant,,,2,2
10/9/2025,,15437,,,398645,,Pregnancy Test - Milk,0.287,157,15437.0398645.0,10/9/2025,2025,7/31/2025,70,15437.0398645.0_2025_7,1,1,first,Pregnant,Pregnant,,,2,2
1/30/2026,,15437,,,401430,,Pregnancy Test - Milk,0.027,203,15437.0401430.0,1/30/2026,2025,12/25/2025,36,15437.0401430.0_2025_12,2,1,first,Open,Open,,,2,2
10/31/2025,,15437,,,401430,,Pregnancy Test - Milk,0.422,112,15437.0401430.0,10/31/2025,2025,9/25/2025,36,15437.0401430.0_2025_9,1,1,first,Pregnant,loss,,,2,2
12/12/2025,,15437,,,401430,,Pregnancy Test - Milk,0.043,154,15437.0401430.0,12/12/2025,2025,9/25/2025,78,15437.0401430.0_2025_9,1,2,last,Open,loss,,,2,2
4/10/2026,,15437,,,401430,,Pregnancy Test - Milk,0.499,273,15437.0401430.0,4/10/2026,2026,3/5/2026,36,15437.0401430.0_2026_3,3,1,first,Pregnant,Pregnant,,,2,2
5/22/2026,,15437,,,401430,,Pregnancy Test - Milk,0.277,315,15437.0401430.0,5/22/2026,2026,3/5/2026,78,15437.0401430.0_2026_3,3,2,last,Pregnant,Pregnant,,,2,2
4/2/2026,,15482,,,398645,,Pregnancy Test - Milk,2.211,382,15482.0398645.0,4/2/2026,2025,8/29/2025,216,15482.0398645.0_2025_8,1,1,first,Pregnant,Pregnant,,,2,2
5/1/2026,,15482,,,401430,,Pregnancy Test - Milk,0.123,96,15482.0401430.0,5/1/2026,2026,3/24/2026,38,15482.0401430.0_2026_3,2,1,first,Re-Check,rc_open,,,2,2
5/8/2026,,15482,,,401430,,Pregnancy Test - Milk,0.031,103,15482.0401430.0,5/8/2026,2026,3/24/2026,45,15482.0401430.0_2026_3,2,2,last,Open,rc_open,,,2,2
7/11/2025,,15482,,,401430,,Pregnancy Test - Milk,0.515,170,15482.0401430.0,7/11/2025,2025,4/17/2025,85,15482.0401430.0_2025_4,1,2,last,Pregnant,Pregnant,,,2,2
7/2/2025,,15482,,,401430,,Pregnancy Test - Milk,0.349,161,15482.0401430.0,7/2/2025,2025,4/17/2025,76,15482.0401430.0_2025_4,1,1,first,Pregnant,Pregnant,,,2,2
11/20/2025,,15497,,,398645,,Pregnancy Test - Milk,0.209,160,15497.0398645.0,11/20/2025,2025,8/26/2025,86,15497.0398645.0_2025_8,1,1,first,Re-Check,rc_unresolved,,,2,2
6/13/2025,,15497,,,401430,,Pregnancy Test - Milk,0.634,173,15497.0401430.0,6/13/2025,2025,3/27/2025,78,15497.0401430.0_2025_3,1,1,first,Pregnant,Pregnant,,,2,2
11/20/2025,,15502,,,398645,,Pregnancy Test - Milk,0.877,223,15502.0398645.0,11/20/2025,2025,9/12/2025,69,15502.0398645.0_2025_9,1,1,first,Pregnant,Pregnant,,,2,2
3/19/2026,,15502,,,398645,,Pregnancy Test - Milk,POS,342,15502.0398645.0,3/19/2026,2025,9/12/2025,188,15502.0398645.0_2025_9,1,2,last,Pregnant,Pregnant,,,2,2
6/27/2025,,15502,,,401430,,Pregnancy Test - Milk,1.378,178,15502.0401430.0,6/27/2025,2025,5/19/2025,39,15502.0401430.0_2025_5,1,1,first,Pregnant,Pregnant,,,2,2
2/19/2026,,15661,,,398645,,Pregnancy Test - Milk,0.575,311,15661.0398645.0,2/19/2026,2025,12/14/2025,67,15661.0398645.0_2025_12,1,1,first,Pregnant,Pregnant,,,2,2
12/5/2025,,15661,,,401430,,Pregnancy Test - Milk,0.397,259,15661.0401430.0,12/5/2025,2025,10/30/2025,36,15661.0401430.0_2025_10,2,1,first,Pregnant,Pregnant,,,2,2
8/15/2025,,15661,,,401430,,Pregnancy Test - Milk,0.162,147,15661.0401430.0,8/15/2025,2025,7/3/2025,43,15661.0401430.0_2025_7,1,2,intermediate,Re-Check,rc_open,,,2,2
8/22/2025,,15661,,,401430,,Pregnancy Test - Milk,0.174,154,15661.0401430.0,8/22/2025,2025,7/3/2025,50,15661.0401430.0_2025_7,1,3,intermediate,Re-Check,rc_open,,,2,2
8/29/2025,,15661,,,401430,,Pregnancy Test - Milk,0.058,161,15661.0401430.0,8/29/2025,2025,7/3/2025,57,15661.0401430.0_2025_7,1,4,last,Open,rc_open,,,2,2
8/8/2025,,15661,,,401430,,Pregnancy Test - Milk,0.236,140,15661.0401430.0,8/8/2025,2025,7/3/2025,36,15661.0401430.0_2025_7,1,1,first,Re-Check,rc_open,,,2,2
10/23/2025,,15666,,,398645,,Pregnancy Test - Milk,POS,256,15666.0398645.0,10/23/2025,2025,3/24/2025,213,15666.0398645.0_2025_3,1,2,last,Pregnant,Pregnant,,,2,2
7/3/2025,,15666,,,398645,,Pregnancy Test - Milk,0.499,144,15666.0398645.0,7/3/2025,2025,3/24/2025,101,15666.0398645.0_2025_3,1,1,first,Pregnant,Pregnant,,,2,2
10/23/2025,,15666,,,401430,,Pregnancy Test - Milk,1.12,107,15666.0401430.0,10/23/2025,2025,9/18/2025,35,15666.0401430.0_2025_9,1,1,first,Pregnant,Pregnant,,,2,2
10/30/2025,,15732,,,398645,,Pregnancy Test - Milk,0.77,254,15732.0398645.0,10/30/2025,2025,8/21/2025,70,15732.0398645.0_2025_8,1,1,first,Pregnant,Pregnant,,,2,2
7/2/2025,,15732,,,401430,,Pregnancy Test - Milk,0.434,127,15732.0401430.0,7/2/2025,2025,5/29/2025,34,15732.0401430.0_2025_5,1,1,first,Pregnant,Pregnant,,,2,2
8/15/2025,,15732,,,401430,,Pregnancy Test - Milk,0.313,171,15732.0401430.0,8/15/2025,2025,5/29/2025,78,15732.0401430.0_2025_5,1,2,last,Pregnant,Pregnant,,,2,2
8/7/2025,,15737,,,398645,,Pregnancy Test - Milk,0.323,211,15737.0398645.0,8/7/2025,2025,5/30/2025,69,15737.0398645.0_2025_5,1,1,first,Pregnant,Pregnant,,,2,2
1/8/2026,,15737,,,401430,,Pregnancy Test - Milk,0.906,101,15737.0401430.0,1/8/2026,2025,12/4/2025,35,15737.0401430.0_2025_12,1,1,first,Pregnant,Pregnant,,,2,2
2/20/2026,,15737,,,401430,,Pregnancy Test - Milk,0.915,144,15737.0401430.0,2/20/2026,2025,12/4/2025,78,15737.0401430.0_2025_12,1,2,last,Pregnant,Pregnant,,,2,2
11/27/2025,,1577,,,398645,,Pregnancy Test - Milk,0.46,169,1577.0398645.0,11/27/2025,2025,9/18/2025,70,1577.0398645.0_2025_9,1,1,first,Pregnant,Pregnant,,,2,2
3/19/2026,,1577,,,398645,,Pregnancy Test - Milk,2.224,280,1577.0398645.0,3/19/2026,2025,9/18/2025,182,1577.0398645.0_2025_9,1,2,last,Pregnant,Pregnant,,,2,2
1/30/2026,,1577,,,401430,,Pregnancy Test - Milk,1.149,168,1577.0401430.0,1/30/2026,2025,12/24/2025,37,1577.0401430.0_2025_12,2,1,first,Pregnant,Pregnant,,,2,2
12/5/2025,,1577,,,401430,,Pregnancy Test - Milk,0.003,112,1577.0401430.0,12/5/2025,2025,10/30/2025,36,1577.0401430.0_2025_10,1,1,first,Open,Open,,,2,2
3/13/2026,,1577,,,401430,,Pregnancy Test - Milk,0.447,210,1577.0401430.0,3/13/2026,2025,12/24/2025,79,1577.0401430.0_2025_12,2,2,last,Pregnant,Pregnant,,,2,2
10/23/2025,,15798,,,398645,,Pregnancy Test - Milk,1.67,254,15798.0398645.0,10/23/2025,2025,4/8/2025,198,15798.0398645.0_2025_4,1,2,last,Pregnant,Pregnant,,,2,2
7/3/2025,,15798,,,398645,,Pregnancy Test - Milk,0.389,142,15798.0398645.0,7/3/2025,2025,4/8/2025,86,15798.0398645.0_2025_4,1,1,first,Pregnant,Pregnant,,,2,2
7/17/2025,,15798,,,401430,,Pregnancy Test - Milk,0.533,117,15798.0401430.0,7/17/2025,2025,6/10/2025,36,15798.0401430.0_2025_6,1,1,first,Pregnant,Pregnant,,,2,2
8/28/2025,,15798,,,401430,,Pregnancy Test - Milk,0.394,160,15798.0401430.0,8/28/2025,2025,6/10/2025,79,15798.0401430.0_2025_6,1,2,last,Pregnant,Pregnant,,,2,2
5/7/2026,,15823,,,398645,,Pregnancy Test - Milk,0.324,129,15823.0398645.0,5/7/2026,2026,2/26/2026,70,15823.0398645.0_2026_2,2,1,first,Pregnant,Pregnant,,,2,2
6/5/2025,,15823,,,398645,,Pregnancy Test - Milk,0.309,141,15823.0398645.0,6/5/2025,2025,3/27/2025,70,15823.0398645.0_2025_3,1,1,first,Pregnant,Pregnant,,,2,2
9/25/2025,,15823,,,398645,,Pregnancy Test - Milk,1.257,253,15823.0398645.0,9/25/2025,2025,3/27/2025,182,15823.0398645.0_2025_3,1,2,last,Pregnant,Pregnant,,,2,2
10/30/2025,,15823,,,401430,,Pregnancy Test - Milk,0.232,181,15823.0401430.0,10/30/2025,2025,9/22/2025,38,15823.0401430.0_2025_9_2,3,1,first,Re-Check,rc_preg,,,2,2
11/13/2025,,15823,,,401430,,Pregnancy Test - Milk,0.177,195,15823.0401430.0,11/13/2025,2025,9/22/2025,52,15823.0401430.0_2025_9_2,3,3,intermediate,Re-Check,rc_preg,,,2,2
11/20/2025,,15823,,,401430,,Pregnancy Test - Milk,0.168,202,15823.0401430.0,11/20/2025,2025,9/22/2025,59,15823.0401430.0_2025_9_2,3,4,intermediate,Re-Check,rc_preg,,,2,2
11/27/2025,,15823,,,401430,,Pregnancy Test - Milk,0.147,213,15823.0401430.0,11/27/2025,2025,9/18/2025,70,15823.0401430.0_2025_9_1,2,1,first,Re-Check,rc_rebred,,,2,2
11/6/2025,,15823,,,401430,,Pregnancy Test - Milk,0.218,188,15823.0401430.0,11/6/2025,2025,9/22/2025,45,15823.0401430.0_2025_9_2,3,2,intermediate,Re-Check,rc_preg,,,2,2
12/4/2025,,15823,,,401430,,Pregnancy Test - Milk,0.267,216,15823.0401430.0,12/4/2025,2025,9/22/2025,73,15823.0401430.0_2025_9_2,3,5,last,Pregnant,rc_preg,,,2,2
8/21/2025,,15823,,,401430,,Pregnancy Test - Milk,-0.001,111,15823.0401430.0,8/21/2025,2025,7/17/2025,35,15823.0401430.0_2025_7,1,1,first,Open,Open,,,2,2
1/23/2026,,1583,,,398645,,Pregnancy Test - Milk,-0.017,263,1583.0398645.0,1/23/2026,2026,1/23/2026,0,1583.0398645.0_2026_1,2,1,first,Open,Open,,,2,2
10/2/2025,,1583,,,398645,,Pregnancy Test - Milk,0.52,150,1583.0398645.0,10/2/2025,2025,10/2/2025,0,1583.0398645.0_2025_10,1,1,first,Pregnant,preg_loss_rebred,,,2,2
10/23/2025,,1583,,,401430,,Pregnancy Test - Milk,1.496,108,1583.0401430.0,10/23/2025,2025,9/18/2025,35,1583.0401430.0_2025_9,1,1,first,Pregnant,Pregnant,,,2,2
12/4/2025,,1583,,,401430,,Pregnancy Test - Milk,0.434,150,1583.0401430.0,12/4/2025,2025,9/18/2025,77,1583.0401430.0_2025_9,1,2,last,Pregnant,Pregnant,,,2,2
1/23/2026,,1588,,,398645,,Pregnancy Test - Milk,0.193,207,1588.0398645.0,1/23/2026,2025,12/16/2025,38,1588.0398645.0_2025_12,1,1,first,Re-Check,rc_unresolved,,,2,2
6/6/2025,,1588,,,401430,,Pregnancy Test - Milk,0.527,183,1588.0401430.0,6/6/2025,2025,4/29/2025,38,1588.0401430.0_2025_4,1,1,first,Pregnant,Pregnant,,,2,2
7/18/2025,,1588,,,401430,,Pregnancy Test - Milk,0.432,225,1588.0401430.0,7/18/2025,2025,4/29/2025,80,1588.0401430.0_2025_4,1,2,last,Pregnant,Pregnant,,,2,2
8/21/2025,,15898,,,398645,,Pregnancy Test - Milk,0.183,210,15898.0398645.0,8/21/2025,2025,6/10/2025,72,15898.0398645.0_2025_6,1,1,first,Re-Check,rc_unresolved,,,2,2
11/27/2025,,15898,,,401430,,Pregnancy Test - Milk,0.018,140,15898.0401430.0,11/27/2025,2025,10/13/2025,45,15898.0401430.0_2025_10,1,1,first,Open,Open,,,2,2
2/13/2026,,15898,,,401430,,Pregnancy Test - Milk,-0.015,214,15898.0401430.0,2/13/2026,2025,12/25/2025,50,15898.0401430.0_2025_12,2,1,first,Open,Open,,,2,2
4/2/2026,,15898,,,401430,,Pregnancy Test - Milk,1.108,262,15898.0401430.0,4/2/2026,2026,2/26/2026,35,15898.0401430.0_2026_2,3,1,first,Pregnant,Pregnant,,,2,2
5/14/2026,,15898,,,401430,,Pregnancy Test - Milk,0.316,304,15898.0401430.0,5/14/2026,2026,2/26/2026,77,15898.0401430.0_2026_2,3,2,last,Pregnant,Pregnant,,,2,2
12/25/2025,,15915,,,398645,,Pregnancy Test - Milk,POS,287,15915.0398645.0,12/25/2025,2025,6/19/2025,189,15915.0398645.0_2025_6,1,2,last,Pregnant,Pregnant,,,2,2
8/28/2025,,15915,,,398645,,Pregnancy Test - Milk,1.14,168,15915.0398645.0,8/28/2025,2025,6/19/2025,70,15915.0398645.0_2025_6,1,1,first,Pregnant,Pregnant,,,2,2
7/24/2025,,15915,,,401430,,Pregnancy Test - Milk,0.823,150,15915.0401430.0,7/24/2025,2025,6/13/2025,40,15915.0401430.0_2025_6,1,1,first,Pregnant,Pregnant,,,2,2
8/28/2025,,15915,,,401430,,Pregnancy Test - Milk,0.421,186,15915.0401430.0,8/28/2025,2025,6/13/2025,76,15915.0401430.0_2025_6,1,2,last,Pregnant,Pregnant,,,2,2
2/19/2026,,15933,,,398645,,Pregnancy Test - Milk,1.388,178,15933.0398645.0,2/19/2026,2025,12/12/2025,69,15933.0398645.0_2025_12,2,1,first,Pregnant,Pregnant,,,2,2
5/29/2025,,15933,,,398645,,Pregnancy Test - Milk,2.231,304,15933.0398645.0,5/29/2025,2025,2/25/2025,93,15933.0398645.0_2025_2,1,1,first,Pregnant,preg_loss_rebred,,,2,2
1/22/2026,,15933,,,401430,,Pregnancy Test - Milk,0.889,301,15933.0401430.0,1/22/2026,2025,12/18/2025,35,15933.0401430.0_2025_12,5,1,first,Pregnant,Pregnant,,,2,2
10/23/2025,,15933,,,401430,,Pregnancy Test - Milk,0.25,210,15933.0401430.0,10/23/2025,2025,9/12/2025,41,15933.0401430.0_2025_9_2,4,1,first,Pregnant,preg_loss_rebred,,,2,2
11/27/2025,,15933,,,401430,,Pregnancy Test - Milk,0.023,249,15933.0401430.0,11/27/2025,2025,9/8/2025,80,15933.0401430.0_2025_9_1,3,1,first,Open,Open,,,2,2
7/24/2025,,15933,,,401430,,Pregnancy Test - Milk,0.218,120,15933.0401430.0,7/24/2025,2025,6/18/2025,36,15933.0401430.0_2025_6,1,1,first,Re-Check,rc_rebred,,,2,2
9/11/2025,,15933,,,401430,,Pregnancy Test - Milk,0.001,168,15933.0401430.0,9/11/2025,2025,8/5/2025,37,15933.0401430.0_2025_8,2,1,first,Open,Open,,,2,2
2/26/2026,,15935,,,398645,,Pregnancy Test - Milk,0.986,182,15935.0398645.0,2/26/2026,2026,2/26/2026,0,15935.0398645.0_2026_2,2,1,first,Pregnant,Pregnant,,,2,2
5/29/2025,,15935,,,398645,,Pregnancy Test - Milk,POS,344,15935.0398645.0,5/29/2025,2024,12/31/2024,149,15935.0398645.0_2024_12,1,1,first,Pregnant,Pregnant,,,2,2
10/23/2025,,15935,,,401430,,Pregnancy Test - Milk,0.335,226,15935.0401430.0,10/23/2025,2025,8/5/2025,79,15935.0401430.0_2025_8,2,2,last,Pregnant,Pregnant,,,2,2
7/10/2025,,15935,,,401430,,Pregnancy Test - Milk,0.467,121,15935.0401430.0,7/10/2025,2025,6/5/2025,35,15935.0401430.0_2025_6,1,1,first,Pregnant,preg_loss_rebred,,,2,2
9/11/2025,,15935,,,401430,,Pregnancy Test - Milk,1.625,184,15935.0401430.0,9/11/2025,2025,8/5/2025,37,15935.0401430.0_2025_8,2,1,first,Pregnant,Pregnant,,,2,2
1/29/2026,,15938,,,398645,,Pregnancy Test - Milk,0.446,148,15938.0398645.0,1/29/2026,2025,11/20/2025,70,15938.0398645.0_2025_11,2,1,first,Pregnant,Pregnant,,,2,2
5/21/2026,,15938,,,398645,,Pregnancy Test - Milk,2.594,260,15938.0398645.0,5/21/2026,2025,11/20/2025,182,15938.0398645.0_2025_11,2,2,last,Pregnant,Pregnant,,,2,2
5/29/2025,,15938,,,398645,,Pregnancy Test - Milk,1.332,306,15938.0398645.0,5/29/2025,2025,5/29/2025,0,15938.0398645.0_2025_5,1,1,first,Pregnant,preg_loss_rebred,,,2,2
1/15/2026,,15938,,,401430,,Pregnancy Test - Milk,0.193,227,15938.0401430.0,1/15/2026,2025,11/5/2025,71,15938.0401430.0_2025_11,2,2,intermediate,Re-Check,Pregant_with_rc,,,2,2
1/22/2026,,15938,,,401430,,Pregnancy Test - Milk,0.428,234,15938.0401430.0,1/22/2026,2025,11/5/2025,78,15938.0401430.0_2025_11,2,3,last,Pregnant,Pregant_with_rc,,,2,2
10/23/2025,,15938,,,401430,,Pregnancy Test - Milk,0.037,143,15938.0401430.0,10/23/2025,2025,9/16/2025,37,15938.0401430.0_2025_9,1,1,first,Open,Open,,,2,2
12/11/2025,,15938,,,401430,,Pregnancy Test - Milk,0.684,192,15938.0401430.0,12/11/2025,2025,11/5/2025,36,15938.0401430.0_2025_11,2,1,first,Pregnant,Pregant_with_rc,,,2,2
3/5/2026,,1594,,,398645,,Pregnancy Test - Milk,POS,263,1594.0398645.0,3/5/2026,2025,9/5/2025,181,1594.0398645.0_2025_9,1,1,first,Pregnant,Pregnant,,,2,2
10/24/2025,,1594,,,401430,,Pregnancy Test - Milk,0.357,212,1594.0401430.0,10/24/2025,2025,9/13/2025,41,1594.0401430.0_2025_9,2,1,first,Pregnant,Pregnant,,,2,2
12/5/2025,,1594,,,401430,,Pregnancy Test - Milk,1.334,254,1594.0401430.0,12/5/2025,2025,9/13/2025,83,1594.0401430.0_2025_9,2,2,last,Pregnant,Pregnant,,,2,2
7/2/2025,,1594,,,401430,,Pregnancy Test - Milk,0.035,98,1594.0401430.0,7/2/2025,2025,5/29/2025,34,1594.0401430.0_2025_5,1,1,first,Open,Open,,,2,2
5/21/2026,,15975,,,398645,,Pregnancy Test - Milk,1.033,272,15975.0398645.0,5/21/2026,2026,3/12/2026,70,15975.0398645.0_2026_3,1,1,first,Pregnant,Pregnant,,,2,2
12/31/2025,,15975,,,401430,,Pregnancy Test - Milk,0.642,129,15975.0401430.0,12/31/2025,2025,11/26/2025,35,15975.0401430.0_2025_11_1,1,1,first,Pregnant,preg_loss_rebred,,,2,2
2/12/2026,,15975,,,401430,,Pregnancy Test - Milk,0.521,169,15975.0401430.0,2/12/2026,2025,11/29/2025,75,15975.0401430.0_2025_11_2,2,1,first,Pregnant,Pregnant,,,2,2
7/3/2025,,15976,,,398645,,Pregnancy Test - Milk,POS,257,15976.0398645.0,7/3/2025,2024,12/31/2024,184,15976.0398645.0_2024_12,1,1,first,Pregnant,Pregnant,,,2,2
1/8/2026,,15976,,,401430,,Pregnancy Test - Milk,0.987,104,15976.0401430.0,1/8/2026,2025,12/4/2025,35,15976.0401430.0_2025_12,1,1,first,Pregnant,Pregnant,,,2,2
2/12/2026,,15976,,,401430,,Pregnancy Test - Milk,0.301,139,15976.0401430.0,2/12/2026,2025,12/4/2025,70,15976.0401430.0_2025_12,1,2,last,Pregnant,Pregnant,,,2,2
5/29/2025,,16015,,,398645,,Pregnancy Test - Milk,1.64,411,16015.0398645.0,5/29/2025,2025,5/29/2025,0,16015.0398645.0_2025_5,1,1,first,Pregnant,Pregnant,,,2,2
10/31/2025,,16015,,,401430,,Pregnancy Test - Milk,0.739,137,16015.0401430.0,10/31/2025,2025,9/23/2025,38,16015.0401430.0_2025_9,1,1,first,Pregnant,Pregnant,,,2,2
12/12/2025,,16015,,,401430,,Pregnancy Test - Milk,0.621,179,16015.0401430.0,12/12/2025,2025,9/23/2025,80,16015.0401430.0_2025_9,1,2,last,Pregnant,Pregnant,,,2,2
2/5/2026,,16024,,,398645,,Pregnancy Test - Milk,POS,294,16024.0398645.0,2/5/2026,2025,11/17/2025,80,16024.0398645.0_2025_11,1,1,first,Pregnant,Pregnant,,,2,2
12/26/2025,,16024,,,401430,,Pregnancy Test - Milk,1.465,227,16024.0401430.0,12/26/2025,2025,11/18/2025,38,16024.0401430.0_2025_11,2,1,first,Pregnant,Pregnant,,,2,2
2/6/2026,,16024,,,401430,,Pregnancy Test - Milk,0.561,269,16024.0401430.0,2/6/2026,2025,11/18/2025,80,16024.0401430.0_2025_11,2,2,last,Pregnant,Pregnant,,,2,2
8/29/2025,,16024,,,401430,,Pregnancy Test - Milk,0.002,108,16024.0401430.0,8/29/2025,2025,7/24/2025,36,16024.0401430.0_2025_7,1,1,first,Open,Open,,,2,2
7/3/2025,,16123,,,398645,,Pregnancy Test - Milk,2.621,328,16123.0398645.0,7/3/2025,2024,12/31/2024,184,16123.0398645.0_2024_12,1,1,first,Pregnant,Pregnant,,,2,2
10/9/2025,,16123,,,401430,,Pregnancy Test - Milk,0.739,151,16123.0401430.0,10/9/2025,2025,7/23/2025,77,16123.0401430.0_2025_7,1,3,last,Pregnant,,,,2,2
9/11/2025,,16123,,,401430,,Pregnancy Test - Milk,0.57,123,16123.0401430.0,9/11/2025,2025,7/23/2025,49,16123.0401430.0_2025_7,1,2,intermediate,Pregnant,,,,2,2
9/5/2025,,16123,,,401430,,Pregnancy Test - Milk,,118,16123.0401430.0,9/5/2025,2025,7/23/2025,44,16123.0401430.0_2025_7,1,1,first,Not Tested,,,,2,2
2/26/2026,,16133,,,398645,,Pregnancy Test - Milk,0.631,130,16133.0398645.0,2/26/2026,2025,12/18/2025,70,16133.0398645.0_2025_12,1,1,first,Pregnant,Pregnant,,,2,2
10/23/2025,,16133,,,401430,,Pregnancy Test - Milk,0.462,135,16133.0401430.0,10/23/2025,2025,9/10/2025,43,16133.0401430.0_2025_9,1,1,first,Pregnant,Pregnant,,,2,2
11/20/2025,,16133,,,401430,,Pregnancy Test - Milk,0.291,163,16133.0401430.0,11/20/2025,2025,9/10/2025,71,16133.0401430.0_2025_9,1,2,last,Pregnant,Pregnant,,,2,2
1/8/2026,,16138,,,398645,,Pregnancy Test - Milk,0.268,151,16138.0398645.0,1/8/2026,2025,10/31/2025,69,16138.0398645.0_2025_10,1,1,first,Pregnant,Pregnant,,,2,2
5/7/2026,,16138,,,398645,,Pregnancy Test - Milk,1.639,270,16138.0398645.0,5/7/2026,2025,10/31/2025,188,16138.0398645.0_2025_10,1,2,last,Pregnant,Pregnant,,,2,2
11/20/2025,,16138,,,401430,,Pregnancy Test - Milk,0.703,106,16138.0401430.0,11/20/2025,2025,10/16/2025,35,16138.0401430.0_2025_10,1,1,first,Pregnant,Pregnant,,,2,2
12/26/2025,,16138,,,401430,,Pregnancy Test - Milk,0.405,142,16138.0401430.0,12/26/2025,2025,10/16/2025,71,16138.0401430.0_2025_10,1,2,last,Pregnant,Pregnant,,,2,2
8/21/2025,,16176,,,398645,,Pregnancy Test - Milk,0.588,150,16176.0398645.0,8/21/2025,2025,6/12/2025,70,16176.0398645.0_2025_6,1,1,first,Pregnant,Pregnant,,,2,2
2/26/2026,,16176,,,401430,,Pregnancy Test - Milk,1.944,94,16176.0401430.0,2/26/2026,2026,1/23/2026,34,16176.0401430.0_2026_1_2,2,1,first,Pregnant,Pregnant,,,2,2
4/7/2026,,16176,,,401430,,Pregnancy Test - Milk,0.616,136,16176.0401430.0,4/7/2026,2026,1/21/2026,76,16176.0401430.0_2026_1_1,1,1,first,Pregnant,preg_loss_rebred,,,2,2
8/28/2025,,16218,,,398645,,Pregnancy Test - Milk,POS,287,16218.0398645.0,8/28/2025,2025,2/27/2025,182,16218.0398645.0_2025_2,1,1,first,Pregnant,Pregnant,,,2,2
1/2/2026,,16218,,,401430,,Pregnancy Test - Milk,0.405,104,16218.0401430.0,1/2/2026,2025,11/26/2025,37,16218.0401430.0_2025_11,1,1,first,Pregnant,Pregnant,,,2,2
2/20/2026,,16218,,,401430,,Pregnancy Test - Milk,1.531,152,16218.0401430.0,2/20/2026,2025,11/26/2025,85,16218.0401430.0_2025_11,1,2,last,Pregnant,Pregnant,,,2,2
8/21/2025,,16222,,,398645,,Pregnancy Test - Milk,1.146,309,16222.0398645.0,8/21/2025,2025,3/25/2025,149,16222.0398645.0_2025_3,1,1,first,Pregnant,Pregnant,,,2,2
1/16/2026,,16222,,,401430,,Pregnancy Test - Milk,0.644,101,16222.0401430.0,1/16/2026,2025,12/11/2025,36,16222.0401430.0_2025_12,1,1,first,Pregnant,Pregnant,,,2,2
12/4/2025,,16231,,,398645,,Pregnancy Test - Milk,1.531,301,16231.0398645.0,12/4/2025,2025,6/6/2025,181,16231.0398645.0_2025_6,1,1,first,Pregnant,Pregnant,,,2,2
1/22/2026,,16231,,,401430,,Pregnancy Test - Milk,0.266,215,16231.0401430.0,1/22/2026,2025,11/10/2025,73,16231.0401430.0_2025_11,1,2,last,Pregnant,Pregnant,,,2,2
12/18/2025,,16231,,,401430,,Pregnancy Test - Milk,0.522,180,16231.0401430.0,12/18/2025,2025,11/10/2025,38,16231.0401430.0_2025_11,1,1,first,Pregnant,Pregnant,,,2,2
8/28/2025,,16233,,,398645,,Pregnancy Test - Milk,POS,253,16233.0398645.0,8/28/2025,2025,2/27/2025,182,16233.0398645.0_2025_2,1,1,first,Pregnant,Pregnant,,,2,2
11/6/2025,,16233,,,401430,,Pregnancy Test - Milk,0.468,105,16233.0401430.0,11/6/2025,2025,10/2/2025,35,16233.0401430.0_2025_10,1,1,first,Pregnant,preg_loss_rebred,,,2,2
12/18/2025,,16233,,,401430,,Pregnancy Test - Milk,0.599,147,16233.0401430.0,12/18/2025,2025,10/2/2025,77,16233.0401430.0_2025_10,1,2,last,Pregnant,preg_loss_rebred,,,2,2
3/19/2026,,16233,,,401430,,Pregnancy Test - Milk,1.179,238,16233.0401430.0,3/19/2026,2026,2/8/2026,39,16233.0401430.0_2026_2,2,1,first,Pregnant,Pregnant,,,2,2
4/23/2026,,16233,,,401430,,Pregnancy Test - Milk,0.939,273,16233.0401430.0,4/23/2026,2026,2/8/2026,74,16233.0401430.0_2026_2,2,2,last,Pregnant,Pregnant,,,2,2
10/2/2025,,16286,,,398645,,Pregnancy Test - Milk,2.217,383,16286.0398645.0,10/2/2025,2025,9/9/2025,23,16286.0398645.0_2025_9,1,1,first,Pregnant,Pregnant,,,2,2
11/6/2025,,16286,,,401430,,Pregnancy Test - Milk,0.39,153,16286.0401430.0,11/6/2025,2025,8/21/2025,77,16286.0401430.0_2025_8,1,2,last,Pregnant,Pregnant,,,2,2
9/25/2025,,16286,,,401430,,Pregnancy Test - Milk,1.012,111,16286.0401430.0,9/25/2025,2025,8/21/2025,35,16286.0401430.0_2025_8,1,1,first,Pregnant,Pregnant,,,2,2
10/9/2025,,16288,,,398645,,Pregnancy Test - Milk,2.774,267,16288.0398645.0,10/9/2025,2025,4/10/2025,182,16288.0398645.0_2025_4,1,2,last,Pregnant,Pregnant,,,2,2
6/19/2025,,16288,,,398645,,Pregnancy Test - Milk,1.032,155,16288.0398645.0,6/19/2025,2025,4/10/2025,70,16288.0398645.0_2025_4,1,1,first,Pregnant,Pregnant,,,2,2
1/16/2026,,16288,,,401430,,Pregnancy Test - Milk,0.71,184,16288.0401430.0,1/16/2026,2025,12/11/2025,36,16288.0401430.0_2025_12,2,1,first,Pregnant,Pregnant,,,2,2
12/5/2025,,16288,,,401430,,Pregnancy Test - Milk,-0.004,142,16288.0401430.0,12/5/2025,2025,10/28/2025,38,16288.0401430.0_2025_10,1,1,first,Open,Open,,,2,2
2/27/2026,,16288,,,401430,,Pregnancy Test - Milk,0.54,226,16288.0401430.0,2/27/2026,2025,12/11/2025,78,16288.0401430.0_2025_12,2,2,last,Pregnant,Pregnant,,,2,2
11/27/2025,,16340,,,398645,,Pregnancy Test - Milk,1.318,253,16340.0398645.0,11/27/2025,2025,8/6/2025,112,16340.0398645.0_2025_8,1,2,last,Pregnant,Pregnant,,,2,2
8/7/2025,,16340,,,398645,,Pregnancy Test - Milk,0.251,140,16340.0398645.0,8/7/2025,2025,8/6/2025,1,16340.0398645.0_2025_8,1,1,first,Pregnant,Pregnant,,,2,2
6/12/2025,,16340,,,401430,,Pregnancy Test - Milk,0.781,358,16340.0401430.0,6/12/2025,2025,4/3/2025,70,16340.0401430.0_2025_4,1,1,first,Pregnant,Pregnant,,,2,2
4/9/2026,,16342,,,398645,,Pregnancy Test - Milk,0.484,145,16342.0398645.0,4/9/2026,2026,1/29/2026,70,16342.0398645.0_2026_1,1,1,first,Pregnant,Pregnant,,,2,2
2/20/2026,,16342,,,401430,,Pregnancy Test - Milk,2.284,182,16342.0401430.0,2/20/2026,2026,1/11/2026,40,16342.0401430.0_2026_1,1,1,first,Pregnant,Pregnant,,,2,2
3/26/2026,,16342,,,401430,,Pregnancy Test - Milk,0.308,216,16342.0401430.0,3/26/2026,2026,1/11/2026,74,16342.0401430.0_2026_1,1,2,last,Pregnant,Pregnant,,,2,2
10/9/2025,,16358,,,398645,,Pregnancy Test - Milk,1.713,286,16358.0398645.0,10/9/2025,2025,4/7/2025,185,16358.0398645.0_2025_4,1,2,last,Pregnant,rc_preg,,,2,2
6/19/2025,,16358,,,398645,,Pregnancy Test - Milk,0.139,174,16358.0398645.0,6/19/2025,2025,4/7/2025,73,16358.0398645.0_2025_4,1,1,first,Re-Check,rc_preg,,,2,2
1/15/2026,,16358,,,401430,,Pregnancy Test - Milk,-0.019,105,16358.0401430.0,1/15/2026,2025,12/11/2025,35,16358.0401430.0_2025_12,1,1,first,Open,Open,,,2,2
3/12/2026,,16358,,,401430,,Pregnancy Test - Milk,-0.004,161,16358.0401430.0,3/12/2026,2026,2/5/2026,35,16358.0401430.0_2026_2,2,1,first,Open,Open,,,2,2
5/14/2026,,16358,,,401430,,Pregnancy Test - Milk,0.201,224,16358.0401430.0,5/14/2026,2026,4/4/2026,40,16358.0401430.0_2026_4,3,1,first,Re-Check,rc_preg,,,2,2
5/21/2026,,16358,,,401430,,Pregnancy Test - Milk,0.28,231,16358.0401430.0,5/21/2026,2026,4/4/2026,47,16358.0401430.0_2026_4,3,2,last,Pregnant,rc_preg,,,2,2
5/29/2025,,16380,,,398645,,Pregnancy Test - Milk,2.686,259,16380.0398645.0,5/29/2025,2025,5/29/2025,0,16380.0398645.0_2025_5,1,1,first,Pregnant,Pregnant,,,2,2
2/13/2026,,16380,,,401430,,Pregnancy Test - Milk,0.61,134,16380.0401430.0,2/13/2026,2025,12/26/2025,49,16380.0401430.0_2025_12,1,1,first,Pregnant,Pregnant,,,2,2
3/12/2026,,16380,,,401430,,Pregnancy Test - Milk,0.655,161,16380.0401430.0,3/12/2026,2025,12/26/2025,76,16380.0401430.0_2025_12,1,2,last,Pregnant,Pregnant,,,2,2
7/3/2025,,16388,,,398645,,Pregnancy Test - Milk,1.993,262,16388.0398645.0,7/3/2025,2024,12/31/2024,184,16388.0398645.0_2024_12,1,1,first,Pregnant,Pregnant,,,2,2
1/8/2026,,16388,,,401430,,Pregnancy Test - Milk,1.201,100,16388.0401430.0,1/8/2026,2025,12/4/2025,35,16388.0401430.0_2025_12,1,1,first,Pregnant,preg_loss_rebred,,,2,2
3/26/2026,,16388,,,401430,,Pregnancy Test - Milk,1.325,177,16388.0401430.0,3/26/2026,2026,2/15/2026,39,16388.0401430.0_2026_2,2,1,first,Pregnant,Pregnant,,,2,2
4/30/2026,,16388,,,401430,,Pregnancy Test - Milk,0.49,212,16388.0401430.0,4/30/2026,2026,2/15/2026,74,16388.0401430.0_2026_2,2,2,last,Pregnant,Pregnant,,,2,2
8/7/2025,,16417,,,398645,,Pregnancy Test - Milk,1.698,277,16417.0398645.0,8/7/2025,2025,2/6/2025,182,16417.0398645.0_2025_2,1,1,first,Pregnant,Pregnant,,,2,2
10/16/2025,,16417,,,401430,,Pregnancy Test - Milk,0.673,105,16417.0401430.0,10/16/2025,2025,9/11/2025,35,16417.0401430.0_2025_9,1,1,first,Pregnant,Pregnant,,,2,2
11/20/2025,,16417,,,401430,,Pregnancy Test - Milk,0.699,140,16417.0401430.0,11/20/2025,2025,9/11/2025,70,16417.0401430.0_2025_9,1,2,last,Pregnant,Pregnant,,,2,2
2/19/2026,,16444,,,398645,,Pregnancy Test - Milk,0.388,141,16444.0398645.0,2/19/2026,2025,12/12/2025,69,16444.0398645.0_2025_12,2,1,first,Pregnant,Pregnant,,,2,2
6/26/2025,,16444,,,398645,,Pregnancy Test - Milk,POS,274,16444.0398645.0,6/26/2025,2024,12/23/2024,185,16444.0398645.0_2024_12,1,1,first,Pregnant,Pregnant,,,2,2
2/13/2026,,16444,,,401430,,Pregnancy Test - Milk,1.227,124,16444.0401430.0,2/13/2026,2025,12/23/2025,52,16444.0401430.0_2025_12,1,1,first,Pregnant,Pregnant,,,2,2
3/5/2026,,16444,,,401430,,Pregnancy Test - Milk,0.492,144,16444.0401430.0,3/5/2026,2025,12/23/2025,72,16444.0401430.0_2025_12,1,2,last,Pregnant,Pregnant,,,2,2
6/26/2025,,16463,,,398645,,Pregnancy Test - Milk,1.472,330,16463.0398645.0,6/26/2025,2025,4/17/2025,70,16463.0398645.0_2025_4,1,1,first,Pregnant,Pregnant,,,2,2
2/13/2026,,16463,,,401430,,Pregnancy Test - Milk,1.015,128,16463.0401430.0,2/13/2026,2026,1/5/2026,39,16463.0401430.0_2026_1,1,1,first,Pregnant,Pregnant,,,2,2
3/19/2026,,16463,,,401430,,Pregnancy Test - Milk,0.482,162,16463.0401430.0,3/19/2026,2026,1/5/2026,73,16463.0401430.0_2026_1,1,2,last,Pregnant,Pregnant,,,2,2
10/9/2025,,16470,,,398645,,Pregnancy Test - Milk,1.792,343,16470.0398645.0,10/9/2025,2025,4/6/2025,186,16470.0398645.0_2025_4,1,1,first,Pregnant,Pregnant,,,2,2
11/26/2025,,16470,,,401430,,Pregnancy Test - Milk,1.047,138,16470.0401430.0,11/26/2025,2025,10/21/2025,36,16470.0401430.0_2025_10_2,2,1,first,Pregnant,Pregnant,,,2,2
12/31/2025,,16470,,,401430,,Pregnancy Test - Milk,0.703,176,16470.0401430.0,12/31/2025,2025,10/18/2025,74,16470.0401430.0_2025_10_1,1,1,first,Pregnant,preg_loss_rebred,,,2,2
2/19/2026,,16471,,,398645,,Pregnancy Test - Milk,0.286,155,16471.0398645.0,2/19/2026,2025,12/4/2025,77,16471.0398645.0_2025_12,2,1,first,Pregnant,Pregnant,,,2,2
6/5/2025,,16471,,,398645,,Pregnancy Test - Milk,1.977,266,16471.0398645.0,6/5/2025,2025,4/10/2025,56,16471.0398645.0_2025_4,1,1,first,Pregnant,preg_loss_rebred,,,2,2
6/19/2025,,16471,,,401430,,Pregnancy Test - Milk,0.922,343,16471.0401430.0,6/19/2025,2025,5/5/2025,45,16471.0401430.0_2025_5_1,1,1,first,Pregnant,preg_loss_rebred,,,2,2
7/24/2025,,16471,,,401430,,Pregnancy Test - Milk,0.297,372,16471.0401430.0,7/24/2025,2025,5/11/2025,74,16471.0401430.0_2025_5_2,2,1,first,Pregnant,Pregnant,,,2,2
4/9/2026,,16501,,,398645,,Pregnancy Test - Milk,0.445,148,16501.0398645.0,4/9/2026,2026,1/26/2026,73,16501.0398645.0_2026_1,2,1,first,Pregnant,Pregnant,,,2,2
8/7/2025,,16501,,,398645,,Pregnancy Test - Milk,2.443,317,16501.0398645.0,8/7/2025,2025,2/17/2025,171,16501.0398645.0_2025_2,1,1,first,Pregnant,Pregnant,,,2,2
5/21/2026,,16501,,,401430,,Pregnancy Test - Milk,0.016,89,16501.0401430.0,5/21/2026,2026,4/15/2026,36,16501.0401430.0_2026_4,2,1,first,Open,Open,,,2,2
7/3/2025,,16501,,,401430,,Pregnancy Test - Milk,1.115,256,16501.0401430.0,7/3/2025,2025,5/29/2025,35,16501.0401430.0_2025_5,1,1,first,Pregnant,Pregnant,,,2,2
8/14/2025,,16501,,,401430,,Pregnancy Test - Milk,1.781,298,16501.0401430.0,8/14/2025,2025,5/29/2025,77,16501.0401430.0_2025_5,1,2,last,Pregnant,Pregnant,,,2,2
2/26/2026,,16509,,,398645,,Pregnancy Test - Milk,1.386,158,16509.0398645.0,2/26/2026,2025,12/16/2025,72,16509.0398645.0_2025_12,1,1,first,Pregnant,Pregnant,,,2,2
8/20/2025,,16509,,,401430,,Pregnancy Test - Milk,1.163,108,16509.0401430.0,8/20/2025,2025,7/16/2025,35,16509.0401430.0_2025_7,1,1,first,Pregnant,Pregnant,,,2,2
9/25/2025,,16509,,,401430,,Pregnancy Test - Milk,0.535,143,16509.0401430.0,9/25/2025,2025,7/16/2025,70,16509.0401430.0_2025_7,1,2,last,Pregnant,Pregnant,,,2,2
10/9/2025,,16527,,,398645,,Pregnancy Test - Milk,1.918,261,16527.0398645.0,10/9/2025,2025,4/6/2025,186,16527.0398645.0_2025_4,1,1,first,Pregnant,Pregnant,,,2,2
10/9/2025,,16527,,,401430,,Pregnancy Test - Milk,1.66,111,16527.0401430.0,10/9/2025,2025,9/3/2025,36,16527.0401430.0_2025_9,1,1,first,Pregnant,Pregnant,,,2,2
11/13/2025,,16527,,,401430,,Pregnancy Test - Milk,0.787,146,16527.0401430.0,11/13/2025,2025,9/3/2025,71,16527.0401430.0_2025_9,1,2,last,Pregnant,Pregnant,,,2,2
5/29/2025,,16530,,,398645,,Pregnancy Test - Milk,0.352,196,16530.0398645.0,5/29/2025,2025,3/23/2025,67,16530.0398645.0_2025_3,1,1,first,Pregnant,Pregnant,,,2,2
9/25/2025,,16530,,,398645,,Pregnancy Test - Milk,0.805,315,16530.0398645.0,9/25/2025,2025,3/23/2025,186,16530.0398645.0_2025_3,1,2,last,Pregnant,Pregnant,,,2,2
1/8/2026,,16530,,,401430,,Pregnancy Test - Milk,1.127,105,16530.0401430.0,1/8/2026,2025,12/4/2025,35,16530.0401430.0_2025_12,1,1,first,Pregnant,Pregnant,,,2,2
2/26/2026,,16530,,,401430,,Pregnancy Test - Milk,0.71,154,16530.0401430.0,2/26/2026,2025,12/4/2025,84,16530.0401430.0_2025_12,1,2,last,Pregnant,Pregnant,,,2,2
4/2/2026,,16557,,,398645,,Pregnancy Test - Milk,0.368,143,16557.0398645.0,4/2/2026,2026,1/22/2026,70,16557.0398645.0_2026_1,2,1,first,Pregnant,Pregnant,,,2,2
7/24/2025,,16557,,,398645,,Pregnancy Test - Milk,1.918,325,16557.0398645.0,7/24/2025,2025,1/16/2025,189,16557.0398645.0_2025_1,1,1,first,Pregnant,Pregnant,,,2,2
2/20/2026,,16557,,,401430,,Pregnancy Test - Milk,0.516,106,16557.0401430.0,2/20/2026,2026,1/15/2026,36,16557.0401430.0_2026_1,1,1,first,Pregnant,Pregnant,,,2,2
4/2/2026,,16557,,,401430,,Pregnancy Test - Milk,0.387,147,16557.0401430.0,4/2/2026,2026,1/15/2026,77,16557.0401430.0_2026_1,1,2,last,Pregnant,Pregnant,,,2,2
6/5/2025,,16565,,,398645,,Pregnancy Test - Milk,0.739,139,16565.0398645.0,6/5/2025,2025,4/17/2025,49,16565.0398645.0_2025_4,1,1,first,Pregnant,Pregnant,,,2,2
9/25/2025,,16565,,,398645,,Pregnancy Test - Milk,2.823,251,16565.0398645.0,9/25/2025,2025,4/17/2025,161,16565.0398645.0_2025_4,1,2,last,Pregnant,Pregnant,,,2,2
7/31/2025,,16565,,,401430,,Pregnancy Test - Milk,1.214,168,16565.0401430.0,7/31/2025,2025,6/22/2025,39,16565.0401430.0_2025_6,1,1,first,Pregnant,Pregnant,,,2,2
9/11/2025,,16565,,,401430,,Pregnancy Test - Milk,0.578,210,16565.0401430.0,9/11/2025,2025,6/22/2025,81,16565.0401430.0_2025_6,1,2,last,Pregnant,Pregnant,,,2,2
5/29/2025,,16574,,,398645,,Pregnancy Test - Milk,1.863,272,16574.0398645.0,5/29/2025,2025,1/8/2025,141,16574.0398645.0_2025_1,1,1,first,Pregnant,Pregnant,,,2,2
3/5/2026,,16574,,,401430,,Pregnancy Test - Milk,1.197,141,16574.0401430.0,3/5/2026,2026,1/30/2026,34,16574.0401430.0_2026_1,1,1,first,Pregnant,Pregnant,,,2,2
7/31/2025,,16585,,,398645,,Pregnancy Test - Milk,0.345,192,16585.0398645.0,7/31/2025,2025,5/22/2025,70,16585.0398645.0_2025_5,1,1,first,Pregnant,Pregnant,,,2,2
12/26/2025,,16585,,,401430,,Pregnancy Test - Milk,0.824,107,16585.0401430.0,12/26/2025,2025,11/20/2025,36,16585.0401430.0_2025_11,1,1,first,Pregnant,preg_loss_rebred,,,2,2
2/13/2026,,16585,,,401430,,Pregnancy Test - Milk,0.594,156,16585.0401430.0,2/13/2026,2026,1/1/2026,43,16585.0401430.0_2026_1,2,1,first,Pregnant,Pregnant,,,2,2
3/12/2026,,16585,,,401430,,Pregnancy Test - Milk,0.487,183,16585.0401430.0,3/12/2026,2026,1/1/2026,70,16585.0401430.0_2026_1,2,2,last,Pregnant,Pregnant,,,2,2
1/1/2026,,16592,,,398645,,Pregnancy Test - Milk,0.313,132,16592.0398645.0,1/1/2026,2025,10/26/2025,67,16592.0398645.0_2025_10,1,1,first,Pregnant,Pregnant,,,2,2
5/7/2026,,16592,,,398645,,Pregnancy Test - Milk,2.018,258,16592.0398645.0,5/7/2026,2025,10/26/2025,193,16592.0398645.0_2025_10,1,2,last,Pregnant,Pregnant,,,2,2
10/9/2025,,16592,,,401430,,Pregnancy Test - Milk,0.62,349,16592.0401430.0,10/9/2025,2025,7/25/2025,75,16592.0401430.0_2025_7,1,2,last,Pregnant,Pregnant,,,2,2
9/5/2025,,16592,,,401430,,Pregnancy Test - Milk,0.541,316,16592.0401430.0,9/5/2025,2025,7/25/2025,42,16592.0401430.0_2025_7,1,1,first,Pregnant,Pregnant,,,2,2
11/6/2025,,16601,,,398645,,Pregnancy Test - Milk,0.224,390,16601.0398645.0,11/6/2025,2025,4/19/2025,201,16601.0398645.0_2025_4,1,1,first,Re-Check,rc_preg,,,2,2
2/26/2026,,16601,,,398645,,Pregnancy Test - Milk,2.069,502,16601.0398645.0,2/26/2026,2025,4/19/2025,313,16601.0398645.0_2025_4,1,2,last,Pregnant,rc_preg,,,2,2
12/23/2025,,16601,,,401430,,Pregnancy Test - Milk,1.034,107,16601.0401430.0,12/23/2025,2025,11/20/2025,33,16601.0401430.0_2025_11,1,1,first,Pregnant,Pregnant,,,2,2
5/7/2026,,16612,,,398645,,Pregnancy Test - Milk,0.205,210,16612.0398645.0,5/7/2026,2026,2/25/2026,71,16612.0398645.0_2026_2,2,1,first,Re-Check,rc_unresolved_>_1_bred,,,2,2
7/3/2025,,16612,,,398645,,Pregnancy Test - Milk,1.224,250,16612.0398645.0,7/3/2025,2025,1/2/2025,182,16612.0398645.0_2025_1,1,1,first,Pregnant,Pregnant,,,2,2
1/22/2026,,16612,,,401430,,Pregnancy Test - Milk,0.546,105,16612.0401430.0,1/22/2026,2025,12/18/2025,35,16612.0401430.0_2025_12,1,1,first,Pregnant,Pregnant,,,2,2
3/5/2026,,16612,,,401430,,Pregnancy Test - Milk,0.371,147,16612.0401430.0,3/5/2026,2025,12/18/2025,77,16612.0401430.0_2025_12,1,2,last,Pregnant,Pregnant,,,2,2
12/4/2025,,16619,,,398645,,Pregnancy Test - Milk,0.476,182,16619.0398645.0,12/4/2025,2025,9/25/2025,70,16619.0398645.0_2025_9,1,1,first,Pregnant,Pregnant,,,2,2
11/20/2025,,16619,,,401430,,Pregnancy Test - Milk,1.016,107,16619.0401430.0,11/20/2025,2025,10/16/2025,35,16619.0401430.0_2025_10,1,1,first,Pregnant,Pregnant,,,2,2
12/26/2025,,16619,,,401430,,Pregnancy Test - Milk,0.313,143,16619.0401430.0,12/26/2025,2025,10/16/2025,71,16619.0401430.0_2025_10,1,2,last,Pregnant,Pregnant,,,2,2
1/8/2026,,16620,,,398645,,Pregnancy Test - Milk,0.376,139,16620.0398645.0,1/8/2026,2025,10/22/2025,78,16620.0398645.0_2025_10,1,1,first,Pregnant,Pregnant,,,2,2
2/12/2026,,16620,,,401430,,Pregnancy Test - Milk,0.022,99,16620.0401430.0,2/12/2026,2026,1/8/2026,35,16620.0401430.0_2026_1,1,1,first,Open,Open,,,2,2
4/16/2026,,16620,,,401430,,Pregnancy Test - Milk,0.605,162,16620.0401430.0,4/16/2026,2026,3/9/2026,38,16620.0401430.0_2026_3,2,1,first,Pregnant,Pregnant,,,2,2
5/21/2026,,16620,,,401430,,Pregnancy Test - Milk,0.856,197,16620.0401430.0,5/21/2026,2026,3/9/2026,73,16620.0401430.0_2026_3,2,2,last,Pregnant,Pregnant,,,2,2
3/26/2026,,16652,,,398645,,Pregnancy Test - Milk,0.241,142,16652.0398645.0,3/26/2026,2026,1/16/2026,69,16652.0398645.0_2026_1,2,1,first,Re-Check,rc_unresolved_>_1_bred,,,2,2
7/31/2025,,16652,,,398645,,Pregnancy Test - Milk,POS,262,16652.0398645.0,7/31/2025,2025,1/27/2025,185,16652.0398645.0_2025_1,1,1,first,Pregnant,Pregnant,,,2,2
1/15/2026,,16652,,,401430,,Pregnancy Test - Milk,0.128,140,16652.0401430.0,1/15/2026,2025,11/6/2025,70,16652.0401430.0_2025_11,1,2,intermediate,Re-Check,Pregant_with_rc,,,2,2
1/22/2026,,16652,,,401430,,Pregnancy Test - Milk,0.141,147,16652.0401430.0,1/22/2026,2025,11/6/2025,77,16652.0401430.0_2025_11,1,3,intermediate,Re-Check,Pregant_with_rc,,,2,2
1/29/2026,,16652,,,401430,,Pregnancy Test - Milk,0.299,154,16652.0401430.0,1/29/2026,2025,11/6/2025,84,16652.0401430.0_2025_11,1,4,last,Pregnant,Pregant_with_rc,,,2,2
12/11/2025,,16652,,,401430,,Pregnancy Test - Milk,0.408,105,16652.0401430.0,12/11/2025,2025,11/6/2025,35,16652.0401430.0_2025_11,1,1,first,Pregnant,Pregant_with_rc,,,2,2
11/6/2025,,16663,,,398645,,Pregnancy Test - Milk,1.411,318,16663.0398645.0,11/6/2025,2025,5/8/2025,182,16663.0398645.0_2025_5,1,2,last,Pregnant,Pregnant,,,2,2
7/17/2025,,16663,,,398645,,Pregnancy Test - Milk,0.97,206,16663.0398645.0,7/17/2025,2025,5/8/2025,70,16663.0398645.0_2025_5,1,1,first,Pregnant,Pregnant,,,2,2
11/12/2025,,16663,,,401430,,Pregnancy Test - Milk,0.645,110,16663.0401430.0,11/12/2025,2025,10/8/2025,35,16663.0401430.0_2025_10,1,1,first,Pregnant,Pregnant,,,2,2
12/18/2025,,16663,,,401430,,Pregnancy Test - Milk,0.271,145,16663.0401430.0,12/18/2025,2025,10/8/2025,70,16663.0401430.0_2025_10,1,2,last,Pregnant,Pregnant,,,2,2
8/28/2025,,16670,,,398645,,Pregnancy Test - Milk,1.137,281,16670.0398645.0,8/28/2025,2025,2/22/2025,187,16670.0398645.0_2025_2,1,1,first,Pregnant,Pregnant,,,2,2
1/15/2026,,16670,,,401430,,Pregnancy Test - Milk,-0.021,175,16670.0401430.0,1/15/2026,2025,11/4/2025,72,16670.0401430.0_2025_11,1,2,last,Open,loss,,,2,2
12/11/2025,,16670,,,401430,,Pregnancy Test - Milk,0.601,140,16670.0401430.0,12/11/2025,2025,11/4/2025,37,16670.0401430.0_2025_11,1,1,first,Pregnant,loss,,,2,2
2/20/2026,,16670,,,401430,,Pregnancy Test - Milk,1.209,211,16670.0401430.0,2/20/2026,2026,1/16/2026,35,16670.0401430.0_2026_1,2,1,first,Pregnant,Pregnant,,,2,2
4/2/2026,,16670,,,401430,,Pregnancy Test - Milk,0.529,252,16670.0401430.0,4/2/2026,2026,1/16/2026,76,16670.0401430.0_2026_1,2,2,last,Pregnant,Pregnant,,,2,2
3/5/2026,,16671,,,398645,,Pregnancy Test - Milk,0.361,143,16671.0398645.0,3/5/2026,2026,3/5/2026,0,16671.0398645.0_2026_3,2,1,first,Pregnant,Pregnant,,,2,2
7/3/2025,,16671,,,398645,,Pregnancy Test - Milk,2.525,276,16671.0398645.0,7/3/2025,2025,2/4/2025,149,16671.0398645.0_2025_2,1,1,first,Pregnant,Pregnant,,,2,2
2/19/2026,,16671,,,401430,,Pregnancy Test - Milk,1.237,87,16671.0401430.0,2/19/2026,2026,1/13/2026,37,16671.0401430.0_2026_1,1,1,first,Pregnant,Pregnant,,,2,2
4/2/2026,,16671,,,401430,,Pregnancy Test - Milk,0.704,129,16671.0401430.0,4/2/2026,2026,1/13/2026,79,16671.0401430.0_2026_1,1,2,last,Pregnant,Pregnant,,,2,2
8/7/2025,,16701,,,398645,,Pregnancy Test - Milk,2.077,281,16701.0398645.0,8/7/2025,2025,2/5/2025,183,16701.0398645.0_2025_2,1,1,first,Pregnant,Pregnant,,,2,2
1/16/2026,,16701,,,401430,,Pregnancy Test - Milk,0.491,144,16701.0401430.0,1/16/2026,2025,12/7/2025,40,16701.0401430.0_2025_12,1,1,first,Pregnant,Pregnant,,,2,2
6/5/2025,,16709,,,398645,,Pregnancy Test - Milk,0.258,158,16709.0398645.0,6/5/2025,2025,5/8/2025,28,16709.0398645.0_2025_5,1,1,first,Pregnant,Pregnant,,,2,2
9/25/2025,,16709,,,398645,,Pregnancy Test - Milk,1.346,270,16709.0398645.0,9/25/2025,2025,5/8/2025,140,16709.0398645.0_2025_5,1,2,last,Pregnant,Pregnant,,,2,2
1/2/2026,,16709,,,401430,,Pregnancy Test - Milk,0.507,118,16709.0401430.0,1/2/2026,2025,11/19/2025,44,16709.0401430.0_2025_11,1,1,first,Pregnant,Pregnant,,,2,2
2/13/2026,,16709,,,401430,,Pregnancy Test - Milk,0.787,159,16709.0401430.0,2/13/2026,2025,11/19/2025,85,16709.0401430.0_2025_11,1,2,last,Pregnant,Pregnant,,,2,2
7/3/2025,,16727,,,398645,,Pregnancy Test - Milk,0.536,205,16727.0398645.0,7/3/2025,2025,4/25/2025,69,16727.0398645.0_2025_4,1,1,first,Pregnant,Pregnant,,,2,2
2/20/2026,,16727,,,401430,,Pregnancy Test - Milk,0.203,101,16727.0401430.0,2/20/2026,2026,1/15/2026,36,16727.0401430.0_2026_1,1,1,first,Re-Check,rc_open,,,2,2
2/26/2026,,16727,,,401430,,Pregnancy Test - Milk,0.142,107,16727.0401430.0,2/26/2026,2026,1/15/2026,42,16727.0401430.0_2026_1,1,2,intermediate,Re-Check,rc_open,,,2,2
3/12/2026,,16727,,,401430,,Pregnancy Test - Milk,0.089,121,16727.0401430.0,3/12/2026,2026,1/15/2026,56,16727.0401430.0_2026_1,1,4,last,Open,rc_open,,,2,2
3/5/2026,,16727,,,401430,,Pregnancy Test - Milk,0.139,114,16727.0401430.0,3/5/2026,2026,1/15/2026,49,16727.0401430.0_2026_1,1,3,intermediate,Re-Check,rc_open,,,2,2
6/26/2025,,16738,,,398645,,Pregnancy Test - Milk,POS,350,16738.0398645.0,6/26/2025,2024,12/22/2024,186,16738.0398645.0_2024_12,1,1,first,Pregnant,Pregnant,,,2,2
11/21/2025,,16738,,,401430,,Pregnancy Test - Milk,0.049,315,16738.0401430.0,11/21/2025,2025,10/15/2025,37,16738.0401430.0_2025_10,3,1,first,Open,Open,,,2,2
7/2/2025,,16738,,,401430,,Pregnancy Test - Milk,0.097,173,16738.0401430.0,7/2/2025,2025,4/11/2025,82,16738.0401430.0_2025_4,1,1,first,Open,Open,,,2,2
8/22/2025,,16738,,,401430,,Pregnancy Test - Milk,0.064,224,16738.0401430.0,8/22/2025,2025,7/17/2025,36,16738.0401430.0_2025_7,2,1,first,Open,Open,,,2,2
1/8/2026,,16754,,,398645,,Pregnancy Test - Milk,1.631,332,16754.0398645.0,1/8/2026,2025,7/10/2025,182,16754.0398645.0_2025_7,1,2,last,Pregnant,Pregnant,,,2,2
9/18/2025,,16754,,,398645,,Pregnancy Test - Milk,0.25,220,16754.0398645.0,9/18/2025,2025,7/10/2025,70,16754.0398645.0_2025_7,1,1,first,Pregnant,Pregnant,,,2,2
2/5/2026,,16754,,,401430,,Pregnancy Test - Milk,0.01,125,16754.0401430.0,2/5/2026,2025,12/31/2025,36,16754.0401430.0_2025_12,1,1,first,Open,Open,,,2,2
4/7/2026,,16754,,,401430,,Pregnancy Test - Milk,1.353,188,16754.0401430.0,4/7/2026,2026,3/3/2026,35,16754.0401430.0_2026_3,2,1,first,Pregnant,Pregnant,,,2,2
5/14/2026,,16754,,,401430,,Pregnancy Test - Milk,0.733,224,16754.0401430.0,5/14/2026,2026,3/3/2026,71,16754.0401430.0_2026_3,2,2,last,Pregnant,Pregnant,,,2,2
7/17/2025,,16774,,,398645,,Pregnancy Test - Milk,1.124,283,16774.0398645.0,7/17/2025,2025,1/12/2025,186,16774.0398645.0_2025_1,1,1,first,Pregnant,Pregnant,,,2,2
3/5/2026,,16774,,,401430,,Pregnancy Test - Milk,2.224,90,16774.0401430.0,3/5/2026,2026,1/27/2026,37,16774.0401430.0_2026_1_2,2,1,first,Pregnant,Pregnant,,,2,2
4/7/2026,,16774,,,401430,,Pregnancy Test - Milk,0.729,125,16774.0401430.0,4/7/2026,2026,1/25/2026,72,16774.0401430.0_2026_1_1,1,1,first,Pregnant,preg_loss_rebred,,,2,2
6/5/2025,,16781,,,398645,,Pregnancy Test - Milk,0.619,202,16781.0398645.0,6/5/2025,2024,12/21/2024,166,16781.0398645.0_2024_12,1,1,first,Pregnant,Pregnant,,,2,2
9/25/2025,,16781,,,398645,,Pregnancy Test - Milk,2.406,314,16781.0398645.0,9/25/2025,2024,12/21/2024,278,16781.0398645.0_2024_12,1,2,last,Pregnant,Pregnant,,,2,2
5/29/2025,,16781,,,401430,,Pregnancy Test - Milk,1.128,193,16781.0401430.0,5/29/2025,2025,4/24/2025,35,16781.0401430.0_2025_4,1,1,first,Pregnant,Pregnant,,,2,2
7/10/2025,,16781,,,401430,,Pregnancy Test - Milk,0.413,235,16781.0401430.0,7/10/2025,2025,4/24/2025,77,16781.0401430.0_2025_4,1,2,last,Pregnant,Pregnant,,,2,2
9/25/2025,,16796,,,398645,,Pregnancy Test - Milk,0.585,283,16796.0398645.0,9/25/2025,2025,8/19/2025,37,16796.0398645.0_2025_8,1,1,first,Pregnant,Pregnant,,,2,2
3/12/2026,,16796,,,401430,,Pregnancy Test - Milk,0.43,89,16796.0401430.0,3/12/2026,2026,2/2/2026,38,16796.0401430.0_2026_2,1,1,first,Pregnant,Pregnant,,,2,2
4/16/2026,,16796,,,401430,,Pregnancy Test - Milk,0.838,124,16796.0401430.0,4/16/2026,2026,2/2/2026,73,16796.0401430.0_2026_2,1,2,last,Pregnant,Pregnant,,,2,2
1/1/2026,,16806,,,398645,,Pregnancy Test - Milk,2.212,304,16806.0398645.0,1/1/2026,2025,6/27/2025,188,16806.0398645.0_2025_6,1,2,last,Pregnant,Pregnant,,,2,2
9/4/2025,,16806,,,398645,,Pregnancy Test - Milk,0.475,185,16806.0398645.0,9/4/2025,2025,6/27/2025,69,16806.0398645.0_2025_6,1,1,first,Pregnant,Pregnant,,,2,2
10/16/2025,,16806,,,401430,,Pregnancy Test - Milk,1.048,110,16806.0401430.0,10/16/2025,2025,9/11/2025,35,16806.0401430.0_2025_9,1,1,first,Pregnant,Pregnant,,,2,2
11/20/2025,,16806,,,401430,,Pregnancy Test - Milk,0.309,145,16806.0401430.0,11/20/2025,2025,9/11/2025,70,16806.0401430.0_2025_9,1,2,last,Pregnant,Pregnant,,,2,2
10/23/2025,,16870,,,398645,,Pregnancy Test - Milk,2.071,246,16870.0398645.0,10/23/2025,2025,4/25/2025,181,16870.0398645.0_2025_4,1,2,last,Pregnant,rc_preg,,,2,2
7/3/2025,,16870,,,398645,,Pregnancy Test - Milk,0.241,134,16870.0398645.0,7/3/2025,2025,4/25/2025,69,16870.0398645.0_2025_4,1,1,first,Re-Check,rc_preg,,,2,2
4/16/2026,,16870,,,401430,,Pregnancy Test - Milk,0.531,117,16870.0401430.0,4/16/2026,2026,3/10/2026,37,16870.0401430.0_2026_3,2,1,first,Pregnant,Pregnant,,,2,2
5/21/2026,,16870,,,401430,,Pregnancy Test - Milk,0.399,152,16870.0401430.0,5/21/2026,2026,3/10/2026,72,16870.0401430.0_2026_3,2,2,last,Pregnant,Pregnant,,,2,2
5/29/2025,,16870,,,401430,,Pregnancy Test - Milk,0.69,231,16870.0401430.0,5/29/2025,2025,3/19/2025,71,16870.0401430.0_2025_3,1,1,first,Pregnant,Pregnant,,,2,2
10/9/2025,,16880,,,398645,,Pregnancy Test - Milk,POS,252,16880.0398645.0,10/9/2025,2025,4/7/2025,185,16880.0398645.0_2025_4,1,2,last,Pregnant,Pregnant,,,2,2
6/19/2025,,16880,,,398645,,Pregnancy Test - Milk,0.343,140,16880.0398645.0,6/19/2025,2025,4/7/2025,73,16880.0398645.0_2025_4,1,1,first,Pregnant,Pregnant,,,2,2
2/20/2026,,16880,,,401430,,Pregnancy Test - Milk,0.825,123,16880.0401430.0,2/20/2026,2026,1/16/2026,35,16880.0401430.0_2026_1,1,1,first,Pregnant,Pregnant,,,2,2
4/2/2026,,16880,,,401430,,Pregnancy Test - Milk,0.376,164,16880.0401430.0,4/2/2026,2026,1/16/2026,76,16880.0401430.0_2026_1,1,2,last,Pregnant,Pregnant,,,2,2
10/2/2025,,16914,,,398645,,Pregnancy Test - Milk,2.665,272,16914.0398645.0,10/2/2025,2025,3/11/2025,205,16914.0398645.0_2025_3,1,1,first,Pregnant,Pregnant,,,2,2
2/19/2026,,16914,,,401430,,Pregnancy Test - Milk,0.697,133,16914.0401430.0,2/19/2026,2026,1/10/2026,40,16914.0401430.0_2026_1,1,1,first,Pregnant,Pregnant,,,2,2
4/2/2026,,16914,,,401430,,Pregnancy Test - Milk,0.587,175,16914.0401430.0,4/2/2026,2026,1/10/2026,82,16914.0401430.0_2026_1,1,2,last,Pregnant,Pregnant,,,2,2
2/26/2026,,16915,,,398645,,Pregnancy Test - Milk,2.064,269,16915.0398645.0,2/26/2026,2025,8/6/2025,204,16915.0398645.0_2025_8,1,1,first,Pregnant,Pregnant,,,2,2
10/30/2025,,16915,,,401430,,Pregnancy Test - Milk,0.652,184,16915.0401430.0,10/30/2025,2025,9/19/2025,41,16915.0401430.0_2025_9,1,2,intermediate,Pregnant,open_to_preg,,,2,2
12/4/2025,,16915,,,401430,,Pregnancy Test - Milk,0.534,219,16915.0401430.0,12/4/2025,2025,9/19/2025,76,16915.0401430.0_2025_9,1,3,last,Pregnant,open_to_preg,,,2,2
9/19/2025,,16915,,,401430,,Pregnancy Test - Milk,0.009,143,16915.0401430.0,9/19/2025,2025,9/19/2025,0,16915.0401430.0_2025_9,1,1,first,Open,open_to_preg,,,2,2
10/9/2025,,16916,,,398645,,Pregnancy Test - Milk,2.215,253,16916.0398645.0,10/9/2025,2025,4/7/2025,185,16916.0398645.0_2025_4,1,2,last,Pregnant,Pregnant,,,2,2
6/19/2025,,16916,,,398645,,Pregnancy Test - Milk,0.38,141,16916.0398645.0,6/19/2025,2025,4/7/2025,73,16916.0398645.0_2025_4,1,1,first,Pregnant,Pregnant,,,2,2
5/14/2026,,16916,,,401430,,Pregnancy Test - Milk,0.199,105,16916.0401430.0,5/14/2026,2026,3/28/2026,47,16916.0401430.0_2026_3,2,2,intermediate,Re-Check,rc_preg,,,2,2
5/21/2026,,16916,,,401430,,Pregnancy Test - Milk,0.345,111,16916.0401430.0,5/21/2026,2026,3/28/2026,53,16916.0401430.0_2026_3,2,3,last,Pregnant,rc_preg,,,2,2
5/29/2025,,16916,,,401430,,Pregnancy Test - Milk,1.223,120,16916.0401430.0,5/29/2025,2025,4/23/2025,35,16916.0401430.0_2025_4,1,1,first,Pregnant,Pregnant,,,2,2
5/7/2026,,16916,,,401430,,Pregnancy Test - Milk,0.248,97,16916.0401430.0,5/7/2026,2026,3/28/2026,39,16916.0401430.0_2026_3,2,1,first,Re-Check,rc_preg,,,2,2
7/17/2025,,16916,,,401430,,Pregnancy Test - Milk,0.417,170,16916.0401430.0,7/17/2025,2025,4/23/2025,85,16916.0401430.0_2025_4,1,2,last,Pregnant,Pregnant,,,2,2
10/2/2025,,16917,,,398645,,Pregnancy Test - Milk,2.11,270,16917.0398645.0,10/2/2025,2025,5/9/2025,146,16917.0398645.0_2025_5,1,2,last,Pregnant,Pregnant,,,2,2
6/19/2025,,16917,,,398645,,Pregnancy Test - Milk,0.606,165,16917.0398645.0,6/19/2025,2025,5/9/2025,41,16917.0398645.0_2025_5,1,1,first,Pregnant,Pregnant,,,2,2
1/15/2026,,16917,,,401430,,Pregnancy Test - Milk,1.841,104,16917.0401430.0,1/15/2026,2025,12/11/2025,35,16917.0401430.0_2025_12,1,1,first,Pregnant,Pregnant,,,2,2
2/20/2026,,16917,,,401430,,Pregnancy Test - Milk,0.824,140,16917.0401430.0,2/20/2026,2025,12/11/2025,71,16917.0401430.0_2025_12,1,2,last,Pregnant,Pregnant,,,2,2
7/17/2025,,16918,,,398645,,Pregnancy Test - Milk,0.484,187,16918.0398645.0,7/17/2025,2025,5/12/2025,66,16918.0398645.0_2025_5,1,1,first,Pregnant,Pregnant,,,2,2
12/31/2025,,16918,,,401430,,Pregnancy Test - Milk,1.139,103,16918.0401430.0,12/31/2025,2025,11/24/2025,37,16918.0401430.0_2025_11_1,1,1,first,Pregnant,preg_loss_rebred,,,2,2
2/12/2026,,16918,,,401430,,Pregnancy Test - Milk,0.587,143,16918.0401430.0,2/12/2026,2025,11/27/2025,77,16918.0401430.0_2025_11_2,2,2,last,Pregnant,rc_preg,,,2,2
2/5/2026,,16918,,,401430,,Pregnancy Test - Milk,0.214,136,16918.0401430.0,2/5/2026,2025,11/27/2025,70,16918.0401430.0_2025_11_2,2,1,first,Re-Check,rc_preg,,,2,2
10/2/2025,,16924,,,398645,,Pregnancy Test - Milk,0.238,231,16924.0398645.0,10/2/2025,2025,7/14/2025,80,16924.0398645.0_2025_7,1,1,first,Re-Check,rc_unresolved,,,2,2
3/12/2026,,16924,,,401430,,Pregnancy Test - Milk,0.997,111,16924.0401430.0,3/12/2026,2026,1/31/2026,40,16924.0401430.0_2026_1,1,1,first,Pregnant,Pregnant,,,2,2
4/16/2026,,16924,,,401430,,Pregnancy Test - Milk,0.793,146,16924.0401430.0,4/16/2026,2026,1/31/2026,75,16924.0401430.0_2026_1,1,2,last,Pregnant,Pregnant,,,2,2
7/31/2025,,16937,,,398645,,Pregnancy Test - Milk,1.73,258,16937.0398645.0,7/31/2025,2025,1/29/2025,183,16937.0398645.0_2025_1,1,1,first,Pregnant,Pregnant,,,2,2
12/26/2025,,16937,,,401430,,Pregnancy Test - Milk,0.772,106,16937.0401430.0,12/26/2025,2025,11/20/2025,36,16937.0401430.0_2025_11,1,1,first,Pregnant,Pregant_with_rc,,,2,2
2/13/2026,,16937,,,401430,,Pregnancy Test - Milk,0.238,155,16937.0401430.0,2/13/2026,2025,11/20/2025,85,16937.0401430.0_2025_11,1,3,intermediate,Re-Check,Pregant_with_rc,,,2,2
2/20/2026,,16937,,,401430,,Pregnancy Test - Milk,0.524,162,16937.0401430.0,2/20/2026,2025,11/20/2025,92,16937.0401430.0_2025_11,1,4,last,Pregnant,Pregant_with_rc,,,2,2
2/6/2026,,16937,,,401430,,Pregnancy Test - Milk,,148,16937.0401430.0,2/6/2026,2025,11/20/2025,78,16937.0401430.0_2025_11,1,2,intermediate,Not Tested,Pregant_with_rc,,,2,2
6/26/2025,,16940,,,398645,,Pregnancy Test - Milk,0.257,209,16940.0398645.0,6/26/2025,2025,4/17/2025,70,16940.0398645.0_2025_4,1,1,first,Pregnant,Pregnant,,,2,2
4/2/2026,,16940,,,401430,,Pregnancy Test - Milk,0.523,115,16940.0401430.0,4/2/2026,2026,2/25/2026,36,16940.0401430.0_2026_2,1,1,first,Pregnant,Pregant_with_rc,,,2,2
5/14/2026,,16940,,,401430,,Pregnancy Test - Milk,0.237,157,16940.0401430.0,5/14/2026,2026,2/25/2026,78,16940.0401430.0_2026_2,1,3,intermediate,Re-Check,Pregant_with_rc,,,2,2
5/21/2026,,16940,,,401430,,Pregnancy Test - Milk,0.379,164,16940.0401430.0,5/21/2026,2026,2/25/2026,85,16940.0401430.0_2026_2,1,4,last,Pregnant,Pregant_with_rc,,,2,2
5/7/2026,,16940,,,401430,,Pregnancy Test - Milk,0.211,150,16940.0401430.0,5/7/2026,2026,2/25/2026,71,16940.0401430.0_2026_2,1,2,intermediate,Re-Check,Pregant_with_rc,,,2,2
7/31/2025,,16949,,,398645,,Pregnancy Test - Milk,1.029,180,16949.0398645.0,7/31/2025,2025,5/20/2025,72,16949.0398645.0_2025_5,1,1,first,Pregnant,Pregnant,,,2,2
10/30/2025,,16949,,,401430,,Pregnancy Test - Milk,0.605,168,16949.0401430.0,10/30/2025,2025,7/24/2025,98,16949.0401430.0_2025_7,1,1,first,Pregnant,Pregnant,,,2,2
10/2/2025,,16974,,,398645,,Pregnancy Test - Milk,POS,270,16974.0398645.0,10/2/2025,2025,3/30/2025,186,16974.0398645.0_2025_3,1,2,last,Pregnant,rc_preg,,,2,2
6/5/2025,,16974,,,398645,,Pregnancy Test - Milk,0.243,151,16974.0398645.0,6/5/2025,2025,3/30/2025,67,16974.0398645.0_2025_3,1,1,first,Re-Check,rc_preg,,,2,2
1/30/2026,,16974,,,401430,,Pregnancy Test - Milk,0.613,102,16974.0401430.0,1/30/2026,2025,12/25/2025,36,16974.0401430.0_2025_12,1,1,first,Pregnant,Pregnant,,,2,2
3/13/2026,,16974,,,401430,,Pregnancy Test - Milk,0.51,144,16974.0401430.0,3/13/2026,2025,12/25/2025,78,16974.0401430.0_2025_12,1,2,last,Pregnant,Pregnant,,,2,2
10/2/2025,,16975,,,398645,,Pregnancy Test - Milk,1.194,246,16975.0398645.0,10/2/2025,2025,4/1/2025,184,16975.0398645.0_2025_4,1,1,first,Pregnant,Pregnant,,,2,2
1/29/2026,,16975,,,401430,,Pregnancy Test - Milk,0.191,99,16975.0401430.0,1/29/2026,2025,12/25/2025,35,16975.0401430.0_2025_12,1,1,first,Re-Check,rc_preg,,,2,2
2/12/2026,,16975,,,401430,,Pregnancy Test - Milk,0.19,113,16975.0401430.0,2/12/2026,2025,12/25/2025,49,16975.0401430.0_2025_12,1,3,intermediate,Re-Check,rc_preg,,,2,2
2/19/2026,,16975,,,401430,,Pregnancy Test - Milk,0.157,120,16975.0401430.0,2/19/2026,2025,12/25/2025,56,16975.0401430.0_2025_12,1,4,intermediate,Re-Check,rc_preg,,,2,2
2/26/2026,,16975,,,401430,,Pregnancy Test - Milk,0.246,127,16975.0401430.0,2/26/2026,2025,12/25/2025,63,16975.0401430.0_2025_12,1,5,intermediate,Re-Check,rc_preg,,,2,2
2/5/2026,,16975,,,401430,,Pregnancy Test - Milk,0.239,106,16975.0401430.0,2/5/2026,2025,12/25/2025,42,16975.0401430.0_2025_12,1,2,intermediate,Re-Check,rc_preg,,,2,2
3/12/2026,,16975,,,401430,,Pregnancy Test - Milk,0.283,141,16975.0401430.0,3/12/2026,2025,12/25/2025,77,16975.0401430.0_2025_12,1,7,last,Pregnant,rc_preg,,,2,2
3/5/2026,,16975,,,401430,,Pregnancy Test - Milk,0.231,134,16975.0401430.0,3/5/2026,2025,12/25/2025,70,16975.0401430.0_2025_12,1,6,intermediate,Re-Check,rc_preg,,,2,2
11/6/2025,,16979,,,398645,,Pregnancy Test - Milk,0.787,291,16979.0398645.0,11/6/2025,2025,5/9/2025,181,16979.0398645.0_2025_5,1,2,last,Pregnant,rc_preg,,,2,2
7/24/2025,,16979,,,398645,,Pregnancy Test - Milk,0.187,186,16979.0398645.0,7/24/2025,2025,5/9/2025,76,16979.0398645.0_2025_5,1,1,first,Re-Check,rc_preg,,,2,2
1/22/2026,,16979,,,401430,,Pregnancy Test - Milk,0.748,103,16979.0401430.0,1/22/2026,2025,12/18/2025,35,16979.0401430.0_2025_12,1,1,first,Pregnant,Pregnant,,,2,2
3/5/2026,,16979,,,401430,,Pregnancy Test - Milk,0.669,145,16979.0401430.0,3/5/2026,2025,12/18/2025,77,16979.0401430.0_2025_12,1,2,last,Pregnant,Pregnant,,,2,2
5/21/2026,,16990,,,398645,,Pregnancy Test - Milk,0.275,190,16990.0398645.0,5/21/2026,2026,5/3/2026,18,16990.0398645.0_2026_5,2,1,first,Pregnant,Pregnant,,,2,2
7/31/2025,,16990,,,398645,,Pregnancy Test - Milk,2.648,267,16990.0398645.0,7/31/2025,2025,1/1/2025,211,16990.0398645.0_2025_1,1,1,first,Pregnant,Pregnant,,,2,2
1/22/2026,,16990,,,401430,,Pregnancy Test - Milk,0.243,140,16990.0401430.0,1/22/2026,2025,11/13/2025,70,16990.0401430.0_2025_11,1,2,intermediate,Re-Check,Pregant_with_rc,,,2,2
1/29/2026,,16990,,,401430,,Pregnancy Test - Milk,0.347,147,16990.0401430.0,1/29/2026,2025,11/13/2025,77,16990.0401430.0_2025_11,1,3,last,Pregnant,Pregant_with_rc,,,2,2
12/18/2025,,16990,,,401430,,Pregnancy Test - Milk,1.504,105,16990.0401430.0,12/18/2025,2025,11/13/2025,35,16990.0401430.0_2025_11,1,1,first,Pregnant,Pregant_with_rc,,,2,2
11/27/2025,,17007,,,398645,,Pregnancy Test - Milk,2.517,324,17007.0398645.0,11/27/2025,2025,5/26/2025,185,17007.0398645.0_2025_5,1,2,last,Pregnant,Pregnant,,,2,2
7/31/2025,,17007,,,398645,,Pregnancy Test - Milk,1.11,204,17007.0398645.0,7/31/2025,2025,5/26/2025,66,17007.0398645.0_2025_5,1,1,first,Pregnant,Pregnant,,,2,2
6/27/2025,,17007,,,401430,,Pregnancy Test - Milk,1.628,242,17007.0401430.0,6/27/2025,2025,5/22/2025,36,17007.0401430.0_2025_5,1,1,first,Pregnant,Pregnant,,,2,2
12/25/2025,,17017,,,398645,,Pregnancy Test - Milk,0.959,260,17017.0398645.0,12/25/2025,2025,6/10/2025,198,17017.0398645.0_2025_6,1,2,last,Pregnant,Pregnant,,,2,2
9/4/2025,,17017,,,398645,,Pregnancy Test - Milk,0.42,148,17017.0398645.0,9/4/2025,2025,6/10/2025,86,17017.0398645.0_2025_6,1,1,first,Pregnant,Pregnant,,,2,2
1/29/2026,,17017,,,401430,,Pregnancy Test - Milk,0.387,106,17017.0401430.0,1/29/2026,2025,12/22/2025,38,17017.0401430.0_2025_12,1,1,first,Pregnant,Pregnant,,,2,2
3/5/2026,,17017,,,401430,,Pregnancy Test - Milk,0.324,141,17017.0401430.0,3/5/2026,2025,12/22/2025,73,17017.0401430.0_2025_12,1,2,last,Pregnant,Pregnant,,,2,2
12/18/2025,,17019,,,398645,,Pregnancy Test - Milk,1.093,137,17019.0398645.0,12/18/2025,2025,11/11/2025,37,17019.0398645.0_2025_11,1,1,first,Pregnant,preg_loss_rebred,,,2,2
4/9/2026,,17019,,,398645,,Pregnancy Test - Milk,2.277,249,17019.0398645.0,4/9/2026,2026,1/30/2026,69,17019.0398645.0_2026_1,2,1,first,Pregnant,Pregnant,,,2,2
10/24/2025,,17019,,,401430,,Pregnancy Test - Milk,1.193,253,17019.0401430.0,10/24/2025,2025,9/14/2025,40,17019.0401430.0_2025_9,3,1,first,Pregnant,Pregnant,,,2,2
12/5/2025,,17019,,,401430,,Pregnancy Test - Milk,1.662,295,17019.0401430.0,12/5/2025,2025,9/14/2025,82,17019.0401430.0_2025_9,3,2,last,Pregnant,Pregnant,,,2,2
6/13/2025,,17019,,,401430,,Pregnancy Test - Milk,0.128,120,17019.0401430.0,6/13/2025,2025,5/8/2025,36,17019.0401430.0_2025_5,1,1,first,Re-Check,rc_open,,,2,2
6/20/2025,,17019,,,401430,,Pregnancy Test - Milk,0.056,127,17019.0401430.0,6/20/2025,2025,5/8/2025,43,17019.0401430.0_2025_5,1,2,last,Open,rc_open,,,2,2
9/12/2025,,17019,,,401430,,Pregnancy Test - Milk,0.05,211,17019.0401430.0,9/12/2025,2025,8/5/2025,38,17019.0401430.0_2025_8,2,1,first,Open,Open,,,2,2
1/8/2026,,17024,,,398645,,Pregnancy Test - Milk,2.306,301,17024.0398645.0,1/8/2026,2025,7/2/2025,190,17024.0398645.0_2025_7,1,1,first,Pregnant,Pregnant,,,2,2
2/13/2026,,17024,,,401430,,Pregnancy Test - Milk,0.333,106,17024.0401430.0,2/13/2026,2026,1/2/2026,42,17024.0401430.0_2026_1,1,1,first,Pregnant,Pregnant,,,2,2
3/19/2026,,17024,,,401430,,Pregnancy Test - Milk,0.49,140,17024.0401430.0,3/19/2026,2026,1/2/2026,76,17024.0401430.0_2026_1,1,2,last,Pregnant,Pregnant,,,2,2
11/6/2025,,17077,,,398645,,Pregnancy Test - Milk,0.422,209,17077.0398645.0,11/6/2025,2025,8/23/2025,75,17077.0398645.0_2025_8,1,1,first,Pregnant,Pregnant,,,2,2
2/26/2026,,17077,,,398645,,Pregnancy Test - Milk,POS,321,17077.0398645.0,2/26/2026,2025,8/23/2025,187,17077.0398645.0_2025_8,1,2,last,Pregnant,Pregnant,,,2,2
1/29/2026,,17077,,,401430,,Pregnancy Test - Milk,0.473,145,17077.0401430.0,1/29/2026,2025,11/20/2025,70,17077.0401430.0_2025_11,1,2,last,Pregnant,Pregnant,,,2,2
12/23/2025,,17077,,,401430,,Pregnancy Test - Milk,0.774,108,17077.0401430.0,12/23/2025,2025,11/20/2025,33,17077.0401430.0_2025_11,1,1,first,Pregnant,Pregnant,,,2,2
8/28/2025,,17096,,,398645,,Pregnancy Test - Milk,POS,272,17096.0398645.0,8/28/2025,2025,2/21/2025,188,17096.0398645.0_2025_2,1,1,first,Pregnant,Pregnant,,,2,2
8/14/2025,,17096,,,401430,,Pregnancy Test - Milk,0.694,172,17096.0401430.0,8/14/2025,2025,7/5/2025,40,17096.0401430.0_2025_7,1,1,first,Pregnant,Pregnant,,,2,2
9/19/2025,,17096,,,401430,,Pregnancy Test - Milk,0.579,208,17096.0401430.0,9/19/2025,2025,7/5/2025,76,17096.0401430.0_2025_7,1,2,last,Pregnant,Pregnant,,,2,2
6/26/2025,,17112,,,398645,,Pregnancy Test - Milk,0.433,166,17112.0398645.0,6/26/2025,2025,4/17/2025,70,17112.0398645.0_2025_4,1,1,first,Pregnant,Pregnant,,,2,2
2/6/2026,,17112,,,401430,,Pregnancy Test - Milk,0.238,101,17112.0401430.0,2/6/2026,2026,1/1/2026,36,17112.0401430.0_2026_1,1,1,first,Re-Check,rc_rebred,,,2,2
5/1/2026,,17112,,,401430,,Pregnancy Test - Milk,0.631,185,17112.0401430.0,5/1/2026,2026,3/26/2026,36,17112.0401430.0_2026_3,2,1,first,Pregnant,Pregnant,,,2,2
1/1/2026,,17119,,,398645,,Pregnancy Test - Milk,0.434,133,17119.0398645.0,1/1/2026,2025,12/2/2025,30,17119.0398645.0_2025_12,1,1,first,Pregnant,Pregnant,,,2,2
4/30/2026,,17119,,,398645,,Pregnancy Test - Milk,1.843,252,17119.0398645.0,4/30/2026,2025,12/2/2025,149,17119.0398645.0_2025_12,1,2,last,Pregnant,Pregnant,,,2,2
6/26/2025,,17119,,,401430,,Pregnancy Test - Milk,1.083,123,17119.0401430.0,6/26/2025,2025,5/22/2025,35,17119.0401430.0_2025_5,1,1,first,Pregnant,Pregnant,,,2,2
7/31/2025,,17119,,,401430,,Pregnancy Test - Milk,0.773,158,17119.0401430.0,7/31/2025,2025,5/22/2025,70,17119.0401430.0_2025_5,1,2,last,Pregnant,Pregnant,,,2,2
10/30/2025,,17132,,,398645,,Pregnancy Test - Milk,0.913,286,17132.0398645.0,10/30/2025,2025,8/16/2025,75,17132.0398645.0_2025_8,1,1,first,Pregnant,preg_loss_rebred,,,2,2
2/19/2026,,17132,,,398645,,Pregnancy Test - Milk,POS,398,17132.0398645.0,2/19/2026,2026,2/2/2026,17,17132.0398645.0_2026_2,2,1,first,Pregnant,Pregnant,,,2,2
4/3/2026,,17132,,,401430,,Pregnancy Test - Milk,1.073,124,17132.0401430.0,4/3/2026,2026,2/26/2026,36,17132.0401430.0_2026_2,1,1,first,Pregnant,Pregnant,,,2,2
5/15/2026,,17132,,,401430,,Pregnancy Test - Milk,0.501,166,17132.0401430.0,5/15/2026,2026,2/26/2026,78,17132.0401430.0_2026_2,1,2,last,Pregnant,Pregnant,,,2,2
4/30/2026,,17136,,,398645,,Pregnancy Test - Milk,0.301,167,17136.0398645.0,4/30/2026,2026,2/19/2026,70,17136.0398645.0_2026_2,1,1,first,Pregnant,Pregnant,,,2,2
4/2/2026,,17136,,,401430,,Pregnancy Test - Milk,0.25,85,17136.0401430.0,4/2/2026,2026,2/25/2026,35,17136.0401430.0_2026_2,2,1,first,Pregnant,Pregant_with_rc,,,2,2
5/14/2026,,17136,,,401430,,Pregnancy Test - Milk,0.141,128,17136.0401430.0,5/14/2026,2026,2/25/2026,78,17136.0401430.0_2026_2,2,3,intermediate,Re-Check,Pregant_with_rc,,,2,2
5/21/2026,,17136,,,401430,,Pregnancy Test - Milk,0.258,134,17136.0401430.0,5/21/2026,2026,2/25/2026,84,17136.0401430.0_2026_2,2,4,last,Pregnant,Pregant_with_rc,,,2,2
5/7/2026,,17136,,,401430,,Pregnancy Test - Milk,0.16,120,17136.0401430.0,5/7/2026,2026,2/25/2026,70,17136.0401430.0_2026_2,2,2,intermediate,Re-Check,Pregant_with_rc,,,2,2
6/26/2025,,17136,,,401430,,Pregnancy Test - Milk,0.599,183,17136.0401430.0,6/26/2025,2025,4/12/2025,75,17136.0401430.0_2025_4,1,1,first,Pregnant,Pregnant,,,2,2
2/5/2026,,17145,,,398645,,Pregnancy Test - Milk,2.752,262,17145.0398645.0,2/5/2026,2025,9/9/2025,149,17145.0398645.0_2025_9,1,1,first,Pregnant,Pregnant,,,2,2
11/20/2025,,17145,,,401430,,Pregnancy Test - Milk,0.887,321,17145.0401430.0,11/20/2025,2025,10/13/2025,38,17145.0401430.0_2025_10,3,1,first,Pregnant,Pregnant,,,2,2
12/26/2025,,17145,,,401430,,Pregnancy Test - Milk,0.584,357,17145.0401430.0,12/26/2025,2025,10/13/2025,74,17145.0401430.0_2025_10,3,2,last,Pregnant,Pregnant,,,2,2
7/3/2025,,17145,,,401430,,Pregnancy Test - Milk,0.626,181,17145.0401430.0,7/3/2025,2025,5/29/2025,35,17145.0401430.0_2025_5,1,1,first,Pregnant,preg_loss_rebred,,,2,2
9/11/2025,,17145,,,401430,,Pregnancy Test - Milk,0.113,251,17145.0401430.0,9/11/2025,2025,8/3/2025,39,17145.0401430.0_2025_8,2,1,first,Re-Check,rc_open,,,2,2
9/19/2025,,17145,,,401430,,Pregnancy Test - Milk,0.071,259,17145.0401430.0,9/19/2025,2025,8/3/2025,47,17145.0401430.0_2025_8,2,2,last,Open,rc_open,,,2,2
11/20/2025,,17147,,,398645,,Pregnancy Test - Milk,2.05,326,17147.0398645.0,11/20/2025,2025,5/21/2025,183,17147.0398645.0_2025_5,1,2,last,Pregnant,Pregnant,,,2,2
8/7/2025,,17147,,,398645,,Pregnancy Test - Milk,0.635,221,17147.0398645.0,8/7/2025,2025,5/21/2025,78,17147.0398645.0_2025_5,1,1,first,Pregnant,Pregnant,,,2,2
1/30/2026,,17147,,,401430,,Pregnancy Test - Milk,0.423,175,17147.0401430.0,1/30/2026,2025,11/14/2025,77,17147.0401430.0_2025_11,1,2,intermediate,Pregnant,Pregnant,,,2,2
12/26/2025,,17147,,,401430,,Pregnancy Test - Milk,0.92,139,17147.0401430.0,12/26/2025,2025,11/14/2025,41,17147.0401430.0_2025_11,1,1,first,Pregnant,Pregnant,,,2,2
2/5/2026,,17147,,,401430,,Pregnancy Test - Milk,0.458,180,17147.0401430.0,2/5/2026,2025,11/14/2025,82,17147.0401430.0_2025_11,1,3,last,Pregnant,Pregnant,,,2,2
10/2/2025,,17150,,,398645,,Pregnancy Test - Milk,1.478,304,17150.0398645.0,10/2/2025,2025,3/14/2025,202,17150.0398645.0_2025_3,1,1,first,Pregnant,Pregnant,,,2,2
2/13/2026,,17150,,,401430,,Pregnancy Test - Milk,0.366,116,17150.0401430.0,2/13/2026,2025,12/25/2025,50,17150.0401430.0_2025_12,1,1,first,Pregnant,Pregnant,,,2,2
3/12/2026,,17150,,,401430,,Pregnancy Test - Milk,0.406,143,17150.0401430.0,3/12/2026,2025,12/25/2025,77,17150.0401430.0_2025_12,1,2,last,Pregnant,Pregnant,,,2,2
1/1/2026,,17154,,,398645,,Pregnancy Test - Milk,0.889,263,17154.0398645.0,1/1/2026,2025,6/14/2025,201,17154.0398645.0_2025_6,1,1,first,Pregnant,Pregnant,,,2,2
5/29/2025,,17154,,,401430,,Pregnancy Test - Milk,0.749,122,17154.0401430.0,5/29/2025,2025,4/24/2025,35,17154.0401430.0_2025_4,1,1,first,Pregnant,Pregnant,,,2,2
7/10/2025,,17154,,,401430,,Pregnancy Test - Milk,0.419,164,17154.0401430.0,7/10/2025,2025,4/24/2025,77,17154.0401430.0_2025_4,1,2,last,Pregnant,Pregnant,,,2,2
2/5/2026,,17165,,,398645,,Pregnancy Test - Milk,0.888,310,17165.0398645.0,2/5/2026,2025,6/17/2025,233,17165.0398645.0_2025_6,1,1,first,Pregnant,Pregnant,,,2,2
5/21/2026,,17165,,,401430,,Pregnancy Test - Milk,0.465,90,17165.0401430.0,5/21/2026,2026,4/13/2026,38,17165.0401430.0_2026_4,2,1,first,Pregnant,Pregnant,,,2,2
7/3/2025,,17165,,,401430,,Pregnancy Test - Milk,0.389,168,17165.0401430.0,7/3/2025,2025,5/25/2025,39,17165.0401430.0_2025_5,1,1,first,Pregnant,Pregnant,,,2,2
8/7/2025,,17165,,,401430,,Pregnancy Test - Milk,0.411,203,17165.0401430.0,8/7/2025,2025,5/25/2025,74,17165.0401430.0_2025_5,1,2,last,Pregnant,Pregnant,,,2,2
6/26/2025,,17168,,,398645,,Pregnancy Test - Milk,0.488,147,17168.0398645.0,6/26/2025,2025,4/15/2025,72,17168.0398645.0_2025_4,1,1,first,Pregnant,Pregnant,,,2,2
1/16/2026,,17168,,,401430,,Pregnancy Test - Milk,0.05,128,17168.0401430.0,1/16/2026,2025,12/10/2025,37,17168.0401430.0_2025_12,1,1,first,Open,Open,,,2,2
4/17/2026,,17168,,,401430,,Pregnancy Test - Milk,0.285,219,17168.0401430.0,4/17/2026,2026,3/13/2026,35,17168.0401430.0_2026_3,2,1,first,Pregnant,Pregnant,,,2,2
1/8/2026,,17177,,,398645,,Pregnancy Test - Milk,0.438,210,17177.0398645.0,1/8/2026,2025,11/2/2025,67,17177.0398645.0_2025_11,1,1,first,Pregnant,Pregnant,,,2,2
5/7/2026,,17177,,,398645,,Pregnancy Test - Milk,1.989,329,17177.0398645.0,5/7/2026,2025,11/2/2025,186,17177.0398645.0_2025_11,1,2,last,Pregnant,Pregnant,,,2,2
5/22/2026,,17177,,,401430,,Pregnancy Test - Milk,0.344,120,17177.0401430.0,5/22/2026,2026,4/16/2026,36,17177.0401430.0_2026_4,2,1,first,Pregnant,Pregnant,,,2,2
5/30/2025,,17177,,,401430,,Pregnancy Test - Milk,0.322,173,17177.0401430.0,5/30/2025,2025,4/19/2025,41,17177.0401430.0_2025_4,1,1,first,Pregnant,Pregnant,,,2,2
7/11/2025,,17177,,,401430,,Pregnancy Test - Milk,0.438,215,17177.0401430.0,7/11/2025,2025,4/19/2025,83,17177.0401430.0_2025_4,1,2,last,Pregnant,Pregnant,,,2,2
11/6/2025,,17183,,,398645,,Pregnancy Test - Milk,1.322,276,17183.0398645.0,11/6/2025,2025,5/8/2025,182,17183.0398645.0_2025_5,1,2,last,Pregnant,Pregnant,,,2,2
7/17/2025,,17183,,,398645,,Pregnancy Test - Milk,0.298,164,17183.0398645.0,7/17/2025,2025,5/8/2025,70,17183.0398645.0_2025_5,1,1,first,Pregnant,Pregnant,,,2,2
3/5/2026,,17183,,,401430,,Pregnancy Test - Milk,0.829,92,17183.0401430.0,3/5/2026,2026,1/27/2026,37,17183.0401430.0_2026_1_2,2,1,first,Pregnant,Pregnant,,,2,2
4/16/2026,,17183,,,401430,,Pregnancy Test - Milk,0.52,134,17183.0401430.0,4/16/2026,2026,1/27/2026,79,17183.0401430.0_2026_1_2,2,2,last,Pregnant,Pregnant,,,2,2
4/7/2026,,17183,,,401430,,Pregnancy Test - Milk,0.2,127,17183.0401430.0,4/7/2026,2026,1/25/2026,72,17183.0401430.0_2026_1_1,1,1,first,Re-Check,rc_rebred,,,2,2
8/21/2025,,17185,,,398645,,Pregnancy Test - Milk,0.519,194,17185.0398645.0,8/21/2025,2025,6/13/2025,69,17185.0398645.0_2025_6,1,1,first,Pregnant,Pregnant,,,2,2
3/12/2026,,17185,,,401430,,Pregnancy Test - Milk,1.206,90,17185.0401430.0,3/12/2026,2026,2/2/2026,38,17185.0401430.0_2026_2,2,1,first,Pregnant,Pregnant,,,2,2
4/16/2026,,17185,,,401430,,Pregnancy Test - Milk,0.338,125,17185.0401430.0,4/16/2026,2026,2/2/2026,73,17185.0401430.0_2026_2,2,2,last,Pregnant,Pregnant,,,2,2
5/29/2025,,17185,,,401430,,Pregnancy Test - Milk,0.346,190,17185.0401430.0,5/29/2025,2025,3/11/2025,79,17185.0401430.0_2025_3,1,1,first,Pregnant,Pregnant,,,2,2
11/20/2025,,17219,,,398645,,Pregnancy Test - Milk,0.409,244,17219.0398645.0,11/20/2025,2025,8/25/2025,87,17219.0398645.0_2025_8,1,1,first,Pregnant,Pregnant,,,2,2
2/19/2026,,17219,,,401430,,Pregnancy Test - Milk,1.027,103,17219.0401430.0,2/19/2026,2026,1/15/2026,35,17219.0401430.0_2026_1,1,1,first,Pregnant,Pregnant,,,2,2
4/2/2026,,17219,,,401430,,Pregnancy Test - Milk,0.366,145,17219.0401430.0,4/2/2026,2026,1/15/2026,77,17219.0401430.0_2026_1,1,2,last,Pregnant,Pregnant,,,2,2
10/30/2025,,17221,,,398645,,Pregnancy Test - Milk,0.206,264,17221.0398645.0,10/30/2025,2025,8/22/2025,69,17221.0398645.0_2025_8,1,1,first,Re-Check,rc_unresolved,,,2,2
10/23/2025,,17221,,,401430,,Pregnancy Test - Milk,0.225,166,17221.0401430.0,10/23/2025,2025,8/12/2025,72,17221.0401430.0_2025_8,1,2,intermediate,Re-Check,Pregant_with_rc,,,2,2
10/30/2025,,17221,,,401430,,Pregnancy Test - Milk,0.136,173,17221.0401430.0,10/30/2025,2025,8/12/2025,79,17221.0401430.0_2025_8,1,3,intermediate,Re-Check,Pregant_with_rc,,,2,2
11/6/2025,,17221,,,401430,,Pregnancy Test - Milk,0.322,180,17221.0401430.0,11/6/2025,2025,8/12/2025,86,17221.0401430.0_2025_8,1,4,last,Pregnant,Pregant_with_rc,,,2,2
9/19/2025,,17221,,,401430,,Pregnancy Test - Milk,0.32,132,17221.0401430.0,9/19/2025,2025,8/12/2025,38,17221.0401430.0_2025_8,1,1,first,Pregnant,Pregant_with_rc,,,2,2
10/2/2025,,17223,,,398645,,Pregnancy Test - Milk,1.903,277,17223.0398645.0,10/2/2025,2025,3/11/2025,205,17223.0398645.0_2025_3,1,1,first,Pregnant,Pregnant,,,2,2
5/29/2025,,17223,,,401430,,Pregnancy Test - Milk,0.925,119,17223.0401430.0,5/29/2025,2025,4/23/2025,35,17223.0401430.0_2025_4,1,1,first,Pregnant,Pregant_with_rc,,,2,2
7/1/2025,,17223,,,401430,,Pregnancy Test - Milk,0.141,153,17223.0401430.0,7/1/2025,2025,4/23/2025,69,17223.0401430.0_2025_4,1,2,intermediate,Re-Check,Pregant_with_rc,,,2,2
7/10/2025,,17223,,,401430,,Pregnancy Test - Milk,0.209,161,17223.0401430.0,7/10/2025,2025,4/23/2025,77,17223.0401430.0_2025_4,1,3,intermediate,Re-Check,Pregant_with_rc,,,2,2
7/17/2025,,17223,,,401430,,Pregnancy Test - Milk,0.165,168,17223.0401430.0,7/17/2025,2025,4/23/2025,84,17223.0401430.0_2025_4,1,4,intermediate,Re-Check,Pregant_with_rc,,,2,2
7/24/2025,,17223,,,401430,,Pregnancy Test - Milk,0.21,175,17223.0401430.0,7/24/2025,2025,4/23/2025,91,17223.0401430.0_2025_4,1,5,intermediate,Re-Check,Pregant_with_rc,,,2,2
7/31/2025,,17223,,,401430,,Pregnancy Test - Milk,0.363,182,17223.0401430.0,7/31/2025,2025,4/23/2025,98,17223.0401430.0_2025_4,1,6,last,Pregnant,Pregant_with_rc,,,2,2
7/31/2025,,17248,,,398645,,Pregnancy Test - Milk,0.752,207,17248.0398645.0,7/31/2025,2025,5/11/2025,81,17248.0398645.0_2025_5,1,1,first,Pregnant,Pregnant,,,2,2
6/5/2025,,17248,,,401430,,Pregnancy Test - Milk,0.538,159,17248.0401430.0,6/5/2025,2025,3/20/2025,77,17248.0401430.0_2025_3,1,1,first,Pregnant,Pregnant,,,2,2
11/6/2025,,17254,,,398645,,Pregnancy Test - Milk,1.033,278,17254.0398645.0,11/6/2025,2025,6/10/2025,149,17254.0398645.0_2025_6,1,2,last,Pregnant,rc_preg,,,2,2
7/24/2025,,17254,,,398645,,Pregnancy Test - Milk,0.231,173,17254.0398645.0,7/24/2025,2025,6/10/2025,44,17254.0398645.0_2025_6,1,1,first,Re-Check,rc_preg,,,2,2
4/16/2026,,17254,,,401430,,Pregnancy Test - Milk,1.29,114,17254.0401430.0,4/16/2026,2026,3/9/2026,38,17254.0401430.0_2026_3,2,1,first,Pregnant,Pregnant,,,2,2
5/21/2026,,17254,,,401430,,Pregnancy Test - Milk,0.591,148,17254.0401430.0,5/21/2026,2026,3/9/2026,72,17254.0401430.0_2026_3,2,2,last,Pregnant,Pregnant,,,2,2
6/5/2025,,17254,,,401430,,Pregnancy Test - Milk,0.842,163,17254.0401430.0,6/5/2025,2025,3/20/2025,77,17254.0401430.0_2025_3,1,1,first,Pregnant,Pregnant,,,2,2
10/23/2025,,17260,,,398645,,Pregnancy Test - Milk,1.116,277,17260.0398645.0,10/23/2025,2025,4/23/2025,183,17260.0398645.0_2025_4,1,1,first,Pregnant,Pregnant,,,2,2
3/5/2026,,17260,,,401430,,Pregnancy Test - Milk,0.575,91,17260.0401430.0,3/5/2026,2026,1/27/2026,37,17260.0401430.0_2026_1_2,2,1,first,Pregnant,Pregnant,,,2,2
4/7/2026,,17260,,,401430,,Pregnancy Test - Milk,0.286,126,17260.0401430.0,4/7/2026,2026,1/25/2026,72,17260.0401430.0_2026_1_1,1,1,first,Pregnant,preg_loss_rebred,,,2,2
2/26/2026,,17266,,,398645,,Pregnancy Test - Milk,0.52,326,17266.0398645.0,2/26/2026,2026,1/29/2026,28,17266.0398645.0_2026_1,1,1,first,Pregnant,Pregnant,,,2,2
10/9/2025,,17266,,,401430,,Pregnancy Test - Milk,0.539,111,17266.0401430.0,10/9/2025,2025,9/4/2025,35,17266.0401430.0_2025_9,1,1,first,Pregnant,Pregnant,,,2,2
11/20/2025,,17266,,,401430,,Pregnancy Test - Milk,0.508,153,17266.0401430.0,11/20/2025,2025,9/4/2025,77,17266.0401430.0_2025_9,1,2,last,Pregnant,Pregnant,,,2,2
9/4/2025,,17270,,,398645,,Pregnancy Test - Milk,POS,255,17270.0398645.0,9/4/2025,2025,3/6/2025,182,17270.0398645.0_2025_3,1,1,first,Pregnant,Pregnant,,,2,2
3/12/2026,,17270,,,401430,,Pregnancy Test - Milk,0.234,92,17270.0401430.0,3/12/2026,2026,1/31/2026,40,17270.0401430.0_2026_1,1,1,first,Re-Check,rc_open,,,2,2
3/19/2026,,17270,,,401430,,Pregnancy Test - Milk,0.117,99,17270.0401430.0,3/19/2026,2026,1/31/2026,47,17270.0401430.0_2026_1,1,2,intermediate,Re-Check,rc_open,,,2,2
3/26/2026,,17270,,,401430,,Pregnancy Test - Milk,0.017,106,17270.0401430.0,3/26/2026,2026,1/31/2026,54,17270.0401430.0_2026_1,1,3,last,Open,rc_open,,,2,2
1/23/2026,,17275,,,398645,,Pregnancy Test - Milk,1.317,254,17275.0398645.0,1/23/2026,2025,7/23/2025,184,17275.0398645.0_2025_7,1,2,last,Pregnant,Pregnant,,,2,2
10/2/2025,,17275,,,398645,,Pregnancy Test - Milk,0.745,141,17275.0398645.0,10/2/2025,2025,7/23/2025,71,17275.0398645.0_2025_7,1,1,first,Pregnant,Pregnant,,,2,2
2/13/2026,,17275,,,401430,,Pregnancy Test - Milk,0.664,130,17275.0401430.0,2/13/2026,2026,1/4/2026,40,17275.0401430.0_2026_1,1,1,first,Pregnant,Pregnant,,,2,2
3/27/2026,,17275,,,401430,,Pregnancy Test - Milk,0.317,172,17275.0401430.0,3/27/2026,2026,1/4/2026,82,17275.0401430.0_2026_1,1,2,last,Pregnant,Pregnant,,,2,2
1/29/2026,,17290,,,398645,,Pregnancy Test - Milk,0.361,312,17290.0398645.0,1/29/2026,2025,11/21/2025,69,17290.0398645.0_2025_11,2,1,first,Pregnant,Pregnant,,,2,2
5/21/2026,,17290,,,398645,,Pregnancy Test - Milk,2.06,424,17290.0398645.0,5/21/2026,2025,11/21/2025,181,17290.0398645.0_2025_11,2,2,last,Pregnant,Pregnant,,,2,2
8/7/2025,,17290,,,398645,,Pregnancy Test - Milk,1.177,136,17290.0398645.0,8/7/2025,2025,5/29/2025,70,17290.0398645.0_2025_5,1,1,first,Pregnant,preg_loss_rebred,,,2,2
5/14/2026,,17290,,,401430,,Pregnancy Test - Milk,0.677,124,17290.0401430.0,5/14/2026,2026,4/8/2026,36,17290.0401430.0_2026_4,2,1,first,Pregnant,Pregnant,,,2,2
6/19/2025,,17290,,,401430,,Pregnancy Test - Milk,0.385,189,17290.0401430.0,6/19/2025,2025,3/31/2025,80,17290.0401430.0_2025_3,1,1,first,Pregnant,Pregnant,,,2,2
10/2/2025,,17291,,,398645,,Pregnancy Test - Milk,1.863,256,17291.0398645.0,10/2/2025,2025,3/31/2025,185,17291.0398645.0_2025_3,1,1,first,Pregnant,Pregnant,,,2,2
8/7/2025,,17291,,,401430,,Pregnancy Test - Milk,0.611,171,17291.0401430.0,8/7/2025,2025,7/2/2025,36,17291.0401430.0_2025_7,1,1,first,Pregnant,Pregnant,,,2,2
9/11/2025,,17291,,,401430,,Pregnancy Test - Milk,0.445,206,17291.0401430.0,9/11/2025,2025,7/2/2025,71,17291.0401430.0_2025_7,1,2,last,Pregnant,Pregnant,,,2,2
9/18/2025,,17316,,,398645,,Pregnancy Test - Milk,0.92,154,17316.0398645.0,9/18/2025,2025,7/14/2025,66,17316.0398645.0_2025_7,1,1,first,Pregnant,Pregnant,,,2,2
3/20/2026,,17316,,,401430,,Pregnancy Test - Milk,0.081,135,17316.0401430.0,3/20/2026,2026,2/13/2026,35,17316.0401430.0_2026_2,1,1,first,Open,Open,,,2,2
5/8/2026,,17316,,,401430,,Pregnancy Test - Milk,0.886,184,17316.0401430.0,5/8/2026,2026,4/2/2026,36,17316.0401430.0_2026_4,2,1,first,Pregnant,Pregnant,,,2,2
10/23/2025,,17320,,,398645,,Pregnancy Test - Milk,0.266,252,17320.0398645.0,10/23/2025,2025,8/14/2025,70,17320.0398645.0_2025_8,1,1,first,Pregnant,Pregnant,,,2,2
2/19/2026,,17320,,,398645,,Pregnancy Test - Milk,2.057,371,17320.0398645.0,2/19/2026,2025,8/14/2025,189,17320.0398645.0_2025_8,1,2,last,Pregnant,Pregnant,,,2,2
5/14/2026,,17320,,,401430,,Pregnancy Test - Milk,0.96,99,17320.0401430.0,5/14/2026,2026,4/3/2026,41,17320.0401430.0_2026_4,3,1,first,Pregnant,Pregnant,,,2,2
6/4/2025,,17320,,,401430,,Pregnancy Test - Milk,0.89,118,17320.0401430.0,6/4/2025,2025,4/30/2025,35,17320.0401430.0_2025_4,1,1,first,Pregnant,preg_loss_rebred,,,2,2
7/10/2025,,17320,,,401430,,Pregnancy Test - Milk,0.543,153,17320.0401430.0,7/10/2025,2025,5/1/2025,70,17320.0401430.0_2025_5,2,1,first,Pregnant,Pregnant,,,2,2
1/1/2026,,17322,,,398645,,Pregnancy Test - Milk,1.091,266,17322.0398645.0,1/1/2026,2025,7/4/2025,181,17322.0398645.0_2025_7,1,1,first,Pregnant,Pregnant,,,2,2
6/27/2025,,17322,,,401430,,Pregnancy Test - Milk,0.134,156,17322.0401430.0,6/27/2025,2025,5/20/2025,38,17322.0401430.0_2025_5,1,1,first,Re-Check,rc_preg,,,2,2
7/2/2025,,17322,,,401430,,Pregnancy Test - Milk,0.275,160,17322.0401430.0,7/2/2025,2025,5/20/2025,42,17322.0401430.0_2025_5,1,2,intermediate,Pregnant,rc_preg,,,2,2
8/8/2025,,17322,,,401430,,Pregnancy Test - Milk,0.508,197,17322.0401430.0,8/8/2025,2025,5/20/2025,79,17322.0401430.0_2025_5,1,3,last,Pregnant,rc_preg,,,2,2
1/1/2026,,17337,,,398645,,Pregnancy Test - Milk,1.847,313,17337.0398645.0,1/1/2026,2025,6/30/2025,185,17337.0398645.0_2025_6,1,2,last,Pregnant,Pregnant,,,2,2
9/4/2025,,17337,,,398645,,Pregnancy Test - Milk,0.565,194,17337.0398645.0,9/4/2025,2025,6/30/2025,66,17337.0398645.0_2025_6,1,1,first,Pregnant,Pregnant,,,2,2
6/12/2025,,17337,,,401430,,Pregnancy Test - Milk,0.535,152,17337.0401430.0,6/12/2025,2025,4/3/2025,70,17337.0401430.0_2025_4,1,1,first,Pregnant,Pregnant,,,2,2
6/26/2025,,17362,,,398645,,Pregnancy Test - Milk,0.484,304,17362.0398645.0,6/26/2025,2025,3/28/2025,90,17362.0398645.0_2025_3,1,1,first,Pregnant,Pregnant,,,2,2
5/21/2026,,17362,,,401430,,Pregnancy Test - Milk,0.473,145,17362.0401430.0,5/21/2026,2026,4/10/2026,41,17362.0401430.0_2026_4,3,1,first,Pregnant,Pregnant,,,2,2
6/19/2025,,17362,,,401430,,Pregnancy Test - Milk,0.171,169,17362.0401430.0,6/19/2025,2025,3/27/2025,84,17362.0401430.0_2025_3,1,1,first,Re-Check,rc_rebred,,,2,2
7/10/2025,,17362,,,401430,,Pregnancy Test - Milk,0.315,183,17362.0401430.0,7/10/2025,2025,4/3/2025,98,17362.0401430.0_2025_4,2,2,last,Pregnant,rc_preg,,,2,2
7/3/2025,,17362,,,401430,,Pregnancy Test - Milk,0.106,176,17362.0401430.0,7/3/2025,2025,4/3/2025,91,17362.0401430.0_2025_4,2,1,first,Re-Check,rc_preg,,,2,2
9/4/2025,,17363,,,398645,,Pregnancy Test - Milk,0.944,212,17363.0398645.0,9/4/2025,2025,7/26/2025,40,17363.0398645.0_2025_7,1,1,first,Pregnant,Pregnant,,,2,2
7/11/2025,,17363,,,401430,,Pregnancy Test - Milk,0.394,220,17363.0401430.0,7/11/2025,2025,5/28/2025,44,17363.0401430.0_2025_5,1,2,intermediate,Pregnant,rc_preg,,,2,2
7/2/2025,,17363,,,401430,,Pregnancy Test - Milk,0.155,211,17363.0401430.0,7/2/2025,2025,5/28/2025,35,17363.0401430.0_2025_5,1,1,first,Re-Check,rc_preg,,,2,2
8/15/2025,,17363,,,401430,,Pregnancy Test - Milk,0.447,255,17363.0401430.0,8/15/2025,2025,5/28/2025,79,17363.0401430.0_2025_5,1,3,last,Pregnant,rc_preg,,,2,2
1/1/2026,,17366,,,398645,,Pregnancy Test - Milk,POS,283,17366.0398645.0,1/1/2026,2025,7/2/2025,183,17366.0398645.0_2025_7,1,1,first,Pregnant,Pregnant,,,2,2
6/26/2025,,17366,,,401430,,Pregnancy Test - Milk,0.33,151,17366.0401430.0,6/26/2025,2025,5/17/2025,40,17366.0401430.0_2025_5,1,1,first,Pregnant,Pregnant,,,2,2
7/31/2025,,17366,,,401430,,Pregnancy Test - Milk,0.381,186,17366.0401430.0,7/31/2025,2025,5/17/2025,75,17366.0401430.0_2025_5,1,2,last,Pregnant,Pregnant,,,2,2
6/5/2025,,17387,,,398645,,Pregnancy Test - Milk,0.672,156,17387.0398645.0,6/5/2025,2025,2/26/2025,99,17387.0398645.0_2025_2,1,1,first,Pregnant,loss_2_open,,,2,2
9/25/2025,,17387,,,398645,,Pregnancy Test - Milk,0.048,268,17387.0398645.0,9/25/2025,2025,2/26/2025,211,17387.0398645.0_2025_2,1,2,last,Open,loss_2_open,,,2,2
1/8/2026,,17387,,,401430,,Pregnancy Test - Milk,0.49,218,17387.0401430.0,1/8/2026,2025,10/29/2025,71,17387.0401430.0_2025_10,2,2,last,Pregnant,Pregnant,,,2,2
12/4/2025,,17387,,,401430,,Pregnancy Test - Milk,0.839,183,17387.0401430.0,12/4/2025,2025,10/29/2025,36,17387.0401430.0_2025_10,2,1,first,Pregnant,Pregnant,,,2,2
9/19/2025,,17387,,,401430,,Pregnancy Test - Milk,0.01,107,17387.0401430.0,9/19/2025,2025,9/19/2025,0,17387.0401430.0_2025_9,1,1,first,Open,Open,,,2,2
10/23/2025,,17391,,,398645,,Pregnancy Test - Milk,0.298,154,17391.0398645.0,10/23/2025,2025,7/23/2025,92,17391.0398645.0_2025_7,1,1,first,Pregnant,Pregnant,,,2,2
2/19/2026,,17391,,,398645,,Pregnancy Test - Milk,2.185,273,17391.0398645.0,2/19/2026,2025,7/23/2025,211,17391.0398645.0_2025_7,1,2,last,Pregnant,Pregnant,,,2,2
1/8/2026,,17391,,,401430,,Pregnancy Test - Milk,0.04,127,17391.0401430.0,1/8/2026,2025,12/4/2025,35,17391.0401430.0_2025_12,1,1,first,Open,Open,,,2,2
3/19/2026,,17391,,,401430,,Pregnancy Test - Milk,1.199,197,17391.0401430.0,3/19/2026,2026,2/11/2026,35,17391.0401430.0_2026_2,2,1,first,Pregnant,Pregnant,,,2,2
4/22/2026,,17391,,,401430,,Pregnancy Test - Milk,0.632,232,17391.0401430.0,4/22/2026,2026,2/11/2026,70,17391.0401430.0_2026_2,2,2,last,Pregnant,Pregnant,,,2,2
12/4/2025,,17395,,,398645,,Pregnancy Test - Milk,0.563,157,17395.0398645.0,12/4/2025,2025,9/9/2025,86,17395.0398645.0_2025_9,1,1,first,Pregnant,Pregnant,,,2,2
3/26/2026,,17395,,,398645,,Pregnancy Test - Milk,1.559,269,17395.0398645.0,3/26/2026,2025,9/9/2025,198,17395.0398645.0_2025_9,1,2,last,Pregnant,Pregnant,,,2,2
6/19/2025,,17395,,,401430,,Pregnancy Test - Milk,0.726,130,17395.0401430.0,6/19/2025,2025,5/8/2025,42,17395.0401430.0_2025_5_1,1,1,first,Pregnant,preg_loss_rebred,,,2,2
7/31/2025,,17395,,,401430,,Pregnancy Test - Milk,0.876,165,17395.0401430.0,7/31/2025,2025,5/15/2025,77,17395.0401430.0_2025_5_2,2,1,first,Pregnant,Pregnant,,,2,2
6/19/2025,,17410,,,398645,,Pregnancy Test - Milk,0.302,139,17410.0398645.0,6/19/2025,2025,5/5/2025,45,17410.0398645.0_2025_5,1,1,first,Pregnant,Pregnant,,,2,2
1/15/2026,,17410,,,401430,,Pregnancy Test - Milk,0.259,374,17410.0401430.0,1/15/2026,2025,10/27/2025,80,17410.0401430.0_2025_10,3,3,last,Pregnant,Pregant_with_rc,,,2,2
1/8/2026,,17410,,,401430,,Pregnancy Test - Milk,0.181,367,17410.0401430.0,1/8/2026,2025,10/27/2025,73,17410.0401430.0_2025_10,3,2,intermediate,Re-Check,Pregant_with_rc,,,2,2
12/4/2025,,17410,,,401430,,Pregnancy Test - Milk,0.608,332,17410.0401430.0,12/4/2025,2025,10/27/2025,38,17410.0401430.0_2025_10,3,1,first,Pregnant,Pregant_with_rc,,,2,2
7/10/2025,,17410,,,401430,,Pregnancy Test - Milk,-0.01,185,17410.0401430.0,7/10/2025,2025,6/2/2025,38,17410.0401430.0_2025_6,1,1,first,Open,Open,,,2,2
8/28/2025,,17410,,,401430,,Pregnancy Test - Milk,0.831,236,17410.0401430.0,8/28/2025,2025,7/22/2025,37,17410.0401430.0_2025_7,2,1,first,Pregnant,preg_loss_rebred,,,2,2
7/24/2025,,17413,,,398645,,Pregnancy Test - Milk,0.138,153,17413.0398645.0,7/24/2025,2025,5/16/2025,69,17413.0398645.0_2025_5,1,1,first,Re-Check,rc_unresolved,,,2,2
10/9/2025,,17413,,,401430,,Pregnancy Test - Milk,1.172,235,17413.0401430.0,10/9/2025,2025,8/30/2025,40,17413.0401430.0_2025_8,1,1,first,Pregnant,Pregnant,,,2,2
11/13/2025,,17413,,,401430,,Pregnancy Test - Milk,1.433,270,17413.0401430.0,11/13/2025,2025,8/30/2025,75,17413.0401430.0_2025_8,1,2,last,Pregnant,Pregnant,,,2,2
9/18/2025,,17417,,,398645,,Pregnancy Test - Milk,0.646,139,17417.0398645.0,9/18/2025,2025,7/10/2025,70,17417.0398645.0_2025_7,1,1,first,Pregnant,Pregnant,,,2,2
5/21/2026,,17417,,,401430,,Pregnancy Test - Milk,0.202,90,17417.0401430.0,5/21/2026,2026,4/14/2026,37,17417.0401430.0_2026_4,2,1,first,Re-Check,rc_unresolved_>_1_bred,,,2,2
6/26/2025,,17417,,,401430,,Pregnancy Test - Milk,0.755,123,17417.0401430.0,6/26/2025,2025,5/22/2025,35,17417.0401430.0_2025_5,1,1,first,Pregnant,Pregant_with_rc,,,2,2
8/14/2025,,17417,,,401430,,Pregnancy Test - Milk,0.46,172,17417.0401430.0,8/14/2025,2025,5/22/2025,84,17417.0401430.0_2025_5,1,3,last,Pregnant,Pregant_with_rc,,,2,2
8/7/2025,,17417,,,401430,,Pregnancy Test - Milk,0.243,165,17417.0401430.0,8/7/2025,2025,5/22/2025,77,17417.0401430.0_2025_5,1,2,intermediate,Re-Check,Pregant_with_rc,,,2,2
10/9/2025,,17457,,,398645,,Pregnancy Test - Milk,0.239,172,17457.0398645.0,10/9/2025,2025,8/3/2025,67,17457.0398645.0_2025_8,1,1,first,Re-Check,rc_preg,,,2,2
2/5/2026,,17457,,,398645,,Pregnancy Test - Milk,1.225,291,17457.0398645.0,2/5/2026,2025,8/3/2025,186,17457.0398645.0_2025_8,1,2,last,Pregnant,rc_preg,,,2,2
6/12/2025,,17457,,,401430,,Pregnancy Test - Milk,1.097,144,17457.0401430.0,6/12/2025,2025,5/7/2025,36,17457.0401430.0_2025_5,1,1,first,Pregnant,Pregnant,,,2,2
7/24/2025,,17457,,,401430,,Pregnancy Test - Milk,0.833,186,17457.0401430.0,7/24/2025,2025,5/7/2025,78,17457.0401430.0_2025_5,1,2,last,Pregnant,Pregnant,,,2,2
5/29/2025,,17460,,,398645,,Pregnancy Test - Milk,0.239,139,17460.0398645.0,5/29/2025,2025,3/21/2025,69,17460.0398645.0_2025_3,1,1,first,Re-Check,rc_rebred,,,2,2
9/25/2025,,17460,,,398645,,Pregnancy Test - Milk,2.249,258,17460.0398645.0,9/25/2025,2025,6/2/2025,115,17460.0398645.0_2025_6,2,1,first,Pregnant,Pregnant,,,2,2
7/17/2025,,17460,,,401430,,Pregnancy Test - Milk,0.671,116,17460.0401430.0,7/17/2025,2025,6/12/2025,35,17460.0401430.0_2025_6,1,1,first,Pregnant,Pregnant,,,2,2
8/28/2025,,17460,,,401430,,Pregnancy Test - Milk,0.253,158,17460.0401430.0,8/28/2025,2025,6/12/2025,77,17460.0401430.0_2025_6,1,2,last,Pregnant,Pregnant,,,2,2
10/23/2025,,17462,,,398645,,Pregnancy Test - Milk,0.508,166,17462.0398645.0,10/23/2025,2025,9/21/2025,32,17462.0398645.0_2025_9,1,1,first,Pregnant,Pregnant,,,2,2
2/19/2026,,17462,,,398645,,Pregnancy Test - Milk,2.6,285,17462.0398645.0,2/19/2026,2025,9/21/2025,151,17462.0398645.0_2025_9,1,2,last,Pregnant,Pregnant,,,2,2
11/5/2025,,17462,,,401430,,Pregnancy Test - Milk,0.566,126,17462.0401430.0,11/5/2025,2025,10/2/2025,34,17462.0401430.0_2025_10,2,1,first,Pregnant,rc_unresolved_>_1_bred,,,2,2
12/18/2025,,17462,,,401430,,Pregnancy Test - Milk,0.209,168,17462.0401430.0,12/18/2025,2025,10/2/2025,76,17462.0401430.0_2025_10,2,2,intermediate,Re-Check,rc_unresolved_>_1_bred,,,2,2
12/23/2025,,17462,,,401430,,Pregnancy Test - Milk,0.222,173,17462.0401430.0,12/23/2025,2025,10/2/2025,81,17462.0401430.0_2025_10,2,3,last,Re-Check,rc_unresolved_>_1_bred,,,2,2
12/31/2025,,17462,,,401430,,Pregnancy Test - Milk,0.323,184,17462.0401430.0,12/31/2025,2025,9/30/2025,92,17462.0401430.0_2025_9,1,1,first,Pregnant,preg_loss_rebred,,,2,2
2/19/2026,,17471,,,398645,,Pregnancy Test - Milk,0.543,187,17471.0398645.0,2/19/2026,2025,12/7/2025,74,17471.0398645.0_2025_12,1,1,first,Pregnant,Pregnant,,,2,2
7/1/2025,,17471,,,401430,,Pregnancy Test - Milk,0.418,119,17471.0401430.0,7/1/2025,2025,5/28/2025,34,17471.0401430.0_2025_5,1,1,first,Pregnant,preg_loss_rebred,,,2,2
8/20/2025,,17471,,,401430,,Pregnancy Test - Milk,0.872,169,17471.0401430.0,8/20/2025,2025,7/11/2025,40,17471.0401430.0_2025_7,2,1,first,Pregnant,Pregnant,,,2,2
9/25/2025,,17471,,,401430,,Pregnancy Test - Milk,0.477,204,17471.0401430.0,9/25/2025,2025,7/11/2025,75,17471.0401430.0_2025_7,2,2,last,Pregnant,Pregnant,,,2,2
7/17/2025,,17499,,,398645,,Pregnancy Test - Milk,0.809,174,17499.0398645.0,7/17/2025,2025,5/7/2025,71,17499.0398645.0_2025_5,1,1,first,Pregnant,Pregnant,,,2,2
5/29/2025,,17499,,,401430,,Pregnancy Test - Milk,1.647,162,17499.0401430.0,5/29/2025,2025,4/24/2025,35,17499.0401430.0_2025_4,1,1,first,Pregnant,Pregnant,,,2,2
5/7/2026,,17499,,,401430,,Pregnancy Test - Milk,0.77,105,17499.0401430.0,5/7/2026,2026,4/1/2026,36,17499.0401430.0_2026_4,2,1,first,Pregnant,Pregnant,,,2,2
7/10/2025,,17499,,,401430,,Pregnancy Test - Milk,1.187,204,17499.0401430.0,7/10/2025,2025,4/24/2025,77,17499.0401430.0_2025_4,1,2,last,Pregnant,Pregnant,,,2,2
11/20/2025,,17500,,,398645,,Pregnancy Test - Milk,1.102,155,17500.0398645.0,11/20/2025,2025,9/11/2025,70,17500.0398645.0_2025_9,1,1,first,Pregnant,Pregnant,,,2,2
3/5/2026,,17500,,,401430,,Pregnancy Test - Milk,0.276,89,17500.0401430.0,3/5/2026,2026,1/26/2026,38,17500.0401430.0_2026_1_2,3,1,first,Pregnant,Pregnant,,,2,2
4/7/2026,,17500,,,401430,,Pregnancy Test - Milk,0.384,124,17500.0401430.0,4/7/2026,2026,1/24/2026,73,17500.0401430.0_2026_1_1,2,1,first,Pregnant,preg_loss_rebred,,,2,2
6/4/2025,,17500,,,401430,,Pregnancy Test - Milk,0.472,161,17500.0401430.0,6/4/2025,2025,3/25/2025,71,17500.0401430.0_2025_3,1,1,first,Pregnant,Pregnant,,,2,2
1/1/2026,,17510,,,398645,,Pregnancy Test - Milk,2.161,329,17510.0398645.0,1/1/2026,2025,7/4/2025,181,17510.0398645.0_2025_7,1,1,first,Pregnant,Pregnant,,,2,2
4/9/2026,,17510,,,401430,,Pregnancy Test - Milk,-0.015,118,17510.0401430.0,4/9/2026,2026,2/28/2026,40,17510.0401430.0_2026_2,2,1,first,Open,Open,,,2,2
5/29/2025,,17510,,,401430,,Pregnancy Test - Milk,0.318,164,17510.0401430.0,5/29/2025,2025,3/13/2025,77,17510.0401430.0_2025_3,1,1,first,Pregnant,Pregnant,,,2,2
1/1/2026,,17520,,,398645,,Pregnancy Test - Milk,2.292,261,17520.0398645.0,1/1/2026,2025,7/4/2025,181,17520.0398645.0_2025_7,1,1,first,Pregnant,Pregnant,,,2,2
4/29/2026,,17520,,,401430,,Pregnancy Test - Milk,0.1,98,17520.0401430.0,4/29/2026,2026,3/24/2026,36,17520.0401430.0_2026_3,2,1,first,Re-Check,rc_open,,,2,2
5/14/2026,,17520,,,401430,,Pregnancy Test - Milk,0.016,113,17520.0401430.0,5/14/2026,2026,3/24/2026,51,17520.0401430.0_2026_3,2,3,last,Open,rc_open,,,2,2
5/29/2025,,17520,,,401430,,Pregnancy Test - Milk,0.69,164,17520.0401430.0,5/29/2025,2025,4/23/2025,36,17520.0401430.0_2025_4,1,1,first,Pregnant,Pregnant,,,2,2
5/7/2026,,17520,,,401430,,Pregnancy Test - Milk,0.186,105,17520.0401430.0,5/7/2026,2026,3/24/2026,43,17520.0401430.0_2026_3,2,2,intermediate,Re-Check,rc_open,,,2,2
7/3/2025,,17520,,,401430,,Pregnancy Test - Milk,0.688,199,17520.0401430.0,7/3/2025,2025,4/23/2025,71,17520.0401430.0_2025_4,1,2,last,Pregnant,Pregnant,,,2,2
4/2/2026,,17521,,,398645,,Pregnancy Test - Milk,1.66,383,17521.0398645.0,4/2/2026,2026,3/12/2026,21,17521.0398645.0_2026_3,1,1,first,Pregnant,Pregnant,,,2,2
4/16/2026,,17521,,,401430,,Pregnancy Test - Milk,0.872,109,17521.0401430.0,4/16/2026,2026,3/9/2026,38,17521.0401430.0_2026_3,2,1,first,Pregnant,Pregnant,,,2,2
5/21/2026,,17521,,,401430,,Pregnancy Test - Milk,0.518,144,17521.0401430.0,5/21/2026,2026,3/9/2026,73,17521.0401430.0_2026_3,2,2,last,Pregnant,Pregnant,,,2,2
6/4/2025,,17521,,,401430,,Pregnancy Test - Milk,0.532,158,17521.0401430.0,6/4/2025,2025,3/26/2025,70,17521.0401430.0_2025_3,1,1,first,Pregnant,Pregnant,,,2,2
9/25/2025,,17525,,,398645,,Pregnancy Test - Milk,0.684,192,17525.0398645.0,9/25/2025,2025,5/19/2025,129,17525.0398645.0_2025_5,1,1,first,Pregnant,Pregnant,,,2,2
1/30/2026,,17525,,,401430,,Pregnancy Test - Milk,0.586,342,17525.0401430.0,1/30/2026,2025,11/12/2025,79,17525.0401430.0_2025_11,3,2,last,Pregnant,Pregnant,,,2,2
10/24/2025,,17525,,,401430,,Pregnancy Test - Milk,0.47,244,17525.0401430.0,10/24/2025,2025,9/14/2025,40,17525.0401430.0_2025_9,2,1,first,Pregnant,preg_loss_rebred,,,2,2
12/19/2025,,17525,,,401430,,Pregnancy Test - Milk,1.191,300,17525.0401430.0,12/19/2025,2025,11/12/2025,37,17525.0401430.0_2025_11,3,1,first,Pregnant,Pregnant,,,2,2
7/18/2025,,17525,,,401430,,Pregnancy Test - Milk,-0.001,146,17525.0401430.0,7/18/2025,2025,6/7/2025,41,17525.0401430.0_2025_6,1,1,first,Open,Open,,,2,2
12/25/2025,,17538,,,398645,,Pregnancy Test - Milk,0.244,304,17538.0398645.0,12/25/2025,2025,12/21/2025,4,17538.0398645.0_2025_12,1,1,first,Re-Check,rc_unresolved,,,2,2
11/13/2025,,17538,,,401430,,Pregnancy Test - Milk,1.34,105,17538.0401430.0,11/13/2025,2025,10/9/2025,35,17538.0401430.0_2025_10,1,1,first,Pregnant,Pregnant,,,2,2
12/18/2025,,17538,,,401430,,Pregnancy Test - Milk,1.717,140,17538.0401430.0,12/18/2025,2025,10/9/2025,70,17538.0401430.0_2025_10,1,2,last,Pregnant,Pregnant,,,2,2
5/21/2026,,17542,,,398645,,Pregnancy Test - Milk,0.441,167,17542.0398645.0,5/21/2026,2026,1/14/2026,127,17542.0398645.0_2026_1,2,1,first,Pregnant,Pregnant,,,2,2
9/4/2025,,17542,,,398645,,Pregnancy Test - Milk,1.801,268,17542.0398645.0,9/4/2025,2025,3/6/2025,182,17542.0398645.0_2025_3,1,1,first,Pregnant,Pregnant,,,2,2
4/16/2026,,17542,,,401430,,Pregnancy Test - Milk,-0.012,107,17542.0401430.0,4/16/2026,2026,3/8/2026,39,17542.0401430.0_2026_3,2,1,first,Open,Open,,,2,2
6/19/2025,,17542,,,401430,,Pregnancy Test - Milk,1.051,170,17542.0401430.0,6/19/2025,2025,3/27/2025,84,17542.0401430.0_2025_3,1,1,first,Pregnant,Pregnant,,,2,2
3/5/2026,,17557,,,398645,,Pregnancy Test - Milk,0.349,207,17557.0398645.0,3/5/2026,2025,11/2/2025,123,17557.0398645.0_2025_11,1,1,first,Pregnant,Pregnant,,,2,2
4/22/2026,,17557,,,401430,,Pregnancy Test - Milk,0.699,100,17557.0401430.0,4/22/2026,2026,3/16/2026,37,17557.0401430.0_2026_3,2,1,first,Pregnant,Pregnant,,,2,2
7/17/2025,,17557,,,401430,,Pregnancy Test - Milk,1.201,175,17557.0401430.0,7/17/2025,2025,4/16/2025,92,17557.0401430.0_2025_4,1,2,last,Pregnant,rc_preg,,,2,2
7/3/2025,,17557,,,401430,,Pregnancy Test - Milk,0.203,160,17557.0401430.0,7/3/2025,2025,4/16/2025,77,17557.0401430.0_2025_4,1,1,first,Re-Check,rc_preg,,,2,2
11/27/2025,,17569,,,398645,,Pregnancy Test - Milk,0.276,209,17569.0398645.0,11/27/2025,2025,9/16/2025,72,17569.0398645.0_2025_9,1,1,first,Pregnant,Pregnant,,,2,2
3/19/2026,,17569,,,398645,,Pregnancy Test - Milk,1.44,320,17569.0398645.0,3/19/2026,2025,9/16/2025,184,17569.0398645.0_2025_9,1,2,last,Pregnant,Pregnant,,,2,2
6/19/2025,,17569,,,401430,,Pregnancy Test - Milk,0.969,129,17569.0401430.0,6/19/2025,2025,5/8/2025,42,17569.0401430.0_2025_5_1,1,1,first,Pregnant,preg_loss_rebred,,,2,2
7/31/2025,,17569,,,401430,,Pregnancy Test - Milk,0.492,164,17569.0401430.0,7/31/2025,2025,5/15/2025,77,17569.0401430.0_2025_5_2,2,1,first,Pregnant,Pregnant,,,2,2
10/30/2025,,17579,,,398645,,Pregnancy Test - Milk,0.507,228,17579.0398645.0,10/30/2025,2025,8/22/2025,69,17579.0398645.0_2025_8,1,1,first,Pregnant,Pregnant,,,2,2
2/19/2026,,17579,,,398645,,Pregnancy Test - Milk,POS,340,17579.0398645.0,2/19/2026,2025,8/22/2025,181,17579.0398645.0_2025_8,1,2,last,Pregnant,Pregnant,,,2,2
5/21/2026,,17579,,,401430,,Pregnancy Test - Milk,0.004,118,17579.0401430.0,5/21/2026,2026,4/16/2026,35,17579.0401430.0_2026_4,3,1,first,Open,Open,,,2,2
6/4/2025,,17579,,,401430,,Pregnancy Test - Milk,1.007,118,17579.0401430.0,6/4/2025,2025,4/30/2025,35,17579.0401430.0_2025_4,1,1,first,Pregnant,preg_loss_rebred,,,2,2
7/10/2025,,17579,,,401430,,Pregnancy Test - Milk,0.367,153,17579.0401430.0,7/10/2025,2025,5/1/2025,70,17579.0401430.0_2025_5,2,1,first,Pregnant,Pregnant,,,2,2
1/29/2026,,17589,,,398645,,Pregnancy Test - Milk,1.711,292,17589.0398645.0,1/29/2026,2025,7/27/2025,186,17589.0398645.0_2025_7,1,2,last,Pregnant,Pregnant,,,2,2
10/2/2025,,17589,,,398645,,Pregnancy Test - Milk,0.264,172,17589.0398645.0,10/2/2025,2025,7/27/2025,67,17589.0398645.0_2025_7,1,1,first,Pregnant,Pregnant,,,2,2
11/5/2025,,17589,,,401430,,Pregnancy Test - Milk,1.397,294,17589.0401430.0,11/5/2025,2025,10/1/2025,35,17589.0401430.0_2025_10,4,1,first,Pregnant,Pregnant,,,2,2
12/11/2025,,17589,,,401430,,Pregnancy Test - Milk,0.822,329,17589.0401430.0,12/11/2025,2025,10/1/2025,70,17589.0401430.0_2025_10,4,2,last,Pregnant,Pregnant,,,2,2
6/12/2025,,17589,,,401430,,Pregnancy Test - Milk,0.035,147,17589.0401430.0,6/12/2025,2025,5/5/2025,38,17589.0401430.0_2025_5,1,1,first,Open,Open,,,2,2
7/31/2025,,17589,,,401430,,Pregnancy Test - Milk,0.082,196,17589.0401430.0,7/31/2025,2025,6/26/2025,35,17589.0401430.0_2025_6,2,1,first,Open,Open,,,2,2
9/18/2025,,17589,,,401430,,Pregnancy Test - Milk,0.032,245,17589.0401430.0,9/18/2025,2025,8/14/2025,35,17589.0401430.0_2025_8,3,1,first,Open,Open,,,2,2
12/18/2025,,17599,,,398645,,Pregnancy Test - Milk,0.412,154,17599.0398645.0,12/18/2025,2025,8/31/2025,109,17599.0398645.0_2025_8,1,1,first,Pregnant,Pregnant,,,2,2
4/9/2026,,17599,,,398645,,Pregnancy Test - Milk,1.67,266,17599.0398645.0,4/9/2026,2025,8/31/2025,221,17599.0398645.0_2025_8,1,2,last,Pregnant,Pregnant,,,2,2
10/31/2025,,17599,,,401430,,Pregnancy Test - Milk,0.842,214,17599.0401430.0,10/31/2025,2025,9/25/2025,36,17599.0401430.0_2025_9,3,1,first,Pregnant,Pregnant,,,2,2
12/12/2025,,17599,,,401430,,Pregnancy Test - Milk,0.284,256,17599.0401430.0,12/12/2025,2025,9/25/2025,78,17599.0401430.0_2025_9,3,2,last,Pregnant,Pregnant,,,2,2
7/25/2025,,17599,,,401430,,Pregnancy Test - Milk,0.004,116,17599.0401430.0,7/25/2025,2025,6/19/2025,36,17599.0401430.0_2025_6,1,1,first,Open,Open,,,2,2
9/12/2025,,17599,,,401430,,Pregnancy Test - Milk,0.013,165,17599.0401430.0,9/12/2025,2025,8/7/2025,36,17599.0401430.0_2025_8,2,1,first,Open,Open,,,2,2
1/29/2026,,17603,,,398645,,Pregnancy Test - Milk,0.483,128,17603.0398645.0,1/29/2026,2025,11/22/2025,68,17603.0398645.0_2025_11,2,1,first,Pregnant,Pregnant,,,2,2
6/19/2025,,17603,,,398645,,Pregnancy Test - Milk,1.985,258,17603.0398645.0,6/19/2025,2024,12/17/2024,184,17603.0398645.0_2024_12,1,1,first,Pregnant,Pregnant,,,2,2
6/12/2025,,17603,,,401430,,Pregnancy Test - Milk,0.027,202,17603.0401430.0,6/12/2025,2025,6/12/2025,0,17603.0401430.0_2025_6,1,1,first,Open,Open,,,2,2
8/20/2025,,17603,,,401430,,Pregnancy Test - Milk,1.235,272,17603.0401430.0,8/20/2025,2025,7/15/2025,36,17603.0401430.0_2025_7,2,1,first,Pregnant,Pregnant,,,2,2
9/25/2025,,17603,,,401430,,Pregnancy Test - Milk,0.496,307,17603.0401430.0,9/25/2025,2025,7/15/2025,71,17603.0401430.0_2025_7,2,2,last,Pregnant,Pregnant,,,2,2
10/23/2025,,17612,,,398645,,Pregnancy Test - Milk,1.512,385,17612.0398645.0,10/23/2025,2025,5/5/2025,171,17612.0398645.0_2025_5,1,2,last,Pregnant,rc_preg,,,2,2
7/3/2025,,17612,,,398645,,Pregnancy Test - Milk,0.196,273,17612.0398645.0,7/3/2025,2025,5/5/2025,59,17612.0398645.0_2025_5,1,1,first,Re-Check,rc_preg,,,2,2
1/8/2026,,17612,,,401430,,Pregnancy Test - Milk,0.996,276,17612.0401430.0,1/8/2026,2025,10/27/2025,73,17612.0401430.0_2025_10,3,2,last,Pregnant,Pregnant,,,2,2
10/23/2025,,17612,,,401430,,Pregnancy Test - Milk,0.026,199,17612.0401430.0,10/23/2025,2025,9/13/2025,40,17612.0401430.0_2025_9,2,1,first,Open,Open,,,2,2
12/4/2025,,17612,,,401430,,Pregnancy Test - Milk,1.278,241,17612.0401430.0,12/4/2025,2025,10/27/2025,38,17612.0401430.0_2025_10,3,1,first,Pregnant,Pregnant,,,2,2
7/31/2025,,17612,,,401430,,Pregnancy Test - Milk,0.012,115,17612.0401430.0,7/31/2025,2025,6/26/2025,35,17612.0401430.0_2025_6,1,1,first,Open,Open,,,2,2
1/23/2026,,17615,,,398645,,Pregnancy Test - Milk,1.713,269,17615.0398645.0,1/23/2026,2025,12/30/2025,24,17615.0398645.0_2025_12,2,1,first,Pregnant,Pregnant,,,2,2
10/2/2025,,17615,,,398645,,Pregnancy Test - Milk,0.558,156,17615.0398645.0,10/2/2025,2025,7/8/2025,86,17615.0398645.0_2025_7,1,1,first,Pregnant,preg_loss_rebred,,,2,2
1/2/2026,,17615,,,401430,,Pregnancy Test - Milk,0.205,227,17615.0401430.0,1/2/2026,2025,11/27/2025,36,17615.0401430.0_2025_11,1,1,first,Re-Check,rc_preg,,,2,2
1/9/2026,,17615,,,401430,,Pregnancy Test - Milk,0.273,234,17615.0401430.0,1/9/2026,2025,11/27/2025,43,17615.0401430.0_2025_11,1,2,intermediate,Pregnant,rc_preg,,,2,2
2/13/2026,,17615,,,401430,,Pregnancy Test - Milk,1.495,269,17615.0401430.0,2/13/2026,2025,11/27/2025,78,17615.0401430.0_2025_11,1,3,last,Pregnant,rc_preg,,,2,2
11/27/2025,,17617,,,398645,,Pregnancy Test - Milk,0.435,139,17617.0398645.0,11/27/2025,2025,9/21/2025,67,17617.0398645.0_2025_9,1,1,first,Pregnant,Pregnant,,,2,2
3/26/2026,,17617,,,398645,,Pregnancy Test - Milk,1.914,257,17617.0398645.0,3/26/2026,2025,9/21/2025,186,17617.0398645.0_2025_9,1,2,last,Pregnant,Pregnant,,,2,2
3/5/2026,,17617,,,401430,,Pregnancy Test - Milk,1.111,109,17617.0401430.0,3/5/2026,2026,1/24/2026,38,17617.0401430.0_2026_1,1,1,first,Pregnant,Pregant_with_rc,,,2,2
4/16/2026,,17617,,,401430,,Pregnancy Test - Milk,0.211,151,17617.0401430.0,4/16/2026,2026,1/24/2026,80,17617.0401430.0_2026_1,1,3,intermediate,Re-Check,Pregant_with_rc,,,2,2
4/22/2026,,17617,,,401430,,Pregnancy Test - Milk,0.257,158,17617.0401430.0,4/22/2026,2026,1/24/2026,87,17617.0401430.0_2026_1,1,4,last,Pregnant,Pregant_with_rc,,,2,2
4/7/2026,,17617,,,401430,,Pregnancy Test - Milk,0.2,144,17617.0401430.0,4/7/2026,2026,1/24/2026,73,17617.0401430.0_2026_1,1,2,intermediate,Re-Check,Pregant_with_rc,,,2,2
7/3/2025,,17618,,,398645,,Pregnancy Test - Milk,1.493,375,17618.0398645.0,7/3/2025,2025,1/3/2025,181,17618.0398645.0_2025_1,1,1,first,Pregnant,Pregnant,,,2,2
7/24/2025,,17618,,,401430,,Pregnancy Test - Milk,0.047,181,17618.0401430.0,7/24/2025,2025,6/17/2025,37,17618.0401430.0_2025_6,1,1,first,Open,Open,,,2,2
1/1/2026,,17624,,,398645,,Pregnancy Test - Milk,1.359,313,17624.0398645.0,1/1/2026,2025,6/26/2025,189,17624.0398645.0_2025_6,1,2,last,Pregnant,Pregnant,,,2,2
9/4/2025,,17624,,,398645,,Pregnancy Test - Milk,0.257,194,17624.0398645.0,9/4/2025,2025,6/26/2025,70,17624.0398645.0_2025_6,1,1,first,Pregnant,Pregnant,,,2,2
4/30/2026,,17624,,,401430,,Pregnancy Test - Milk,1.208,144,17624.0401430.0,4/30/2026,2026,3/26/2026,35,17624.0401430.0_2026_3,1,1,first,Pregnant,Pregnant,,,2,2
12/18/2025,,17628,,,398645,,Pregnancy Test - Milk,1.505,262,17628.0398645.0,12/18/2025,2025,12/12/2025,6,17628.0398645.0_2025_12,2,1,first,Pregnant,Pregnant,,,2,2
8/28/2025,,17628,,,398645,,Pregnancy Test - Milk,0.236,150,17628.0398645.0,8/28/2025,2025,5/21/2025,99,17628.0398645.0_2025_5,1,1,first,Re-Check,rc_rebred,,,2,2
10/23/2025,,17628,,,401430,,Pregnancy Test - Milk,0.888,184,17628.0401430.0,10/23/2025,2025,8/9/2025,75,17628.0401430.0_2025_8,1,2,last,Pregnant,Pregnant,,,2,2
9/19/2025,,17628,,,401430,,Pregnancy Test - Milk,1.223,150,17628.0401430.0,9/19/2025,2025,8/9/2025,41,17628.0401430.0_2025_8,1,1,first,Pregnant,Pregnant,,,2,2
7/24/2025,,17630,,,398645,,Pregnancy Test - Milk,0.057,376,17630.0398645.0,7/24/2025,2025,1/18/2025,187,17630.0398645.0_2025_1,1,1,first,Open,Open,,,2,2
7/1/2025,,17630,,,401430,,Pregnancy Test - Milk,0.725,120,17630.0401430.0,7/1/2025,2025,5/28/2025,34,17630.0401430.0_2025_5,1,1,first,Pregnant,Pregnant,,,2,2
8/7/2025,,17630,,,401430,,Pregnancy Test - Milk,0.481,156,17630.0401430.0,8/7/2025,2025,5/28/2025,70,17630.0401430.0_2025_5,1,2,last,Pregnant,Pregnant,,,2,2
1/29/2026,,17639,,,398645,,Pregnancy Test - Milk,2.605,254,17639.0398645.0,1/29/2026,2025,7/28/2025,185,17639.0398645.0_2025_7,1,2,last,Pregnant,Pregnant,,,2,2
10/9/2025,,17639,,,398645,,Pregnancy Test - Milk,0.595,141,17639.0398645.0,10/9/2025,2025,7/28/2025,73,17639.0398645.0_2025_7,1,1,first,Pregnant,Pregnant,,,2,2
10/23/2025,,17639,,,401430,,Pregnancy Test - Milk,0.331,175,17639.0401430.0,10/23/2025,2025,8/29/2025,55,17639.0401430.0_2025_8,1,1,first,Pregnant,Pregnant,,,2,2
11/13/2025,,17639,,,401430,,Pregnancy Test - Milk,0.606,196,17639.0401430.0,11/13/2025,2025,8/29/2025,76,17639.0401430.0_2025_8,1,2,last,Pregnant,Pregnant,,,2,2
5/7/2026,,17645,,,398645,,Pregnancy Test - Milk,1.017,300,17645.0398645.0,5/7/2026,2025,11/4/2025,184,17645.0398645.0_2025_11,1,1,first,Pregnant,Pregnant,,,2,2
5/21/2026,,17645,,,401430,,Pregnancy Test - Milk,0.554,122,17645.0401430.0,5/21/2026,2026,4/16/2026,35,17645.0401430.0_2026_4,2,1,first,Pregnant,Pregnant,,,2,2
7/3/2025,,17645,,,401430,,Pregnancy Test - Milk,0.291,162,17645.0401430.0,7/3/2025,2025,4/17/2025,77,17645.0401430.0_2025_4,1,1,first,Pregnant,Pregnant,,,2,2
10/30/2025,,17651,,,398645,,Pregnancy Test - Milk,1.637,331,17651.0398645.0,10/30/2025,2025,4/25/2025,188,17651.0398645.0_2025_4,1,2,last,Pregnant,Pregnant,,,2,2
7/3/2025,,17651,,,398645,,Pregnancy Test - Milk,0.429,212,17651.0398645.0,7/3/2025,2025,4/25/2025,69,17651.0398645.0_2025_4,1,1,first,Pregnant,Pregnant,,,2,2
5/29/2025,,17651,,,401430,,Pregnancy Test - Milk,1.672,123,17651.0401430.0,5/29/2025,2025,4/23/2025,35,17651.0401430.0_2025_4,1,1,first,Pregnant,Pregnant,,,2,2
7/1/2025,,17651,,,401430,,Pregnancy Test - Milk,1.945,157,17651.0401430.0,7/1/2025,2025,4/23/2025,69,17651.0401430.0_2025_4,1,2,intermediate,Pregnant,Pregnant,,,2,2
7/10/2025,,17651,,,401430,,Pregnancy Test - Milk,1.585,165,17651.0401430.0,7/10/2025,2025,4/23/2025,77,17651.0401430.0_2025_4,1,3,last,Pregnant,Pregnant,,,2,2
2/5/2026,,17656,,,398645,,Pregnancy Test - Milk,1.933,276,17656.0398645.0,2/5/2026,2025,7/2/2025,218,17656.0398645.0_2025_7,1,1,first,Pregnant,Pregnant,,,2,2
4/2/2026,,17656,,,401430,,Pregnancy Test - Milk,-0.016,99,17656.0401430.0,4/2/2026,2026,2/16/2026,45,17656.0401430.0_2026_2,2,1,first,Open,Open,,,2,2
5/21/2026,,17656,,,401430,,Pregnancy Test - Milk,0.628,148,17656.0401430.0,5/21/2026,2026,4/16/2026,35,17656.0401430.0_2026_4,3,1,first,Pregnant,Pregnant,,,2,2
6/4/2025,,17656,,,401430,,Pregnancy Test - Milk,0.277,156,17656.0401430.0,6/4/2025,2025,3/26/2025,70,17656.0401430.0_2025_3,1,1,first,Pregnant,Pregnant,,,2,2
2/26/2026,,17658,,,398645,,Pregnancy Test - Milk,1.054,277,17658.0398645.0,2/26/2026,2025,8/28/2025,182,17658.0398645.0_2025_8,1,1,first,Pregnant,Pregnant,,,2,2
6/19/2025,,17658,,,401430,,Pregnancy Test - Milk,0.661,134,17658.0401430.0,6/19/2025,2025,5/2/2025,48,17658.0401430.0_2025_5_1,1,1,first,Pregnant,preg_loss_rebred,,,2,2
7/24/2025,,17658,,,401430,,Pregnancy Test - Milk,0.982,163,17658.0401430.0,7/24/2025,2025,5/8/2025,77,17658.0401430.0_2025_5_2,2,1,first,Pregnant,Pregnant,,,2,2
10/30/2025,,17668,,,398645,,Pregnancy Test - Milk,0.307,203,17668.0398645.0,10/30/2025,2025,6/2/2025,150,17668.0398645.0_2025_6,1,1,first,Pregnant,Pregnant,,,2,2
2/19/2026,,17668,,,398645,,Pregnancy Test - Milk,1.77,315,17668.0398645.0,2/19/2026,2025,6/2/2025,262,17668.0398645.0_2025_6,1,2,last,Pregnant,Pregnant,,,2,2
10/2/2025,,17668,,,401430,,Pregnancy Test - Milk,0.182,172,17668.0401430.0,10/2/2025,2025,7/23/2025,71,17668.0401430.0_2025_7_2,2,1,first,Re-Check,rc_preg,,,2,2
10/9/2025,,17668,,,401430,,Pregnancy Test - Milk,0.34,179,17668.0401430.0,10/9/2025,2025,7/23/2025,78,17668.0401430.0_2025_7_2,2,2,last,Pregnant,rc_preg,,,2,2
8/28/2025,,17668,,,401430,,Pregnancy Test - Milk,0.369,139,17668.0401430.0,8/28/2025,2025,7/21/2025,38,17668.0401430.0_2025_7_1,1,1,first,Pregnant,preg_loss_rebred,,,2,2
11/20/2025,,17677,,,398645,,Pregnancy Test - Milk,0.878,143,17677.0398645.0,11/20/2025,2025,9/9/2025,72,17677.0398645.0_2025_9,1,1,first,Pregnant,Pregnant,,,2,2
5/7/2026,,17677,,,401430,,Pregnancy Test - Milk,0.418,112,17677.0401430.0,5/7/2026,2026,3/28/2026,40,17677.0401430.0_2026_3,2,1,first,Pregnant,Pregnant,,,2,2
7/3/2025,,17677,,,401430,,Pregnancy Test - Milk,0.445,159,17677.0401430.0,7/3/2025,2025,4/17/2025,77,17677.0401430.0_2025_4,1,1,first,Pregnant,Pregnant,,,2,2
1/8/2026,,17689,,,398645,,Pregnancy Test - Milk,0.758,232,17689.0398645.0,1/8/2026,2025,12/2/2025,37,17689.0398645.0_2025_12,1,1,first,Pregnant,Pregnant,,,2,2
4/30/2026,,17689,,,398645,,Pregnancy Test - Milk,POS,344,17689.0398645.0,4/30/2026,2025,12/2/2025,149,17689.0398645.0_2025_12,1,2,last,Pregnant,Pregnant,,,2,2
6/19/2025,,17689,,,401430,,Pregnancy Test - Milk,0.598,156,17689.0401430.0,6/19/2025,2025,5/2/2025,48,17689.0401430.0_2025_5_1,1,1,first,Pregnant,preg_loss_rebred,,,2,2
7/24/2025,,17689,,,401430,,Pregnancy Test - Milk,1.058,185,17689.0401430.0,7/24/2025,2025,5/8/2025,77,17689.0401430.0_2025_5_2,2,1,first,Pregnant,Pregnant,,,2,2
1/23/2026,,17690,,,398645,,Pregnancy Test - Milk,1.888,292,17690.0398645.0,1/23/2026,2025,7/19/2025,188,17690.0398645.0_2025_7,1,2,last,Pregnant,Pregnant,,,2,2
9/25/2025,,17690,,,398645,,Pregnancy Test - Milk,0.28,172,17690.0398645.0,9/25/2025,2025,7/19/2025,68,17690.0398645.0_2025_7,1,1,first,Pregnant,Pregnant,,,2,2
10/16/2025,,17690,,,401430,,Pregnancy Test - Milk,0.472,239,17690.0401430.0,10/16/2025,2025,8/7/2025,70,17690.0401430.0_2025_8,2,3,last,Pregnant,open_to_preg,,,2,2
6/19/2025,,17690,,,401430,,Pregnancy Test - Milk,0.077,120,17690.0401430.0,6/19/2025,2025,5/15/2025,35,17690.0401430.0_2025_5,1,1,first,Open,Open,,,2,2
8/7/2025,,17690,,,401430,,Pregnancy Test - Milk,0.022,169,17690.0401430.0,8/7/2025,2025,8/7/2025,0,17690.0401430.0_2025_8,2,1,first,Open,open_to_preg,,,2,2
9/11/2025,,17690,,,401430,,Pregnancy Test - Milk,0.65,204,17690.0401430.0,9/11/2025,2025,8/7/2025,35,17690.0401430.0_2025_8,2,2,intermediate,Pregnant,open_to_preg,,,2,2
3/5/2026,,17696,,,398645,,Pregnancy Test - Milk,2.336,150,17696.0398645.0,3/5/2026,2025,12/24/2025,71,17696.0398645.0_2025_12,2,1,first,Pregnant,Pregnant,,,2,2
6/26/2025,,17696,,,398645,,Pregnancy Test - Milk,POS,350,17696.0398645.0,6/26/2025,2024,12/24/2024,184,17696.0398645.0_2024_12,1,1,first,Pregnant,Pregnant,,,2,2
8/14/2025,,17696,,,401430,,Pregnancy Test - Milk,0.739,107,17696.0401430.0,8/14/2025,2025,7/10/2025,35,17696.0401430.0_2025_7,1,1,first,Pregnant,Pregnant,,,2,2
9/19/2025,,17696,,,401430,,Pregnancy Test - Milk,0.534,143,17696.0401430.0,9/19/2025,2025,7/10/2025,71,17696.0401430.0_2025_7,1,2,last,Pregnant,Pregnant,,,2,2
1/1/2026,,17703,,,398645,,Pregnancy Test - Milk,0.937,210,17703.0398645.0,1/1/2026,2025,10/25/2025,68,17703.0398645.0_2025_10,1,1,first,Pregnant,Pregnant,,,2,2
4/30/2026,,17703,,,398645,,Pregnancy Test - Milk,POS,329,17703.0398645.0,4/30/2026,2025,10/25/2025,187,17703.0398645.0_2025_10,1,2,last,Pregnant,Pregnant,,,2,2
11/13/2025,,17703,,,401430,,Pregnancy Test - Milk,0.01,107,17703.0401430.0,11/13/2025,2025,10/9/2025,35,17703.0401430.0_2025_10,1,1,first,Open,Open,,,2,2
12/31/2025,,17703,,,401430,,Pregnancy Test - Milk,0.17,158,17703.0401430.0,12/31/2025,2025,11/24/2025,37,17703.0401430.0_2025_11,2,1,first,Re-Check,rc_rebred,,,2,2
2/12/2026,,17703,,,401430,,Pregnancy Test - Milk,0.754,198,17703.0401430.0,2/12/2026,2026,1/4/2026,39,17703.0401430.0_2026_1,3,1,first,Pregnant,Pregnant,,,2,2
3/19/2026,,17703,,,401430,,Pregnancy Test - Milk,0.655,233,17703.0401430.0,3/19/2026,2026,1/4/2026,74,17703.0401430.0_2026_1,3,2,last,Pregnant,Pregnant,,,2,2
1/8/2026,,17707,,,398645,,Pregnancy Test - Milk,POS,263,17707.0398645.0,1/8/2026,2025,7/6/2025,186,17707.0398645.0_2025_7,1,1,first,Pregnant,Pregnant,,,2,2
10/30/2025,,17707,,,401430,,Pregnancy Test - Milk,0.913,210,17707.0401430.0,10/30/2025,2025,9/21/2025,39,17707.0401430.0_2025_9,2,1,first,Pregnant,Pregnant,,,2,2
12/4/2025,,17707,,,401430,,Pregnancy Test - Milk,0.746,245,17707.0401430.0,12/4/2025,2025,9/21/2025,74,17707.0401430.0_2025_9,2,2,last,Pregnant,Pregnant,,,2,2
7/31/2025,,17707,,,401430,,Pregnancy Test - Milk,0.622,119,17707.0401430.0,7/31/2025,2025,6/25/2025,35,17707.0401430.0_2025_6,1,1,first,Pregnant,loss,,,2,2
9/5/2025,,17707,,,401430,,Pregnancy Test - Milk,0.007,156,17707.0401430.0,9/5/2025,2025,6/25/2025,72,17707.0401430.0_2025_6,1,2,last,Open,loss,,,2,2
6/5/2025,,17715,,,398645,,Pregnancy Test - Milk,2.134,356,17715.0398645.0,6/5/2025,2024,12/4/2024,183,17715.0398645.0_2024_12,1,1,first,Pregnant,Pregnant,,,2,2
4/2/2026,,17715,,,401430,,Pregnancy Test - Milk,1.041,106,17715.0401430.0,4/2/2026,2026,2/23/2026,38,17715.0401430.0_2026_2,2,1,first,Pregnant,Pregnant,,,2,2
5/29/2025,,17715,,,401430,,Pregnancy Test - Milk,0.493,152,17715.0401430.0,5/29/2025,2025,3/20/2025,70,17715.0401430.0_2025_3,1,1,first,Pregnant,Pregnant,,,2,2
5/7/2026,,17715,,,401430,,Pregnancy Test - Milk,0.416,141,17715.0401430.0,5/7/2026,2026,2/23/2026,73,17715.0401430.0_2026_2,2,2,last,Pregnant,Pregnant,,,2,2
2/5/2026,,17716,,,398645,,Pregnancy Test - Milk,0.232,123,17716.0398645.0,2/5/2026,2025,11/30/2025,67,17716.0398645.0_2025_11,2,1,first,Re-Check,rc_unresolved_>_1_bred,,,2,2
7/3/2025,,17716,,,398645,,Pregnancy Test - Milk,1.431,353,17716.0398645.0,7/3/2025,2024,12/28/2024,187,17716.0398645.0_2024_12,1,1,first,Pregnant,Pregnant,,,2,2
11/13/2025,,17716,,,401430,,Pregnancy Test - Milk,0.873,163,17716.0401430.0,11/13/2025,2025,10/8/2025,36,17716.0401430.0_2025_10,1,1,first,Pregnant,Pregnant,,,2,2
12/18/2025,,17716,,,401430,,Pregnancy Test - Milk,0.461,198,17716.0401430.0,12/18/2025,2025,10/8/2025,71,17716.0401430.0_2025_10,1,2,last,Pregnant,Pregnant,,,2,2
11/6/2025,,17723,,,398645,,Pregnancy Test - Milk,0.217,162,17723.0398645.0,11/6/2025,2025,8/29/2025,69,17723.0398645.0_2025_8,1,1,first,Re-Check,rc_preg,,,2,2
2/26/2026,,17723,,,398645,,Pregnancy Test - Milk,1.483,274,17723.0398645.0,2/26/2026,2025,8/29/2025,181,17723.0398645.0_2025_8,1,2,last,Pregnant,rc_preg,,,2,2
1/23/2026,,17723,,,401430,,Pregnancy Test - Milk,0.522,304,17723.0401430.0,1/23/2026,2025,12/14/2025,40,17723.0401430.0_2025_12_1,2,1,first,Pregnant,preg_loss_rebred,,,2,2
3/6/2026,,17723,,,401430,,Pregnancy Test - Milk,0.604,343,17723.0401430.0,3/6/2026,2025,12/17/2025,79,17723.0401430.0_2025_12_2,3,1,first,Pregnant,Pregnant,,,2,2
8/15/2025,,17723,,,401430,,Pregnancy Test - Milk,0.007,140,17723.0401430.0,8/15/2025,2025,7/10/2025,36,17723.0401430.0_2025_7,1,1,first,Open,Open,,,2,2
1/29/2026,,17730,,,398645,,Pregnancy Test - Milk,1.094,168,17730.0398645.0,1/29/2026,2025,11/22/2025,68,17730.0398645.0_2025_11,1,1,first,Pregnant,Pregnant,,,2,2
7/24/2025,,17730,,,401430,,Pregnancy Test - Milk,1.157,172,17730.0401430.0,7/24/2025,2025,6/13/2025,40,17730.0401430.0_2025_6,1,1,first,Pregnant,Pregnant,,,2,2
8/28/2025,,17730,,,401430,,Pregnancy Test - Milk,0.861,208,17730.0401430.0,8/28/2025,2025,6/13/2025,76,17730.0401430.0_2025_6,1,2,last,Pregnant,Pregnant,,,2,2
12/25/2025,,17751,,,398645,,Pregnancy Test - Milk,0.237,179,17751.0398645.0,12/25/2025,2025,10/17/2025,69,17751.0398645.0_2025_10,1,1,first,Re-Check,rc_preg,,,2,2
4/23/2026,,17751,,,398645,,Pregnancy Test - Milk,1.232,298,17751.0398645.0,4/23/2026,2025,10/17/2025,188,17751.0398645.0_2025_10,1,2,last,Pregnant,rc_preg,,,2,2
6/26/2025,,17751,,,401430,,Pregnancy Test - Milk,0.381,173,17751.0401430.0,6/26/2025,2025,4/15/2025,72,17751.0401430.0_2025_4,1,1,first,Pregnant,Pregnant,,,2,2
5/7/2026,,17758,,,398645,,Pregnancy Test - Milk,0.194,205,17758.0398645.0,5/7/2026,2026,2/27/2026,69,17758.0398645.0_2026_2,1,1,first,Re-Check,rc_unresolved,,,2,2
5/15/2026,,17758,,,401430,,Pregnancy Test - Milk,0.436,96,17758.0401430.0,5/15/2026,2026,4/7/2026,38,17758.0401430.0_2026_4,2,1,first,Pregnant,Pregnant,,,2,2
6/13/2025,,17758,,,401430,,Pregnancy Test - Milk,0.672,105,17758.0401430.0,6/13/2025,2025,5/5/2025,39,17758.0401430.0_2025_5,1,1,first,Pregnant,Pregnant,,,2,2
7/25/2025,,17758,,,401430,,Pregnancy Test - Milk,0.794,147,17758.0401430.0,7/25/2025,2025,5/5/2025,81,17758.0401430.0_2025_5,1,2,last,Pregnant,Pregnant,,,2,2
1/1/2026,,17794,,,398645,,Pregnancy Test - Milk,0.227,165,17794.0398645.0,1/1/2026,2025,10/24/2025,69,17794.0398645.0_2025_10,1,1,first,Re-Check,rc_preg,,,2,2
4/30/2026,,17794,,,398645,,Pregnancy Test - Milk,2.031,284,17794.0398645.0,4/30/2026,2025,10/24/2025,188,17794.0398645.0_2025_10,1,2,last,Pregnant,rc_preg,,,2,2
6/12/2025,,17794,,,401430,,Pregnancy Test - Milk,1.559,119,17794.0401430.0,6/12/2025,2025,5/7/2025,36,17794.0401430.0_2025_5,1,1,first,Pregnant,Pregnant,,,2,2
7/24/2025,,17794,,,401430,,Pregnancy Test - Milk,1.525,161,17794.0401430.0,7/24/2025,2025,5/7/2025,78,17794.0401430.0_2025_5,1,2,last,Pregnant,Pregnant,,,2,2
11/27/2025,,17802,,,398645,,Pregnancy Test - Milk,0.276,198,17802.0398645.0,11/27/2025,2025,8/8/2025,111,17802.0398645.0_2025_8,1,1,first,Pregnant,loss_2_open,,,2,2
3/19/2026,,17802,,,398645,,Pregnancy Test - Milk,-0.013,309,17802.0398645.0,3/19/2026,2025,8/8/2025,223,17802.0398645.0_2025_8,1,2,last,Open,loss_2_open,,,2,2
7/31/2025,,17802,,,401430,,Pregnancy Test - Milk,0.683,111,17802.0401430.0,7/31/2025,2025,6/26/2025,35,17802.0401430.0_2025_6,1,1,first,Pregnant,Pregnant,,,2,2
4/30/2026,,17810,,,398645,,Pregnancy Test - Milk,0.344,214,17810.0398645.0,4/30/2026,2026,2/22/2026,67,17810.0398645.0_2026_2,2,1,first,Pregnant,Pregnant,,,2,2
6/19/2025,,17810,,,398645,,Pregnancy Test - Milk,2.221,300,17810.0398645.0,6/19/2025,2025,6/19/2025,0,17810.0398645.0_2025_6,1,1,first,Pregnant,preg_loss_rebred,,,2,2
6/5/2025,,17810,,,401430,,Pregnancy Test - Milk,1.013,118,17810.0401430.0,6/5/2025,2025,5/1/2025,35,17810.0401430.0_2025_5,2,1,first,Pregnant,Pregnant,,,2,2
7/17/2025,,17810,,,401430,,Pregnancy Test - Milk,0.08,161,17810.0401430.0,7/17/2025,2025,4/30/2025,78,17810.0401430.0_2025_4,1,1,first,Open,Open,,,2,2
7/3/2025,,17815,,,398645,,Pregnancy Test - Milk,2.085,265,17815.0398645.0,7/3/2025,2024,12/4/2024,211,17815.0398645.0_2024_12,1,1,first,Pregnant,Pregnant,,,2,2
10/23/2025,,17815,,,401430,,Pregnancy Test - Milk,0.103,226,17815.0401430.0,10/23/2025,2025,9/18/2025,35,17815.0401430.0_2025_9,3,1,first,Re-Check,rc_open,,,2,2
10/30/2025,,17815,,,401430,,Pregnancy Test - Milk,0.169,233,17815.0401430.0,10/30/2025,2025,9/18/2025,42,17815.0401430.0_2025_9,3,2,intermediate,Re-Check,rc_open,,,2,2
11/6/2025,,17815,,,401430,,Pregnancy Test - Milk,0.079,240,17815.0401430.0,11/6/2025,2025,9/18/2025,49,17815.0401430.0_2025_9,3,3,last,Open,rc_open,,,2,2
12/26/2025,,17815,,,401430,,Pregnancy Test - Milk,1.692,290,17815.0401430.0,12/26/2025,2025,11/20/2025,36,17815.0401430.0_2025_11,4,1,first,Pregnant,Pregnant,,,2,2
2/20/2026,,17815,,,401430,,Pregnancy Test - Milk,0.94,346,17815.0401430.0,2/20/2026,2025,11/20/2025,92,17815.0401430.0_2025_11,4,2,last,Pregnant,Pregnant,,,2,2
7/10/2025,,17815,,,401430,,Pregnancy Test - Milk,0.052,121,17815.0401430.0,7/10/2025,2025,6/4/2025,36,17815.0401430.0_2025_6,1,1,first,Open,Open,,,2,2
8/28/2025,,17815,,,401430,,Pregnancy Test - Milk,0.232,172,17815.0401430.0,8/28/2025,2025,7/22/2025,37,17815.0401430.0_2025_7,2,1,first,Re-Check,rc_open,,,2,2
9/5/2025,,17815,,,401430,,Pregnancy Test - Milk,0.015,179,17815.0401430.0,9/5/2025,2025,7/22/2025,44,17815.0401430.0_2025_7,2,2,last,Open,rc_open,,,2,2
9/25/2025,,17820,,,398645,,Pregnancy Test - Milk,0.302,152,17820.0398645.0,9/25/2025,2025,6/18/2025,99,17820.0398645.0_2025_6,1,1,first,Pregnant,Pregnant,,,2,2
11/6/2025,,17820,,,401430,,Pregnancy Test - Milk,0.28,153,17820.0401430.0,11/6/2025,2025,8/21/2025,77,17820.0401430.0_2025_8,1,2,last,Pregnant,Pregnant,,,2,2
9/25/2025,,17820,,,401430,,Pregnancy Test - Milk,0.861,111,17820.0401430.0,9/25/2025,2025,8/21/2025,35,17820.0401430.0_2025_8,1,1,first,Pregnant,Pregnant,,,2,2
2/19/2026,,17828,,,398645,,Pregnancy Test - Milk,POS,307,17828.0398645.0,2/19/2026,2025,6/24/2025,240,17828.0398645.0_2025_6,1,1,first,Pregnant,Pregnant,,,2,2
10/2/2025,,17828,,,401430,,Pregnancy Test - Milk,0.05,135,17828.0401430.0,10/2/2025,2025,8/25/2025,38,17828.0401430.0_2025_8,1,1,first,Open,Open,,,2,2
11/27/2025,,17828,,,401430,,Pregnancy Test - Milk,1.377,195,17828.0401430.0,11/27/2025,2025,10/12/2025,46,17828.0401430.0_2025_10_1,2,1,first,Pregnant,preg_loss_rebred,,,2,2
12/26/2025,,17828,,,401430,,Pregnancy Test - Milk,0.735,220,17828.0401430.0,12/26/2025,2025,10/16/2025,71,17828.0401430.0_2025_10_2,3,1,first,Pregnant,Pregnant,,,2,2
4/2/2026,,17834,,,398645,,Pregnancy Test - Milk,1.513,306,17834.0398645.0,4/2/2026,2026,3/8/2026,25,17834.0398645.0_2026_3,1,1,first,Pregnant,Pregnant,,,2,2
5/14/2026,,17834,,,401430,,Pregnancy Test - Milk,0.599,97,17834.0401430.0,5/14/2026,2026,4/5/2026,39,17834.0401430.0_2026_4,2,1,first,Pregnant,Pregnant,,,2,2
6/12/2025,,17834,,,401430,,Pregnancy Test - Milk,0.829,118,17834.0401430.0,6/12/2025,2025,5/7/2025,36,17834.0401430.0_2025_5,1,1,first,Pregnant,Pregnant,,,2,2
7/24/2025,,17834,,,401430,,Pregnancy Test - Milk,0.432,160,17834.0401430.0,7/24/2025,2025,5/7/2025,78,17834.0401430.0_2025_5,1,2,last,Pregnant,Pregnant,,,2,2
9/4/2025,,17836,,,398645,,Pregnancy Test - Milk,2.535,250,17836.0398645.0,9/4/2025,2025,3/4/2025,184,17836.0398645.0_2025_3,1,1,first,Pregnant,Pregnant,,,2,2
10/9/2025,,17836,,,401430,,Pregnancy Test - Milk,1.037,217,17836.0401430.0,10/9/2025,2025,9/1/2025,38,17836.0401430.0_2025_9,2,1,first,Pregnant,Pregnant,,,2,2
11/13/2025,,17836,,,401430,,Pregnancy Test - Milk,1.083,252,17836.0401430.0,11/13/2025,2025,9/1/2025,73,17836.0401430.0_2025_9,2,2,last,Pregnant,Pregnant,,,2,2
7/3/2025,,17836,,,401430,,Pregnancy Test - Milk,-0.024,119,17836.0401430.0,7/3/2025,2025,5/29/2025,35,17836.0401430.0_2025_5,1,1,first,Open,Open,,,2,2
6/19/2025,,17843,,,398645,,Pregnancy Test - Milk,2.29,253,17843.0398645.0,6/19/2025,2024,12/17/2024,184,17843.0398645.0_2024_12,1,1,first,Pregnant,Pregnant,,,2,2
1/15/2026,,17843,,,401430,,Pregnancy Test - Milk,0.464,194,17843.0401430.0,1/15/2026,2025,11/4/2025,72,17843.0401430.0_2025_11,1,2,last,Pregnant,Pregnant,,,2,2
12/11/2025,,17843,,,401430,,Pregnancy Test - Milk,0.649,159,17843.0401430.0,12/11/2025,2025,11/4/2025,37,17843.0401430.0_2025_11,1,1,first,Pregnant,Pregnant,,,2,2
1/1/2026,,17849,,,398645,,Pregnancy Test - Milk,0.322,201,17849.0398645.0,1/1/2026,2025,10/24/2025,69,17849.0398645.0_2025_10,1,1,first,Pregnant,Pregnant,,,2,2
4/23/2026,,17849,,,398645,,Pregnancy Test - Milk,2.653,313,17849.0398645.0,4/23/2026,2025,10/24/2025,181,17849.0398645.0_2025_10,1,2,last,Pregnant,Pregnant,,,2,2
5/21/2026,,17849,,,401430,,Pregnancy Test - Milk,0.065,80,17849.0401430.0,5/21/2026,2026,4/16/2026,35,17849.0401430.0_2026_4,2,1,first,Open,Open,,,2,2
7/10/2025,,17849,,,401430,,Pregnancy Test - Milk,1.029,120,17849.0401430.0,7/10/2025,2025,6/5/2025,35,17849.0401430.0_2025_6,1,1,first,Pregnant,Pregnant,,,2,2
8/21/2025,,17849,,,401430,,Pregnancy Test - Milk,0.509,162,17849.0401430.0,8/21/2025,2025,6/5/2025,77,17849.0401430.0_2025_6,1,2,last,Pregnant,Pregnant,,,2,2
2/5/2026,,17858,,,398645,,Pregnancy Test - Milk,0.122,152,17858.0398645.0,2/5/2026,2025,12/1/2025,66,17858.0398645.0_2025_12,2,1,first,Re-Check,rc_unresolved_>_1_bred,,,2,2
5/29/2025,,17858,,,398645,,Pregnancy Test - Milk,2.43,303,17858.0398645.0,5/29/2025,2025,5/29/2025,0,17858.0398645.0_2025_5,1,1,first,Pregnant,preg_loss_rebred,,,2,2
12/26/2025,,17858,,,401430,,Pregnancy Test - Milk,0.479,130,17858.0401430.0,12/26/2025,2025,11/19/2025,37,17858.0401430.0_2025_11,1,1,first,Pregnant,Pregnant,,,2,2
2/20/2026,,17858,,,401430,,Pregnancy Test - Milk,0.522,186,17858.0401430.0,2/20/2026,2025,11/19/2025,93,17858.0401430.0_2025_11,1,2,last,Pregnant,Pregnant,,,2,2
8/21/2025,,17860,,,398645,,Pregnancy Test - Milk,0.251,150,17860.0398645.0,8/21/2025,2025,5/27/2025,86,17860.0398645.0_2025_5,1,1,first,Pregnant,Pregnant,,,2,2
4/23/2026,,17860,,,401430,,Pregnancy Test - Milk,-0.021,93,17860.0401430.0,4/23/2026,2026,3/18/2026,36,17860.0401430.0_2026_3,2,1,first,Open,Open,,,2,2
7/3/2025,,17860,,,401430,,Pregnancy Test - Milk,0.274,162,17860.0401430.0,7/3/2025,2025,4/17/2025,77,17860.0401430.0_2025_4,1,1,first,Pregnant,Pregnant,,,2,2
12/25/2025,,17865,,,398645,,Pregnancy Test - Milk,0.459,237,17865.0398645.0,12/25/2025,2025,10/15/2025,71,17865.0398645.0_2025_10,1,1,first,Pregnant,Pregnant,,,2,2
11/13/2025,,17865,,,401430,,Pregnancy Test - Milk,1.082,156,17865.0401430.0,11/13/2025,2025,10/5/2025,39,17865.0401430.0_2025_10,1,1,first,Pregnant,Pregnant,,,2,2
12/18/2025,,17865,,,401430,,Pregnancy Test - Milk,0.675,191,17865.0401430.0,12/18/2025,2025,10/5/2025,74,17865.0401430.0_2025_10,1,2,last,Pregnant,Pregnant,,,2,2
1/29/2026,,17866,,,398645,,Pregnancy Test - Milk,0.37,171,17866.0398645.0,1/29/2026,2025,12/28/2025,32,17866.0398645.0_2025_12,1,1,first,Pregnant,Pregnant,,,2,2
5/21/2026,,17866,,,398645,,Pregnancy Test - Milk,2.08,283,17866.0398645.0,5/21/2026,2025,12/28/2025,144,17866.0398645.0_2025_12,1,2,last,Pregnant,Pregnant,,,2,2
10/2/2025,,17866,,,401430,,Pregnancy Test - Milk,0.545,248,17866.0401430.0,10/2/2025,2025,7/22/2025,71,17866.0401430.0_2025_7,2,2,last,Pregnant,Pregnant,,,2,2
6/4/2025,,17866,,,401430,,Pregnancy Test - Milk,0.918,129,17866.0401430.0,6/4/2025,2025,4/27/2025,38,17866.0401430.0_2025_4,1,1,first,Pregnant,loss,,,2,2
7/10/2025,,17866,,,401430,,Pregnancy Test - Milk,0.026,164,17866.0401430.0,7/10/2025,2025,4/27/2025,73,17866.0401430.0_2025_4,1,2,last,Open,loss,,,2,2
8/27/2025,,17866,,,401430,,Pregnancy Test - Milk,1.11,213,17866.0401430.0,8/27/2025,2025,7/22/2025,36,17866.0401430.0_2025_7,2,1,first,Pregnant,Pregnant,,,2,2
7/24/2025,,17877,,,398645,,Pregnancy Test - Milk,2.438,254,17877.0398645.0,7/24/2025,2025,1/19/2025,186,17877.0398645.0_2025_1,1,1,first,Pregnant,Pregnant,,,2,2
1/15/2026,,17877,,,401430,,Pregnancy Test - Milk,0.345,179,17877.0401430.0,1/15/2026,2025,10/25/2025,82,17877.0401430.0_2025_10,1,3,last,Pregnant,Pregant_with_rc,,,2,2
1/8/2026,,17877,,,401430,,Pregnancy Test - Milk,0.176,172,17877.0401430.0,1/8/2026,2025,10/25/2025,75,17877.0401430.0_2025_10,1,2,intermediate,Re-Check,Pregant_with_rc,,,2,2
12/4/2025,,17877,,,401430,,Pregnancy Test - Milk,1.014,137,17877.0401430.0,12/4/2025,2025,10/25/2025,40,17877.0401430.0_2025_10,1,1,first,Pregnant,Pregant_with_rc,,,2,2
12/25/2025,,17885,,,398645,,Pregnancy Test - Milk,2.016,260,17885.0398645.0,12/25/2025,2025,6/10/2025,198,17885.0398645.0_2025_6,1,2,last,Pregnant,Pregnant,,,2,2
9/4/2025,,17885,,,398645,,Pregnancy Test - Milk,0.504,148,17885.0398645.0,9/4/2025,2025,6/10/2025,86,17885.0398645.0_2025_6,1,1,first,Pregnant,Pregnant,,,2,2
8/7/2025,,17885,,,401430,,Pregnancy Test - Milk,0.699,139,17885.0401430.0,8/7/2025,2025,7/2/2025,36,17885.0401430.0_2025_7,1,1,first,Pregnant,Pregnant,,,2,2
9/11/2025,,17885,,,401430,,Pregnancy Test - Milk,0.322,174,17885.0401430.0,9/11/2025,2025,7/2/2025,71,17885.0401430.0_2025_7,1,2,last,Pregnant,Pregnant,,,2,2
2/5/2026,,17894,,,398645,,Pregnancy Test - Milk,0.58,136,17894.0398645.0,2/5/2026,2025,11/28/2025,69,17894.0398645.0_2025_11,1,1,first,Pregnant,Pregnant,,,2,2
5/14/2026,,17894,,,401430,,Pregnancy Test - Milk,0.512,90,17894.0401430.0,5/14/2026,2026,4/8/2026,36,17894.0401430.0_2026_4,3,1,first,Pregnant,Pregnant,,,2,2
6/19/2025,,17894,,,401430,,Pregnancy Test - Milk,0.796,126,17894.0401430.0,6/19/2025,2025,5/8/2025,42,17894.0401430.0_2025_5_1,1,1,first,Pregnant,preg_loss_rebred,,,2,2
7/31/2025,,17894,,,401430,,Pregnancy Test - Milk,0.865,161,17894.0401430.0,7/31/2025,2025,5/15/2025,77,17894.0401430.0_2025_5_2,2,1,first,Pregnant,Pregnant,,,2,2
1/1/2026,,17898,,,398645,,Pregnancy Test - Milk,0.316,187,17898.0398645.0,1/1/2026,2025,10/24/2025,69,17898.0398645.0_2025_10,1,1,first,Pregnant,preg_loss_rebred,,,2,2
4/23/2026,,17898,,,398645,,Pregnancy Test - Milk,1.356,299,17898.0398645.0,4/23/2026,2026,4/19/2026,4,17898.0398645.0_2026_4,2,1,first,Pregnant,Pregnant,,,2,2
12/26/2025,,17898,,,401430,,Pregnancy Test - Milk,0.954,107,17898.0401430.0,12/26/2025,2025,11/20/2025,36,17898.0401430.0_2025_11,1,1,first,Pregnant,Pregnant,,,2,2
2/5/2026,,17898,,,401430,,Pregnancy Test - Milk,1.907,148,17898.0401430.0,2/5/2026,2025,11/20/2025,77,17898.0401430.0_2025_11,1,2,last,Pregnant,Pregnant,,,2,2
8/7/2025,,17903,,,398645,,Pregnancy Test - Milk,2.348,418,17903.0398645.0,8/7/2025,2025,6/21/2025,47,17903.0398645.0_2025_6,1,1,first,Pregnant,Pregnant,,,2,2
1/15/2026,,17903,,,401430,,Pregnancy Test - Milk,0.818,208,17903.0401430.0,1/15/2026,2025,11/4/2025,72,17903.0401430.0_2025_11,1,2,last,Pregnant,Pregnant,,,2,2
12/11/2025,,17903,,,401430,,Pregnancy Test - Milk,1.106,173,17903.0401430.0,12/11/2025,2025,11/4/2025,37,17903.0401430.0_2025_11,1,1,first,Pregnant,Pregnant,,,2,2
7/17/2025,,17917,,,398645,,Pregnancy Test - Milk,2.477,275,17917.0398645.0,7/17/2025,2024,12/19/2024,210,17917.0398645.0_2024_12,1,1,first,Pregnant,Pregnant,,,2,2
1/8/2026,,17917,,,401430,,Pregnancy Test - Milk,0.561,265,17917.0401430.0,1/8/2026,2025,12/3/2025,36,17917.0401430.0_2025_12,2,1,first,Pregnant,Pregnant,,,2,2
10/2/2025,,17917,,,401430,,Pregnancy Test - Milk,0.254,167,17917.0401430.0,10/2/2025,2025,8/26/2025,37,17917.0401430.0_2025_8,1,1,first,Pregnant,preg_loss_rebred,,,2,2
7/24/2025,,17923,,,398645,,Pregnancy Test - Milk,0.79,231,17923.0398645.0,7/24/2025,2025,5/16/2025,69,17923.0398645.0_2025_5,1,1,first,Pregnant,Pregnant,,,2,2
10/30/2025,,17923,,,401430,,Pregnancy Test - Milk,1.207,155,17923.0401430.0,10/30/2025,2025,9/20/2025,40,17923.0401430.0_2025_9,1,1,first,Pregnant,Pregnant,,,2,2
12/4/2025,,17923,,,401430,,Pregnancy Test - Milk,0.623,190,17923.0401430.0,12/4/2025,2025,9/20/2025,75,17923.0401430.0_2025_9,1,2,last,Pregnant,Pregnant,,,2,2
4/23/2026,,17939,,,398645,,Pregnancy Test - Milk,POS,248,17939.0398645.0,4/23/2026,2025,11/25/2025,149,17939.0398645.0_2025_11,1,1,first,Pregnant,Pregnant,,,2,2
6/26/2025,,17939,,,401430,,Pregnancy Test - Milk,0.336,117,17939.0401430.0,6/26/2025,2025,5/22/2025,35,17939.0401430.0_2025_5,1,1,first,Pregnant,Pregnant,,,2,2
7/31/2025,,17939,,,401430,,Pregnancy Test - Milk,0.312,152,17939.0401430.0,7/31/2025,2025,5/22/2025,70,17939.0401430.0_2025_5,1,2,last,Pregnant,Pregnant,,,2,2
2/19/2026,,17969,,,398645,,Pregnancy Test - Milk,0.257,177,17969.0398645.0,2/19/2026,2026,1/29/2026,21,17969.0398645.0_2026_1,2,1,first,Pregnant,Pregnant,,,2,2
5/29/2025,,17969,,,398645,,Pregnancy Test - Milk,1.81,293,17969.0398645.0,5/29/2025,2025,5/29/2025,0,17969.0398645.0_2025_5,1,1,first,Pregnant,preg_loss_rebred,,,2,2
7/24/2025,,17969,,,401430,,Pregnancy Test - Milk,0.131,114,17969.0401430.0,7/24/2025,2025,6/18/2025,36,17969.0401430.0_2025_6,1,1,first,Re-Check,rc_unresolved,,,2,2
4/9/2026,,17987,,,398645,,Pregnancy Test - Milk,0.317,191,17987.0398645.0,4/9/2026,2025,9/30/2025,191,17987.0398645.0_2025_9,1,1,first,Pregnant,Pregnant,,,2,2
7/17/2025,,17987,,,401430,,Pregnancy Test - Milk,0.541,148,17987.0401430.0,7/17/2025,2025,6/6/2025,40,17987.0401430.0_2025_6,1,1,first,Pregnant,Pregnant,,,2,2
8/20/2025,,17987,,,401430,,Pregnancy Test - Milk,0.573,183,17987.0401430.0,8/20/2025,2025,6/6/2025,75,17987.0401430.0_2025_6,1,2,last,Pregnant,Pregnant,,,2,2
1/29/2026,,18001,,,398645,,Pregnancy Test - Milk,0.588,136,18001.0398645.0,1/29/2026,2025,12/15/2025,45,18001.0398645.0_2025_12,1,1,first,Pregnant,Pregnant,,,2,2
10/23/2025,,18001,,,401430,,Pregnancy Test - Milk,0.771,187,18001.0401430.0,10/23/2025,2025,9/13/2025,40,18001.0401430.0_2025_9_2,3,1,first,Pregnant,Pregnant,,,2,2
11/27/2025,,18001,,,401430,,Pregnancy Test - Milk,0.381,226,18001.0401430.0,11/27/2025,2025,9/9/2025,79,18001.0401430.0_2025_9_1,2,1,first,Pregnant,preg_loss_rebred,,,2,2
8/7/2025,,18001,,,401430,,Pregnancy Test - Milk,0.094,110,18001.0401430.0,8/7/2025,2025,7/3/2025,35,18001.0401430.0_2025_7,1,1,first,Open,Open,,,2,2
7/3/2025,,18006,,,398645,,Pregnancy Test - Milk,1.472,252,18006.0398645.0,7/3/2025,2025,1/1/2025,183,18006.0398645.0_2025_1,1,1,first,Pregnant,Pregnant,,,2,2
10/31/2025,,18006,,,401430,,Pregnancy Test - Milk,0.801,255,18006.0401430.0,10/31/2025,2025,9/23/2025,38,18006.0401430.0_2025_9,2,1,first,Pregnant,Pregnant,,,2,2
12/12/2025,,18006,,,401430,,Pregnancy Test - Milk,0.811,297,18006.0401430.0,12/12/2025,2025,9/23/2025,80,18006.0401430.0_2025_9,2,2,last,Pregnant,Pregnant,,,2,2
6/27/2025,,18006,,,401430,,Pregnancy Test - Milk,0.013,130,18006.0401430.0,6/27/2025,2025,5/18/2025,40,18006.0401430.0_2025_5,1,1,first,Open,Open,,,2,2
1/1/2026,,18027,,,398645,,Pregnancy Test - Milk,0.309,131,18027.0398645.0,1/1/2026,2025,10/23/2025,70,18027.0398645.0_2025_10,1,1,first,Pregnant,preg_loss_rebred,,,2,2
4/23/2026,,18027,,,398645,,Pregnancy Test - Milk,1.587,243,18027.0398645.0,4/23/2026,2026,1/19/2026,94,18027.0398645.0_2026_1,2,1,first,Pregnant,Pregnant,,,2,2
10/31/2025,,18027,,,401430,,Pregnancy Test - Milk,0.805,110,18027.0401430.0,10/31/2025,2025,9/25/2025,36,18027.0401430.0_2025_9,1,1,first,Pregnant,Pregant_with_rc,,,2,2
12/12/2025,,18027,,,401430,,Pregnancy Test - Milk,0.201,152,18027.0401430.0,12/12/2025,2025,9/25/2025,78,18027.0401430.0_2025_9,1,2,intermediate,Re-Check,Pregant_with_rc,,,2,2
12/19/2025,,18027,,,401430,,Pregnancy Test - Milk,0.406,159,18027.0401430.0,12/19/2025,2025,9/25/2025,85,18027.0401430.0_2025_9,1,3,last,Pregnant,Pregant_with_rc,,,2,2
1/23/2026,,18031,,,398645,,Pregnancy Test - Milk,0.192,168,18031.0398645.0,1/23/2026,2025,11/14/2025,70,18031.0398645.0_2025_11,1,1,first,Re-Check,rc_unresolved,,,2,2
8/21/2025,,18031,,,401430,,Pregnancy Test - Milk,0.995,133,18031.0401430.0,8/21/2025,2025,7/15/2025,37,18031.0401430.0_2025_7,1,1,first,Pregnant,Pregnant,,,2,2
9/25/2025,,18031,,,401430,,Pregnancy Test - Milk,0.28,168,18031.0401430.0,9/25/2025,2025,7/15/2025,72,18031.0401430.0_2025_7,1,2,last,Pregnant,Pregnant,,,2,2
10/2/2025,,18045,,,398645,,Pregnancy Test - Milk,2.336,290,18045.0398645.0,10/2/2025,2025,4/19/2025,166,18045.0398645.0_2025_4,1,2,last,Pregnant,rc_preg,,,2,2
5/29/2025,,18045,,,398645,,Pregnancy Test - Milk,0.192,164,18045.0398645.0,5/29/2025,2025,4/19/2025,40,18045.0398645.0_2025_4,1,1,first,Re-Check,rc_preg,,,2,2
10/31/2025,,18045,,,401430,,Pregnancy Test - Milk,0.675,210,18045.0401430.0,10/31/2025,2025,8/8/2025,84,18045.0401430.0_2025_8,1,3,last,Pregnant,rc_preg,,,2,2
9/12/2025,,18045,,,401430,,Pregnancy Test - Milk,0.185,161,18045.0401430.0,9/12/2025,2025,8/8/2025,35,18045.0401430.0_2025_8,1,1,first,Re-Check,rc_preg,,,2,2
9/19/2025,,18045,,,401430,,Pregnancy Test - Milk,0.386,168,18045.0401430.0,9/19/2025,2025,8/8/2025,42,18045.0401430.0_2025_8,1,2,intermediate,Pregnant,rc_preg,,,2,2
11/20/2025,,18051,,,398645,,Pregnancy Test - Milk,2.291,332,18051.0398645.0,11/20/2025,2025,5/20/2025,184,18051.0398645.0_2025_5,1,2,last,Pregnant,Pregnant,,,2,2
7/31/2025,,18051,,,398645,,Pregnancy Test - Milk,0.981,220,18051.0398645.0,7/31/2025,2025,5/20/2025,72,18051.0398645.0_2025_5,1,1,first,Pregnant,Pregnant,,,2,2
10/23/2025,,18051,,,401430,,Pregnancy Test - Milk,0.876,174,18051.0401430.0,10/23/2025,2025,9/15/2025,38,18051.0401430.0_2025_9_2,2,1,first,Pregnant,Pregnant,,,2,2
11/27/2025,,18051,,,401430,,Pregnancy Test - Milk,0.718,213,18051.0401430.0,11/27/2025,2025,9/11/2025,77,18051.0401430.0_2025_9_1,1,1,first,Pregnant,preg_loss_rebred,,,2,2
4/9/2026,,18056,,,398645,,Pregnancy Test - Milk,0.276,178,18056.0398645.0,4/9/2026,2026,1/27/2026,72,18056.0398645.0_2026_1,2,1,first,Pregnant,Pregnant,,,2,2
7/17/2025,,18056,,,398645,,Pregnancy Test - Milk,2.83,299,18056.0398645.0,7/17/2025,2025,1/17/2025,181,18056.0398645.0_2025_1,1,1,first,Pregnant,Pregnant,,,2,2
4/15/2026,,18056,,,401430,,Pregnancy Test - Milk,0.766,108,18056.0401430.0,4/15/2026,2026,3/9/2026,37,18056.0401430.0_2026_3,2,1,first,Pregnant,Pregnant,,,2,2
5/21/2026,,18056,,,401430,,Pregnancy Test - Milk,0.448,143,18056.0401430.0,5/21/2026,2026,3/9/2026,72,18056.0401430.0_2026_3,2,2,last,Pregnant,Pregnant,,,2,2
6/4/2025,,18056,,,401430,,Pregnancy Test - Milk,1.561,363,18056.0401430.0,6/4/2025,2025,3/24/2025,72,18056.0401430.0_2025_3,1,1,first,Pregnant,Pregnant,,,2,2
11/27/2025,,18067,,,398645,,Pregnancy Test - Milk,0.35,156,18067.0398645.0,11/27/2025,2025,9/2/2025,86,18067.0398645.0_2025_9,1,1,first,Pregnant,preg_loss_rebred,,,2,2
3/19/2026,,18067,,,398645,,Pregnancy Test - Milk,2.372,267,18067.0398645.0,3/19/2026,2026,1/23/2026,55,18067.0398645.0_2026_1,2,1,first,Pregnant,Pregnant,,,2,2
1/22/2026,,18067,,,401430,,Pregnancy Test - Milk,0.599,281,18067.0401430.0,1/22/2026,2025,11/6/2025,77,18067.0401430.0_2025_11,3,2,last,Pregnant,Pregnant,,,2,2
10/23/2025,,18067,,,401430,,Pregnancy Test - Milk,0.003,190,18067.0401430.0,10/23/2025,2025,9/15/2025,38,18067.0401430.0_2025_9,2,1,first,Open,Open,,,2,2
12/11/2025,,18067,,,401430,,Pregnancy Test - Milk,1.618,239,18067.0401430.0,12/11/2025,2025,11/6/2025,35,18067.0401430.0_2025_11,3,1,first,Pregnant,Pregnant,,,2,2
8/7/2025,,18067,,,401430,,Pregnancy Test - Milk,0.886,113,18067.0401430.0,8/7/2025,2025,7/3/2025,35,18067.0401430.0_2025_7,1,1,first,Pregnant,preg_loss_rebred,,,2,2
1/29/2026,,18096,,,398645,,Pregnancy Test - Milk,0.313,202,18096.0398645.0,1/29/2026,2025,12/16/2025,44,18096.0398645.0_2025_12,1,1,first,Pregnant,Pregnant,,,2,2
10/23/2025,,18096,,,401430,,Pregnancy Test - Milk,0.99,154,18096.0401430.0,10/23/2025,2025,9/14/2025,39,18096.0401430.0_2025_9_2,2,1,first,Pregnant,Pregnant,,,2,2
11/27/2025,,18096,,,401430,,Pregnancy Test - Milk,1.037,193,18096.0401430.0,11/27/2025,2025,9/10/2025,78,18096.0401430.0_2025_9_1,1,1,first,Pregnant,preg_loss_rebred,,,2,2
1/1/2026,,18113,,,398645,,Pregnancy Test - Milk,0.684,151,18113.0398645.0,1/1/2026,2025,12/2/2025,30,18113.0398645.0_2025_12,1,1,first,Pregnant,Pregnant,,,2,2
7/31/2025,,18113,,,401430,,Pregnancy Test - Milk,0.507,115,18113.0401430.0,7/31/2025,2025,6/25/2025,35,18113.0401430.0_2025_6,1,1,first,Pregnant,Pregnant,,,2,2
9/5/2025,,18113,,,401430,,Pregnancy Test - Milk,0.362,152,18113.0401430.0,9/5/2025,2025,6/25/2025,72,18113.0401430.0_2025_6,1,2,last,Pregnant,Pregnant,,,2,2
10/23/2025,,18124,,,398645,,Pregnancy Test - Milk,0.117,137,18124.0398645.0,10/23/2025,2025,10/21/2025,2,18124.0398645.0_2025_10,1,1,first,Re-Check,rc_unresolved,,,2,2
7/10/2025,,18124,,,401430,,Pregnancy Test - Milk,0.864,140,18124.0401430.0,7/10/2025,2025,6/4/2025,36,18124.0401430.0_2025_6,1,1,first,Pregnant,Pregnant,,,2,2
8/14/2025,,18124,,,401430,,Pregnancy Test - Milk,0.484,175,18124.0401430.0,8/14/2025,2025,6/4/2025,71,18124.0401430.0_2025_6,1,2,last,Pregnant,Pregnant,,,2,2
8/28/2025,,18135,,,398645,,Pregnancy Test - Milk,0.558,256,18135.0398645.0,8/28/2025,2025,7/22/2025,37,18135.0398645.0_2025_7,1,1,first,Pregnant,Pregnant,,,2,2
10/23/2025,,18135,,,401430,,Pregnancy Test - Milk,1.345,115,18135.0401430.0,10/23/2025,2025,9/11/2025,42,18135.0401430.0_2025_9_2,2,1,first,Pregnant,Pregnant,,,2,2
11/27/2025,,18135,,,401430,,Pregnancy Test - Milk,1.693,154,18135.0401430.0,11/27/2025,2025,9/7/2025,81,18135.0401430.0_2025_9_1,1,1,first,Pregnant,preg_loss_rebred,,,2,2
4/9/2026,,18139,,,398645,,Pregnancy Test - Milk,1.215,146,18139.0398645.0,4/9/2026,2026,1/30/2026,69,18139.0398645.0_2026_1,2,1,first,Pregnant,Pregnant,,,2,2
8/7/2025,,18139,,,398645,,Pregnancy Test - Milk,2.304,305,18139.0398645.0,8/7/2025,2025,2/1/2025,187,18139.0398645.0_2025_2,1,1,first,Pregnant,Pregnant,,,2,2
11/20/2025,,18139,,,401430,,Pregnancy Test - Milk,0.582,134,18139.0401430.0,11/20/2025,2025,10/15/2025,36,18139.0401430.0_2025_10,1,1,first,Pregnant,Pregnant,,,2,2
12/26/2025,,18139,,,401430,,Pregnancy Test - Milk,0.55,170,18139.0401430.0,12/26/2025,2025,10/15/2025,72,18139.0401430.0_2025_10,1,2,last,Pregnant,Pregnant,,,2,2
1/8/2026,,18151,,,398645,,Pregnancy Test - Milk,0.413,163,18151.0398645.0,1/8/2026,2025,12/9/2025,30,18151.0398645.0_2025_12,1,1,first,Pregnant,preg_loss_rebred,,,2,2
5/7/2026,,18151,,,398645,,Pregnancy Test - Milk,1.741,282,18151.0398645.0,5/7/2026,2026,1/23/2026,104,18151.0398645.0_2026_1,2,1,first,Pregnant,Pregnant,,,2,2
10/30/2025,,18151,,,401430,,Pregnancy Test - Milk,0.614,193,18151.0401430.0,10/30/2025,2025,8/15/2025,76,18151.0401430.0_2025_8,1,2,last,Pregnant,Pregnant,,,2,2
9/19/2025,,18151,,,401430,,Pregnancy Test - Milk,1.307,152,18151.0401430.0,9/19/2025,2025,8/15/2025,35,18151.0401430.0_2025_8,1,1,first,Pregnant,Pregnant,,,2,2
4/2/2026,,18158,,,398645,,Pregnancy Test - Milk,POS,253,18158.0398645.0,4/2/2026,2025,10/1/2025,183,18158.0398645.0_2025_10,1,1,first,Pregnant,Pregnant,,,2,2
10/31/2025,,18158,,,401430,,Pregnancy Test - Milk,0.343,234,18158.0401430.0,10/31/2025,2025,8/14/2025,78,18158.0401430.0_2025_8,1,2,last,Pregnant,Pregnant,,,2,2
9/19/2025,,18158,,,401430,,Pregnancy Test - Milk,0.312,192,18158.0401430.0,9/19/2025,2025,8/14/2025,36,18158.0401430.0_2025_8,1,1,first,Pregnant,Pregnant,,,2,2
12/4/2025,,18161,,,398645,,Pregnancy Test - Milk,0.755,250,18161.0398645.0,12/4/2025,2025,8/25/2025,101,18161.0398645.0_2025_8,1,1,first,Pregnant,Pregnant,,,2,2
3/26/2026,,18161,,,398645,,Pregnancy Test - Milk,POS,362,18161.0398645.0,3/26/2026,2025,8/25/2025,213,18161.0398645.0_2025_8,1,2,last,Pregnant,Pregnant,,,2,2
10/8/2025,,18161,,,401430,,Pregnancy Test - Milk,2.069,198,18161.0401430.0,10/8/2025,2025,9/3/2025,35,18161.0401430.0_2025_9,2,1,first,Pregnant,Pregnant,,,2,2
11/13/2025,,18161,,,401430,,Pregnancy Test - Milk,0.819,233,18161.0401430.0,11/13/2025,2025,9/3/2025,70,18161.0401430.0_2025_9,2,2,last,Pregnant,Pregnant,,,2,2
7/10/2025,,18161,,,401430,,Pregnancy Test - Milk,0.086,107,18161.0401430.0,7/10/2025,2025,6/2/2025,38,18161.0401430.0_2025_6,1,1,first,Open,Open,,,2,2
1/8/2026,,18173,,,398645,,Pregnancy Test - Milk,0.261,164,18173.0398645.0,1/8/2026,2025,10/29/2025,71,18173.0398645.0_2025_10,1,1,first,Pregnant,Pregnant,,,2,2
10/9/2025,,18173,,,401430,,Pregnancy Test - Milk,0.876,209,18173.0401430.0,10/9/2025,2025,7/24/2025,77,18173.0401430.0_2025_7_2,3,1,first,Pregnant,Pregnant,,,2,2
7/10/2025,,18173,,,401430,,Pregnancy Test - Milk,-0.001,118,18173.0401430.0,7/10/2025,2025,6/5/2025,35,18173.0401430.0_2025_6,1,1,first,Open,Open,,,2,2
8/28/2025,,18173,,,401430,,Pregnancy Test - Milk,1.594,169,18173.0401430.0,8/28/2025,2025,7/22/2025,37,18173.0401430.0_2025_7_1,2,1,first,Pregnant,preg_loss_rebred,,,2,2
3/19/2026,,18178,,,398645,,Pregnancy Test - Milk,0.207,166,18178.0398645.0,3/19/2026,2025,12/15/2025,94,18178.0398645.0_2025_12,2,1,first,Re-Check,rc_unresolved_>_1_bred,,,2,2
7/3/2025,,18178,,,398645,,Pregnancy Test - Milk,POS,287,18178.0398645.0,7/3/2025,2024,12/24/2024,191,18178.0398645.0_2024_12,1,1,first,Pregnant,Pregnant,,,2,2
10/23/2025,,18178,,,401430,,Pregnancy Test - Milk,0.621,195,18178.0401430.0,10/23/2025,2025,8/8/2025,76,18178.0401430.0_2025_8,1,2,last,Pregnant,Pregnant,,,2,2
9/19/2025,,18178,,,401430,,Pregnancy Test - Milk,0.561,161,18178.0401430.0,9/19/2025,2025,8/8/2025,42,18178.0401430.0_2025_8,1,1,first,Pregnant,Pregnant,,,2,2
5/29/2025,,18181,,,398645,,Pregnancy Test - Milk,0.225,146,18181.0398645.0,5/29/2025,2025,3/19/2025,71,18181.0398645.0_2025_3,1,1,first,Re-Check,rc_preg,,,2,2
9/18/2025,,18181,,,398645,,Pregnancy Test - Milk,2.287,258,18181.0398645.0,9/18/2025,2025,3/19/2025,183,18181.0398645.0_2025_3,1,2,last,Pregnant,rc_preg,,,2,2
10/8/2025,,18181,,,401430,,Pregnancy Test - Milk,1.144,143,18181.0401430.0,10/8/2025,2025,7/30/2025,70,18181.0401430.0_2025_7,1,2,last,Pregnant,Pregnant,,,2,2
9/4/2025,,18181,,,401430,,Pregnancy Test - Milk,1.014,108,18181.0401430.0,9/4/2025,2025,7/30/2025,35,18181.0401430.0_2025_7,1,1,first,Pregnant,Pregnant,,,2,2
4/2/2026,,18193,,,398645,,Pregnancy Test - Milk,0.288,126,18193.0398645.0,4/2/2026,2026,1/23/2026,69,18193.0398645.0_2026_1,2,1,first,Pregnant,Pregnant,,,2,2
8/21/2025,,18193,,,398645,,Pregnancy Test - Milk,2.743,326,18193.0398645.0,8/21/2025,2025,2/16/2025,186,18193.0398645.0_2025_2,1,1,first,Pregnant,Pregnant,,,2,2
7/31/2025,,18193,,,401430,,Pregnancy Test - Milk,1.547,119,18193.0401430.0,7/31/2025,2025,6/26/2025,35,18193.0401430.0_2025_6,1,1,first,Pregnant,Pregant_with_rc,,,2,2
9/11/2025,,18193,,,401430,,Pregnancy Test - Milk,0.153,161,18193.0401430.0,9/11/2025,2025,6/26/2025,77,18193.0401430.0_2025_6,1,2,intermediate,Re-Check,Pregant_with_rc,,,2,2
9/19/2025,,18193,,,401430,,Pregnancy Test - Milk,0.281,169,18193.0401430.0,9/19/2025,2025,6/26/2025,85,18193.0401430.0_2025_6,1,3,last,Pregnant,Pregant_with_rc,,,2,2
6/19/2025,,18196,,,398645,,Pregnancy Test - Milk,0.185,162,18196.0398645.0,6/19/2025,2025,4/13/2025,67,18196.0398645.0_2025_4,1,1,first,Re-Check,rc_unresolved,,,2,2
1/15/2026,,18196,,,401430,,Pregnancy Test - Milk,0.006,270,18196.0401430.0,1/15/2026,2025,12/8/2025,38,18196.0401430.0_2025_12,1,1,first,Open,Open,,,2,2
1/1/2026,,18201,,,398645,,Pregnancy Test - Milk,1.674,370,18201.0398645.0,1/1/2026,2025,7/1/2025,184,18201.0398645.0_2025_7,1,1,first,Pregnant,Pregnant,,,2,2
12/23/2025,,18201,,,401430,,Pregnancy Test - Milk,1.111,145,18201.0401430.0,12/23/2025,2025,11/21/2025,32,18201.0401430.0_2025_11,1,1,first,Pregnant,Pregant_with_rc,,,2,2
2/12/2026,,18201,,,401430,,Pregnancy Test - Milk,0.338,196,18201.0401430.0,2/12/2026,2025,11/21/2025,83,18201.0401430.0_2025_11,1,3,last,Pregnant,Pregant_with_rc,,,2,2
2/5/2026,,18201,,,401430,,Pregnancy Test - Milk,0.185,189,18201.0401430.0,2/5/2026,2025,11/21/2025,76,18201.0401430.0_2025_11,1,2,intermediate,Re-Check,Pregant_with_rc,,,2,2
8/7/2025,,18215,,,398645,,Pregnancy Test - Milk,2.514,283,18215.0398645.0,8/7/2025,2025,2/3/2025,185,18215.0398645.0_2025_2,1,1,first,Pregnant,Pregnant,,,2,2
8/15/2025,,18215,,,401430,,Pregnancy Test - Milk,1.284,111,18215.0401430.0,8/15/2025,2025,7/10/2025,36,18215.0401430.0_2025_7,1,1,first,Pregnant,Pregnant,,,2,2
9/26/2025,,18215,,,401430,,Pregnancy Test - Milk,1.446,153,18215.0401430.0,9/26/2025,2025,7/10/2025,78,18215.0401430.0_2025_7,1,2,last,Pregnant,Pregnant,,,2,2
2/5/2026,,18218,,,398645,,Pregnancy Test - Milk,2.366,303,18218.0398645.0,2/5/2026,2025,8/7/2025,182,18218.0398645.0_2025_8,1,1,first,Pregnant,Pregnant,,,2,2
7/31/2025,,18218,,,401430,,Pregnancy Test - Milk,0.96,118,18218.0401430.0,7/31/2025,2025,6/25/2025,35,18218.0401430.0_2025_6,1,1,first,Pregnant,Pregnant,,,2,2
9/5/2025,,18218,,,401430,,Pregnancy Test - Milk,0.341,155,18218.0401430.0,9/5/2025,2025,6/25/2025,72,18218.0401430.0_2025_6,1,2,last,Pregnant,Pregnant,,,2,2
4/9/2026,,18221,,,398645,,Pregnancy Test - Milk,2.782,432,18221.0398645.0,4/9/2026,2025,10/6/2025,185,18221.0398645.0_2025_10,1,1,first,Pregnant,Pregnant,,,2,2
1/15/2026,,18221,,,401430,,Pregnancy Test - Milk,-0.002,153,18221.0401430.0,1/15/2026,2025,12/8/2025,38,18221.0401430.0_2025_12,2,1,first,Open,Open,,,2,2
12/4/2025,,18221,,,401430,,Pregnancy Test - Milk,0.071,111,18221.0401430.0,12/4/2025,2025,10/30/2025,35,18221.0401430.0_2025_10,1,1,first,Open,Open,,,2,2
3/5/2026,,18221,,,401430,,Pregnancy Test - Milk,-0.011,202,18221.0401430.0,3/5/2026,2026,1/28/2026,36,18221.0401430.0_2026_1,3,1,first,Open,Open,,,2,2
4/22/2026,,18221,,,401430,,Pregnancy Test - Milk,1.146,251,18221.0401430.0,4/22/2026,2026,3/18/2026,35,18221.0401430.0_2026_3,4,1,first,Pregnant,Pregnant,,,2,2
6/26/2025,,18228,,,398645,,Pregnancy Test - Milk,0.567,198,18228.0398645.0,6/26/2025,2025,4/18/2025,69,18228.0398645.0_2025_4,1,1,first,Pregnant,Pregnant,,,2,2
10/2/2025,,18228,,,401430,,Pregnancy Test - Milk,0.846,165,18228.0401430.0,10/2/2025,2025,7/22/2025,71,18228.0401430.0_2025_7,1,2,last,Pregnant,Pregnant,,,2,2
8/27/2025,,18228,,,401430,,Pregnancy Test - Milk,1.134,130,18228.0401430.0,8/27/2025,2025,7/22/2025,36,18228.0401430.0_2025_7,1,1,first,Pregnant,Pregnant,,,2,2
2/26/2026,,18238,,,398645,,Pregnancy Test - Milk,0.761,177,18238.0398645.0,2/26/2026,2025,12/18/2025,70,18238.0398645.0_2025_12,1,1,first,Pregnant,Pregnant,,,2,2
10/23/2025,,18238,,,401430,,Pregnancy Test - Milk,0.401,157,18238.0401430.0,10/23/2025,2025,9/6/2025,47,18238.0401430.0_2025_9,2,1,first,Pregnant,Pregnant,,,2,2
11/20/2025,,18238,,,401430,,Pregnancy Test - Milk,0.597,185,18238.0401430.0,11/20/2025,2025,9/6/2025,75,18238.0401430.0_2025_9,2,2,last,Pregnant,Pregnant,,,2,2
9/5/2025,,18238,,,401430,,Pregnancy Test - Milk,0.46,110,18238.0401430.0,9/5/2025,2025,7/30/2025,37,18238.0401430.0_2025_7,1,1,first,Pregnant,preg_loss_rebred,,,2,2
4/9/2026,,18243,,,398645,,Pregnancy Test - Milk,1.039,181,18243.0398645.0,4/9/2026,2026,3/26/2026,14,18243.0398645.0_2026_3,2,1,first,Pregnant,Pregnant,,,2,2
7/3/2025,,18243,,,398645,,Pregnancy Test - Milk,POS,321,18243.0398645.0,7/3/2025,2024,12/29/2024,186,18243.0398645.0_2024_12,1,1,first,Pregnant,Pregnant,,,2,2
7/17/2025,,18243,,,401430,,Pregnancy Test - Milk,0.957,119,18243.0401430.0,7/17/2025,2025,6/11/2025,36,18243.0401430.0_2025_6,1,1,first,Pregnant,Pregnant,,,2,2
8/28/2025,,18243,,,401430,,Pregnancy Test - Milk,0.433,160,18243.0401430.0,8/28/2025,2025,6/11/2025,77,18243.0401430.0_2025_6,1,2,last,Pregnant,Pregnant,,,2,2
2/19/2026,,18245,,,398645,,Pregnancy Test - Milk,0.583,197,18245.0398645.0,2/19/2026,2025,12/5/2025,76,18245.0398645.0_2025_12,1,1,first,Pregnant,Pregnant,,,2,2
10/2/2025,,18245,,,401430,,Pregnancy Test - Milk,0.876,146,18245.0401430.0,10/2/2025,2025,7/23/2025,70,18245.0401430.0_2025_7,1,2,last,Pregnant,Pregnant,,,2,2
8/27/2025,,18245,,,401430,,Pregnancy Test - Milk,0.967,111,18245.0401430.0,8/27/2025,2025,7/23/2025,35,18245.0401430.0_2025_7,1,1,first,Pregnant,Pregnant,,,2,2
3/19/2026,,18251,,,398645,,Pregnancy Test - Milk,0.429,128,18251.0398645.0,3/19/2026,2026,2/10/2026,37,18251.0398645.0_2026_2,1,1,first,Pregnant,Pregnant,,,2,2
10/2/2025,,18251,,,401430,,Pregnancy Test - Milk,0.34,153,18251.0401430.0,10/2/2025,2025,7/17/2025,77,18251.0401430.0_2025_7,1,2,last,Pregnant,Pregnant,,,2,2
8/21/2025,,18251,,,401430,,Pregnancy Test - Milk,0.979,111,18251.0401430.0,8/21/2025,2025,7/17/2025,35,18251.0401430.0_2025_7,1,1,first,Pregnant,Pregnant,,,2,2
2/26/2026,,18254,,,398645,,Pregnancy Test - Milk,0.206,142,18254.0398645.0,2/26/2026,2025,12/19/2025,69,18254.0398645.0_2025_12,2,1,first,Re-Check,rc_unresolved_>_1_bred,,,2,2
7/3/2025,,18254,,,398645,,Pregnancy Test - Milk,2.465,263,18254.0398645.0,7/3/2025,2025,1/3/2025,181,18254.0398645.0_2025_1,1,1,first,Pregnant,Pregnant,,,2,2
1/15/2026,,18254,,,401430,,Pregnancy Test - Milk,0.223,220,18254.0401430.0,1/15/2026,2025,11/16/2025,59,18254.0401430.0_2025_11,1,3,intermediate,Re-Check,rc_preg,,,2,2
1/2/2026,,18254,,,401430,,Pregnancy Test - Milk,0.213,208,18254.0401430.0,1/2/2026,2025,11/16/2025,47,18254.0401430.0_2025_11,1,1,first,Re-Check,rc_preg,,,2,2
1/22/2026,,18254,,,401430,,Pregnancy Test - Milk,0.341,227,18254.0401430.0,1/22/2026,2025,11/16/2025,66,18254.0401430.0_2025_11,1,4,intermediate,Pregnant,rc_preg,,,2,2
1/8/2026,,18254,,,401430,,Pregnancy Test - Milk,0.245,213,18254.0401430.0,1/8/2026,2025,11/16/2025,52,18254.0401430.0_2025_11,1,2,intermediate,Re-Check,rc_preg,,,2,2
2/5/2026,,18254,,,401430,,Pregnancy Test - Milk,0.688,241,18254.0401430.0,2/5/2026,2025,11/16/2025,80,18254.0401430.0_2025_11,1,5,last,Pregnant,rc_preg,,,2,2
3/5/2026,,18259,,,398645,,Pregnancy Test - Milk,1.379,151,18259.0398645.0,3/5/2026,2026,2/7/2026,26,18259.0398645.0_2026_2,2,1,first,Pregnant,Pregnant,,,2,2
7/3/2025,,18259,,,398645,,Pregnancy Test - Milk,POS,301,18259.0398645.0,7/3/2025,2024,12/31/2024,184,18259.0398645.0_2024_12,1,1,first,Pregnant,Pregnant,,,2,2
10/30/2025,,18259,,,401430,,Pregnancy Test - Milk,1.258,108,18259.0401430.0,10/30/2025,2025,9/25/2025,35,18259.0401430.0_2025_9,1,1,first,Pregnant,Pregnant,,,2,2
12/4/2025,,18259,,,401430,,Pregnancy Test - Milk,0.728,143,18259.0401430.0,12/4/2025,2025,9/25/2025,70,18259.0401430.0_2025_9,1,2,last,Pregnant,Pregnant,,,2,2
7/17/2025,,18263,,,398645,,Pregnancy Test - Milk,2.482,313,18263.0398645.0,7/17/2025,2025,1/16/2025,182,18263.0398645.0_2025_1,1,1,first,Pregnant,Pregnant,,,2,2
8/14/2025,,18263,,,401430,,Pregnancy Test - Milk,0.614,108,18263.0401430.0,8/14/2025,2025,7/10/2025,35,18263.0401430.0_2025_7,1,1,first,Pregnant,Pregant_with_rc,,,2,2
9/19/2025,,18263,,,401430,,Pregnancy Test - Milk,0.245,144,18263.0401430.0,9/19/2025,2025,7/10/2025,71,18263.0401430.0_2025_7,1,2,intermediate,Re-Check,Pregant_with_rc,,,2,2
9/25/2025,,18263,,,401430,,Pregnancy Test - Milk,0.328,150,18263.0401430.0,9/25/2025,2025,7/10/2025,77,18263.0401430.0_2025_7,1,3,last,Pregnant,Pregant_with_rc,,,2,2
4/2/2026,,18268,,,398645,,Pregnancy Test - Milk,2.811,243,18268.0398645.0,4/2/2026,2025,10/1/2025,183,18268.0398645.0_2025_10,1,1,first,Pregnant,Pregnant,,,2,2
11/26/2025,,18268,,,401430,,Pregnancy Test - Milk,1.361,106,18268.0401430.0,11/26/2025,2025,10/23/2025,34,18268.0401430.0_2025_10_2,2,1,first,Pregnant,Pregnant,,,2,2
12/31/2025,,18268,,,401430,,Pregnancy Test - Milk,0.346,144,18268.0401430.0,12/31/2025,2025,10/20/2025,72,18268.0401430.0_2025_10_1,1,1,first,Pregnant,preg_loss_rebred,,,2,2
4/23/2026,,18286,,,398645,,Pregnancy Test - Milk,1.593,274,18286.0398645.0,4/23/2026,2026,1/5/2026,108,18286.0398645.0_2026_1,1,1,first,Pregnant,Pregnant,,,2,2
11/13/2025,,18286,,,401430,,Pregnancy Test - Milk,1.237,106,18286.0401430.0,11/13/2025,2025,10/9/2025,35,18286.0401430.0_2025_10,1,1,first,Pregnant,Pregnant,,,2,2
12/18/2025,,18286,,,401430,,Pregnancy Test - Milk,0.692,141,18286.0401430.0,12/18/2025,2025,10/9/2025,70,18286.0401430.0_2025_10,1,2,last,Pregnant,Pregnant,,,2,2
2/5/2026,,18293,,,398645,,Pregnancy Test - Milk,0.279,124,18293.0398645.0,2/5/2026,2025,11/28/2025,69,18293.0398645.0_2025_11,2,1,first,Pregnant,Pregnant,,,2,2
6/26/2025,,18293,,,398645,,Pregnancy Test - Milk,2.019,315,18293.0398645.0,6/26/2025,2024,12/21/2024,187,18293.0398645.0_2024_12,1,1,first,Pregnant,Pregnant,,,2,2
1/8/2026,,18293,,,401430,,Pregnancy Test - Milk,0.709,167,18293.0401430.0,1/8/2026,2025,10/28/2025,72,18293.0401430.0_2025_10,1,2,last,Pregnant,Pregnant,,,2,2
12/4/2025,,18293,,,401430,,Pregnancy Test - Milk,0.421,132,18293.0401430.0,12/4/2025,2025,10/28/2025,37,18293.0401430.0_2025_10,1,1,first,Pregnant,Pregnant,,,2,2
3/5/2026,,18331,,,398645,,Pregnancy Test - Milk,0.866,129,18331.0398645.0,3/5/2026,2025,12/25/2025,70,18331.0398645.0_2025_12,2,1,first,Pregnant,Pregnant,,,2,2
7/24/2025,,18331,,,398645,,Pregnancy Test - Milk,1.943,267,18331.0398645.0,7/24/2025,2025,1/13/2025,192,18331.0398645.0_2025_1,1,1,first,Pregnant,Pregnant,,,2,2
10/24/2025,,18331,,,401430,,Pregnancy Test - Milk,0.514,180,18331.0401430.0,10/24/2025,2025,9/19/2025,35,18331.0401430.0_2025_9,1,1,first,Pregnant,Pregnant,,,2,2
12/12/2025,,18331,,,401430,,Pregnancy Test - Milk,0.562,229,18331.0401430.0,12/12/2025,2025,9/19/2025,84,18331.0401430.0_2025_9,1,2,last,Pregnant,Pregnant,,,2,2
9/18/2025,,18332,,,398645,,Pregnancy Test - Milk,0.349,214,18332.0398645.0,9/18/2025,2025,7/13/2025,67,18332.0398645.0_2025_7,1,1,first,Pregnant,Pregnant,,,2,2
1/2/2026,,18332,,,401430,,Pregnancy Test - Milk,0.536,199,18332.0401430.0,1/2/2026,2025,10/21/2025,73,18332.0401430.0_2025_10,1,2,last,Pregnant,Pregnant,,,2,2
12/4/2025,,18332,,,401430,,Pregnancy Test - Milk,0.604,169,18332.0401430.0,12/4/2025,2025,10/21/2025,43,18332.0401430.0_2025_10,1,1,first,Pregnant,Pregnant,,,2,2
3/19/2026,,18333,,,398645,,Pregnancy Test - Milk,0.291,177,18333.0398645.0,3/19/2026,2026,1/11/2026,67,18333.0398645.0_2026_1,1,1,first,Pregnant,Pregnant,,,2,2
10/23/2025,,18333,,,401430,,Pregnancy Test - Milk,1.056,161,18333.0401430.0,10/23/2025,2025,9/16/2025,37,18333.0401430.0_2025_9_2,2,1,first,Pregnant,Pregnant,,,2,2
11/27/2025,,18333,,,401430,,Pregnancy Test - Milk,0.427,200,18333.0401430.0,11/27/2025,2025,9/12/2025,76,18333.0401430.0_2025_9_1,1,1,first,Pregnant,preg_loss_rebred,,,2,2
12/4/2025,,18343,,,398645,,Pregnancy Test - Milk,0.306,130,18343.0398645.0,12/4/2025,2025,10/28/2025,37,18343.0398645.0_2025_10,1,1,first,Pregnant,Pregnant,,,2,2
3/26/2026,,18343,,,398645,,Pregnancy Test - Milk,2.177,242,18343.0398645.0,3/26/2026,2025,10/28/2025,149,18343.0398645.0_2025_10,1,2,last,Pregnant,Pregnant,,,2,2
1/23/2026,,18343,,,401430,,Pregnancy Test - Milk,0.014,196,18343.0401430.0,1/23/2026,2025,12/13/2025,41,18343.0401430.0_2025_12,2,1,first,Open,Open,,,2,2
11/21/2025,,18343,,,401430,,Pregnancy Test - Milk,-0.002,130,18343.0401430.0,11/21/2025,2025,10/12/2025,40,18343.0401430.0_2025_10,1,1,first,Open,Open,,,2,2
5/1/2026,,18343,,,401430,,Pregnancy Test - Milk,1.133,291,18343.0401430.0,5/1/2026,2026,3/23/2026,39,18343.0401430.0_2026_3,3,1,first,Pregnant,Pregnant,,,2,2
8/21/2025,,18353,,,398645,,Pregnancy Test - Milk,0.342,188,18353.0398645.0,8/21/2025,2025,6/13/2025,69,18353.0398645.0_2025_6,1,1,first,Pregnant,Pregnant,,,2,2
4/9/2026,,18353,,,401430,,Pregnancy Test - Milk,1.002,201,18353.0401430.0,4/9/2026,2026,3/2/2026,38,18353.0401430.0_2026_3,1,1,first,Pregnant,Pregnant,,,2,2
5/14/2026,,18353,,,401430,,Pregnancy Test - Milk,0.694,236,18353.0401430.0,5/14/2026,2026,3/2/2026,73,18353.0401430.0_2026_3,1,2,last,Pregnant,Pregnant,,,2,2
6/5/2025,,18355,,,398645,,Pregnancy Test - Milk,0.539,255,18355.0398645.0,6/5/2025,2025,3/27/2025,70,18355.0398645.0_2025_3,1,1,first,Pregnant,Pregnant,,,2,2
9/25/2025,,18355,,,398645,,Pregnancy Test - Milk,2.633,367,18355.0398645.0,9/25/2025,2025,3/27/2025,182,18355.0398645.0_2025_3,1,2,last,Pregnant,Pregnant,,,2,2
11/13/2025,,18355,,,401430,,Pregnancy Test - Milk,0.755,106,18355.0401430.0,11/13/2025,2025,10/9/2025,35,18355.0401430.0_2025_10,1,1,first,Pregnant,Pregnant,,,2,2
12/18/2025,,18355,,,401430,,Pregnancy Test - Milk,0.304,141,18355.0401430.0,12/18/2025,2025,10/9/2025,70,18355.0401430.0_2025_10,1,2,last,Pregnant,Pregnant,,,2,2
8/28/2025,,18361,,,398645,,Pregnancy Test - Milk,1.287,311,18361.0398645.0,8/28/2025,2025,8/10/2025,18,18361.0398645.0_2025_8,1,1,first,Pregnant,Pregnant,,,2,2
1/2/2026,,18361,,,401430,,Pregnancy Test - Milk,0.897,115,18361.0401430.0,1/2/2026,2025,11/24/2025,39,18361.0401430.0_2025_11,1,1,first,Pregnant,preg_loss_rebred,,,2,2
2/20/2026,,18361,,,401430,,Pregnancy Test - Milk,1.169,164,18361.0401430.0,2/20/2026,2026,1/11/2026,40,18361.0401430.0_2026_1,2,1,first,Pregnant,Pregnant,,,2,2
4/3/2026,,18361,,,401430,,Pregnancy Test - Milk,0.576,206,18361.0401430.0,4/3/2026,2026,1/11/2026,82,18361.0401430.0_2026_1,2,2,last,Pregnant,Pregnant,,,2,2
3/5/2026,,18375,,,398645,,Pregnancy Test - Milk,1.226,146,18375.0398645.0,3/5/2026,2026,1/20/2026,44,18375.0398645.0_2026_1,2,1,first,Pregnant,Pregnant,,,2,2
7/3/2025,,18375,,,398645,,Pregnancy Test - Milk,1.565,282,18375.0398645.0,7/3/2025,2024,12/29/2024,186,18375.0398645.0_2024_12,1,1,first,Pregnant,Pregnant,,,2,2
5/7/2026,,18375,,,401430,,Pregnancy Test - Milk,-0.021,146,18375.0401430.0,5/7/2026,2026,3/28/2026,40,18375.0401430.0_2026_3,1,1,first,Open,Open,,,2,2
2/19/2026,,18377,,,398645,,Pregnancy Test - Milk,0.321,135,18377.0398645.0,2/19/2026,2025,12/9/2025,72,18377.0398645.0_2025_12,2,1,first,Pregnant,Pregnant,,,2,2
7/3/2025,,18377,,,398645,,Pregnancy Test - Milk,1.564,281,18377.0398645.0,7/3/2025,2024,12/26/2024,189,18377.0398645.0_2024_12,1,1,first,Pregnant,Pregnant,,,2,2
8/14/2025,,18377,,,401430,,Pregnancy Test - Milk,1.74,110,18377.0401430.0,8/14/2025,2025,7/10/2025,35,18377.0401430.0_2025_7,1,1,first,Pregnant,Pregnant,,,2,2
9/18/2025,,18377,,,401430,,Pregnancy Test - Milk,1.205,145,18377.0401430.0,9/18/2025,2025,7/10/2025,70,18377.0401430.0_2025_7,1,2,last,Pregnant,Pregnant,,,2,2
11/6/2025,,18384,,,398645,,Pregnancy Test - Milk,2.139,330,18384.0398645.0,11/6/2025,2025,4/30/2025,190,18384.0398645.0_2025_4,1,1,first,Pregnant,Pregnant,,,2,2
10/23/2025,,18384,,,401430,,Pregnancy Test - Milk,1.183,108,18384.0401430.0,10/23/2025,2025,9/18/2025,35,18384.0401430.0_2025_9,1,1,first,Pregnant,Pregnant,,,2,2
11/26/2025,,18384,,,401430,,Pregnancy Test - Milk,0.94,142,18384.0401430.0,11/26/2025,2025,9/18/2025,69,18384.0401430.0_2025_9,1,2,last,Pregnant,Pregnant,,,2,2
3/26/2026,,18388,,,398645,,Pregnancy Test - Milk,0.306,136,18388.0398645.0,3/26/2026,2026,1/19/2026,66,18388.0398645.0_2026_1,2,1,first,Pregnant,Pregnant,,,2,2
8/7/2025,,18388,,,398645,,Pregnancy Test - Milk,0.997,280,18388.0398645.0,8/7/2025,2025,1/31/2025,188,18388.0398645.0_2025_1,1,1,first,Pregnant,Pregnant,,,2,2
10/30/2025,,18388,,,401430,,Pregnancy Test - Milk,0.026,108,18388.0401430.0,10/30/2025,2025,9/25/2025,35,18388.0401430.0_2025_9,1,1,first,Open,Open,,,2,2
3/19/2026,,18388,,,401430,,Pregnancy Test - Milk,0.844,248,18388.0401430.0,3/19/2026,2026,2/9/2026,38,18388.0401430.0_2026_2,2,1,first,Pregnant,Pregant_with_rc,,,2,2
4/23/2026,,18388,,,401430,,Pregnancy Test - Milk,0.214,283,18388.0401430.0,4/23/2026,2026,2/9/2026,73,18388.0401430.0_2026_2,2,2,intermediate,Re-Check,Pregant_with_rc,,,2,2
4/30/2026,,18388,,,401430,,Pregnancy Test - Milk,0.295,290,18388.0401430.0,4/30/2026,2026,2/9/2026,80,18388.0401430.0_2026_2,2,3,last,Pregnant,Pregant_with_rc,,,2,2
7/3/2025,,18392,,,398645,,Pregnancy Test - Milk,0.586,271,18392.0398645.0,7/3/2025,2025,1/2/2025,182,18392.0398645.0_2025_1,1,1,first,Pregnant,Pregnant,,,2,2
10/30/2025,,18392,,,401430,,Pregnancy Test - Milk,0.241,129,18392.0401430.0,10/30/2025,2025,9/22/2025,37,18392.0401430.0_2025_9,1,1,first,Re-Check,rc_preg,,,2,2
11/13/2025,,18392,,,401430,,Pregnancy Test - Milk,0.21,143,18392.0401430.0,11/13/2025,2025,9/22/2025,51,18392.0401430.0_2025_9,1,3,intermediate,Re-Check,rc_preg,,,2,2
11/20/2025,,18392,,,401430,,Pregnancy Test - Milk,0.306,150,18392.0401430.0,11/20/2025,2025,9/22/2025,58,18392.0401430.0_2025_9,1,4,intermediate,Pregnant,rc_preg,,,2,2
11/5/2025,,18392,,,401430,,Pregnancy Test - Milk,0.22,136,18392.0401430.0,11/5/2025,2025,9/22/2025,44,18392.0401430.0_2025_9,1,2,intermediate,Re-Check,rc_preg,,,2,2
12/4/2025,,18392,,,401430,,Pregnancy Test - Milk,0.427,164,18392.0401430.0,12/4/2025,2025,9/22/2025,72,18392.0401430.0_2025_9,1,5,last,Pregnant,rc_preg,,,2,2
9/18/2025,,18399,,,398645,,Pregnancy Test - Milk,0.849,368,18399.0398645.0,9/18/2025,2025,7/10/2025,70,18399.0398645.0_2025_7,1,1,first,Pregnant,Pregnant,,,2,2
7/17/2025,,18399,,,401430,,Pregnancy Test - Milk,POS,394,18399.0401430.0,7/17/2025,2024,12/3/2024,226,18399.0401430.0_2024_12,1,1,first,Pregnant,Pregnant,,,2,2
7/31/2025,,18419,,,398645,,Pregnancy Test - Milk,1.278,305,18419.0398645.0,7/31/2025,2025,1/30/2025,182,18419.0398645.0_2025_1,1,1,first,Pregnant,Pregnant,,,2,2
11/6/2025,,18419,,,401430,,Pregnancy Test - Milk,0.816,106,18419.0401430.0,11/6/2025,2025,10/2/2025,35,18419.0401430.0_2025_10,1,1,first,Pregnant,Pregnant,,,2,2
12/18/2025,,18419,,,401430,,Pregnancy Test - Milk,0.703,148,18419.0401430.0,12/18/2025,2025,10/2/2025,77,18419.0401430.0_2025_10,1,2,last,Pregnant,Pregnant,,,2,2
6/19/2025,,18422,,,398645,,Pregnancy Test - Milk,POS,266,18422.0398645.0,6/19/2025,2024,12/20/2024,181,18422.0398645.0_2024_12,1,1,first,Pregnant,Pregnant,,,2,2
10/23/2025,,18422,,,401430,,Pregnancy Test - Milk,0.945,108,18422.0401430.0,10/23/2025,2025,9/18/2025,35,18422.0401430.0_2025_9,1,1,first,Pregnant,Pregnant,,,2,2
11/26/2025,,18422,,,401430,,Pregnancy Test - Milk,0.409,142,18422.0401430.0,11/26/2025,2025,9/18/2025,69,18422.0401430.0_2025_9,1,2,last,Pregnant,Pregnant,,,2,2
1/8/2026,,18425,,,398645,,Pregnancy Test - Milk,0.433,146,18425.0398645.0,1/8/2026,2026,1/8/2026,0,18425.0398645.0_2026_1,1,1,first,Pregnant,preg_loss_rebred,,,2,2
5/7/2026,,18425,,,398645,,Pregnancy Test - Milk,1.395,265,18425.0398645.0,5/7/2026,2026,5/7/2026,0,18425.0398645.0_2026_5,2,1,first,Pregnant,Pregnant,,,2,2
11/6/2025,,18425,,,401430,,Pregnancy Test - Milk,1.372,195,18425.0401430.0,11/6/2025,2025,8/21/2025,77,18425.0401430.0_2025_8,1,2,last,Pregnant,Pregnant,,,2,2
9/25/2025,,18425,,,401430,,Pregnancy Test - Milk,1.074,153,18425.0401430.0,9/25/2025,2025,8/21/2025,35,18425.0401430.0_2025_8,1,1,first,Pregnant,Pregnant,,,2,2
6/19/2025,,18428,,,398645,,Pregnancy Test - Milk,1.543,274,18428.0398645.0,6/19/2025,2024,12/19/2024,182,18428.0398645.0_2024_12,1,1,first,Pregnant,Pregnant,,,2,2
2/13/2026,,18428,,,401430,,Pregnancy Test - Milk,0.089,105,18428.0401430.0,2/13/2026,2026,1/8/2026,36,18428.0401430.0_2026_1,1,1,first,Open,Open,,,2,2
4/16/2026,,18428,,,401430,,Pregnancy Test - Milk,-0.007,168,18428.0401430.0,4/16/2026,2026,3/8/2026,39,18428.0401430.0_2026_3,2,1,first,Open,Open,,,2,2
10/23/2025,,18432,,,398645,,Pregnancy Test - Milk,2.271,312,18432.0398645.0,10/23/2025,2025,4/23/2025,183,18432.0398645.0_2025_4,1,2,last,Pregnant,Pregnant,,,2,2
7/3/2025,,18432,,,398645,,Pregnancy Test - Milk,0.53,200,18432.0398645.0,7/3/2025,2025,4/23/2025,71,18432.0398645.0_2025_4,1,1,first,Pregnant,Pregnant,,,2,2
1/15/2026,,18432,,,401430,,Pregnancy Test - Milk,0.325,163,18432.0401430.0,1/15/2026,2025,11/5/2025,71,18432.0401430.0_2025_11,1,2,last,Pregnant,Pregnant,,,2,2
12/11/2025,,18432,,,401430,,Pregnancy Test - Milk,1.079,128,18432.0401430.0,12/11/2025,2025,11/5/2025,36,18432.0401430.0_2025_11,1,1,first,Pregnant,Pregnant,,,2,2
9/4/2025,,18433,,,398645,,Pregnancy Test - Milk,1.584,250,18433.0398645.0,9/4/2025,2025,3/3/2025,185,18433.0398645.0_2025_3,1,1,first,Pregnant,Pregnant,,,2,2
1/15/2026,,18433,,,401430,,Pregnancy Test - Milk,0.847,112,18433.0401430.0,1/15/2026,2025,12/5/2025,41,18433.0401430.0_2025_12,1,1,first,Pregnant,Pregnant,,,2,2
2/20/2026,,18433,,,401430,,Pregnancy Test - Milk,0.759,148,18433.0401430.0,2/20/2026,2025,12/5/2025,77,18433.0401430.0_2025_12,1,2,last,Pregnant,Pregnant,,,2,2
4/30/2026,,18435,,,398645,,Pregnancy Test - Milk,0.22,146,18435.0398645.0,4/30/2026,2026,3/4/2026,57,18435.0398645.0_2026_3,2,1,first,Re-Check,rc_unresolved_>_1_bred,,,2,2
9/4/2025,,18435,,,398645,,Pregnancy Test - Milk,1.482,258,18435.0398645.0,9/4/2025,2025,2/27/2025,189,18435.0398645.0_2025_2,1,1,first,Pregnant,Pregnant,,,2,2
10/30/2025,,18435,,,401430,,Pregnancy Test - Milk,0.842,150,18435.0401430.0,10/30/2025,2025,9/23/2025,37,18435.0401430.0_2025_9,1,1,first,Pregnant,Pregnant,,,2,2
12/4/2025,,18435,,,401430,,Pregnancy Test - Milk,0.49,185,18435.0401430.0,12/4/2025,2025,9/23/2025,72,18435.0401430.0_2025_9,1,2,last,Pregnant,Pregnant,,,2,2
7/31/2025,,18441,,,398645,,Pregnancy Test - Milk,POS,282,18441.0398645.0,7/31/2025,2025,1/27/2025,185,18441.0398645.0_2025_1,1,1,first,Pregnant,Pregnant,,,2,2
10/23/2025,,18441,,,401430,,Pregnancy Test - Milk,-0.001,121,18441.0401430.0,10/23/2025,2025,10/23/2025,0,18441.0401430.0_2025_10_2,2,1,first,Open,Open,,,2,2
11/27/2025,,18441,,,401430,,Pregnancy Test - Milk,1.046,160,18441.0401430.0,11/27/2025,2025,10/19/2025,39,18441.0401430.0_2025_10_1,1,1,first,Pregnant,preg_loss_rebred,,,2,2
3/19/2026,,18441,,,401430,,Pregnancy Test - Milk,1.019,268,18441.0401430.0,3/19/2026,2026,2/11/2026,36,18441.0401430.0_2026_2,3,1,first,Pregnant,Pregnant,,,2,2
4/23/2026,,18441,,,401430,,Pregnancy Test - Milk,0.644,303,18441.0401430.0,4/23/2026,2026,2/11/2026,71,18441.0401430.0_2026_2,3,2,last,Pregnant,Pregnant,,,2,2
9/25/2025,,18442,,,398645,,Pregnancy Test - Milk,0.586,148,18442.0398645.0,9/25/2025,2025,7/18/2025,69,18442.0398645.0_2025_7,1,1,first,Pregnant,Pregnant,,,2,2
1/8/2026,,18442,,,401430,,Pregnancy Test - Milk,0.424,216,18442.0401430.0,1/8/2026,2025,10/26/2025,74,18442.0401430.0_2025_10,1,2,last,Pregnant,Pregnant,,,2,2
12/4/2025,,18442,,,401430,,Pregnancy Test - Milk,0.562,181,18442.0401430.0,12/4/2025,2025,10/26/2025,39,18442.0401430.0_2025_10,1,1,first,Pregnant,Pregnant,,,2,2
5/7/2026,,18445,,,398645,,Pregnancy Test - Milk,0.385,148,18445.0398645.0,5/7/2026,2026,3/1/2026,67,18445.0398645.0_2026_3,2,1,first,Pregnant,Pregnant,,,2,2
9/4/2025,,18445,,,398645,,Pregnancy Test - Milk,1.897,279,18445.0398645.0,9/4/2025,2025,3/1/2025,187,18445.0398645.0_2025_3,1,1,first,Pregnant,Pregnant,,,2,2
11/13/2025,,18445,,,401430,,Pregnancy Test - Milk,0.673,178,18445.0401430.0,11/13/2025,2025,10/7/2025,37,18445.0401430.0_2025_10,2,1,first,Pregnant,Pregnant,,,2,2
12/18/2025,,18445,,,401430,,Pregnancy Test - Milk,0.396,213,18445.0401430.0,12/18/2025,2025,10/7/2025,72,18445.0401430.0_2025_10,2,2,last,Pregnant,Pregnant,,,2,2
9/5/2025,,18445,,,401430,,Pregnancy Test - Milk,-0.009,110,18445.0401430.0,9/5/2025,2025,7/30/2025,37,18445.0401430.0_2025_7,1,1,first,Open,Open,,,2,2
8/21/2025,,18451,,,398645,,Pregnancy Test - Milk,0.237,185,18451.0398645.0,8/21/2025,2025,6/13/2025,69,18451.0398645.0_2025_6,1,1,first,Re-Check,rc_unresolved,,,2,2
1/8/2026,,18451,,,401430,,Pregnancy Test - Milk,0.793,223,18451.0401430.0,1/8/2026,2025,11/30/2025,39,18451.0401430.0_2025_11,2,1,first,Pregnant,Pregnant,,,2,2
10/9/2025,,18451,,,401430,,Pregnancy Test - Milk,0.705,132,18451.0401430.0,10/9/2025,2025,9/3/2025,36,18451.0401430.0_2025_9,1,1,first,Pregnant,loss,,,2,2
11/13/2025,,18451,,,401430,,Pregnancy Test - Milk,0.043,167,18451.0401430.0,11/13/2025,2025,9/3/2025,71,18451.0401430.0_2025_9,1,2,last,Open,loss,,,2,2
2/20/2026,,18451,,,401430,,Pregnancy Test - Milk,0.586,266,18451.0401430.0,2/20/2026,2025,11/30/2025,82,18451.0401430.0_2025_11,2,2,last,Pregnant,Pregnant,,,2,2
1/1/2026,,18458,,,398645,,Pregnancy Test - Milk,1.955,380,18458.0398645.0,1/1/2026,2025,7/3/2025,182,18458.0398645.0_2025_7,1,1,first,Pregnant,Pregnant,,,2,2
1/16/2026,,18458,,,401430,,Pregnancy Test - Milk,0.037,102,18458.0401430.0,1/16/2026,2025,12/11/2025,36,18458.0401430.0_2025_12,1,1,first,Open,Open,,,2,2
3/6/2026,,18458,,,401430,,Pregnancy Test - Milk,0.527,151,18458.0401430.0,3/6/2026,2026,1/29/2026,36,18458.0401430.0_2026_1,2,1,first,Pregnant,Pregnant,,,2,2
4/17/2026,,18458,,,401430,,Pregnancy Test - Milk,0.523,193,18458.0401430.0,4/17/2026,2026,1/29/2026,78,18458.0401430.0_2026_1,2,2,last,Pregnant,Pregnant,,,2,2
11/27/2025,,18481,,,398645,,Pregnancy Test - Milk,1.981,300,18481.0398645.0,11/27/2025,2025,5/25/2025,186,18481.0398645.0_2025_5,1,2,last,Pregnant,Pregnant,,,2,2
7/31/2025,,18481,,,398645,,Pregnancy Test - Milk,0.598,180,18481.0398645.0,7/31/2025,2025,5/25/2025,67,18481.0398645.0_2025_5,1,1,first,Pregnant,Pregnant,,,2,2
1/29/2026,,18481,,,401430,,Pregnancy Test - Milk,0.133,191,18481.0401430.0,1/29/2026,2025,11/19/2025,71,18481.0401430.0_2025_11,2,2,intermediate,Re-Check,Pregant_with_rc,,,2,2
11/5/2025,,18481,,,401430,,Pregnancy Test - Milk,0.074,107,18481.0401430.0,11/5/2025,2025,10/1/2025,35,18481.0401430.0_2025_10,1,1,first,Open,Open,,,2,2
12/23/2025,,18481,,,401430,,Pregnancy Test - Milk,0.529,154,18481.0401430.0,12/23/2025,2025,11/19/2025,34,18481.0401430.0_2025_11,2,1,first,Pregnant,Pregant_with_rc,,,2,2
2/12/2026,,18481,,,401430,,Pregnancy Test - Milk,0.465,205,18481.0401430.0,2/12/2026,2025,11/19/2025,85,18481.0401430.0_2025_11,2,4,last,Pregnant,Pregant_with_rc,,,2,2
2/5/2026,,18481,,,401430,,Pregnancy Test - Milk,0.158,198,18481.0401430.0,2/5/2026,2025,11/19/2025,78,18481.0401430.0_2025_11,2,3,intermediate,Re-Check,Pregant_with_rc,,,2,2
12/25/2025,,18484,,,398645,,Pregnancy Test - Milk,2.09,350,18484.0398645.0,12/25/2025,2025,6/15/2025,193,18484.0398645.0_2025_6,1,2,last,Pregnant,Pregnant,,,2,2
8/21/2025,,18484,,,398645,,Pregnancy Test - Milk,0.301,224,18484.0398645.0,8/21/2025,2025,6/15/2025,67,18484.0398645.0_2025_6,1,1,first,Pregnant,Pregnant,,,2,2
10/24/2025,,18484,,,401430,,Pregnancy Test - Milk,0.428,154,18484.0401430.0,10/24/2025,2025,8/7/2025,78,18484.0401430.0_2025_8,1,2,last,Pregnant,Pregnant,,,2,2
9/12/2025,,18484,,,401430,,Pregnancy Test - Milk,0.304,112,18484.0401430.0,9/12/2025,2025,8/7/2025,36,18484.0401430.0_2025_8,1,1,first,Pregnant,Pregnant,,,2,2
11/27/2025,,18499,,,398645,,Pregnancy Test - Milk,2.243,299,18499.0398645.0,11/27/2025,2025,5/23/2025,188,18499.0398645.0_2025_5,1,2,last,Pregnant,Pregnant,,,2,2
7/31/2025,,18499,,,398645,,Pregnancy Test - Milk,0.622,179,18499.0398645.0,7/31/2025,2025,5/23/2025,69,18499.0398645.0_2025_5,1,1,first,Pregnant,Pregnant,,,2,2
1/22/2026,,18499,,,401430,,Pregnancy Test - Milk,0.629,227,18499.0401430.0,1/22/2026,2025,11/12/2025,71,18499.0401430.0_2025_11,1,2,last,Pregnant,Pregnant,,,2,2
12/18/2025,,18499,,,401430,,Pregnancy Test - Milk,0.911,192,18499.0401430.0,12/18/2025,2025,11/12/2025,36,18499.0401430.0_2025_11,1,1,first,Pregnant,Pregnant,,,2,2
1/1/2026,,18502,,,398645,,Pregnancy Test - Milk,1.869,393,18502.0398645.0,1/1/2026,2025,7/4/2025,181,18502.0398645.0_2025_7,1,1,first,Pregnant,Pregnant,,,2,2
10/30/2025,,18502,,,401430,,Pregnancy Test - Milk,0.514,129,18502.0401430.0,10/30/2025,2025,9/25/2025,35,18502.0401430.0_2025_9,1,1,first,Pregnant,preg_loss_rebred,,,2,2
4/2/2026,,18502,,,401430,,Pregnancy Test - Milk,-0.019,283,18502.0401430.0,4/2/2026,2026,2/25/2026,36,18502.0401430.0_2026_2,2,1,first,Open,Open,,,2,2
3/19/2026,,18505,,,398645,,Pregnancy Test - Milk,0.149,167,18505.0398645.0,3/19/2026,2026,2/17/2026,30,18505.0398645.0_2026_2,2,1,first,Re-Check,rc_unresolved_>_1_bred,,,2,2
7/3/2025,,18505,,,398645,,Pregnancy Test - Milk,1.521,288,18505.0398645.0,7/3/2025,2024,12/28/2024,187,18505.0398645.0_2024_12,1,1,first,Pregnant,Pregnant,,,2,2
1/22/2026,,18505,,,401430,,Pregnancy Test - Milk,0.18,150,18505.0401430.0,1/22/2026,2025,11/5/2025,77,18505.0401430.0_2025_11,1,2,intermediate,Re-Check,Pregant_with_rc,,,2,2
1/30/2026,,18505,,,401430,,Pregnancy Test - Milk,0.201,159,18505.0401430.0,1/30/2026,2025,11/5/2025,86,18505.0401430.0_2025_11,1,3,intermediate,Re-Check,Pregant_with_rc,,,2,2
12/11/2025,,18505,,,401430,,Pregnancy Test - Milk,1.094,108,18505.0401430.0,12/11/2025,2025,11/5/2025,35,18505.0401430.0_2025_11,1,1,first,Pregnant,Pregant_with_rc,,,2,2
2/5/2026,,18505,,,401430,,Pregnancy Test - Milk,0.389,164,18505.0401430.0,2/5/2026,2025,11/5/2025,91,18505.0401430.0_2025_11,1,4,last,Pregnant,Pregant_with_rc,,,2,2
6/26/2025,,18509,,,398645,,Pregnancy Test - Milk,0.361,142,18509.0398645.0,6/26/2025,2025,4/15/2025,72,18509.0398645.0_2025_4,1,1,first,Pregnant,Pregnant,,,2,2
11/20/2025,,18509,,,401430,,Pregnancy Test - Milk,1.499,109,18509.0401430.0,11/20/2025,2025,10/16/2025,35,18509.0401430.0_2025_10,1,1,first,Pregnant,Pregnant,,,2,2
12/26/2025,,18509,,,401430,,Pregnancy Test - Milk,0.61,145,18509.0401430.0,12/26/2025,2025,10/16/2025,71,18509.0401430.0_2025_10,1,2,last,Pregnant,Pregnant,,,2,2
3/26/2026,,18511,,,398645,,Pregnancy Test - Milk,0.614,148,18511.0398645.0,3/26/2026,2026,1/14/2026,71,18511.0398645.0_2026_1,2,1,first,Pregnant,Pregnant,,,2,2
7/31/2025,,18511,,,398645,,Pregnancy Test - Milk,POS,284,18511.0398645.0,7/31/2025,2025,1/24/2025,188,18511.0398645.0_2025_1,1,1,first,Pregnant,Pregnant,,,2,2
10/2/2025,,18511,,,401430,,Pregnancy Test - Milk,0.774,105,18511.0401430.0,10/2/2025,2025,8/28/2025,35,18511.0401430.0_2025_8,1,1,first,Pregnant,Pregnant,,,2,2
11/13/2025,,18511,,,401430,,Pregnancy Test - Milk,0.437,147,18511.0401430.0,11/13/2025,2025,8/28/2025,77,18511.0401430.0_2025_8,1,2,last,Pregnant,Pregnant,,,2,2
8/21/2025,,18519,,,398645,,Pregnancy Test - Milk,2.549,276,18519.0398645.0,8/21/2025,2025,1/16/2025,217,18519.0398645.0_2025_1,1,1,first,Pregnant,Pregnant,,,2,2
10/24/2025,,18519,,,401430,,Pregnancy Test - Milk,0.452,108,18519.0401430.0,10/24/2025,2025,9/18/2025,36,18519.0401430.0_2025_9,1,1,first,Pregnant,Pregnant,,,2,2
12/5/2025,,18519,,,401430,,Pregnancy Test - Milk,0.279,150,18519.0401430.0,12/5/2025,2025,9/18/2025,78,18519.0401430.0_2025_9,1,2,last,Pregnant,Pregnant,,,2,2
9/25/2025,,18527,,,398645,,Pregnancy Test - Milk,0.538,285,18527.0398645.0,9/25/2025,2025,7/17/2025,70,18527.0398645.0_2025_7,1,1,first,Pregnant,Pregnant,,,2,2
10/16/2025,,18527,,,401430,,Pregnancy Test - Milk,0.323,143,18527.0401430.0,10/16/2025,2025,8/7/2025,70,18527.0401430.0_2025_8,1,2,last,Pregnant,Pregnant,,,2,2
9/11/2025,,18527,,,401430,,Pregnancy Test - Milk,0.619,108,18527.0401430.0,9/11/2025,2025,8/7/2025,35,18527.0401430.0_2025_8,1,1,first,Pregnant,Pregnant,,,2,2
11/27/2025,,18530,,,398645,,Pregnancy Test - Milk,2.03,289,18530.0398645.0,11/27/2025,2025,5/24/2025,187,18530.0398645.0_2025_5,1,2,last,Pregnant,Pregnant,,,2,2
7/31/2025,,18530,,,398645,,Pregnancy Test - Milk,0.645,169,18530.0398645.0,7/31/2025,2025,5/24/2025,68,18530.0398645.0_2025_5,1,1,first,Pregnant,Pregnant,,,2,2
11/13/2025,,18530,,,401430,,Pregnancy Test - Milk,0.901,146,18530.0401430.0,11/13/2025,2025,10/3/2025,41,18530.0401430.0_2025_10,1,1,first,Pregnant,Pregnant,,,2,2
12/18/2025,,18530,,,401430,,Pregnancy Test - Milk,0.264,181,18530.0401430.0,12/18/2025,2025,10/3/2025,76,18530.0401430.0_2025_10,1,2,last,Pregnant,Pregnant,,,2,2
4/9/2026,,18536,,,398645,,Pregnancy Test - Milk,0.41,190,18536.0398645.0,4/9/2026,2026,3/3/2026,37,18536.0398645.0_2026_3,2,1,first,Pregnant,Pregnant,,,2,2
6/26/2025,,18536,,,398645,,Pregnancy Test - Milk,POS,280,18536.0398645.0,6/26/2025,2025,5/6/2025,51,18536.0398645.0_2025_5,1,1,first,Pregnant,Pregnant,,,2,2
4/9/2026,,18536,,,401430,,Pregnancy Test - Milk,0.273,118,18536.0401430.0,4/9/2026,2026,2/27/2026,41,18536.0401430.0_2026_2,1,1,first,Pregnant,Pregnant,,,2,2
5/14/2026,,18536,,,401430,,Pregnancy Test - Milk,0.295,153,18536.0401430.0,5/14/2026,2026,2/27/2026,76,18536.0401430.0_2026_2,1,2,last,Pregnant,Pregnant,,,2,2
7/17/2025,,18561,,,398645,,Pregnancy Test - Milk,2.176,265,18561.0398645.0,7/17/2025,2025,1/17/2025,181,18561.0398645.0_2025_1,1,1,first,Pregnant,Pregnant,,,2,2
6/19/2025,,18561,,,401430,,Pregnancy Test - Milk,1.663,315,18561.0401430.0,6/19/2025,2025,5/8/2025,42,18561.0401430.0_2025_5_1,1,1,first,Pregnant,preg_loss_rebred,,,2,2
7/31/2025,,18561,,,401430,,Pregnancy Test - Milk,1.221,350,18561.0401430.0,7/31/2025,2025,5/15/2025,77,18561.0401430.0_2025_5_2,2,1,first,Pregnant,Pregnant,,,2,2
12/4/2025,,18562,,,398645,,Pregnancy Test - Milk,0.526,225,18562.0398645.0,12/4/2025,2025,10/22/2025,43,18562.0398645.0_2025_10,1,1,first,Pregnant,Pregnant,,,2,2
11/13/2025,,18562,,,401430,,Pregnancy Test - Milk,1.424,189,18562.0401430.0,11/13/2025,2025,10/7/2025,37,18562.0401430.0_2025_10,1,1,first,Pregnant,Pregnant,,,2,2
12/18/2025,,18562,,,401430,,Pregnancy Test - Milk,1.188,224,18562.0401430.0,12/18/2025,2025,10/7/2025,72,18562.0401430.0_2025_10,1,2,last,Pregnant,Pregnant,,,2,2
11/27/2025,,18564,,,398645,,Pregnancy Test - Milk,POS,329,18564.0398645.0,11/27/2025,2025,7/5/2025,145,18564.0398645.0_2025_7,1,1,first,Pregnant,Pregnant,,,2,2
11/7/2025,,18564,,,401430,,Pregnancy Test - Milk,0.996,163,18564.0401430.0,11/7/2025,2025,9/29/2025,39,18564.0401430.0_2025_9,2,1,first,Pregnant,Pregnant,,,2,2
12/19/2025,,18564,,,401430,,Pregnancy Test - Milk,0.469,205,18564.0401430.0,12/19/2025,2025,9/29/2025,81,18564.0401430.0_2025_9,2,2,last,Pregnant,Pregnant,,,2,2
9/12/2025,,18564,,,401430,,Pregnancy Test - Milk,0.008,107,18564.0401430.0,9/12/2025,2025,8/7/2025,36,18564.0401430.0_2025_8,1,1,first,Open,Open,,,2,2
3/5/2026,,18572,,,398645,,Pregnancy Test - Milk,POS,334,18572.0398645.0,3/5/2026,2025,10/7/2025,149,18572.0398645.0_2025_10,1,1,first,Pregnant,Pregnant,,,2,2
1/8/2026,,18572,,,401430,,Pregnancy Test - Milk,0.309,160,18572.0401430.0,1/8/2026,2025,10/16/2025,84,18572.0401430.0_2025_10_2,2,3,last,Pregnant,Pregant_with_rc,,,2,2
11/20/2025,,18572,,,401430,,Pregnancy Test - Milk,0.661,111,18572.0401430.0,11/20/2025,2025,10/16/2025,35,18572.0401430.0_2025_10_2,2,1,first,Pregnant,Pregant_with_rc,,,2,2
12/23/2025,,18572,,,401430,,Pregnancy Test - Milk,0.139,144,18572.0401430.0,12/23/2025,2025,10/16/2025,68,18572.0401430.0_2025_10_2,2,2,intermediate,Re-Check,Pregant_with_rc,,,2,2
12/31/2025,,18572,,,401430,,Pregnancy Test - Milk,0.169,155,18572.0401430.0,12/31/2025,2025,10/13/2025,79,18572.0401430.0_2025_10_1,1,1,first,Re-Check,rc_rebred,,,2,2
1/23/2026,,18577,,,398645,,Pregnancy Test - Milk,1.502,291,18577.0398645.0,1/23/2026,2025,7/24/2025,183,18577.0398645.0_2025_7,1,2,last,Pregnant,Pregnant,,,2,2
10/2/2025,,18577,,,398645,,Pregnancy Test - Milk,0.732,178,18577.0398645.0,10/2/2025,2025,7/24/2025,70,18577.0398645.0_2025_7,1,1,first,Pregnant,Pregnant,,,2,2
2/13/2026,,18577,,,401430,,Pregnancy Test - Milk,0.055,120,18577.0401430.0,2/13/2026,2025,12/25/2025,50,18577.0401430.0_2025_12,1,1,first,Open,Open,,,2,2
4/16/2026,,18577,,,401430,,Pregnancy Test - Milk,0.592,183,18577.0401430.0,4/16/2026,2026,3/10/2026,37,18577.0401430.0_2026_3,2,1,first,Pregnant,Pregnant,,,2,2
5/21/2026,,18577,,,401430,,Pregnancy Test - Milk,0.349,217,18577.0401430.0,5/21/2026,2026,3/10/2026,71,18577.0401430.0_2026_3,2,2,last,Pregnant,Pregnant,,,2,2
1/29/2026,,18580,,,398645,,Pregnancy Test - Milk,2.727,288,18580.0398645.0,1/29/2026,2025,9/2/2025,149,18580.0398645.0_2025_9,1,2,last,Pregnant,Pregnant,,,2,2
10/9/2025,,18580,,,398645,,Pregnancy Test - Milk,0.636,175,18580.0398645.0,10/9/2025,2025,9/2/2025,37,18580.0398645.0_2025_9,1,1,first,Pregnant,Pregnant,,,2,2
1/15/2026,,18580,,,401430,,Pregnancy Test - Milk,1.335,186,18580.0401430.0,1/15/2026,2025,12/10/2025,36,18580.0401430.0_2025_12,1,1,first,Pregnant,Pregnant,,,2,2
2/20/2026,,18580,,,401430,,Pregnancy Test - Milk,0.927,222,18580.0401430.0,2/20/2026,2025,12/10/2025,72,18580.0401430.0_2025_12,1,2,last,Pregnant,Pregnant,,,2,2
8/21/2025,,18589,,,398645,,Pregnancy Test - Milk,2.748,268,18589.0398645.0,8/21/2025,2025,2/20/2025,182,18589.0398645.0_2025_2,1,1,first,Pregnant,Pregnant,,,2,2
2/26/2026,,18589,,,401430,,Pregnancy Test - Milk,1.577,99,18589.0401430.0,2/26/2026,2026,1/22/2026,35,18589.0401430.0_2026_1,1,1,first,Pregnant,Pregnant,,,2,2
4/9/2026,,18589,,,401430,,Pregnancy Test - Milk,1.026,141,18589.0401430.0,4/9/2026,2026,1/22/2026,77,18589.0401430.0_2026_1,1,2,last,Pregnant,Pregnant,,,2,2
7/24/2025,,18592,,,398645,,Pregnancy Test - Milk,0.267,135,18592.0398645.0,7/24/2025,2025,5/13/2025,72,18592.0398645.0_2025_5,1,1,first,Pregnant,Pregnant,,,2,2
11/6/2025,,18592,,,401430,,Pregnancy Test - Milk,1.386,107,18592.0401430.0,11/6/2025,2025,10/2/2025,35,18592.0401430.0_2025_10,1,1,first,Pregnant,Pregnant,,,2,2
12/18/2025,,18592,,,401430,,Pregnancy Test - Milk,0.556,149,18592.0401430.0,12/18/2025,2025,10/2/2025,77,18592.0401430.0_2025_10,1,2,last,Pregnant,Pregnant,,,2,2
5/29/2025,,18593,,,398645,,Pregnancy Test - Milk,0.289,152,18593.0398645.0,5/29/2025,2025,3/19/2025,71,18593.0398645.0_2025_3,1,1,first,Pregnant,Pregnant,,,2,2
9/18/2025,,18593,,,398645,,Pregnancy Test - Milk,1.464,264,18593.0398645.0,9/18/2025,2025,3/19/2025,183,18593.0398645.0_2025_3,1,2,last,Pregnant,Pregnant,,,2,2
3/12/2026,,18593,,,401430,,Pregnancy Test - Milk,-0.033,201,18593.0401430.0,3/12/2026,2026,1/31/2026,40,18593.0401430.0_2026_1,1,1,first,Open,Open,,,2,2
10/30/2025,,18605,,,398645,,Pregnancy Test - Milk,0.453,279,18605.0398645.0,10/30/2025,2025,9/23/2025,37,18605.0398645.0_2025_9,1,1,first,Pregnant,Pregnant,,,2,2
2/19/2026,,18605,,,398645,,Pregnancy Test - Milk,POS,391,18605.0398645.0,2/19/2026,2025,9/23/2025,149,18605.0398645.0_2025_9,1,2,last,Pregnant,Pregnant,,,2,2
1/2/2026,,18605,,,401430,,Pregnancy Test - Milk,0.583,121,18605.0401430.0,1/2/2026,2025,11/22/2025,41,18605.0401430.0_2025_11,1,1,first,Pregnant,Pregnant,,,2,2
2/13/2026,,18605,,,401430,,Pregnancy Test - Milk,0.522,162,18605.0401430.0,2/13/2026,2025,11/22/2025,82,18605.0401430.0_2025_11,1,2,last,Pregnant,Pregnant,,,2,2
12/4/2025,,18611,,,398645,,Pregnancy Test - Milk,1.743,312,18611.0398645.0,12/4/2025,2025,6/7/2025,180,18611.0398645.0_2025_6,1,1,first,Pregnant,Pregnant,,,2,2
1/15/2026,,18611,,,401430,,Pregnancy Test - Milk,1.058,172,18611.0401430.0,1/15/2026,2025,10/31/2025,76,18611.0401430.0_2025_10,1,2,last,Pregnant,Pregnant,,,2,2
12/11/2025,,18611,,,401430,,Pregnancy Test - Milk,0.988,137,18611.0401430.0,12/11/2025,2025,10/31/2025,41,18611.0401430.0_2025_10,1,1,first,Pregnant,Pregnant,,,2,2
10/23/2025,,18615,,,398645,,Pregnancy Test - Milk,0.354,211,18615.0398645.0,10/23/2025,2025,8/17/2025,67,18615.0398645.0_2025_8,1,1,first,Pregnant,Pregnant,,,2,2
10/23/2025,,18615,,,401430,,Pregnancy Test - Milk,0.538,140,18615.0401430.0,10/23/2025,2025,9/4/2025,49,18615.0401430.0_2025_9,1,1,first,Pregnant,Pregnant,,,2,2
11/20/2025,,18615,,,401430,,Pregnancy Test - Milk,0.333,168,18615.0401430.0,11/20/2025,2025,9/4/2025,77,18615.0401430.0_2025_9,1,2,last,Pregnant,Pregnant,,,2,2
7/17/2025,,18620,,,398645,,Pregnancy Test - Milk,0.469,282,18620.0398645.0,7/17/2025,2025,5/6/2025,72,18620.0398645.0_2025_5,1,1,first,Pregnant,Pregnant,,,2,2
3/12/2026,,18620,,,401430,,Pregnancy Test - Milk,-0.017,97,18620.0401430.0,3/12/2026,2026,2/3/2026,37,18620.0401430.0_2026_2,1,1,first,Open,Open,,,2,2
5/7/2026,,18620,,,401430,,Pregnancy Test - Milk,0.76,153,18620.0401430.0,5/7/2026,2026,3/31/2026,37,18620.0401430.0_2026_3,2,1,first,Pregnant,Pregnant,,,2,2
10/2/2025,,18624,,,398645,,Pregnancy Test - Milk,2.455,299,18624.0398645.0,10/2/2025,2025,4/3/2025,182,18624.0398645.0_2025_4,1,1,first,Pregnant,Pregnant,,,2,2
10/16/2025,,18624,,,401430,,Pregnancy Test - Milk,0.428,143,18624.0401430.0,10/16/2025,2025,8/7/2025,70,18624.0401430.0_2025_8,1,2,last,Pregnant,Pregnant,,,2,2
9/11/2025,,18624,,,401430,,Pregnancy Test - Milk,1.064,108,18624.0401430.0,9/11/2025,2025,8/7/2025,35,18624.0401430.0_2025_8,1,1,first,Pregnant,Pregnant,,,2,2
7/24/2025,,18627,,,398645,,Pregnancy Test - Milk,1.811,250,18627.0398645.0,7/24/2025,2025,1/24/2025,181,18627.0398645.0_2025_1,1,1,first,Pregnant,Pregnant,,,2,2
1/22/2026,,18627,,,401430,,Pregnancy Test - Milk,0.291,147,18627.0401430.0,1/22/2026,2025,11/6/2025,77,18627.0401430.0_2025_11,1,2,last,Pregnant,Pregnant,,,2,2
12/11/2025,,18627,,,401430,,Pregnancy Test - Milk,1.434,105,18627.0401430.0,12/11/2025,2025,11/6/2025,35,18627.0401430.0_2025_11,1,1,first,Pregnant,Pregnant,,,2,2
8/21/2025,,18638,,,398645,,Pregnancy Test - Milk,1.583,270,18638.0398645.0,8/21/2025,2025,1/21/2025,212,18638.0398645.0_2025_1,1,1,first,Pregnant,Pregnant,,,2,2
10/2/2025,,18638,,,401430,,Pregnancy Test - Milk,0.77,107,18638.0401430.0,10/2/2025,2025,8/28/2025,35,18638.0401430.0_2025_8,1,1,first,Pregnant,Pregnant,,,2,2
11/13/2025,,18638,,,401430,,Pregnancy Test - Milk,1.177,149,18638.0401430.0,11/13/2025,2025,8/28/2025,77,18638.0401430.0_2025_8,1,2,last,Pregnant,Pregnant,,,2,2
7/31/2025,,18640,,,398645,,Pregnancy Test - Milk,0.173,237,18640.0398645.0,7/31/2025,2025,5/22/2025,70,18640.0398645.0_2025_5,1,1,first,Re-Check,rc_unresolved,,,2,2
1/22/2026,,18640,,,401430,,Pregnancy Test - Milk,1.733,196,18640.0401430.0,1/22/2026,2025,11/6/2025,77,18640.0401430.0_2025_11,2,2,last,Pregnant,Pregnant,,,2,2
10/23/2025,,18640,,,401430,,Pregnancy Test - Milk,0.038,105,18640.0401430.0,10/23/2025,2025,9/18/2025,35,18640.0401430.0_2025_9,1,1,first,Open,Open,,,2,2
12/11/2025,,18640,,,401430,,Pregnancy Test - Milk,1.408,154,18640.0401430.0,12/11/2025,2025,11/6/2025,35,18640.0401430.0_2025_11,2,1,first,Pregnant,Pregnant,,,2,2
1/29/2026,,18647,,,398645,,Pregnancy Test - Milk,0.826,252,18647.0398645.0,1/29/2026,2025,11/16/2025,74,18647.0398645.0_2025_11,1,1,first,Pregnant,Pregnant,,,2,2
5/21/2026,,18647,,,398645,,Pregnancy Test - Milk,2.21,364,18647.0398645.0,5/21/2026,2025,11/16/2025,186,18647.0398645.0_2025_11,1,2,last,Pregnant,Pregnant,,,2,2
10/23/2025,,18647,,,401430,,Pregnancy Test - Milk,1.525,118,18647.0401430.0,10/23/2025,2025,9/11/2025,42,18647.0401430.0_2025_9_2,2,1,first,Pregnant,Pregnant,,,2,2
11/27/2025,,18647,,,401430,,Pregnancy Test - Milk,0.964,157,18647.0401430.0,11/27/2025,2025,9/7/2025,81,18647.0401430.0_2025_9_1,1,1,first,Pregnant,preg_loss_rebred,,,2,2
1/23/2026,,18650,,,398645,,Pregnancy Test - Milk,1.188,272,18650.0398645.0,1/23/2026,2025,7/25/2025,182,18650.0398645.0_2025_7,1,2,last,Pregnant,Pregnant,,,2,2
10/2/2025,,18650,,,398645,,Pregnancy Test - Milk,0.269,159,18650.0398645.0,10/2/2025,2025,7/25/2025,69,18650.0398645.0_2025_7,1,1,first,Pregnant,Pregnant,,,2,2
1/15/2026,,18650,,,401430,,Pregnancy Test - Milk,0.754,205,18650.0401430.0,1/15/2026,2025,12/8/2025,38,18650.0401430.0_2025_12,2,1,first,Pregnant,Pregnant,,,2,2
10/9/2025,,18650,,,401430,,Pregnancy Test - Milk,1.004,107,18650.0401430.0,10/9/2025,2025,9/4/2025,35,18650.0401430.0_2025_9,1,1,first,Pregnant,preg_loss_rebred,,,2,2
2/20/2026,,18650,,,401430,,Pregnancy Test - Milk,0.671,241,18650.0401430.0,2/20/2026,2025,12/8/2025,74,18650.0401430.0_2025_12,2,2,last,Pregnant,Pregnant,,,2,2
11/6/2025,,18653,,,398645,,Pregnancy Test - Milk,0.358,213,18653.0398645.0,11/6/2025,2025,8/24/2025,74,18653.0398645.0_2025_8,1,1,first,Pregnant,Pregnant,,,2,2
10/2/2025,,18653,,,401430,,Pregnancy Test - Milk,1.237,108,18653.0401430.0,10/2/2025,2025,8/28/2025,35,18653.0401430.0_2025_8,1,1,first,Pregnant,Pregnant,,,2,2
11/13/2025,,18653,,,401430,,Pregnancy Test - Milk,0.58,150,18653.0401430.0,11/13/2025,2025,8/28/2025,77,18653.0401430.0_2025_8,1,2,last,Pregnant,Pregnant,,,2,2
10/23/2025,,18663,,,398645,,Pregnancy Test - Milk,2.823,304,18663.0398645.0,10/23/2025,2025,4/21/2025,185,18663.0398645.0_2025_4,1,2,last,Pregnant,Pregnant,,,2,2
6/26/2025,,18663,,,398645,,Pregnancy Test - Milk,0.53,185,18663.0398645.0,6/26/2025,2025,4/21/2025,66,18663.0398645.0_2025_4,1,1,first,Pregnant,Pregnant,,,2,2
1/2/2026,,18663,,,401430,,Pregnancy Test - Milk,0.772,105,18663.0401430.0,1/2/2026,2025,11/26/2025,37,18663.0401430.0_2025_11,1,1,first,Pregnant,Pregnant,,,2,2
2/20/2026,,18663,,,401430,,Pregnancy Test - Milk,0.622,153,18663.0401430.0,2/20/2026,2025,11/26/2025,85,18663.0401430.0_2025_11,1,2,last,Pregnant,Pregnant,,,2,2
12/25/2025,,18665,,,398645,,Pregnancy Test - Milk,1.567,309,18665.0398645.0,12/25/2025,2025,3/24/2025,276,18665.0398645.0_2025_3,1,2,last,Pregnant,Pregnant,,,2,2
9/4/2025,,18665,,,398645,,Pregnancy Test - Milk,0.467,197,18665.0398645.0,9/4/2025,2025,3/24/2025,164,18665.0398645.0_2025_3,1,1,first,Pregnant,Pregnant,,,2,2
10/9/2025,,18665,,,401430,,Pregnancy Test - Milk,0.047,107,18665.0401430.0,10/9/2025,2025,9/4/2025,35,18665.0401430.0_2025_9,1,1,first,Open,Open,,,2,2
2/13/2026,,18665,,,401430,,Pregnancy Test - Milk,1.443,234,18665.0401430.0,2/13/2026,2025,12/29/2025,46,18665.0401430.0_2025_12,2,1,first,Pregnant,Pregnant,,,2,2
3/12/2026,,18665,,,401430,,Pregnancy Test - Milk,1.754,261,18665.0401430.0,3/12/2026,2025,12/29/2025,73,18665.0401430.0_2025_12,2,2,last,Pregnant,Pregnant,,,2,2
9/4/2025,,18667,,,398645,,Pregnancy Test - Milk,0.893,182,18667.0398645.0,9/4/2025,2025,6/30/2025,66,18667.0398645.0_2025_6,1,1,first,Pregnant,Pregnant,,,2,2
1/15/2026,,18667,,,401430,,Pregnancy Test - Milk,-0.006,149,18667.0401430.0,1/15/2026,2025,10/30/2025,77,18667.0401430.0_2025_10,1,2,last,Open,loss,,,2,2
12/4/2025,,18667,,,401430,,Pregnancy Test - Milk,1.44,107,18667.0401430.0,12/4/2025,2025,10/30/2025,35,18667.0401430.0_2025_10,1,1,first,Pregnant,loss,,,2,2
3/12/2026,,18667,,,401430,,Pregnancy Test - Milk,1.025,205,18667.0401430.0,3/12/2026,2026,2/5/2026,35,18667.0401430.0_2026_2,2,1,first,Pregnant,Pregnant,,,2,2
4/23/2026,,18667,,,401430,,Pregnancy Test - Milk,0.712,247,18667.0401430.0,4/23/2026,2026,2/5/2026,77,18667.0401430.0_2026_2,2,2,last,Pregnant,Pregnant,,,2,2
5/29/2025,,18670,,,398645,,Pregnancy Test - Milk,0.476,172,18670.0398645.0,5/29/2025,2025,3/24/2025,66,18670.0398645.0_2025_3,1,1,first,Pregnant,Pregnant,,,2,2
9/25/2025,,18670,,,398645,,Pregnancy Test - Milk,2.562,291,18670.0398645.0,9/25/2025,2025,3/24/2025,185,18670.0398645.0_2025_3,1,2,last,Pregnant,Pregnant,,,2,2
1/2/2026,,18670,,,401430,,Pregnancy Test - Milk,0.499,212,18670.0401430.0,1/2/2026,2025,11/24/2025,39,18670.0401430.0_2025_11,2,1,first,Pregnant,Pregnant,,,2,2
2/5/2026,,18670,,,401430,,Pregnancy Test - Milk,0.581,245,18670.0401430.0,2/5/2026,2025,11/24/2025,72,18670.0401430.0_2025_11,2,2,last,Pregnant,Pregnant,,,2,2
9/19/2025,,18670,,,401430,,Pregnancy Test - Milk,0.875,106,18670.0401430.0,9/19/2025,2025,8/14/2025,36,18670.0401430.0_2025_8,1,1,first,Pregnant,preg_loss_rebred,,,2,2
11/20/2025,,18673,,,398645,,Pregnancy Test - Milk,POS,318,18673.0398645.0,11/20/2025,2025,5/22/2025,182,18673.0398645.0_2025_5,1,2,last,Pregnant,Pregnant,,,2,2
7/31/2025,,18673,,,398645,,Pregnancy Test - Milk,1.458,206,18673.0398645.0,7/31/2025,2025,5/22/2025,70,18673.0398645.0_2025_5,1,1,first,Pregnant,Pregnant,,,2,2
2/20/2026,,18673,,,401430,,Pregnancy Test - Milk,0.043,141,18673.0401430.0,2/20/2026,2026,1/14/2026,37,18673.0401430.0_2026_1,1,1,first,Open,Open,,,2,2
5/7/2026,,18673,,,401430,,Pregnancy Test - Milk,0.437,217,18673.0401430.0,5/7/2026,2026,3/28/2026,40,18673.0401430.0_2026_3,2,1,first,Pregnant,Pregnant,,,2,2
10/30/2025,,18675,,,398645,,Pregnancy Test - Milk,1.465,253,18675.0398645.0,10/30/2025,2025,5/1/2025,182,18675.0398645.0_2025_5,1,1,first,Pregnant,Pregnant,,,2,2
1/8/2026,,18675,,,401430,,Pregnancy Test - Milk,0.784,172,18675.0401430.0,1/8/2026,2025,10/24/2025,76,18675.0401430.0_2025_10,1,2,last,Pregnant,Pregnant,,,2,2
12/4/2025,,18675,,,401430,,Pregnancy Test - Milk,0.838,137,18675.0401430.0,12/4/2025,2025,10/24/2025,41,18675.0401430.0_2025_10,1,1,first,Pregnant,Pregnant,,,2,2
6/26/2025,,18677,,,398645,,Pregnancy Test - Milk,0.845,199,18677.0398645.0,6/26/2025,2025,3/7/2025,111,18677.0398645.0_2025_3,1,1,first,Pregnant,Pregnant,,,2,2
6/4/2025,,18677,,,401430,,Pregnancy Test - Milk,1.024,351,18677.0401430.0,6/4/2025,2025,4/30/2025,35,18677.0401430.0_2025_4,1,1,first,Pregnant,preg_loss_rebred,,,2,2
7/10/2025,,18677,,,401430,,Pregnancy Test - Milk,0.112,386,18677.0401430.0,7/10/2025,2025,5/1/2025,70,18677.0401430.0_2025_5,2,1,first,Re-Check,rc_open,,,2,2
7/17/2025,,18677,,,401430,,Pregnancy Test - Milk,0.029,393,18677.0401430.0,7/17/2025,2025,5/1/2025,77,18677.0401430.0_2025_5,2,2,last,Open,rc_open,,,2,2
5/21/2026,,18681,,,398645,,Pregnancy Test - Milk,0.575,185,18681.0398645.0,5/21/2026,2026,3/10/2026,72,18681.0398645.0_2026_3,2,1,first,Pregnant,Pregnant,,,2,2
8/7/2025,,18681,,,398645,,Pregnancy Test - Milk,1.824,277,18681.0398645.0,8/7/2025,2025,2/2/2025,186,18681.0398645.0_2025_2,1,1,first,Pregnant,Pregnant,,,2,2
12/26/2025,,18681,,,401430,,Pregnancy Test - Milk,0.301,111,18681.0401430.0,12/26/2025,2025,11/20/2025,36,18681.0401430.0_2025_11,1,1,first,Pregnant,preg_loss_rebred,,,2,2
4/9/2026,,18681,,,401430,,Pregnancy Test - Milk,0.231,215,18681.0401430.0,4/9/2026,2026,2/28/2026,40,18681.0401430.0_2026_2,2,1,first,Re-Check,rc_rebred,,,2,2
5/21/2026,,18681,,,401430,,Pregnancy Test - Milk,0.647,257,18681.0401430.0,5/21/2026,2026,4/10/2026,41,18681.0401430.0_2026_4,3,1,first,Pregnant,Pregnant,,,2,2
2/5/2026,,18688,,,398645,,Pregnancy Test - Milk,0.888,302,18688.0398645.0,2/5/2026,2025,11/30/2025,67,18688.0398645.0_2025_11,1,1,first,Pregnant,Pregnant,,,2,2
1/2/2026,,18688,,,401430,,Pregnancy Test - Milk,0.549,101,18688.0401430.0,1/2/2026,2025,11/27/2025,36,18688.0401430.0_2025_11,1,1,first,Pregnant,Pregnant,,,2,2
2/13/2026,,18688,,,401430,,Pregnancy Test - Milk,0.46,143,18688.0401430.0,2/13/2026,2025,11/27/2025,78,18688.0401430.0_2025_11,1,2,last,Pregnant,Pregnant,,,2,2
9/4/2025,,18689,,,398645,,Pregnancy Test - Milk,POS,266,18689.0398645.0,9/4/2025,2025,1/30/2025,217,18689.0398645.0_2025_1,1,1,first,Pregnant,Pregnant,,,2,2
1/2/2026,,18689,,,401430,,Pregnancy Test - Milk,0.53,236,18689.0401430.0,1/2/2026,2025,10/4/2025,90,18689.0401430.0_2025_10,1,3,last,Pregnant,Pregant_with_rc,,,2,2
11/14/2025,,18689,,,401430,,Pregnancy Test - Milk,0.31,187,18689.0401430.0,11/14/2025,2025,10/4/2025,41,18689.0401430.0_2025_10,1,1,first,Pregnant,Pregant_with_rc,,,2,2
12/26/2025,,18689,,,401430,,Pregnancy Test - Milk,0.225,229,18689.0401430.0,12/26/2025,2025,10/4/2025,83,18689.0401430.0_2025_10,1,2,intermediate,Re-Check,Pregant_with_rc,,,2,2
11/20/2025,,18697,,,398645,,Pregnancy Test - Milk,1.617,168,18697.0398645.0,11/20/2025,2025,9/12/2025,69,18697.0398645.0_2025_9,1,1,first,Pregnant,Pregnant,,,2,2
3/19/2026,,18697,,,398645,,Pregnancy Test - Milk,2.201,287,18697.0398645.0,3/19/2026,2025,9/12/2025,188,18697.0398645.0_2025_9,1,2,last,Pregnant,Pregnant,,,2,2
1/30/2026,,18697,,,401430,,Pregnancy Test - Milk,0.219,175,18697.0401430.0,1/30/2026,2025,11/12/2025,79,18697.0401430.0_2025_11,1,2,intermediate,Re-Check,Pregant_with_rc,,,2,2
12/19/2025,,18697,,,401430,,Pregnancy Test - Milk,0.564,133,18697.0401430.0,12/19/2025,2025,11/12/2025,37,18697.0401430.0_2025_11,1,1,first,Pregnant,Pregant_with_rc,,,2,2
2/6/2026,,18697,,,401430,,Pregnancy Test - Milk,0.536,182,18697.0401430.0,2/6/2026,2025,11/12/2025,86,18697.0401430.0_2025_11,1,3,last,Pregnant,Pregant_with_rc,,,2,2
5/29/2025,,18708,,,398645,,Pregnancy Test - Milk,0.417,167,18708.0398645.0,5/29/2025,2025,4/22/2025,37,18708.0398645.0_2025_4,1,1,first,Pregnant,Pregnant,,,2,2
9/18/2025,,18708,,,398645,,Pregnancy Test - Milk,1.471,279,18708.0398645.0,9/18/2025,2025,4/22/2025,149,18708.0398645.0_2025_4,1,2,last,Pregnant,Pregnant,,,2,2
5/30/2025,,18708,,,401430,,Pregnancy Test - Milk,-0.005,256,18708.0401430.0,5/30/2025,2025,4/24/2025,36,18708.0401430.0_2025_4,1,1,first,Open,Open,,,2,2
7/18/2025,,18708,,,401430,,Pregnancy Test - Milk,0.096,305,18708.0401430.0,7/18/2025,2025,6/12/2025,36,18708.0401430.0_2025_6,2,1,first,Open,Open,,,2,2
10/9/2025,,18715,,,398645,,Pregnancy Test - Milk,POS,301,18715.0398645.0,10/9/2025,2025,4/3/2025,189,18715.0398645.0_2025_4,1,1,first,Pregnant,Pregnant,,,2,2
5/21/2026,,18715,,,398645,,Pregnancy Test - Milk,0.549,127,18715.0398645.0,5/21/2026,2026,3/14/2026,68,18715.0398645.0_2026_3,2,1,first,Pregnant,Pregnant,,,2,2
11/26/2025,,18715,,,401430,,Pregnancy Test - Milk,0.536,143,18715.0401430.0,11/26/2025,2025,10/18/2025,39,18715.0401430.0_2025_10_2,2,1,first,Pregnant,Pregnant,,,2,2
12/31/2025,,18715,,,401430,,Pregnancy Test - Milk,0.433,181,18715.0401430.0,12/31/2025,2025,10/15/2025,77,18715.0401430.0_2025_10_1,1,1,first,Pregnant,preg_loss_rebred,,,2,2
1/1/2026,,18716,,,398645,,Pregnancy Test - Milk,0.354,285,18716.0398645.0,1/1/2026,2025,9/21/2025,102,18716.0398645.0_2025_9,1,1,first,Pregnant,Pregnant,,,2,2
4/23/2026,,18716,,,398645,,Pregnancy Test - Milk,1.668,397,18716.0398645.0,4/23/2026,2025,9/21/2025,214,18716.0398645.0_2025_9,1,2,last,Pregnant,Pregnant,,,2,2
6/19/2025,,18716,,,401430,,Pregnancy Test - Milk,1.117,303,18716.0401430.0,6/19/2025,2025,5/7/2025,43,18716.0401430.0_2025_5_1,1,1,first,Pregnant,preg_loss_rebred,,,2,2
7/24/2025,,18716,,,401430,,Pregnancy Test - Milk,0.82,332,18716.0401430.0,7/24/2025,2025,5/13/2025,72,18716.0401430.0_2025_5_2,2,1,first,Pregnant,Pregnant,,,2,2
7/24/2025,,18725,,,398645,,Pregnancy Test - Milk,0.406,148,18725.0398645.0,7/24/2025,2025,5/4/2025,81,18725.0398645.0_2025_5,1,1,first,Pregnant,Pregnant,,,2,2
11/20/2025,,18725,,,401430,,Pregnancy Test - Milk,1.542,110,18725.0401430.0,11/20/2025,2025,10/16/2025,35,18725.0401430.0_2025_10_2,2,1,first,Pregnant,Pregnant,,,2,2
12/23/2025,,18725,,,401430,,Pregnancy Test - Milk,0.544,143,18725.0401430.0,12/23/2025,2025,10/16/2025,68,18725.0401430.0_2025_10_2,2,2,last,Pregnant,Pregnant,,,2,2
12/31/2025,,18725,,,401430,,Pregnancy Test - Milk,0.661,154,18725.0401430.0,12/31/2025,2025,10/13/2025,79,18725.0401430.0_2025_10_1,1,1,first,Pregnant,preg_loss_rebred,,,2,2
1/29/2026,,18744,,,398645,,Pregnancy Test - Milk,0.617,132,18744.0398645.0,1/29/2026,2025,11/21/2025,69,18744.0398645.0_2025_11,1,1,first,Pregnant,Pregnant,,,2,2
10/23/2025,,18744,,,401430,,Pregnancy Test - Milk,1.55,110,18744.0401430.0,10/23/2025,2025,9/18/2025,35,18744.0401430.0_2025_9,1,1,first,Pregnant,Pregnant,,,2,2
11/26/2025,,18744,,,401430,,Pregnancy Test - Milk,0.904,144,18744.0401430.0,11/26/2025,2025,9/18/2025,69,18744.0401430.0_2025_9,1,2,last,Pregnant,Pregnant,,,2,2
4/2/2026,,18746,,,398645,,Pregnancy Test - Milk,POS,298,18746.0398645.0,4/2/2026,2025,10/1/2025,183,18746.0398645.0_2025_10,1,1,first,Pregnant,Pregnant,,,2,2
4/15/2026,,18746,,,401430,,Pregnancy Test - Milk,-0.004,105,18746.0401430.0,4/15/2026,2026,3/6/2026,40,18746.0401430.0_2026_3,2,1,first,Open,Open,,,2,2
6/19/2025,,18746,,,401430,,Pregnancy Test - Milk,0.551,285,18746.0401430.0,6/19/2025,2025,4/8/2025,72,18746.0401430.0_2025_4,1,1,first,Pregnant,Pregnant,,,2,2
10/30/2025,,18747,,,398645,,Pregnancy Test - Milk,0.209,284,18747.0398645.0,10/30/2025,2025,8/18/2025,73,18747.0398645.0_2025_8,1,1,first,Re-Check,rc_preg,,,2,2
2/19/2026,,18747,,,398645,,Pregnancy Test - Milk,1.714,396,18747.0398645.0,2/19/2026,2025,8/18/2025,185,18747.0398645.0_2025_8,1,2,last,Pregnant,rc_preg,,,2,2
11/6/2025,,18747,,,401430,,Pregnancy Test - Milk,1.624,159,18747.0401430.0,11/6/2025,2025,10/2/2025,35,18747.0401430.0_2025_10,2,1,first,Pregnant,Pregnant,,,2,2
12/18/2025,,18747,,,401430,,Pregnancy Test - Milk,0.616,201,18747.0401430.0,12/18/2025,2025,10/2/2025,77,18747.0401430.0_2025_10,2,2,last,Pregnant,Pregnant,,,2,2
9/19/2025,,18747,,,401430,,Pregnancy Test - Milk,2.237,111,18747.0401430.0,9/19/2025,2025,8/13/2025,37,18747.0401430.0_2025_8,1,1,first,Pregnant,preg_loss_rebred,,,2,2
11/27/2025,,18751,,,398645,,Pregnancy Test - Milk,0.299,165,18751.0398645.0,11/27/2025,2025,9/2/2025,86,18751.0398645.0_2025_9,1,1,first,Pregnant,Pregnant,,,2,2
3/26/2026,,18751,,,398645,,Pregnancy Test - Milk,2.527,283,18751.0398645.0,3/26/2026,2025,9/2/2025,205,18751.0398645.0_2025_9,1,2,last,Pregnant,Pregnant,,,2,2
2/20/2026,,18751,,,401430,,Pregnancy Test - Milk,0.052,152,18751.0401430.0,2/20/2026,2026,1/13/2026,38,18751.0401430.0_2026_1,1,1,first,Open,Open,,,2,2
7/31/2025,,18756,,,398645,,Pregnancy Test - Milk,0.391,189,18756.0398645.0,7/31/2025,2025,5/16/2025,76,18756.0398645.0_2025_5,1,1,first,Pregnant,Pregnant,,,2,2
10/30/2025,,18756,,,401430,,Pregnancy Test - Milk,0.792,105,18756.0401430.0,10/30/2025,2025,9/25/2025,35,18756.0401430.0_2025_9,1,1,first,Pregnant,Pregnant,,,2,2
12/11/2025,,18756,,,401430,,Pregnancy Test - Milk,0.467,147,18756.0401430.0,12/11/2025,2025,9/25/2025,77,18756.0401430.0_2025_9,1,2,last,Pregnant,Pregnant,,,2,2
11/6/2025,,18762,,,398645,,Pregnancy Test - Milk,0.635,240,18762.0398645.0,11/6/2025,2025,8/29/2025,69,18762.0398645.0_2025_8,1,1,first,Pregnant,Pregnant,,,2,2
3/5/2026,,18762,,,398645,,Pregnancy Test - Milk,POS,359,18762.0398645.0,3/5/2026,2025,8/29/2025,188,18762.0398645.0_2025_8,1,2,last,Pregnant,Pregnant,,,2,2
1/15/2026,,18762,,,401430,,Pregnancy Test - Milk,0.664,136,18762.0401430.0,1/15/2026,2025,12/6/2025,40,18762.0401430.0_2025_12,1,1,first,Pregnant,preg_loss_rebred,,,2,2
4/23/2026,,18762,,,401430,,Pregnancy Test - Milk,0.585,234,18762.0401430.0,4/23/2026,2026,3/17/2026,37,18762.0401430.0_2026_3,2,1,first,Pregnant,Pregnant,,,2,2
9/4/2025,,18765,,,398645,,Pregnancy Test - Milk,1.727,251,18765.0398645.0,9/4/2025,2025,3/5/2025,183,18765.0398645.0_2025_3,1,1,first,Pregnant,Pregnant,,,2,2
11/5/2025,,18765,,,401430,,Pregnancy Test - Milk,0.97,131,18765.0401430.0,11/5/2025,2025,10/2/2025,34,18765.0401430.0_2025_10,1,1,first,Pregnant,Pregnant,,,2,2
12/18/2025,,18765,,,401430,,Pregnancy Test - Milk,0.494,173,18765.0401430.0,12/18/2025,2025,10/2/2025,76,18765.0401430.0_2025_10,1,2,last,Pregnant,Pregnant,,,2,2
8/21/2025,,18770,,,398645,,Pregnancy Test - Milk,0.316,232,18770.0398645.0,8/21/2025,2025,6/13/2025,69,18770.0398645.0_2025_6,1,1,first,Pregnant,Pregnant,,,2,2
1/8/2026,,18770,,,401430,,Pregnancy Test - Milk,0.309,206,18770.0401430.0,1/8/2026,2025,10/26/2025,74,18770.0401430.0_2025_10,2,2,last,Pregnant,Pregnant,,,2,2
10/2/2025,,18770,,,401430,,Pregnancy Test - Milk,0.696,108,18770.0401430.0,10/2/2025,2025,8/28/2025,35,18770.0401430.0_2025_8,1,1,first,Pregnant,preg_loss_rebred,,,2,2
12/4/2025,,18770,,,401430,,Pregnancy Test - Milk,0.502,171,18770.0401430.0,12/4/2025,2025,10/26/2025,39,18770.0401430.0_2025_10,2,1,first,Pregnant,Pregnant,,,2,2
7/31/2025,,18773,,,398645,,Pregnancy Test - Milk,0.649,183,18773.0398645.0,7/31/2025,2025,5/25/2025,67,18773.0398645.0_2025_5,1,1,first,Pregnant,Pregnant,,,2,2
11/20/2025,,18773,,,401430,,Pregnancy Test - Milk,1.485,106,18773.0401430.0,11/20/2025,2025,10/16/2025,35,18773.0401430.0_2025_10,1,1,first,Pregnant,Pregnant,,,2,2
12/26/2025,,18773,,,401430,,Pregnancy Test - Milk,0.273,142,18773.0401430.0,12/26/2025,2025,10/16/2025,71,18773.0401430.0_2025_10,1,2,last,Pregnant,Pregnant,,,2,2
8/21/2025,,18777,,,398645,,Pregnancy Test - Milk,0.369,149,18777.0398645.0,8/21/2025,2025,5/27/2025,86,18777.0398645.0_2025_5,1,1,first,Pregnant,Pregnant,,,2,2
3/12/2026,,18777,,,401430,,Pregnancy Test - Milk,0.864,197,18777.0401430.0,3/12/2026,2026,2/1/2026,38,18777.0401430.0_2026_2,1,1,first,Pregnant,Pregant_with_rc,,,2,2
4/16/2026,,18777,,,401430,,Pregnancy Test - Milk,0.24,233,18777.0401430.0,4/16/2026,2026,2/1/2026,74,18777.0401430.0_2026_2,1,2,intermediate,Re-Check,Pregant_with_rc,,,2,2
4/23/2026,,18777,,,401430,,Pregnancy Test - Milk,0.476,239,18777.0401430.0,4/23/2026,2026,2/1/2026,80,18777.0401430.0_2026_2,1,3,last,Pregnant,Pregant_with_rc,,,2,2
10/9/2025,,18782,,,398645,,Pregnancy Test - Milk,1.975,288,18782.0398645.0,10/9/2025,2025,4/6/2025,186,18782.0398645.0_2025_4,1,1,first,Pregnant,Pregnant,,,2,2
7/10/2025,,18782,,,401430,,Pregnancy Test - Milk,0.003,364,18782.0401430.0,7/10/2025,2025,4/25/2025,76,18782.0401430.0_2025_4,1,1,first,Open,Open,,,2,2
1/1/2026,,18784,,,398645,,Pregnancy Test - Milk,2.127,364,18784.0398645.0,1/1/2026,2025,7/4/2025,181,18784.0398645.0_2025_7,2,1,first,Pregnant,Pregnant,,,2,2
5/29/2025,,18784,,,398645,,Pregnancy Test - Milk,0.019,147,18784.0398645.0,5/29/2025,2025,3/19/2025,71,18784.0398645.0_2025_3,1,1,first,Open,Open,,,2,2
10/2/2025,,18784,,,401430,,Pregnancy Test - Milk,1.003,111,18784.0401430.0,10/2/2025,2025,8/28/2025,35,18784.0401430.0_2025_8,1,1,first,Pregnant,Pregnant,,,2,2
11/13/2025,,18784,,,401430,,Pregnancy Test - Milk,0.661,153,18784.0401430.0,11/13/2025,2025,8/28/2025,77,18784.0401430.0_2025_8,1,2,last,Pregnant,Pregnant,,,2,2
1/1/2026,,18800,,,398645,,Pregnancy Test - Milk,1.993,334,18800.0398645.0,1/1/2026,2025,6/28/2025,187,18800.0398645.0_2025_6,1,2,last,Pregnant,Pregnant,,,2,2
9/4/2025,,18800,,,398645,,Pregnancy Test - Milk,0.477,215,18800.0398645.0,9/4/2025,2025,6/28/2025,68,18800.0398645.0_2025_6,1,1,first,Pregnant,Pregnant,,,2,2
10/16/2025,,18800,,,401430,,Pregnancy Test - Milk,0.936,138,18800.0401430.0,10/16/2025,2025,9/6/2025,40,18800.0401430.0_2025_9,1,1,first,Pregnant,Pregnant,,,2,2
11/20/2025,,18800,,,401430,,Pregnancy Test - Milk,0.67,173,18800.0401430.0,11/20/2025,2025,9/6/2025,75,18800.0401430.0_2025_9,1,2,last,Pregnant,Pregnant,,,2,2
10/2/2025,,18801,,,398645,,Pregnancy Test - Milk,POS,280,18801.0398645.0,10/2/2025,2025,3/31/2025,185,18801.0398645.0_2025_3,1,2,last,Pregnant,Pregnant,,,2,2
6/5/2025,,18801,,,398645,,Pregnancy Test - Milk,0.442,161,18801.0398645.0,6/5/2025,2025,3/31/2025,66,18801.0398645.0_2025_3,1,1,first,Pregnant,Pregnant,,,2,2
1/30/2026,,18801,,,401430,,Pregnancy Test - Milk,0.279,148,18801.0401430.0,1/30/2026,2025,12/21/2025,40,18801.0401430.0_2025_12,1,1,first,Pregnant,rc_preg_loss_rebred,,,2,2
2/5/2026,,18801,,,401430,,Pregnancy Test - Milk,0.164,153,18801.0401430.0,2/5/2026,2025,12/21/2025,45,18801.0401430.0_2025_12,1,2,last,Re-Check,rc_preg_loss_rebred,,,2,2
3/19/2026,,18801,,,401430,,Pregnancy Test - Milk,0.884,195,18801.0401430.0,3/19/2026,2026,2/8/2026,39,18801.0401430.0_2026_2,2,1,first,Pregnant,Pregnant,,,2,2
4/23/2026,,18801,,,401430,,Pregnancy Test - Milk,0.372,230,18801.0401430.0,4/23/2026,2026,2/8/2026,74,18801.0401430.0_2026_2,2,2,last,Pregnant,Pregnant,,,2,2
1/1/2026,,18804,,,398645,,Pregnancy Test - Milk,POS,344,18804.0398645.0,1/1/2026,2025,7/2/2025,183,18804.0398645.0_2025_7,1,1,first,Pregnant,Pregnant,,,2,2
11/5/2025,,18804,,,401430,,Pregnancy Test - Milk,0.808,126,18804.0401430.0,11/5/2025,2025,10/2/2025,34,18804.0401430.0_2025_10,1,1,first,Pregnant,Pregnant,,,2,2
12/18/2025,,18804,,,401430,,Pregnancy Test - Milk,0.27,168,18804.0401430.0,12/18/2025,2025,10/2/2025,76,18804.0401430.0_2025_10,1,2,last,Pregnant,Pregnant,,,2,2
10/2/2025,,18806,,,398645,,Pregnancy Test - Milk,0.546,225,18806.0398645.0,10/2/2025,2025,7/26/2025,68,18806.0398645.0_2025_7,1,1,first,Pregnant,Pregnant,,,2,2
10/30/2025,,18806,,,401430,,Pregnancy Test - Milk,0.872,109,18806.0401430.0,10/30/2025,2025,9/25/2025,35,18806.0401430.0_2025_9,1,1,first,Pregnant,Pregnant,,,2,2
12/11/2025,,18806,,,401430,,Pregnancy Test - Milk,0.46,151,18806.0401430.0,12/11/2025,2025,9/25/2025,77,18806.0401430.0_2025_9,1,2,last,Pregnant,Pregnant,,,2,2
9/25/2025,,18809,,,398645,,Pregnancy Test - Milk,0.183,256,18809.0398645.0,9/25/2025,2025,6/17/2025,100,18809.0398645.0_2025_6,1,1,first,Re-Check,rc_unresolved,,,2,2
1/16/2026,,18809,,,401430,,Pregnancy Test - Milk,0.495,159,18809.0401430.0,1/16/2026,2025,10/23/2025,85,18809.0401430.0_2025_10,1,3,last,Pregnant,Pregant_with_rc,,,2,2
1/9/2026,,18809,,,401430,,Pregnancy Test - Milk,0.208,152,18809.0401430.0,1/9/2026,2025,10/23/2025,78,18809.0401430.0_2025_10,1,2,intermediate,Re-Check,Pregant_with_rc,,,2,2
11/28/2025,,18809,,,401430,,Pregnancy Test - Milk,0.949,110,18809.0401430.0,11/28/2025,2025,10/23/2025,36,18809.0401430.0_2025_10,1,1,first,Pregnant,Pregant_with_rc,,,2,2
2/19/2026,,18817,,,398645,,Pregnancy Test - Milk,1.815,180,18817.0398645.0,2/19/2026,2026,1/9/2026,41,18817.0398645.0_2026_1,1,1,first,Pregnant,Pregnant,,,2,2
12/26/2025,,18817,,,401430,,Pregnancy Test - Milk,0.875,105,18817.0401430.0,12/26/2025,2025,11/20/2025,36,18817.0401430.0_2025_11,1,1,first,Pregnant,Pregnant,,,2,2
2/13/2026,,18817,,,401430,,Pregnancy Test - Milk,0.484,154,18817.0401430.0,2/13/2026,2025,11/20/2025,85,18817.0401430.0_2025_11,1,2,last,Pregnant,Pregnant,,,2,2
8/28/2025,,18819,,,398645,,Pregnancy Test - Milk,1.268,278,18819.0398645.0,8/28/2025,2025,2/25/2025,184,18819.0398645.0_2025_2,1,1,first,Pregnant,Pregnant,,,2,2
1/30/2026,,18819,,,401430,,Pregnancy Test - Milk,0.238,149,18819.0401430.0,1/30/2026,2025,11/13/2025,78,18819.0401430.0_2025_11,1,2,intermediate,Re-Check,Pregant_with_rc,,,2,2
12/19/2025,,18819,,,401430,,Pregnancy Test - Milk,0.839,107,18819.0401430.0,12/19/2025,2025,11/13/2025,36,18819.0401430.0_2025_11,1,1,first,Pregnant,Pregant_with_rc,,,2,2
2/6/2026,,18819,,,401430,,Pregnancy Test - Milk,0.692,156,18819.0401430.0,2/6/2026,2025,11/13/2025,85,18819.0401430.0_2025_11,1,3,last,Pregnant,Pregant_with_rc,,,2,2
5/7/2026,,18822,,,398645,,Pregnancy Test - Milk,0.257,146,18822.0398645.0,5/7/2026,2026,5/7/2026,0,18822.0398645.0_2026_5,2,1,first,Pregnant,Pregnant,,,2,2
9/4/2025,,18822,,,398645,,Pregnancy Test - Milk,1.968,251,18822.0398645.0,9/4/2025,2025,3/4/2025,184,18822.0398645.0_2025_3,1,1,first,Pregnant,Pregnant,,,2,2
1/8/2026,,18822,,,401430,,Pregnancy Test - Milk,1.05,104,18822.0401430.0,1/8/2026,2025,12/4/2025,35,18822.0401430.0_2025_12,1,1,first,Pregnant,Pregnant,,,2,2
2/26/2026,,18822,,,401430,,Pregnancy Test - Milk,0.506,153,18822.0401430.0,2/26/2026,2025,12/4/2025,84,18822.0401430.0_2025_12,1,2,last,Pregnant,Pregnant,,,2,2
11/20/2025,,18830,,,398645,,Pregnancy Test - Milk,POS,262,18830.0398645.0,11/20/2025,2025,5/12/2025,192,18830.0398645.0_2025_5,1,2,last,Pregnant,Pregnant,,,2,2
7/24/2025,,18830,,,398645,,Pregnancy Test - Milk,0.685,143,18830.0398645.0,7/24/2025,2025,5/12/2025,73,18830.0398645.0_2025_5,1,1,first,Pregnant,Pregnant,,,2,2
2/26/2026,,18830,,,401430,,Pregnancy Test - Milk,0.839,101,18830.0401430.0,2/26/2026,2026,1/22/2026,35,18830.0401430.0_2026_1,1,1,first,Pregnant,Pregnant,,,2,2
4/9/2026,,18830,,,401430,,Pregnancy Test - Milk,0.457,143,18830.0401430.0,4/9/2026,2026,1/22/2026,77,18830.0401430.0_2026_1,1,2,last,Pregnant,Pregnant,,,2,2
10/2/2025,,18835,,,398645,,Pregnancy Test - Milk,POS,280,18835.0398645.0,10/2/2025,2025,4/2/2025,183,18835.0398645.0_2025_4,1,1,first,Pregnant,Pregnant,,,2,2
3/19/2026,,18835,,,401430,,Pregnancy Test - Milk,1.42,91,18835.0401430.0,3/19/2026,2026,2/10/2026,37,18835.0401430.0_2026_2,2,1,first,Pregnant,Pregnant,,,2,2
4/23/2026,,18835,,,401430,,Pregnancy Test - Milk,0.42,126,18835.0401430.0,4/23/2026,2026,2/10/2026,72,18835.0401430.0_2026_2,2,2,last,Pregnant,Pregnant,,,2,2
5/29/2025,,18835,,,401430,,Pregnancy Test - Milk,0.782,325,18835.0401430.0,5/29/2025,2025,3/16/2025,74,18835.0401430.0_2025_3,1,1,first,Pregnant,Pregnant,,,2,2
5/29/2025,,18840,,,398645,,Pregnancy Test - Milk,0.329,152,18840.0398645.0,5/29/2025,2025,3/19/2025,71,18840.0398645.0_2025_3,1,1,first,Pregnant,Pregnant,,,2,2
9/18/2025,,18840,,,398645,,Pregnancy Test - Milk,1.31,264,18840.0398645.0,9/18/2025,2025,3/19/2025,183,18840.0398645.0_2025_3,1,2,last,Pregnant,Pregnant,,,2,2
10/2/2025,,18840,,,401430,,Pregnancy Test - Milk,1.067,105,18840.0401430.0,10/2/2025,2025,8/28/2025,35,18840.0401430.0_2025_8,1,1,first,Pregnant,Pregnant,,,2,2
11/13/2025,,18840,,,401430,,Pregnancy Test - Milk,0.98,147,18840.0401430.0,11/13/2025,2025,8/28/2025,77,18840.0401430.0_2025_8,1,2,last,Pregnant,Pregnant,,,2,2
6/26/2025,,18842,,,398645,,Pregnancy Test - Milk,0.371,162,18842.0398645.0,6/26/2025,2025,4/17/2025,70,18842.0398645.0_2025_4,1,1,first,Pregnant,Pregnant,,,2,2
3/6/2026,,18842,,,401430,,Pregnancy Test - Milk,0.687,134,18842.0401430.0,3/6/2026,2026,1/27/2026,38,18842.0401430.0_2026_1,1,1,first,Pregnant,Pregnant,,,2,2
4/17/2026,,18842,,,401430,,Pregnancy Test - Milk,0.477,176,18842.0401430.0,4/17/2026,2026,1/27/2026,80,18842.0401430.0_2026_1,1,2,last,Pregnant,Pregnant,,,2,2
4/30/2026,,18854,,,398645,,Pregnancy Test - Milk,0.24,141,18854.0398645.0,4/30/2026,2026,3/31/2026,30,18854.0398645.0_2026_3,2,1,first,Re-Check,rc_unresolved_>_1_bred,,,2,2
9/4/2025,,18854,,,398645,,Pregnancy Test - Milk,1.514,252,18854.0398645.0,9/4/2025,2025,3/4/2025,184,18854.0398645.0_2025_3,1,1,first,Pregnant,Pregnant,,,2,2
10/30/2025,,18854,,,401430,,Pregnancy Test - Milk,1.091,134,18854.0401430.0,10/30/2025,2025,9/20/2025,40,18854.0401430.0_2025_9,1,1,first,Pregnant,Pregnant,,,2,2
12/4/2025,,18854,,,401430,,Pregnancy Test - Milk,1.83,169,18854.0401430.0,12/4/2025,2025,9/20/2025,75,18854.0401430.0_2025_9,1,2,last,Pregnant,Pregnant,,,2,2
1/29/2026,,18861,,,398645,,Pregnancy Test - Milk,0.421,249,18861.0398645.0,1/29/2026,2025,11/22/2025,68,18861.0398645.0_2025_11,1,1,first,Pregnant,Pregnant,,,2,2
1/22/2026,,18861,,,401430,,Pregnancy Test - Milk,0.485,147,18861.0401430.0,1/22/2026,2025,11/6/2025,77,18861.0401430.0_2025_11,1,2,last,Pregnant,Pregnant,,,2,2
12/11/2025,,18861,,,401430,,Pregnancy Test - Milk,1.381,105,18861.0401430.0,12/11/2025,2025,11/6/2025,35,18861.0401430.0_2025_11,1,1,first,Pregnant,Pregnant,,,2,2
2/19/2026,,18868,,,398645,,Pregnancy Test - Milk,0.57,145,18868.0398645.0,2/19/2026,2025,12/5/2025,76,18868.0398645.0_2025_12,2,1,first,Pregnant,Pregnant,,,2,2
6/26/2025,,18868,,,398645,,Pregnancy Test - Milk,1.9,307,18868.0398645.0,6/26/2025,2025,1/28/2025,149,18868.0398645.0_2025_1,1,1,first,Pregnant,Pregnant,,,2,2
1/30/2026,,18868,,,401430,,Pregnancy Test - Milk,0.339,150,18868.0401430.0,1/30/2026,2025,11/12/2025,79,18868.0401430.0_2025_11,1,2,intermediate,Pregnant,Pregnant,,,2,2
12/18/2025,,18868,,,401430,,Pregnancy Test - Milk,1.667,106,18868.0401430.0,12/18/2025,2025,11/12/2025,35,18868.0401430.0_2025_11,1,1,first,Pregnant,Pregnant,,,2,2
2/5/2026,,18868,,,401430,,Pregnancy Test - Milk,0.645,155,18868.0401430.0,2/5/2026,2025,11/12/2025,84,18868.0401430.0_2025_11,1,3,last,Pregnant,Pregnant,,,2,2
10/23/2025,,18870,,,398645,,Pregnancy Test - Milk,1.116,260,18870.0398645.0,10/23/2025,2025,8/25/2025,59,18870.0398645.0_2025_8,2,1,first,Pregnant,Pregnant,,,2,2
7/3/2025,,18870,,,398645,,Pregnancy Test - Milk,0.272,148,18870.0398645.0,7/3/2025,2025,7/3/2025,0,18870.0398645.0_2025_7,1,1,first,Pregnant,preg_loss_rebred,,,2,2
1/15/2026,,18870,,,401430,,Pregnancy Test - Milk,0.217,102,18870.0401430.0,1/15/2026,2025,12/11/2025,35,18870.0401430.0_2025_12,1,1,first,Re-Check,rc_rebred,,,2,2
1/22/2026,,18870,,,401430,,Pregnancy Test - Milk,0.041,109,18870.0401430.0,1/22/2026,2026,1/21/2026,0,18870.0401430.0_2026_1,2,1,first,Open,open_to_preg,,,2,2
2/26/2026,,18870,,,401430,,Pregnancy Test - Milk,0.986,144,18870.0401430.0,2/26/2026,2026,1/21/2026,35,18870.0401430.0_2026_1,2,2,intermediate,Pregnant,open_to_preg,,,2,2
4/16/2026,,18870,,,401430,,Pregnancy Test - Milk,0.263,194,18870.0401430.0,4/16/2026,2026,1/21/2026,85,18870.0401430.0_2026_1,2,4,last,Pregnant,open_to_preg,,,2,2
4/9/2026,,18870,,,401430,,Pregnancy Test - Milk,0.125,186,18870.0401430.0,4/9/2026,2026,1/21/2026,77,18870.0401430.0_2026_1,2,3,intermediate,Re-Check,open_to_preg,,,2,2
5/29/2025,,18871,,,398645,,Pregnancy Test - Milk,0.67,141,18871.0398645.0,5/29/2025,2025,3/19/2025,71,18871.0398645.0_2025_3,1,1,first,Pregnant,Pregnant,,,2,2
9/18/2025,,18871,,,398645,,Pregnancy Test - Milk,2.59,253,18871.0398645.0,9/18/2025,2025,3/19/2025,183,18871.0398645.0_2025_3,1,2,last,Pregnant,Pregnant,,,2,2
5/29/2025,,18871,,,401430,,Pregnancy Test - Milk,0.442,216,18871.0401430.0,5/29/2025,2025,3/16/2025,74,18871.0401430.0_2025_3,1,1,first,Pregnant,Pregnant,,,2,2
10/9/2025,,18874,,,398645,,Pregnancy Test - Milk,0.3,181,18874.0398645.0,10/9/2025,2025,8/4/2025,66,18874.0398645.0_2025_8,1,1,first,Pregnant,Pregnant,,,2,2
1/2/2026,,18874,,,401430,,Pregnancy Test - Milk,0.373,144,18874.0401430.0,1/2/2026,2025,10/20/2025,74,18874.0401430.0_2025_10_2,2,1,first,Pregnant,Pregnant,,,2,2
11/27/2025,,18874,,,401430,,Pregnancy Test - Milk,0.795,111,18874.0401430.0,11/27/2025,2025,10/17/2025,41,18874.0401430.0_2025_10_1,1,1,first,Pregnant,preg_loss_rebred,,,2,2
11/27/2025,,18888,,,398645,,Pregnancy Test - Milk,2.276,346,18888.0398645.0,11/27/2025,2025,5/26/2025,185,18888.0398645.0_2025_5,1,2,last,Pregnant,Pregnant,,,2,2
7/31/2025,,18888,,,398645,,Pregnancy Test - Milk,2.193,226,18888.0398645.0,7/31/2025,2025,5/26/2025,66,18888.0398645.0_2025_5,1,1,first,Pregnant,Pregnant,,,2,2
1/16/2026,,18888,,,401430,,Pregnancy Test - Milk,0.117,102,18888.0401430.0,1/16/2026,2025,12/11/2025,36,18888.0401430.0_2025_12,1,1,first,Re-Check,rc_rebred,,,2,2
1/23/2026,,18888,,,401430,,Pregnancy Test - Milk,0.043,112,18888.0401430.0,1/23/2026,2026,1/22/2026,1,18888.0401430.0_2026_1_1,2,1,first,Open,Open,,,2,2
3/13/2026,,18888,,,401430,,Pregnancy Test - Milk,0.02,158,18888.0401430.0,3/13/2026,2026,1/25/2026,47,18888.0401430.0_2026_1_2,3,2,last,Open,rc_open,,,2,2
3/6/2026,,18888,,,401430,,Pregnancy Test - Milk,0.173,151,18888.0401430.0,3/6/2026,2026,1/25/2026,40,18888.0401430.0_2026_1_2,3,1,first,Re-Check,rc_open,,,2,2
5/22/2026,,18888,,,401430,,Pregnancy Test - Milk,0.442,228,18888.0401430.0,5/22/2026,2026,4/16/2026,36,18888.0401430.0_2026_4,4,1,first,Pregnant,Pregnant,,,2,2
12/4/2025,,18895,,,398645,,Pregnancy Test - Milk,1.503,299,18895.0398645.0,12/4/2025,2025,5/31/2025,187,18895.0398645.0_2025_5,1,2,last,Pregnant,Pregnant,,,2,2
8/7/2025,,18895,,,398645,,Pregnancy Test - Milk,0.434,180,18895.0398645.0,8/7/2025,2025,5/31/2025,68,18895.0398645.0_2025_5,1,1,first,Pregnant,Pregnant,,,2,2
6/13/2025,,18895,,,401430,,Pregnancy Test - Milk,0.813,265,18895.0401430.0,6/13/2025,2025,3/24/2025,81,18895.0401430.0_2025_3,1,1,first,Pregnant,Pregnant,,,2,2
10/2/2025,,18897,,,398645,,Pregnancy Test - Milk,2.64,263,18897.0398645.0,10/2/2025,2025,4/3/2025,182,18897.0398645.0_2025_4,1,1,first,Pregnant,Pregnant,,,2,2
11/6/2025,,18897,,,401430,,Pregnancy Test - Milk,0.537,107,18897.0401430.0,11/6/2025,2025,10/2/2025,35,18897.0401430.0_2025_10,1,1,first,Pregnant,Pregnant,,,2,2
12/18/2025,,18897,,,401430,,Pregnancy Test - Milk,0.265,149,18897.0401430.0,12/18/2025,2025,10/2/2025,77,18897.0401430.0_2025_10,1,2,last,Pregnant,Pregnant,,,2,2
1/8/2026,,18900,,,398645,,Pregnancy Test - Milk,0.277,367,18900.0398645.0,1/8/2026,2025,10/28/2025,72,18900.0398645.0_2025_10,1,1,first,Pregnant,Pregnant,,,2,2
2/20/2026,,18900,,,401430,,Pregnancy Test - Milk,0.53,168,18900.0401430.0,2/20/2026,2026,1/10/2026,41,18900.0401430.0_2026_1,1,1,first,Pregnant,loss,,,2,2
3/26/2026,,18900,,,401430,,Pregnancy Test - Milk,0.006,202,18900.0401430.0,3/26/2026,2026,1/10/2026,75,18900.0401430.0_2026_1,1,2,last,Open,loss,,,2,2
5/14/2026,,18900,,,401430,,Pregnancy Test - Milk,0.994,251,18900.0401430.0,5/14/2026,2026,4/9/2026,35,18900.0401430.0_2026_4,2,1,first,Pregnant,Pregnant,,,2,2
2/26/2026,,18908,,,398645,,Pregnancy Test - Milk,2.761,337,18908.0398645.0,2/26/2026,2025,8/9/2025,201,18908.0398645.0_2025_8,1,1,first,Pregnant,Pregnant,,,2,2
11/6/2025,,18908,,,401430,,Pregnancy Test - Milk,1.02,106,18908.0401430.0,11/6/2025,2025,10/2/2025,35,18908.0401430.0_2025_10,1,1,first,Pregnant,Pregnant,,,2,2
12/18/2025,,18908,,,401430,,Pregnancy Test - Milk,1.15,148,18908.0401430.0,12/18/2025,2025,10/2/2025,77,18908.0401430.0_2025_10,1,2,last,Pregnant,Pregnant,,,2,2
10/30/2025,,18909,,,398645,,Pregnancy Test - Milk,1.88,250,18909.0398645.0,10/30/2025,2025,4/29/2025,184,18909.0398645.0_2025_4,1,1,first,Pregnant,Pregnant,,,2,2
1/2/2026,,18909,,,401430,,Pregnancy Test - Milk,1.275,171,18909.0401430.0,1/2/2026,2025,10/14/2025,80,18909.0401430.0_2025_10,1,2,last,Pregnant,Pregnant,,,2,2
11/21/2025,,18909,,,401430,,Pregnancy Test - Milk,0.545,129,18909.0401430.0,11/21/2025,2025,10/14/2025,38,18909.0401430.0_2025_10,1,1,first,Pregnant,Pregnant,,,2,2
12/4/2025,,18911,,,398645,,Pregnancy Test - Milk,2.15,333,18911.0398645.0,12/4/2025,2025,6/5/2025,182,18911.0398645.0_2025_6,1,1,first,Pregnant,Pregnant,,,2,2
1/2/2026,,18911,,,401430,,Pregnancy Test - Milk,0.416,148,18911.0401430.0,1/2/2026,2025,10/22/2025,72,18911.0401430.0_2025_10_2,2,1,first,Pregnant,Pregnant,,,2,2
11/27/2025,,18911,,,401430,,Pregnancy Test - Milk,0.641,115,18911.0401430.0,11/27/2025,2025,10/19/2025,39,18911.0401430.0_2025_10_1,1,1,first,Pregnant,preg_loss_rebred,,,2,2
5/21/2026,,18916,,,398645,,Pregnancy Test - Milk,0.002,147,18916.0398645.0,5/21/2026,2026,5/21/2026,0,18916.0398645.0_2026_5,2,1,first,Open,Open,,,2,2
5/29/2025,,18916,,,398645,,Pregnancy Test - Milk,0.378,143,18916.0398645.0,5/29/2025,2025,3/19/2025,71,18916.0398645.0_2025_3,1,1,first,Pregnant,Pregnant,,,2,2
9/18/2025,,18916,,,398645,,Pregnancy Test - Milk,1.736,255,18916.0398645.0,9/18/2025,2025,3/19/2025,183,18916.0398645.0_2025_3,1,2,last,Pregnant,Pregnant,,,2,2
11/26/2025,,18916,,,401430,,Pregnancy Test - Milk,1.063,105,18916.0401430.0,11/26/2025,2025,10/23/2025,34,18916.0401430.0_2025_10_2,2,1,first,Pregnant,Pregnant,,,2,2
12/31/2025,,18916,,,401430,,Pregnancy Test - Milk,0.617,143,18916.0401430.0,12/31/2025,2025,10/20/2025,72,18916.0401430.0_2025_10_1,1,1,first,Pregnant,preg_loss_rebred,,,2,2
6/26/2025,,18920,,,398645,,Pregnancy Test - Milk,0.549,193,18920.0398645.0,6/26/2025,2025,3/27/2025,91,18920.0398645.0_2025_3,1,1,first,Pregnant,Pregnant,,,2,2
1/15/2026,,18920,,,401430,,Pregnancy Test - Milk,0.378,151,18920.0401430.0,1/15/2026,2025,10/30/2025,77,18920.0401430.0_2025_10,1,3,last,Pregnant,Pregant_with_rc,,,2,2
1/8/2026,,18920,,,401430,,Pregnancy Test - Milk,0.22,144,18920.0401430.0,1/8/2026,2025,10/30/2025,70,18920.0401430.0_2025_10,1,2,intermediate,Re-Check,Pregant_with_rc,,,2,2
12/4/2025,,18920,,,401430,,Pregnancy Test - Milk,0.896,109,18920.0401430.0,12/4/2025,2025,10/30/2025,35,18920.0401430.0_2025_10,1,1,first,Pregnant,Pregant_with_rc,,,2,2
10/30/2025,,18921,,,398645,,Pregnancy Test - Milk,1.771,252,18921.0398645.0,10/30/2025,2025,4/30/2025,183,18921.0398645.0_2025_4,1,1,first,Pregnant,Pregnant,,,2,2
1/30/2026,,18921,,,401430,,Pregnancy Test - Milk,0.588,205,18921.0401430.0,1/30/2026,2025,11/12/2025,79,18921.0401430.0_2025_11,2,2,intermediate,Pregnant,Pregnant,,,2,2
10/30/2025,,18921,,,401430,,Pregnancy Test - Milk,0.027,112,18921.0401430.0,10/30/2025,2025,9/22/2025,38,18921.0401430.0_2025_9,1,1,first,Open,Open,,,2,2
12/18/2025,,18921,,,401430,,Pregnancy Test - Milk,1.438,161,18921.0401430.0,12/18/2025,2025,11/12/2025,35,18921.0401430.0_2025_11,2,1,first,Pregnant,Pregnant,,,2,2
2/5/2026,,18921,,,401430,,Pregnancy Test - Milk,1.464,210,18921.0401430.0,2/5/2026,2025,11/12/2025,84,18921.0401430.0_2025_11,2,3,last,Pregnant,Pregnant,,,2,2
12/18/2025,,18923,,,398645,,Pregnancy Test - Milk,1.935,280,18923.0398645.0,12/18/2025,2025,6/20/2025,181,18923.0398645.0_2025_6,1,2,last,Pregnant,Pregnant,,,2,2
8/28/2025,,18923,,,398645,,Pregnancy Test - Milk,0.372,168,18923.0398645.0,8/28/2025,2025,6/20/2025,69,18923.0398645.0_2025_6,1,1,first,Pregnant,Pregnant,,,2,2
11/13/2025,,18923,,,401430,,Pregnancy Test - Milk,-0.034,106,18923.0401430.0,11/13/2025,2025,10/9/2025,35,18923.0401430.0_2025_10,1,1,first,Open,Open,,,2,2
12/31/2025,,18923,,,401430,,Pregnancy Test - Milk,0.618,157,18923.0401430.0,12/31/2025,2025,11/24/2025,37,18923.0401430.0_2025_11_1,2,1,first,Pregnant,preg_loss_rebred,,,2,2
2/12/2026,,18923,,,401430,,Pregnancy Test - Milk,0.429,197,18923.0401430.0,2/12/2026,2025,11/27/2025,77,18923.0401430.0_2025_11_2,3,2,last,Pregnant,rc_preg,,,2,2
2/5/2026,,18923,,,401430,,Pregnancy Test - Milk,0.201,190,18923.0401430.0,2/5/2026,2025,11/27/2025,70,18923.0401430.0_2025_11_2,3,1,first,Re-Check,rc_preg,,,2,2
12/18/2025,,18934,,,398645,,Pregnancy Test - Milk,POS,305,18934.0398645.0,12/18/2025,2025,6/17/2025,184,18934.0398645.0_2025_6,1,2,last,Pregnant,Pregnant,,,2,2
8/28/2025,,18934,,,398645,,Pregnancy Test - Milk,1.059,193,18934.0398645.0,8/28/2025,2025,6/17/2025,72,18934.0398645.0_2025_6,1,1,first,Pregnant,Pregnant,,,2,2
2/20/2026,,18934,,,401430,,Pregnancy Test - Milk,0.591,131,18934.0401430.0,2/20/2026,2026,1/10/2026,41,18934.0401430.0_2026_1,1,1,first,Pregnant,Pregnant,,,2,2
4/3/2026,,18934,,,401430,,Pregnancy Test - Milk,0.593,173,18934.0401430.0,4/3/2026,2026,1/10/2026,83,18934.0401430.0_2026_1,1,2,last,Pregnant,Pregnant,,,2,2
8/21/2025,,18936,,,398645,,Pregnancy Test - Milk,0.19,208,18936.0398645.0,8/21/2025,2025,4/27/2025,116,18936.0398645.0_2025_4,1,1,first,Re-Check,rc_unresolved,,,2,2
1/30/2026,,18936,,,401430,,Pregnancy Test - Milk,0.145,150,18936.0401430.0,1/30/2026,2025,11/13/2025,78,18936.0401430.0_2025_11,1,2,intermediate,Re-Check,Pregant_with_rc,,,2,2
12/19/2025,,18936,,,401430,,Pregnancy Test - Milk,0.693,108,18936.0401430.0,12/19/2025,2025,11/13/2025,36,18936.0401430.0_2025_11,1,1,first,Pregnant,Pregant_with_rc,,,2,2
2/6/2026,,18936,,,401430,,Pregnancy Test - Milk,0.27,157,18936.0401430.0,2/6/2026,2025,11/13/2025,85,18936.0401430.0_2025_11,1,3,last,Pregnant,Pregant_with_rc,,,2,2
11/27/2025,,18942,,,398645,,Pregnancy Test - Milk,2.217,253,18942.0398645.0,11/27/2025,2025,5/29/2025,182,18942.0398645.0_2025_5,1,2,last,Pregnant,Pregnant,,,2,2
8/7/2025,,18942,,,398645,,Pregnancy Test - Milk,0.325,140,18942.0398645.0,8/7/2025,2025,5/29/2025,70,18942.0398645.0_2025_5,1,1,first,Pregnant,Pregnant,,,2,2
2/6/2026,,18942,,,401430,,Pregnancy Test - Milk,0.229,102,18942.0401430.0,2/6/2026,2026,1/1/2026,36,18942.0401430.0_2026_1,1,1,first,Re-Check,rc_rebred,,,2,2
3/20/2026,,18942,,,401430,,Pregnancy Test - Milk,0.257,144,18942.0401430.0,3/20/2026,2026,2/8/2026,40,18942.0401430.0_2026_2,2,1,first,Pregnant,Pregnant,,,2,2
11/6/2025,,18949,,,398645,,Pregnancy Test - Milk,0.28,267,18949.0398645.0,11/6/2025,2025,8/26/2025,72,18949.0398645.0_2025_8,1,1,first,Pregnant,Pregnant,,,2,2
10/30/2025,,18949,,,401430,,Pregnancy Test - Milk,0.921,127,18949.0401430.0,10/30/2025,2025,9/24/2025,36,18949.0401430.0_2025_9,1,1,first,Pregnant,Pregant_with_rc,,,2,2
12/11/2025,,18949,,,401430,,Pregnancy Test - Milk,0.47,169,18949.0401430.0,12/11/2025,2025,9/24/2025,78,18949.0401430.0_2025_9,1,3,last,Pregnant,Pregant_with_rc,,,2,2
12/4/2025,,18949,,,401430,,Pregnancy Test - Milk,0.19,162,18949.0401430.0,12/4/2025,2025,9/24/2025,71,18949.0401430.0_2025_9,1,2,intermediate,Re-Check,Pregant_with_rc,,,2,2
1/23/2026,,18968,,,398645,,Pregnancy Test - Milk,0.286,295,18968.0398645.0,1/23/2026,2025,11/1/2025,83,18968.0398645.0_2025_11,1,1,first,Pregnant,Pregnant,,,2,2
11/14/2025,,18968,,,401430,,Pregnancy Test - Milk,0.604,133,18968.0401430.0,11/14/2025,2025,10/9/2025,36,18968.0401430.0_2025_10,1,1,first,Pregnant,Pregnant,,,2,2
12/26/2025,,18968,,,401430,,Pregnancy Test - Milk,0.265,175,18968.0401430.0,12/26/2025,2025,10/9/2025,78,18968.0401430.0_2025_10,1,2,last,Pregnant,Pregnant,,,2,2
1/29/2026,,18977,,,398645,,Pregnancy Test - Milk,1.355,335,18977.0398645.0,1/29/2026,2025,7/26/2025,187,18977.0398645.0_2025_7,1,2,last,Pregnant,Pregnant,,,2,2
10/2/2025,,18977,,,398645,,Pregnancy Test - Milk,0.339,215,18977.0398645.0,10/2/2025,2025,7/26/2025,68,18977.0398645.0_2025_7,1,1,first,Pregnant,Pregnant,,,2,2
1/29/2026,,18977,,,401430,,Pregnancy Test - Milk,0.402,169,18977.0401430.0,1/29/2026,2025,11/15/2025,75,18977.0401430.0_2025_11,1,2,last,Pregnant,Pregnant,,,2,2
12/23/2025,,18977,,,401430,,Pregnancy Test - Milk,0.595,132,18977.0401430.0,12/23/2025,2025,11/15/2025,38,18977.0401430.0_2025_11,1,1,first,Pregnant,Pregnant,,,2,2
12/18/2025,,18978,,,398645,,Pregnancy Test - Milk,2.785,262,18978.0398645.0,12/18/2025,2025,6/14/2025,187,18978.0398645.0_2025_6,1,2,last,Pregnant,Pregnant,,,2,2
8/21/2025,,18978,,,398645,,Pregnancy Test - Milk,0.611,143,18978.0398645.0,8/21/2025,2025,6/14/2025,68,18978.0398645.0_2025_6,1,1,first,Pregnant,Pregnant,,,2,2
3/27/2026,,18978,,,401430,,Pregnancy Test - Milk,0.898,92,18978.0401430.0,3/27/2026,2026,2/16/2026,39,18978.0401430.0_2026_2,2,1,first,Pregnant,Pregnant,,,2,2
5/8/2026,,18978,,,401430,,Pregnancy Test - Milk,0.356,134,18978.0401430.0,5/8/2026,2026,2/16/2026,81,18978.0401430.0_2026_2,2,2,last,Pregnant,Pregnant,,,2,2
6/13/2025,,18978,,,401430,,Pregnancy Test - Milk,0.471,251,18978.0401430.0,6/13/2025,2025,3/26/2025,79,18978.0401430.0_2025_3,1,1,first,Pregnant,Pregnant,,,2,2
6/26/2025,,18979,,,398645,,Pregnancy Test - Milk,0.225,143,18979.0398645.0,6/26/2025,2025,5/25/2025,32,18979.0398645.0_2025_5,1,1,first,Re-Check,rc_unresolved,,,2,2
1/22/2026,,18979,,,401430,,Pregnancy Test - Milk,0.533,122,18979.0401430.0,1/22/2026,2025,12/16/2025,37,18979.0401430.0_2025_12,1,1,first,Pregnant,Pregnant,,,2,2
2/26/2026,,18979,,,401430,,Pregnancy Test - Milk,0.274,157,18979.0401430.0,2/26/2026,2025,12/16/2025,72,18979.0401430.0_2025_12,1,2,last,Pregnant,Pregnant,,,2,2
11/20/2025,,18991,,,398645,,Pregnancy Test - Milk,POS,316,18991.0398645.0,11/20/2025,2025,5/22/2025,182,18991.0398645.0_2025_5,1,2,last,Pregnant,Pregnant,,,2,2
7/31/2025,,18991,,,398645,,Pregnancy Test - Milk,0.49,204,18991.0398645.0,7/31/2025,2025,5/22/2025,70,18991.0398645.0_2025_5,1,1,first,Pregnant,Pregnant,,,2,2
4/16/2026,,18991,,,401430,,Pregnancy Test - Milk,1.466,173,18991.0401430.0,4/16/2026,2026,3/8/2026,39,18991.0401430.0_2026_3,1,1,first,Pregnant,Pregnant,,,2,2
5/21/2026,,18991,,,401430,,Pregnancy Test - Milk,0.458,207,18991.0401430.0,5/21/2026,2026,3/8/2026,73,18991.0401430.0_2026_3,1,2,last,Pregnant,Pregnant,,,2,2
12/18/2025,,18992,,,398645,,Pregnancy Test - Milk,0.405,250,18992.0398645.0,12/18/2025,2025,10/10/2025,69,18992.0398645.0_2025_10,1,1,first,Pregnant,Pregnant,,,2,2
11/6/2025,,18992,,,401430,,Pregnancy Test - Milk,0.879,108,18992.0401430.0,11/6/2025,2025,10/2/2025,35,18992.0401430.0_2025_10,1,1,first,Pregnant,Pregnant,,,2,2
12/18/2025,,18992,,,401430,,Pregnancy Test - Milk,0.323,150,18992.0401430.0,12/18/2025,2025,10/2/2025,77,18992.0401430.0_2025_10,1,2,last,Pregnant,Pregnant,,,2,2
8/21/2025,,19000,,,398645,,Pregnancy Test - Milk,0.356,189,19000.0398645.0,8/21/2025,2025,6/12/2025,70,19000.0398645.0_2025_6,1,1,first,Pregnant,Pregnant,,,2,2
11/13/2025,,19000,,,401430,,Pregnancy Test - Milk,1.079,110,19000.0401430.0,11/13/2025,2025,10/9/2025,35,19000.0401430.0_2025_10,1,1,first,Pregnant,Pregnant,,,2,2
12/26/2025,,19000,,,401430,,Pregnancy Test - Milk,0.441,153,19000.0401430.0,12/26/2025,2025,10/9/2025,78,19000.0401430.0_2025_10,1,2,last,Pregnant,Pregnant,,,2,2
1/29/2026,,19002,,,398645,,Pregnancy Test - Milk,1.165,335,19002.0398645.0,1/29/2026,2025,7/27/2025,186,19002.0398645.0_2025_7,1,2,last,Pregnant,Pregnant,,,2,2
10/2/2025,,19002,,,398645,,Pregnancy Test - Milk,0.282,215,19002.0398645.0,10/2/2025,2025,7/27/2025,67,19002.0398645.0_2025_7,1,1,first,Pregnant,Pregnant,,,2,2
5/7/2026,,19002,,,401430,,Pregnancy Test - Milk,0.589,109,19002.0401430.0,5/7/2026,2026,3/31/2026,37,19002.0401430.0_2026_3,2,1,first,Pregnant,Pregnant,,,2,2
6/26/2025,,19002,,,401430,,Pregnancy Test - Milk,0.451,235,19002.0401430.0,6/26/2025,2025,4/15/2025,72,19002.0401430.0_2025_4,1,1,first,Pregnant,Pregnant,,,2,2
7/10/2025,,19002,,,401430,,Pregnancy Test - Milk,0.682,249,19002.0401430.0,7/10/2025,2025,4/15/2025,86,19002.0401430.0_2025_4,1,2,last,Pregnant,Pregnant,,,2,2
8/21/2025,,19004,,,398645,,Pregnancy Test - Milk,0.987,151,19004.0398645.0,8/21/2025,2025,6/22/2025,60,19004.0398645.0_2025_6,1,1,first,Pregnant,Pregnant,,,2,2
1/30/2026,,19004,,,401430,,Pregnancy Test - Milk,0.314,176,19004.0401430.0,1/30/2026,2025,11/13/2025,78,19004.0401430.0_2025_11,1,2,intermediate,Pregnant,Pregnant,,,2,2
12/26/2025,,19004,,,401430,,Pregnancy Test - Milk,0.69,140,19004.0401430.0,12/26/2025,2025,11/13/2025,42,19004.0401430.0_2025_11,1,1,first,Pregnant,Pregnant,,,2,2
2/5/2026,,19004,,,401430,,Pregnancy Test - Milk,0.764,181,19004.0401430.0,2/5/2026,2025,11/13/2025,83,19004.0401430.0_2025_11,1,3,last,Pregnant,Pregnant,,,2,2
10/9/2025,,19005,,,398645,,Pregnancy Test - Milk,2.133,259,19005.0398645.0,10/9/2025,2025,4/7/2025,185,19005.0398645.0_2025_4,1,1,first,Pregnant,Pregnant,,,2,2
2/13/2026,,19005,,,401430,,Pregnancy Test - Milk,0.219,115,19005.0401430.0,2/13/2026,2025,12/25/2025,50,19005.0401430.0_2025_12,1,1,first,Re-Check,rc_preg,,,2,2
2/20/2026,,19005,,,401430,,Pregnancy Test - Milk,0.169,122,19005.0401430.0,2/20/2026,2025,12/25/2025,57,19005.0401430.0_2025_12,1,2,intermediate,Re-Check,rc_preg,,,2,2
2/26/2026,,19005,,,401430,,Pregnancy Test - Milk,0.181,128,19005.0401430.0,2/26/2026,2025,12/25/2025,63,19005.0401430.0_2025_12,1,3,intermediate,Re-Check,rc_preg,,,2,2
3/12/2026,,19005,,,401430,,Pregnancy Test - Milk,0.244,142,19005.0401430.0,3/12/2026,2025,12/25/2025,77,19005.0401430.0_2025_12,1,5,intermediate,Re-Check,rc_preg,,,2,2
3/19/2026,,19005,,,401430,,Pregnancy Test - Milk,0.269,149,19005.0401430.0,3/19/2026,2025,12/25/2025,84,19005.0401430.0_2025_12,1,6,last,Pregnant,rc_preg,,,2,2
3/5/2026,,19005,,,401430,,Pregnancy Test - Milk,0.233,135,19005.0401430.0,3/5/2026,2025,12/25/2025,70,19005.0401430.0_2025_12,1,4,intermediate,Re-Check,rc_preg,,,2,2
7/31/2025,,19006,,,398645,,Pregnancy Test - Milk,0.601,223,19006.0398645.0,7/31/2025,2025,5/22/2025,70,19006.0398645.0_2025_5,1,1,first,Pregnant,Pregnant,,,2,2
1/23/2026,,19006,,,401430,,Pregnancy Test - Milk,0.273,103,19006.0401430.0,1/23/2026,2025,12/15/2025,39,19006.0401430.0_2025_12,1,1,first,Pregnant,preg_loss_rebred,,,2,2
4/10/2026,,19006,,,401430,,Pregnancy Test - Milk,0.626,177,19006.0401430.0,4/10/2026,2026,2/28/2026,41,19006.0401430.0_2026_2,2,1,first,Pregnant,Pregnant,,,2,2
5/22/2026,,19006,,,401430,,Pregnancy Test - Milk,0.262,219,19006.0401430.0,5/22/2026,2026,2/28/2026,83,19006.0401430.0_2026_2,2,2,last,Pregnant,Pregnant,,,2,2
1/29/2026,,19011,,,398645,,Pregnancy Test - Milk,0.21,262,19011.0398645.0,1/29/2026,2025,11/22/2025,68,19011.0398645.0_2025_11,1,1,first,Re-Check,rc_unresolved,,,2,2
3/19/2026,,19011,,,401430,,Pregnancy Test - Milk,0.182,133,19011.0401430.0,3/19/2026,2026,2/8/2026,39,19011.0401430.0_2026_2,1,1,first,Re-Check,rc_unresolved,,,2,2
1/1/2026,,19014,,,398645,,Pregnancy Test - Milk,1.464,320,19014.0398645.0,1/1/2026,2025,7/2/2025,183,19014.0398645.0_2025_7,1,1,first,Pregnant,Pregnant,,,2,2
3/26/2026,,19014,,,401430,,Pregnancy Test - Milk,1.119,89,19014.0401430.0,3/26/2026,2026,2/16/2026,38,19014.0401430.0_2026_2,2,1,first,Pregnant,Pregnant,,,2,2
4/30/2026,,19014,,,401430,,Pregnancy Test - Milk,0.642,124,19014.0401430.0,4/30/2026,2026,2/16/2026,73,19014.0401430.0_2026_2,2,2,last,Pregnant,Pregnant,,,2,2
6/5/2025,,19014,,,401430,,Pregnancy Test - Milk,2.139,196,19014.0401430.0,6/5/2025,2025,3/22/2025,75,19014.0401430.0_2025_3,1,1,first,Pregnant,Pregnant,,,2,2
10/30/2025,,19016,,,398645,,Pregnancy Test - Milk,1.391,266,19016.0398645.0,10/30/2025,2025,4/3/2025,210,19016.0398645.0_2025_4,1,1,first,Pregnant,Pregnant,,,2,2
1/29/2026,,19016,,,401430,,Pregnancy Test - Milk,1.519,164,19016.0401430.0,1/29/2026,2025,11/19/2025,71,19016.0401430.0_2025_11,1,2,last,Pregnant,Pregnant,,,2,2
12/23/2025,,19016,,,401430,,Pregnancy Test - Milk,1.547,127,19016.0401430.0,12/23/2025,2025,11/19/2025,34,19016.0401430.0_2025_11,1,1,first,Pregnant,Pregnant,,,2,2
7/17/2025,,19018,,,398645,,Pregnancy Test - Milk,0.517,183,19018.0398645.0,7/17/2025,2025,5/11/2025,67,19018.0398645.0_2025_5,1,1,first,Pregnant,Pregnant,,,2,2
1/29/2026,,19018,,,401430,,Pregnancy Test - Milk,0.535,138,19018.0401430.0,1/29/2026,2025,11/20/2025,70,19018.0401430.0_2025_11,1,2,last,Pregnant,Pregnant,,,2,2
12/23/2025,,19018,,,401430,,Pregnancy Test - Milk,0.837,101,19018.0401430.0,12/23/2025,2025,11/20/2025,33,19018.0401430.0_2025_11,1,1,first,Pregnant,Pregnant,,,2,2
1/29/2026,,19019,,,398645,,Pregnancy Test - Milk,0.271,176,19019.0398645.0,1/29/2026,2025,10/15/2025,106,19019.0398645.0_2025_10,1,1,first,Pregnant,Pregnant,,,2,2
5/21/2026,,19019,,,398645,,Pregnancy Test - Milk,1.943,288,19019.0398645.0,5/21/2026,2025,10/15/2025,218,19019.0398645.0_2025_10,1,2,last,Pregnant,Pregnant,,,2,2
11/20/2025,,19019,,,401430,,Pregnancy Test - Milk,1.339,109,19019.0401430.0,11/20/2025,2025,10/16/2025,35,19019.0401430.0_2025_10,1,1,first,Pregnant,Pregnant,,,2,2
12/26/2025,,19019,,,401430,,Pregnancy Test - Milk,0.255,145,19019.0401430.0,12/26/2025,2025,10/16/2025,71,19019.0401430.0_2025_10,1,2,last,Pregnant,Pregnant,,,2,2
7/31/2025,,19026,,,398645,,Pregnancy Test - Milk,0.198,172,19026.0398645.0,7/31/2025,2025,5/22/2025,70,19026.0398645.0_2025_5,1,1,first,Re-Check,rc_unresolved,,,2,2
10/23/2025,,19026,,,401430,,Pregnancy Test - Milk,1.467,109,19026.0401430.0,10/23/2025,2025,9/18/2025,35,19026.0401430.0_2025_9,1,1,first,Pregnant,Pregnant,,,2,2
11/26/2025,,19026,,,401430,,Pregnancy Test - Milk,0.507,143,19026.0401430.0,11/26/2025,2025,9/18/2025,69,19026.0401430.0_2025_9,1,2,last,Pregnant,Pregnant,,,2,2
7/31/2025,,19039,,,398645,,Pregnancy Test - Milk,POS,425,19039.0398645.0,7/31/2025,2025,1/31/2025,181,19039.0398645.0_2025_1,1,1,first,Pregnant,Pregnant,,,2,2
2/20/2026,,19039,,,401430,,Pregnancy Test - Milk,0.768,102,19039.0401430.0,2/20/2026,2026,1/15/2026,36,19039.0401430.0_2026_1,1,1,first,Pregnant,preg_loss_rebred,,,2,2
4/24/2026,,19039,,,401430,,Pregnancy Test - Milk,0.388,165,19039.0401430.0,4/24/2026,2026,3/20/2026,35,19039.0401430.0_2026_3,2,1,first,Pregnant,Pregnant,,,2,2
10/23/2025,,19040,,,398645,,Pregnancy Test - Milk,0.508,203,19040.0398645.0,10/23/2025,2025,8/11/2025,73,19040.0398645.0_2025_8,1,1,first,Pregnant,Pregnant,,,2,2
2/19/2026,,19040,,,398645,,Pregnancy Test - Milk,POS,322,19040.0398645.0,2/19/2026,2025,8/11/2025,192,19040.0398645.0_2025_8,1,2,last,Pregnant,Pregnant,,,2,2
3/5/2026,,19040,,,401430,,Pregnancy Test - Milk,0.378,94,19040.0401430.0,3/5/2026,2026,1/25/2026,38,19040.0401430.0_2026_1,1,1,first,Pregnant,Pregant_with_rc,,,2,2
4/16/2026,,19040,,,401430,,Pregnancy Test - Milk,0.317,137,19040.0401430.0,4/16/2026,2026,1/25/2026,81,19040.0401430.0_2026_1,1,3,last,Pregnant,Pregant_with_rc,,,2,2
4/9/2026,,19040,,,401430,,Pregnancy Test - Milk,0.238,129,19040.0401430.0,4/9/2026,2026,1/25/2026,73,19040.0401430.0_2026_1,1,2,intermediate,Re-Check,Pregant_with_rc,,,2,2
9/4/2025,,19052,,,398645,,Pregnancy Test - Milk,1.556,194,19052.0398645.0,9/4/2025,2025,6/27/2025,69,19052.0398645.0_2025_6,1,1,first,Pregnant,Pregnant,,,2,2
10/23/2025,,19052,,,401430,,Pregnancy Test - Milk,0.614,110,19052.0401430.0,10/23/2025,2025,9/18/2025,35,19052.0401430.0_2025_9,1,1,first,Pregnant,Pregant_with_rc,,,2,2
11/26/2025,,19052,,,401430,,Pregnancy Test - Milk,0.23,144,19052.0401430.0,11/26/2025,2025,9/18/2025,69,19052.0401430.0_2025_9,1,2,intermediate,Re-Check,Pregant_with_rc,,,2,2
12/4/2025,,19052,,,401430,,Pregnancy Test - Milk,0.359,152,19052.0401430.0,12/4/2025,2025,9/18/2025,77,19052.0401430.0_2025_9,1,3,last,Pregnant,Pregant_with_rc,,,2,2
8/21/2025,,19059,,,398645,,Pregnancy Test - Milk,0.187,142,19059.0398645.0,8/21/2025,2025,6/22/2025,60,19059.0398645.0_2025_6,1,1,first,Re-Check,rc_unresolved,,,2,2
1/15/2026,,19059,,,401430,,Pregnancy Test - Milk,0.574,168,19059.0401430.0,1/15/2026,2025,11/1/2025,75,19059.0401430.0_2025_11,1,2,last,Pregnant,Pregnant,,,2,2
12/11/2025,,19059,,,401430,,Pregnancy Test - Milk,0.479,133,19059.0401430.0,12/11/2025,2025,11/1/2025,40,19059.0401430.0_2025_11,1,1,first,Pregnant,Pregnant,,,2,2
9/25/2025,,19061,,,398645,,Pregnancy Test - Milk,0.277,193,19061.0398645.0,9/25/2025,2025,7/15/2025,72,19061.0398645.0_2025_7,1,1,first,Pregnant,Pregnant,,,2,2
1/2/2026,,19061,,,401430,,Pregnancy Test - Milk,0.722,175,19061.0401430.0,1/2/2026,2025,10/12/2025,82,19061.0401430.0_2025_10,1,2,last,Pregnant,Pregnant,,,2,2
11/20/2025,,19061,,,401430,,Pregnancy Test - Milk,1.132,131,19061.0401430.0,11/20/2025,2025,10/12/2025,38,19061.0401430.0_2025_10,1,1,first,Pregnant,Pregnant,,,2,2
10/30/2025,,19071,,,398645,,Pregnancy Test - Milk,0.385,189,19071.0398645.0,10/30/2025,2025,8/21/2025,70,19071.0398645.0_2025_8,1,1,first,Pregnant,Pregnant,,,2,2
2/19/2026,,19071,,,398645,,Pregnancy Test - Milk,POS,301,19071.0398645.0,2/19/2026,2025,8/21/2025,182,19071.0398645.0_2025_8,1,2,last,Pregnant,Pregnant,,,2,2
12/26/2025,,19071,,,401430,,Pregnancy Test - Milk,0.759,109,19071.0401430.0,12/26/2025,2025,11/20/2025,36,19071.0401430.0_2025_11,1,1,first,Pregnant,Pregnant,,,2,2
2/6/2026,,19071,,,401430,,Pregnancy Test - Milk,0.95,151,19071.0401430.0,2/6/2026,2025,11/20/2025,78,19071.0401430.0_2025_11,1,2,last,Pregnant,Pregnant,,,2,2
11/27/2025,,19076,,,398645,,Pregnancy Test - Milk,0.59,145,19076.0398645.0,11/27/2025,2025,9/20/2025,68,19076.0398645.0_2025_9,1,1,first,Pregnant,Pregnant,,,2,2
3/19/2026,,19076,,,398645,,Pregnancy Test - Milk,2.61,256,19076.0398645.0,3/19/2026,2025,9/20/2025,180,19076.0398645.0_2025_9,1,2,last,Pregnant,Pregnant,,,2,2
2/13/2026,,19076,,,401430,,Pregnancy Test - Milk,1.687,106,19076.0401430.0,2/13/2026,2026,1/8/2026,36,19076.0401430.0_2026_1,1,1,first,Pregnant,Pregnant,,,2,2
3/27/2026,,19076,,,401430,,Pregnancy Test - Milk,1.089,148,19076.0401430.0,3/27/2026,2026,1/8/2026,78,19076.0401430.0_2026_1,1,2,last,Pregnant,Pregnant,,,2,2
10/30/2025,,19089,,,398645,,Pregnancy Test - Milk,0.228,166,19089.0398645.0,10/30/2025,2025,8/22/2025,69,19089.0398645.0_2025_8,1,1,first,Re-Check,rc_preg,,,2,2
2/19/2026,,19089,,,398645,,Pregnancy Test - Milk,2.285,278,19089.0398645.0,2/19/2026,2025,8/22/2025,181,19089.0398645.0_2025_8,1,2,last,Pregnant,rc_preg,,,2,2
5/7/2026,,19089,,,401430,,Pregnancy Test - Milk,0.772,135,19089.0401430.0,5/7/2026,2026,3/29/2026,39,19089.0401430.0_2026_3,2,1,first,Pregnant,Pregnant,,,2,2
6/5/2025,,19089,,,401430,,Pregnancy Test - Milk,0.636,299,19089.0401430.0,6/5/2025,2025,3/24/2025,73,19089.0401430.0_2025_3,1,1,first,Pregnant,Pregnant,,,2,2
1/1/2026,,19091,,,398645,,Pregnancy Test - Milk,0.627,218,19091.0398645.0,1/1/2026,2025,10/26/2025,67,19091.0398645.0_2025_10,1,1,first,Pregnant,Pregnant,,,2,2
4/30/2026,,19091,,,398645,,Pregnancy Test - Milk,1.561,337,19091.0398645.0,4/30/2026,2025,10/26/2025,186,19091.0398645.0_2025_10,1,2,last,Pregnant,Pregnant,,,2,2
1/23/2026,,19091,,,401430,,Pregnancy Test - Milk,0.925,109,19091.0401430.0,1/23/2026,2025,12/15/2025,39,19091.0401430.0_2025_12_1,1,1,first,Pregnant,preg_loss_rebred,,,2,2
3/13/2026,,19091,,,401430,,Pregnancy Test - Milk,1.334,155,19091.0401430.0,3/13/2026,2025,12/18/2025,85,19091.0401430.0_2025_12_2,2,1,first,Pregnant,Pregnant,,,2,2
10/30/2025,,19093,,,398645,,Pregnancy Test - Milk,2.436,274,19093.0398645.0,10/30/2025,2025,4/18/2025,195,19093.0398645.0_2025_4,1,1,first,Pregnant,Pregnant,,,2,2
1/2/2026,,19093,,,401430,,Pregnancy Test - Milk,0.356,160,19093.0401430.0,1/2/2026,2025,10/8/2025,86,19093.0401430.0_2025_10,1,2,last,Pregnant,Pregnant,,,2,2
11/13/2025,,19093,,,401430,,Pregnancy Test - Milk,0.699,109,19093.0401430.0,11/13/2025,2025,10/8/2025,35,19093.0401430.0_2025_10,1,1,first,Pregnant,Pregnant,,,2,2
3/19/2026,,19096,,,398645,,Pregnancy Test - Milk,0.512,137,19096.0398645.0,3/19/2026,2026,1/7/2026,71,19096.0398645.0_2026_1,2,1,first,Pregnant,Pregnant,,,2,2
7/24/2025,,19096,,,398645,,Pregnancy Test - Milk,2.751,314,19096.0398645.0,7/24/2025,2025,1/18/2025,187,19096.0398645.0_2025_1,1,1,first,Pregnant,Pregnant,,,2,2
3/20/2026,,19096,,,401430,,Pregnancy Test - Milk,-0.011,104,19096.0401430.0,3/20/2026,2026,2/8/2026,40,19096.0401430.0_2026_2,2,1,first,Open,Open,,,2,2
5/30/2025,,19096,,,401430,,Pregnancy Test - Milk,0.392,240,19096.0401430.0,5/30/2025,2025,3/8/2025,83,19096.0401430.0_2025_3,1,1,first,Pregnant,Pregnant,,,2,2
10/30/2025,,19115,,,398645,,Pregnancy Test - Milk,0.491,228,19115.0398645.0,10/30/2025,2025,5/27/2025,156,19115.0398645.0_2025_5,1,1,first,Pregnant,Pregnant,,,2,2
2/19/2026,,19115,,,398645,,Pregnancy Test - Milk,POS,340,19115.0398645.0,2/19/2026,2025,5/27/2025,268,19115.0398645.0_2025_5,1,2,last,Pregnant,Pregnant,,,2,2
7/17/2025,,19115,,,401430,,Pregnancy Test - Milk,0.707,246,19115.0401430.0,7/17/2025,2025,6/7/2025,40,19115.0401430.0_2025_6,1,1,first,Pregnant,Pregnant,,,2,2
8/21/2025,,19115,,,401430,,Pregnancy Test - Milk,1.212,280,19115.0401430.0,8/21/2025,2025,6/7/2025,74,19115.0401430.0_2025_6,1,2,last,Pregnant,Pregnant,,,2,2
1/23/2026,,19122,,,398645,,Pregnancy Test - Milk,0.876,284,19122.0398645.0,1/23/2026,2025,7/25/2025,182,19122.0398645.0_2025_7,1,2,last,Pregnant,Pregnant,,,2,2
10/2/2025,,19122,,,398645,,Pregnancy Test - Milk,0.782,171,19122.0398645.0,10/2/2025,2025,7/25/2025,69,19122.0398645.0_2025_7,1,1,first,Pregnant,Pregnant,,,2,2
2/13/2026,,19122,,,401430,,Pregnancy Test - Milk,1.703,116,19122.0401430.0,2/13/2026,2025,12/24/2025,51,19122.0401430.0_2025_12,1,1,first,Pregnant,Pregnant,,,2,2
3/5/2026,,19122,,,401430,,Pregnancy Test - Milk,1.939,136,19122.0401430.0,3/5/2026,2025,12/24/2025,71,19122.0401430.0_2025_12,1,2,last,Pregnant,Pregnant,,,2,2
2/19/2026,,19125,,,398645,,Pregnancy Test - Milk,0.767,133,19125.0398645.0,2/19/2026,2025,12/7/2025,74,19125.0398645.0_2025_12,2,1,first,Pregnant,Pregnant,,,2,2
6/26/2025,,19125,,,398645,,Pregnancy Test - Milk,POS,400,19125.0398645.0,6/26/2025,2024,12/23/2024,185,19125.0398645.0_2024_12,1,1,first,Pregnant,Pregnant,,,2,2
7/17/2025,,19125,,,401430,,Pregnancy Test - Milk,0.697,271,19125.0401430.0,7/17/2025,2025,6/9/2025,38,19125.0401430.0_2025_6,1,1,first,Pregnant,Pregnant,,,2,2
8/21/2025,,19125,,,401430,,Pregnancy Test - Milk,0.457,305,19125.0401430.0,8/21/2025,2025,6/9/2025,72,19125.0401430.0_2025_6,1,2,last,Pregnant,Pregnant,,,2,2
7/24/2025,,19126,,,398645,,Pregnancy Test - Milk,0.183,148,19126.0398645.0,7/24/2025,2025,5/10/2025,75,19126.0398645.0_2025_5,1,1,first,Re-Check,rc_unresolved,,,2,2
3/26/2026,,19126,,,401430,,Pregnancy Test - Milk,0.811,103,19126.0401430.0,3/26/2026,2026,2/17/2026,37,19126.0401430.0_2026_2,2,1,first,Pregnant,Pregnant,,,2,2
4/30/2026,,19126,,,401430,,Pregnancy Test - Milk,0.319,138,19126.0401430.0,4/30/2026,2026,2/17/2026,72,19126.0401430.0_2026_2,2,2,last,Pregnant,Pregnant,,,2,2
5/29/2025,,19126,,,401430,,Pregnancy Test - Milk,0.733,180,19126.0401430.0,5/29/2025,2025,3/13/2025,77,19126.0401430.0_2025_3,1,1,first,Pregnant,Pregnant,,,2,2
1/1/2026,,19129,,,398645,,Pregnancy Test - Milk,0.286,131,19129.0398645.0,1/1/2026,2025,10/20/2025,73,19129.0398645.0_2025_10,1,1,first,Pregnant,Pregnant,,,2,2
4/23/2026,,19129,,,398645,,Pregnancy Test - Milk,1.941,243,19129.0398645.0,4/23/2026,2025,10/20/2025,185,19129.0398645.0_2025_10,1,2,last,Pregnant,Pregnant,,,2,2
1/30/2026,,19129,,,401430,,Pregnancy Test - Milk,0.529,159,19129.0401430.0,1/30/2026,2025,12/24/2025,37,19129.0401430.0_2025_12,1,1,first,Pregnant,Pregnant,,,2,2
3/13/2026,,19129,,,401430,,Pregnancy Test - Milk,0.471,201,19129.0401430.0,3/13/2026,2025,12/24/2025,79,19129.0401430.0_2025_12,1,2,last,Pregnant,Pregnant,,,2,2
4/2/2026,,19131,,,398645,,Pregnancy Test - Milk,1.673,271,19131.0398645.0,4/2/2026,2025,10/2/2025,182,19131.0398645.0_2025_10,1,1,first,Pregnant,Pregnant,,,2,2
6/13/2025,,19131,,,401430,,Pregnancy Test - Milk,1.399,243,19131.0401430.0,6/13/2025,2025,5/8/2025,36,19131.0401430.0_2025_5,1,1,first,Pregnant,Pregnant,,,2,2
7/25/2025,,19131,,,401430,,Pregnancy Test - Milk,0.477,285,19131.0401430.0,7/25/2025,2025,5/8/2025,78,19131.0401430.0_2025_5,1,2,last,Pregnant,Pregnant,,,2,2
4/2/2026,,19134,,,398645,,Pregnancy Test - Milk,POS,260,19134.0398645.0,4/2/2026,2025,10/2/2025,182,19134.0398645.0_2025_10,1,1,first,Pregnant,Pregnant,,,2,2
4/2/2026,,19134,,,401430,,Pregnancy Test - Milk,1.478,124,19134.0401430.0,4/2/2026,2026,2/18/2026,42,19134.0401430.0_2026_2,2,1,first,Pregnant,Pregant_with_rc,,,2,2
4/29/2026,,19134,,,401430,,Pregnancy Test - Milk,0.238,152,19134.0401430.0,4/29/2026,2026,2/18/2026,70,19134.0401430.0_2026_2,2,2,intermediate,Re-Check,Pregant_with_rc,,,2,2
5/30/2025,,19134,,,401430,,Pregnancy Test - Milk,0.505,222,19134.0401430.0,5/30/2025,2025,3/6/2025,85,19134.0401430.0_2025_3,1,1,first,Pregnant,Pregnant,,,2,2
5/7/2026,,19134,,,401430,,Pregnancy Test - Milk,0.421,159,19134.0401430.0,5/7/2026,2026,2/18/2026,77,19134.0401430.0_2026_2,2,3,last,Pregnant,Pregant_with_rc,,,2,2
1/8/2026,,19137,,,398645,,Pregnancy Test - Milk,2.276,256,19137.0398645.0,1/8/2026,2025,7/7/2025,185,19137.0398645.0_2025_7,1,1,first,Pregnant,Pregnant,,,2,2
4/16/2026,,19137,,,401430,,Pregnancy Test - Milk,0.554,120,19137.0401430.0,4/16/2026,2026,3/6/2026,41,19137.0401430.0_2026_3,2,1,first,Pregnant,Pregnant,,,2,2
6/5/2025,,19137,,,401430,,Pregnancy Test - Milk,0.993,217,19137.0401430.0,6/5/2025,2025,3/20/2025,77,19137.0401430.0_2025_3,1,1,first,Pregnant,Pregnant,,,2,2
11/27/2025,,19155,,,398645,,Pregnancy Test - Milk,2.336,247,19155.0398645.0,11/27/2025,2025,5/28/2025,183,19155.0398645.0_2025_5,1,2,last,Pregnant,Pregnant,,,2,2
8/7/2025,,19155,,,398645,,Pregnancy Test - Milk,0.264,134,19155.0398645.0,8/7/2025,2025,5/28/2025,71,19155.0398645.0_2025_5,1,1,first,Pregnant,Pregnant,,,2,2
5/15/2026,,19155,,,401430,,Pregnancy Test - Milk,-0.006,107,19155.0401430.0,5/15/2026,2026,4/6/2026,39,19155.0401430.0_2026_4,2,1,first,Open,Open,,,2,2
5/30/2025,,19155,,,401430,,Pregnancy Test - Milk,0.76,252,19155.0401430.0,5/30/2025,2025,4/25/2025,35,19155.0401430.0_2025_4,1,1,first,Pregnant,Pregnant,,,2,2
7/18/2025,,19155,,,401430,,Pregnancy Test - Milk,0.372,301,19155.0401430.0,7/18/2025,2025,4/25/2025,84,19155.0401430.0_2025_4,1,2,last,Pregnant,Pregnant,,,2,2
2/19/2026,,19158,,,398645,,Pregnancy Test - Milk,1.412,173,19158.0398645.0,2/19/2026,2025,12/3/2025,78,19158.0398645.0_2025_12,2,1,first,Pregnant,Pregnant,,,2,2
5/29/2025,,19158,,,398645,,Pregnancy Test - Milk,POS,332,19158.0398645.0,5/29/2025,2025,5/29/2025,0,19158.0398645.0_2025_5,1,1,first,Pregnant,preg_loss_rebred,,,2,2
2/13/2026,,19158,,,401430,,Pregnancy Test - Milk,0.72,116,19158.0401430.0,2/13/2026,2025,12/25/2025,50,19158.0401430.0_2025_12,1,1,first,Pregnant,Pregnant,,,2,2
3/12/2026,,19158,,,401430,,Pregnancy Test - Milk,0.646,143,19158.0401430.0,3/12/2026,2025,12/25/2025,77,19158.0401430.0_2025_12,1,2,last,Pregnant,Pregnant,,,2,2
4/9/2026,,19161,,,398645,,Pregnancy Test - Milk,0.276,167,19161.0398645.0,4/9/2026,2026,1/30/2026,69,19161.0398645.0_2026_1,1,1,first,Pregnant,Pregnant,,,2,2
2/12/2026,,19161,,,401430,,Pregnancy Test - Milk,0.623,105,19161.0401430.0,2/12/2026,2026,1/8/2026,35,19161.0401430.0_2026_1,1,1,first,Pregnant,Pregnant,,,2,2
3/19/2026,,19161,,,401430,,Pregnancy Test - Milk,0.589,140,19161.0401430.0,3/19/2026,2026,1/8/2026,70,19161.0401430.0_2026_1,1,2,last,Pregnant,Pregnant,,,2,2
3/5/2026,,19163,,,398645,,Pregnancy Test - Milk,0.017,274,19163.0398645.0,3/5/2026,2025,12/25/2025,70,19163.0398645.0_2025_12,1,1,first,Open,Open,,,2,2
2/13/2026,,19163,,,401430,,Pregnancy Test - Milk,0.766,140,19163.0401430.0,2/13/2026,2025,12/24/2025,51,19163.0401430.0_2025_12,1,1,first,Pregnant,Pregnant,,,2,2
3/5/2026,,19163,,,401430,,Pregnancy Test - Milk,1.393,160,19163.0401430.0,3/5/2026,2025,12/24/2025,71,19163.0401430.0_2025_12,1,2,last,Pregnant,Pregnant,,,2,2
12/25/2025,,19165,,,398645,,Pregnancy Test - Milk,1.465,257,19165.0398645.0,12/25/2025,2025,6/25/2025,183,19165.0398645.0_2025_6,1,2,last,Pregnant,Pregnant,,,2,2
9/4/2025,,19165,,,398645,,Pregnancy Test - Milk,0.345,145,19165.0398645.0,9/4/2025,2025,6/25/2025,71,19165.0398645.0_2025_6,1,1,first,Pregnant,Pregnant,,,2,2
2/13/2026,,19165,,,401430,,Pregnancy Test - Milk,1.238,90,19165.0401430.0,2/13/2026,2026,1/5/2026,39,19165.0401430.0_2026_1,1,1,first,Pregnant,Pregnant,,,2,2
3/19/2026,,19165,,,401430,,Pregnancy Test - Milk,0.765,124,19165.0401430.0,3/19/2026,2026,1/5/2026,73,19165.0401430.0_2026_1,1,2,last,Pregnant,Pregnant,,,2,2
11/27/2025,,19191,,,398645,,Pregnancy Test - Milk,0.308,188,19191.0398645.0,11/27/2025,2025,10/21/2025,37,19191.0398645.0_2025_10,1,1,first,Pregnant,Pregnant,,,2,2
10/23/2025,,19191,,,401430,,Pregnancy Test - Milk,1.127,314,19191.0401430.0,10/23/2025,2025,8/5/2025,79,19191.0401430.0_2025_8,2,2,last,Pregnant,Pregnant,,,2,2
6/19/2025,,19191,,,401430,,Pregnancy Test - Milk,0.018,195,19191.0401430.0,6/19/2025,2025,5/6/2025,44,19191.0401430.0_2025_5,1,1,first,Open,Open,,,2,2
9/11/2025,,19191,,,401430,,Pregnancy Test - Milk,0.837,272,19191.0401430.0,9/11/2025,2025,8/5/2025,37,19191.0401430.0_2025_8,2,1,first,Pregnant,Pregnant,,,2,2
4/2/2026,,19192,,,398645,,Pregnancy Test - Milk,2.061,270,19192.0398645.0,4/2/2026,2025,9/3/2025,211,19192.0398645.0_2025_9,1,1,first,Pregnant,Pregnant,,,2,2
1/8/2026,,19192,,,401430,,Pregnancy Test - Milk,1.295,101,19192.0401430.0,1/8/2026,2025,12/4/2025,35,19192.0401430.0_2025_12,1,1,first,Pregnant,Pregnant,,,2,2
2/20/2026,,19192,,,401430,,Pregnancy Test - Milk,0.411,144,19192.0401430.0,2/20/2026,2025,12/4/2025,78,19192.0401430.0_2025_12,1,2,last,Pregnant,Pregnant,,,2,2
1/23/2026,,19196,,,398645,,Pregnancy Test - Milk,0.167,175,19196.0398645.0,1/23/2026,2025,11/14/2025,70,19196.0398645.0_2025_11,1,1,first,Re-Check,rc_unresolved,,,2,2
2/13/2026,,19196,,,401430,,Pregnancy Test - Milk,0.079,82,19196.0401430.0,2/13/2026,2026,1/1/2026,43,19196.0401430.0_2026_1,1,1,first,Open,Open,,,2,2
4/2/2026,,19196,,,401430,,Pregnancy Test - Milk,-0.009,130,19196.0401430.0,4/2/2026,2026,2/26/2026,35,19196.0401430.0_2026_2,2,1,first,Open,Open,,,2,2
5/21/2026,,19196,,,401430,,Pregnancy Test - Milk,0.004,179,19196.0401430.0,5/21/2026,2026,4/16/2026,35,19196.0401430.0_2026_4,3,1,first,Open,Open,,,2,2
6/19/2025,,19201,,,398645,,Pregnancy Test - Milk,1.154,320,19201.0398645.0,6/19/2025,2024,12/17/2024,184,19201.0398645.0_2024_12,1,1,first,Pregnant,Pregnant,,,2,2
12/26/2025,,19201,,,401430,,Pregnancy Test - Milk,1.232,129,19201.0401430.0,12/26/2025,2025,11/19/2025,37,19201.0401430.0_2025_11,1,1,first,Pregnant,Pregnant,,,2,2
2/6/2026,,19201,,,401430,,Pregnancy Test - Milk,0.792,171,19201.0401430.0,2/6/2026,2025,11/19/2025,79,19201.0401430.0_2025_11,1,2,last,Pregnant,Pregnant,,,2,2
1/8/2026,,19202,,,398645,,Pregnancy Test - Milk,1.761,282,19202.0398645.0,1/8/2026,2025,7/7/2025,185,19202.0398645.0_2025_7,1,2,last,Pregnant,rc_preg,,,2,2
9/18/2025,,19202,,,398645,,Pregnancy Test - Milk,0.224,170,19202.0398645.0,9/18/2025,2025,7/7/2025,73,19202.0398645.0_2025_7,1,1,first,Re-Check,rc_preg,,,2,2
1/2/2026,,19202,,,401430,,Pregnancy Test - Milk,0.417,110,19202.0401430.0,1/2/2026,2025,11/19/2025,44,19202.0401430.0_2025_11,1,1,first,Pregnant,Pregnant,,,2,2
2/5/2026,,19202,,,401430,,Pregnancy Test - Milk,0.383,143,19202.0401430.0,2/5/2026,2025,11/19/2025,77,19202.0401430.0_2025_11,1,2,last,Pregnant,Pregnant,,,2,2
6/26/2025,,19203,,,398645,,Pregnancy Test - Milk,POS,315,19203.0398645.0,6/26/2025,2025,6/21/2025,5,19203.0398645.0_2025_6,1,1,first,Pregnant,Pregnant,,,2,2
2/20/2026,,19203,,,401430,,Pregnancy Test - Milk,1.152,91,19203.0401430.0,2/20/2026,2026,1/11/2026,40,19203.0401430.0_2026_1,1,1,first,Pregnant,Pregnant,,,2,2
3/26/2026,,19203,,,401430,,Pregnancy Test - Milk,0.519,125,19203.0401430.0,3/26/2026,2026,1/11/2026,74,19203.0401430.0_2026_1,1,2,last,Pregnant,Pregnant,,,2,2
4/9/2026,,19205,,,398645,,Pregnancy Test - Milk,2.034,266,19205.0398645.0,4/9/2026,2025,10/4/2025,187,19205.0398645.0_2025_10,1,1,first,Pregnant,Pregnant,,,2,2
5/1/2026,,19205,,,401430,,Pregnancy Test - Milk,-0.061,155,19205.0401430.0,5/1/2026,2026,3/26/2026,36,19205.0401430.0_2026_3,1,1,first,Open,Open,,,2,2
2/19/2026,,19221,,,398645,,Pregnancy Test - Milk,0.344,157,19221.0398645.0,2/19/2026,2025,12/4/2025,77,19221.0398645.0_2025_12,1,1,first,Pregnant,Pregnant,,,2,2
10/2/2025,,19221,,,401430,,Pregnancy Test - Milk,1.237,314,19221.0401430.0,10/2/2025,2025,8/27/2025,36,19221.0401430.0_2025_8,1,1,first,Pregnant,Pregnant,,,2,2
1/8/2026,,19225,,,398645,,Pregnancy Test - Milk,1.745,254,19225.0398645.0,1/8/2026,2025,7/9/2025,183,19225.0398645.0_2025_7,1,2,last,Pregnant,rc_preg,,,2,2
9/18/2025,,19225,,,398645,,Pregnancy Test - Milk,0.242,142,19225.0398645.0,9/18/2025,2025,7/9/2025,71,19225.0398645.0_2025_7,1,1,first,Re-Check,rc_preg,,,2,2
2/20/2026,,19225,,,401430,,Pregnancy Test - Milk,0.944,91,19225.0401430.0,2/20/2026,2026,1/12/2026,39,19225.0401430.0_2026_1,1,1,first,Pregnant,Pregnant,,,2,2
3/26/2026,,19225,,,401430,,Pregnancy Test - Milk,0.671,125,19225.0401430.0,3/26/2026,2026,1/12/2026,73,19225.0401430.0_2026_1,1,2,last,Pregnant,Pregnant,,,2,2
10/30/2025,,19240,,,398645,,Pregnancy Test - Milk,0.378,183,19240.0398645.0,10/30/2025,2025,8/19/2025,72,19240.0398645.0_2025_8,1,1,first,Pregnant,Pregnant,,,2,2
2/19/2026,,19240,,,398645,,Pregnancy Test - Milk,POS,295,19240.0398645.0,2/19/2026,2025,8/19/2025,184,19240.0398645.0_2025_8,1,2,last,Pregnant,Pregnant,,,2,2
7/10/2025,,19240,,,401430,,Pregnancy Test - Milk,1.649,271,19240.0401430.0,7/10/2025,2025,6/2/2025,38,19240.0401430.0_2025_6,1,1,first,Pregnant,Pregnant,,,2,2
8/14/2025,,19240,,,401430,,Pregnancy Test - Milk,0.774,306,19240.0401430.0,8/14/2025,2025,6/2/2025,73,19240.0401430.0_2025_6,1,2,last,Pregnant,Pregnant,,,2,2
1/8/2026,,19244,,,398645,,Pregnancy Test - Milk,0.391,131,19244.0398645.0,1/8/2026,2025,10/30/2025,70,19244.0398645.0_2025_10,1,1,first,Pregnant,Pregnant,,,2,2
4/30/2026,,19244,,,398645,,Pregnancy Test - Milk,0.817,243,19244.0398645.0,4/30/2026,2025,10/30/2025,182,19244.0398645.0_2025_10,1,2,last,Pregnant,Pregnant,,,2,2
2/20/2026,,19244,,,401430,,Pregnancy Test - Milk,0.825,113,19244.0401430.0,2/20/2026,2026,1/8/2026,43,19244.0401430.0_2026_1,1,1,first,Pregnant,Pregnant,,,2,2
3/26/2026,,19244,,,401430,,Pregnancy Test - Milk,0.749,147,19244.0401430.0,3/26/2026,2026,1/8/2026,77,19244.0401430.0_2026_1,1,2,last,Pregnant,Pregnant,,,2,2
2/5/2026,,19251,,,398645,,Pregnancy Test - Milk,0.311,127,19251.0398645.0,2/5/2026,2025,11/30/2025,67,19251.0398645.0_2025_11,2,1,first,Pregnant,Pregnant,,,2,2
6/26/2025,,19251,,,398645,,Pregnancy Test - Milk,POS,442,19251.0398645.0,6/26/2025,2024,12/23/2024,185,19251.0398645.0_2024_12,1,1,first,Pregnant,Pregnant,,,2,2
1/2/2026,,19251,,,401430,,Pregnancy Test - Milk,1.16,104,19251.0401430.0,1/2/2026,2025,11/27/2025,36,19251.0401430.0_2025_11,1,1,first,Pregnant,Pregnant,,,2,2
2/13/2026,,19251,,,401430,,Pregnancy Test - Milk,1.435,146,19251.0401430.0,2/13/2026,2025,11/27/2025,78,19251.0401430.0_2025_11,1,2,last,Pregnant,Pregnant,,,2,2
12/18/2025,,19255,,,398645,,Pregnancy Test - Milk,0.654,210,19255.0398645.0,12/18/2025,2025,10/13/2025,66,19255.0398645.0_2025_10,1,1,first,Pregnant,Pregnant,,,2,2
12/19/2025,,19255,,,401430,,Pregnancy Test - Milk,0.769,140,19255.0401430.0,12/19/2025,2025,11/14/2025,35,19255.0401430.0_2025_11,1,1,first,Pregnant,Pregnant,,,2,2
2/6/2026,,19255,,,401430,,Pregnancy Test - Milk,0.347,189,19255.0401430.0,2/6/2026,2025,11/14/2025,84,19255.0401430.0_2025_11,1,2,last,Pregnant,Pregnant,,,2,2
3/19/2026,,19264,,,398645,,Pregnancy Test - Milk,0.923,224,19264.0398645.0,3/19/2026,2026,1/7/2026,71,19264.0398645.0_2026_1,1,1,first,Pregnant,Pregnant,,,2,2
6/5/2025,,19264,,,401430,,Pregnancy Test - Milk,1.256,196,19264.0401430.0,6/5/2025,2025,4/25/2025,41,19264.0401430.0_2025_4,1,1,first,Pregnant,Pregnant,,,2,2
7/10/2025,,19264,,,401430,,Pregnancy Test - Milk,0.678,231,19264.0401430.0,7/10/2025,2025,4/25/2025,76,19264.0401430.0_2025_4,1,2,last,Pregnant,Pregnant,,,2,2
5/7/2026,,19268,,,398645,,Pregnancy Test - Milk,1.641,257,19268.0398645.0,5/7/2026,2026,5/7/2026,0,19268.0398645.0_2026_5,1,1,first,Pregnant,Pregnant,,,2,2
2/12/2026,,19268,,,401430,,Pregnancy Test - Milk,1.095,124,19268.0401430.0,2/12/2026,2026,1/9/2026,34,19268.0401430.0_2026_1,1,1,first,Pregnant,Pregnant,,,2,2
4/2/2026,,19268,,,401430,,Pregnancy Test - Milk,0.77,173,19268.0401430.0,4/2/2026,2026,1/9/2026,83,19268.0401430.0_2026_1,1,2,last,Pregnant,Pregnant,,,2,2
7/24/2025,,19285,,,398645,,Pregnancy Test - Milk,POS,331,19285.0398645.0,7/24/2025,2025,1/22/2025,183,19285.0398645.0_2025_1,1,1,first,Pregnant,Pregnant,,,2,2
2/20/2026,,19285,,,401430,,Pregnancy Test - Milk,0.95,150,19285.0401430.0,2/20/2026,2026,1/12/2026,39,19285.0401430.0_2026_1,1,1,first,Pregnant,Pregnant,,,2,2
4/3/2026,,19285,,,401430,,Pregnancy Test - Milk,0.83,192,19285.0401430.0,4/3/2026,2026,1/12/2026,81,19285.0401430.0_2026_1,1,2,last,Pregnant,Pregnant,,,2,2
3/19/2026,,19289,,,398645,,Pregnancy Test - Milk,1.954,251,19289.0398645.0,3/19/2026,2025,9/17/2025,183,19289.0398645.0_2025_9,1,1,first,Pregnant,Pregnant,,,2,2
3/26/2026,,19289,,,401430,,Pregnancy Test - Milk,0.449,124,19289.0401430.0,3/26/2026,2026,2/17/2026,37,19289.0401430.0_2026_2,1,1,first,Pregnant,Pregnant,,,2,2
4/30/2026,,19289,,,401430,,Pregnancy Test - Milk,0.261,159,19289.0401430.0,4/30/2026,2026,2/17/2026,72,19289.0401430.0_2026_2,1,2,last,Pregnant,Pregnant,,,2,2
12/25/2025,,19293,,,398645,,Pregnancy Test - Milk,0.207,202,19293.0398645.0,12/25/2025,2025,10/17/2025,69,19293.0398645.0_2025_10,1,1,first,Re-Check,rc_unresolved,,,2,2
5/21/2026,,19293,,,401430,,Pregnancy Test - Milk,0.066,100,19293.0401430.0,5/21/2026,2026,4/12/2026,39,19293.0401430.0_2026_4,3,1,first,Open,Open,,,2,2
6/5/2025,,19293,,,401430,,Pregnancy Test - Milk,1.257,284,19293.0401430.0,6/5/2025,2025,5/1/2025,35,19293.0401430.0_2025_5,2,1,first,Pregnant,Pregnant,,,2,2
7/17/2025,,19293,,,401430,,Pregnancy Test - Milk,0.617,327,19293.0401430.0,7/17/2025,2025,4/30/2025,78,19293.0401430.0_2025_4,1,1,first,Pregnant,preg_loss_rebred,,,2,2
10/9/2025,,19294,,,398645,,Pregnancy Test - Milk,0.167,173,19294.0398645.0,10/9/2025,2025,7/31/2025,70,19294.0398645.0_2025_7,1,1,first,Re-Check,rc_rebred,,,2,2
2/5/2026,,19294,,,398645,,Pregnancy Test - Milk,2.592,292,19294.0398645.0,2/5/2026,2026,1/14/2026,22,19294.0398645.0_2026_1,2,1,first,Pregnant,Pregnant,,,2,2
2/13/2026,,19294,,,401430,,Pregnancy Test - Milk,0.541,107,19294.0401430.0,2/13/2026,2026,1/1/2026,43,19294.0401430.0_2026_1,1,1,first,Pregnant,Pregnant,,,2,2
3/19/2026,,19294,,,401430,,Pregnancy Test - Milk,0.351,141,19294.0401430.0,3/19/2026,2026,1/1/2026,77,19294.0401430.0_2026_1,1,2,last,Pregnant,Pregnant,,,2,2
1/23/2026,,19295,,,398645,,Pregnancy Test - Milk,0.292,134,19295.0398645.0,1/23/2026,2025,11/15/2025,69,19295.0398645.0_2025_11,1,1,first,Pregnant,preg_loss_rebred,,,2,2
5/21/2026,,19295,,,398645,,Pregnancy Test - Milk,POS,253,19295.0398645.0,5/21/2026,2026,3/24/2026,58,19295.0398645.0_2026_3,2,1,first,Pregnant,Pregnant,,,2,2
1/22/2026,,19295,,,401430,,Pregnancy Test - Milk,2.195,150,19295.0401430.0,1/22/2026,2025,11/6/2025,77,19295.0401430.0_2025_11,1,2,last,Pregnant,Pregnant,,,2,2
12/11/2025,,19295,,,401430,,Pregnancy Test - Milk,1.551,108,19295.0401430.0,12/11/2025,2025,11/6/2025,35,19295.0401430.0_2025_11,1,1,first,Pregnant,Pregnant,,,2,2
7/31/2025,,19297,,,398645,,Pregnancy Test - Milk,POS,428,19297.0398645.0,7/31/2025,2025,1/30/2025,182,19297.0398645.0_2025_1,1,1,first,Pregnant,Pregnant,,,2,2
2/6/2026,,19297,,,401430,,Pregnancy Test - Milk,0.641,101,19297.0401430.0,2/6/2026,2026,1/1/2026,36,19297.0401430.0_2026_1,1,1,first,Pregnant,preg_loss_rebred,,,2,2
4/10/2026,,19297,,,401430,,Pregnancy Test - Milk,0.202,164,19297.0401430.0,4/10/2026,2026,3/4/2026,37,19297.0401430.0_2026_3,2,1,first,Re-Check,rc_preg,,,2,2
4/17/2026,,19297,,,401430,,Pregnancy Test - Milk,0.311,171,19297.0401430.0,4/17/2026,2026,3/4/2026,44,19297.0401430.0_2026_3,2,2,intermediate,Pregnant,rc_preg,,,2,2
5/22/2026,,19297,,,401430,,Pregnancy Test - Milk,0.387,206,19297.0401430.0,5/22/2026,2026,3/4/2026,79,19297.0401430.0_2026_3,2,3,last,Pregnant,rc_preg,,,2,2
3/26/2026,,19304,,,398645,,Pregnancy Test - Milk,0.474,233,19304.0398645.0,3/26/2026,2026,2/17/2026,37,19304.0398645.0_2026_2,1,1,first,Pregnant,Pregnant,,,2,2
5/1/2026,,19304,,,401430,,Pregnancy Test - Milk,0.55,159,19304.0401430.0,5/1/2026,2026,3/26/2026,36,19304.0401430.0_2026_3,1,1,first,Pregnant,Pregnant,,,2,2
4/23/2026,,19305,,,398645,,Pregnancy Test - Milk,0.502,163,19305.0398645.0,4/23/2026,2026,2/15/2026,67,19305.0398645.0_2026_2,2,1,first,Pregnant,Pregnant,,,2,2
7/31/2025,,19305,,,398645,,Pregnancy Test - Milk,POS,297,19305.0398645.0,7/31/2025,2025,1/28/2025,184,19305.0398645.0_2025_1,1,1,first,Pregnant,Pregnant,,,2,2
1/22/2026,,19305,,,401430,,Pregnancy Test - Milk,0.814,127,19305.0401430.0,1/22/2026,2025,12/18/2025,35,19305.0401430.0_2025_12,1,1,first,Pregnant,preg_loss_rebred,,,2,2
3/19/2026,,19305,,,401430,,Pregnancy Test - Milk,0.569,183,19305.0401430.0,3/19/2026,2026,2/8/2026,39,19305.0401430.0_2026_2,2,1,first,Pregnant,Pregnant,,,2,2
4/23/2026,,19305,,,401430,,Pregnancy Test - Milk,0.261,218,19305.0401430.0,4/23/2026,2026,2/8/2026,74,19305.0401430.0_2026_2,2,2,last,Pregnant,Pregnant,,,2,2
4/2/2026,,19306,,,398645,,Pregnancy Test - Milk,2.274,269,19306.0398645.0,4/2/2026,2025,10/19/2025,165,19306.0398645.0_2025_10,1,1,first,Pregnant,Pregnant,,,2,2
1/2/2026,,19306,,,401430,,Pregnancy Test - Milk,0.864,104,19306.0401430.0,1/2/2026,2025,11/26/2025,37,19306.0401430.0_2025_11,1,1,first,Pregnant,Pregnant,,,2,2
3/5/2026,,19306,,,401430,,Pregnancy Test - Milk,1.958,165,19306.0401430.0,3/5/2026,2025,11/26/2025,98,19306.0401430.0_2025_11,1,2,last,Pregnant,Pregnant,,,2,2
3/5/2026,,19319,,,398645,,Pregnancy Test - Milk,0.902,225,19319.0398645.0,3/5/2026,2026,1/30/2026,34,19319.0398645.0_2026_1,1,1,first,Pregnant,Pregnant,,,2,2
2/13/2026,,19319,,,401430,,Pregnancy Test - Milk,-0.016,103,19319.0401430.0,2/13/2026,2026,1/8/2026,36,19319.0401430.0_2026_1,1,1,first,Open,Open,,,2,2
5/29/2025,,19321,,,398645,,Pregnancy Test - Milk,POS,256,19321.0398645.0,5/29/2025,2024,11/27/2024,183,19321.0398645.0_2024_11,1,1,first,Pregnant,Pregnant,,,2,2
5/14/2026,,19321,,,401430,,Pregnancy Test - Milk,0.789,92,19321.0401430.0,5/14/2026,2026,4/6/2026,38,19321.0401430.0_2026_4,3,1,first,Pregnant,Pregnant,,,2,2
6/19/2025,,19321,,,401430,,Pregnancy Test - Milk,0.759,203,19321.0401430.0,6/19/2025,2025,5/3/2025,47,19321.0401430.0_2025_5_1,1,1,first,Pregnant,preg_loss_rebred,,,2,2
7/24/2025,,19321,,,401430,,Pregnancy Test - Milk,1.137,232,19321.0401430.0,7/24/2025,2025,5/9/2025,76,19321.0401430.0_2025_5_2,2,1,first,Pregnant,Pregnant,,,2,2
1/8/2026,,19323,,,398645,,Pregnancy Test - Milk,0.754,271,19323.0398645.0,1/8/2026,2025,10/28/2025,72,19323.0398645.0_2025_10,1,1,first,Pregnant,Pregnant,,,2,2
4/30/2026,,19323,,,398645,,Pregnancy Test - Milk,2.3,383,19323.0398645.0,4/30/2026,2025,10/28/2025,184,19323.0398645.0_2025_10,1,2,last,Pregnant,Pregnant,,,2,2
1/29/2026,,19323,,,401430,,Pregnancy Test - Milk,0.656,99,19323.0401430.0,1/29/2026,2025,12/25/2025,35,19323.0401430.0_2025_12,1,1,first,Pregnant,Pregnant,,,2,2
3/5/2026,,19323,,,401430,,Pregnancy Test - Milk,0.592,134,19323.0401430.0,3/5/2026,2025,12/25/2025,70,19323.0401430.0_2025_12,1,2,last,Pregnant,Pregnant,,,2,2
2/19/2026,,19327,,,398645,,Pregnancy Test - Milk,0.459,195,19327.0398645.0,2/19/2026,2026,1/13/2026,37,19327.0398645.0_2026_1,1,1,first,Pregnant,Pregnant,,,2,2
3/19/2026,,19327,,,401430,,Pregnancy Test - Milk,1.029,99,19327.0401430.0,3/19/2026,2026,2/6/2026,41,19327.0401430.0_2026_2,1,1,first,Pregnant,Pregnant,,,2,2
4/23/2026,,19327,,,401430,,Pregnancy Test - Milk,0.492,134,19327.0401430.0,4/23/2026,2026,2/6/2026,76,19327.0401430.0_2026_2,1,2,last,Pregnant,Pregnant,,,2,2
2/5/2026,,19332,,,398645,,Pregnancy Test - Milk,0.708,215,19332.0398645.0,2/5/2026,2025,12/30/2025,37,19332.0398645.0_2025_12,1,1,first,Pregnant,Pregnant,,,2,2
2/26/2026,,19332,,,401430,,Pregnancy Test - Milk,2.259,90,19332.0401430.0,2/26/2026,2026,1/20/2026,37,19332.0401430.0_2026_1,1,1,first,Pregnant,Pregnant,,,2,2
4/2/2026,,19332,,,401430,,Pregnancy Test - Milk,0.434,125,19332.0401430.0,4/2/2026,2026,1/20/2026,72,19332.0401430.0_2026_1,1,2,last,Pregnant,Pregnant,,,2,2
9/4/2025,,19349,,,398645,,Pregnancy Test - Milk,1.683,283,19349.0398645.0,9/4/2025,2025,3/1/2025,187,19349.0398645.0_2025_3,1,1,first,Pregnant,Pregnant,,,2,2
2/13/2026,,19349,,,401430,,Pregnancy Test - Milk,0.499,107,19349.0401430.0,2/13/2026,2026,1/1/2026,43,19349.0401430.0_2026_1,1,1,first,Pregnant,Pregnant,,,2,2
3/19/2026,,19349,,,401430,,Pregnancy Test - Milk,0.693,141,19349.0401430.0,3/19/2026,2026,1/1/2026,77,19349.0401430.0_2026_1,1,2,last,Pregnant,Pregnant,,,2,2
11/6/2025,,19352,,,398645,,Pregnancy Test - Milk,2.033,380,19352.0398645.0,11/6/2025,2025,5/3/2025,187,19352.0398645.0_2025_5,1,1,first,Pregnant,Pregnant,,,2,2
6/27/2025,,19352,,,401430,,Pregnancy Test - Milk,0.712,162,19352.0401430.0,6/27/2025,2025,4/9/2025,79,19352.0401430.0_2025_4,1,1,first,Pregnant,Pregnant,,,2,2
8/28/2025,,19372,,,398645,,Pregnancy Test - Milk,0.2,221,19372.0398645.0,8/28/2025,2025,6/13/2025,76,19372.0398645.0_2025_6,1,1,first,Re-Check,rc_unresolved,,,2,2
2/26/2026,,19372,,,401430,,Pregnancy Test - Milk,1.451,90,19372.0401430.0,2/26/2026,2026,1/19/2026,38,19372.0401430.0_2026_1,1,1,first,Pregnant,Pregnant,,,2,2
4/2/2026,,19372,,,401430,,Pregnancy Test - Milk,0.893,125,19372.0401430.0,4/2/2026,2026,1/19/2026,73,19372.0401430.0_2026_1,1,2,last,Pregnant,Pregnant,,,2,2
2/19/2026,,19376,,,398645,,Pregnancy Test - Milk,0.455,218,19376.0398645.0,2/19/2026,2025,12/15/2025,66,19376.0398645.0_2025_12,1,1,first,Pregnant,Pregnant,,,2,2
4/2/2026,,19376,,,401430,,Pregnancy Test - Milk,-0.019,95,19376.0401430.0,4/2/2026,2026,2/25/2026,36,19376.0401430.0_2026_2,2,1,first,Open,Open,,,2,2
5/21/2026,,19376,,,401430,,Pregnancy Test - Milk,1.214,144,19376.0401430.0,5/21/2026,2026,4/16/2026,35,19376.0401430.0_2026_4,3,1,first,Pregnant,Pregnant,,,2,2
6/12/2025,,19376,,,401430,,Pregnancy Test - Milk,0.421,165,19376.0401430.0,6/12/2025,2025,3/26/2025,78,19376.0401430.0_2025_3,1,1,first,Pregnant,Pregnant,,,2,2
12/4/2025,,19385,,,398645,,Pregnancy Test - Milk,0.657,195,19385.0398645.0,12/4/2025,2025,9/25/2025,70,19385.0398645.0_2025_9,1,1,first,Pregnant,Pregnant,,,2,2
3/26/2026,,19385,,,398645,,Pregnancy Test - Milk,2.791,307,19385.0398645.0,3/26/2026,2025,9/25/2025,182,19385.0398645.0_2025_9,1,2,last,Pregnant,Pregnant,,,2,2
3/12/2026,,19385,,,401430,,Pregnancy Test - Milk,0.718,89,19385.0401430.0,3/12/2026,2026,2/1/2026,38,19385.0401430.0_2026_2,2,1,first,Pregnant,Pregnant,,,2,2
4/16/2026,,19385,,,401430,,Pregnancy Test - Milk,0.295,125,19385.0401430.0,4/16/2026,2026,2/1/2026,74,19385.0401430.0_2026_2,2,2,last,Pregnant,Pregnant,,,2,2
5/29/2025,,19385,,,401430,,Pregnancy Test - Milk,0.582,164,19385.0401430.0,5/29/2025,2025,3/13/2025,77,19385.0401430.0_2025_3,1,1,first,Pregnant,Pregnant,,,2,2
3/26/2026,,19391,,,398645,,Pregnancy Test - Milk,0.409,171,19391.0398645.0,3/26/2026,2025,11/1/2025,145,19391.0398645.0_2025_11,2,1,first,Pregnant,Pregnant,,,2,2
6/26/2025,,19391,,,398645,,Pregnancy Test - Milk,POS,418,19391.0398645.0,6/26/2025,2024,12/23/2024,185,19391.0398645.0_2024_12,1,1,first,Pregnant,Pregnant,,,2,2
2/13/2026,,19391,,,401430,,Pregnancy Test - Milk,1.464,113,19391.0401430.0,2/13/2026,2026,1/1/2026,43,19391.0401430.0_2026_1,1,1,first,Pregnant,Pregnant,,,2,2
3/19/2026,,19391,,,401430,,Pregnancy Test - Milk,0.489,147,19391.0401430.0,3/19/2026,2026,1/1/2026,77,19391.0401430.0_2026_1,1,2,last,Pregnant,Pregnant,,,2,2
2/5/2026,,19397,,,398645,,Pregnancy Test - Milk,0.267,191,19397.0398645.0,2/5/2026,2025,11/28/2025,69,19397.0398645.0_2025_11,1,1,first,Pregnant,Pregnant,,,2,2
7/31/2025,,19397,,,401430,,Pregnancy Test - Milk,0.546,207,19397.0401430.0,7/31/2025,2025,6/20/2025,40,19397.0401430.0_2025_6,1,1,first,Pregnant,Pregnant,,,2,2
9/5/2025,,19397,,,401430,,Pregnancy Test - Milk,0.426,244,19397.0401430.0,9/5/2025,2025,6/20/2025,77,19397.0401430.0_2025_6,1,2,last,Pregnant,Pregnant,,,2,2
12/18/2025,,19402,,,398645,,Pregnancy Test - Milk,0.513,184,19402.0398645.0,12/18/2025,2025,10/12/2025,67,19402.0398645.0_2025_10,1,1,first,Pregnant,Pregnant,,,2,2
6/12/2025,,19402,,,401430,,Pregnancy Test - Milk,0.698,220,19402.0401430.0,6/12/2025,2025,3/28/2025,76,19402.0401430.0_2025_3,1,1,first,Pregnant,Pregnant,,,2,2
2/26/2026,,19406,,,398645,,Pregnancy Test - Milk,POS,280,19406.0398645.0,2/26/2026,2025,8/28/2025,182,19406.0398645.0_2025_8,1,1,first,Pregnant,Pregnant,,,2,2
2/6/2026,,19406,,,401430,,Pregnancy Test - Milk,0.988,101,19406.0401430.0,2/6/2026,2026,1/1/2026,36,19406.0401430.0_2026_1,1,1,first,Pregnant,Pregant_with_rc,,,2,2
3/20/2026,,19406,,,401430,,Pregnancy Test - Milk,0.203,143,19406.0401430.0,3/20/2026,2026,1/1/2026,78,19406.0401430.0_2026_1,1,2,intermediate,Re-Check,Pregant_with_rc,,,2,2
3/27/2026,,19406,,,401430,,Pregnancy Test - Milk,0.467,150,19406.0401430.0,3/27/2026,2026,1/1/2026,85,19406.0401430.0_2026_1,1,3,last,Pregnant,Pregant_with_rc,,,2,2
11/27/2025,,19408,,,398645,,Pregnancy Test - Milk,0.15,154,19408.0398645.0,11/27/2025,2025,9/16/2025,72,19408.0398645.0_2025_9,1,1,first,Re-Check,rc_preg,,,2,2
3/19/2026,,19408,,,398645,,Pregnancy Test - Milk,1.456,265,19408.0398645.0,3/19/2026,2025,9/16/2025,184,19408.0398645.0_2025_9,1,2,last,Pregnant,rc_preg,,,2,2
3/12/2026,,19408,,,401430,,Pregnancy Test - Milk,1.946,111,19408.0401430.0,3/12/2026,2026,2/2/2026,37,19408.0401430.0_2026_2,1,1,first,Pregnant,Pregnant,,,2,2
4/16/2026,,19408,,,401430,,Pregnancy Test - Milk,0.367,147,19408.0401430.0,4/16/2026,2026,2/2/2026,73,19408.0401430.0_2026_2,1,2,last,Pregnant,Pregnant,,,2,2
4/30/2026,,19413,,,398645,,Pregnancy Test - Milk,1.645,277,19413.0398645.0,4/30/2026,2026,2/21/2026,68,19413.0398645.0_2026_2,1,1,first,Pregnant,Pregnant,,,2,2
3/19/2026,,19413,,,401430,,Pregnancy Test - Milk,0.909,119,19413.0401430.0,3/19/2026,2026,2/10/2026,37,19413.0401430.0_2026_2,1,1,first,Pregnant,loss_2_open,,,2,2
4/23/2026,,19413,,,401430,,Pregnancy Test - Milk,0.05,154,19413.0401430.0,4/23/2026,2026,2/10/2026,72,19413.0401430.0_2026_2,1,2,last,Open,loss_2_open,,,2,2
2/26/2026,,19417,,,398645,,Pregnancy Test - Milk,0.615,182,19417.0398645.0,2/26/2026,2026,2/26/2026,0,19417.0398645.0_2026_2,1,1,first,Pregnant,Pregnant,,,2,2
5/14/2026,,19417,,,401430,,Pregnancy Test - Milk,0.208,109,19417.0401430.0,5/14/2026,2026,4/7/2026,37,19417.0401430.0_2026_4,2,1,first,Re-Check,rc_unresolved_>_1_bred,,,2,2
5/21/2026,,19417,,,401430,,Pregnancy Test - Milk,0.124,116,19417.0401430.0,5/21/2026,2026,4/7/2026,44,19417.0401430.0_2026_4,2,2,last,Re-Check,rc_unresolved_>_1_bred,,,2,2
5/29/2025,,19417,,,401430,,Pregnancy Test - Milk,1.176,177,19417.0401430.0,5/29/2025,2025,4/21/2025,38,19417.0401430.0_2025_4,1,1,first,Pregnant,Pregnant,,,2,2
7/3/2025,,19417,,,401430,,Pregnancy Test - Milk,0.573,212,19417.0401430.0,7/3/2025,2025,4/21/2025,73,19417.0401430.0_2025_4,1,2,last,Pregnant,Pregnant,,,2,2
1/8/2026,,19421,,,398645,,Pregnancy Test - Milk,1.452,254,19421.0398645.0,1/8/2026,2025,7/9/2025,183,19421.0398645.0_2025_7,1,2,last,Pregnant,rc_preg,,,2,2
9/18/2025,,19421,,,398645,,Pregnancy Test - Milk,0.209,142,19421.0398645.0,9/18/2025,2025,7/9/2025,71,19421.0398645.0_2025_7,1,1,first,Re-Check,rc_preg,,,2,2
5/14/2026,,19421,,,401430,,Pregnancy Test - Milk,0.608,94,19421.0401430.0,5/14/2026,2026,4/6/2026,38,19421.0401430.0_2026_4,2,1,first,Pregnant,Pregnant,,,2,2
6/5/2025,,19421,,,401430,,Pregnancy Test - Milk,1.306,213,19421.0401430.0,6/5/2025,2025,4/30/2025,36,19421.0401430.0_2025_4,1,1,first,Pregnant,Pregnant,,,2,2
7/10/2025,,19421,,,401430,,Pregnancy Test - Milk,0.413,248,19421.0401430.0,7/10/2025,2025,4/30/2025,71,19421.0401430.0_2025_4,1,2,last,Pregnant,Pregnant,,,2,2
2/26/2026,,19429,,,398645,,Pregnancy Test - Milk,0.721,232,19429.0398645.0,2/26/2026,2025,12/18/2025,70,19429.0398645.0_2025_12,1,1,first,Pregnant,Pregnant,,,2,2
1/23/2026,,19429,,,401430,,Pregnancy Test - Milk,0.344,104,19429.0401430.0,1/23/2026,2025,12/15/2025,39,19429.0401430.0_2025_12_1,1,1,first,Pregnant,preg_loss_rebred,,,2,2
3/6/2026,,19429,,,401430,,Pregnancy Test - Milk,0.048,143,19429.0401430.0,3/6/2026,2025,12/18/2025,78,19429.0401430.0_2025_12_2,2,1,first,Open,Open,,,2,2
5/8/2026,,19429,,,401430,,Pregnancy Test - Milk,0.448,206,19429.0401430.0,5/8/2026,2026,4/2/2026,36,19429.0401430.0_2026_4,3,1,first,Pregnant,Pregnant,,,2,2
4/9/2026,,19432,,,398645,,Pregnancy Test - Milk,0.675,197,19432.0398645.0,4/9/2026,2026,1/30/2026,69,19432.0398645.0_2026_1,2,1,first,Pregnant,Pregnant,,,2,2
6/19/2025,,19432,,,398645,,Pregnancy Test - Milk,POS,347,19432.0398645.0,6/19/2025,2024,12/14/2024,187,19432.0398645.0_2024_12,1,1,first,Pregnant,Pregnant,,,2,2
6/19/2025,,19432,,,401430,,Pregnancy Test - Milk,1.294,195,19432.0401430.0,6/19/2025,2025,5/5/2025,45,19432.0401430.0_2025_5_1,1,1,first,Pregnant,preg_loss_rebred,,,2,2
7/24/2025,,19432,,,401430,,Pregnancy Test - Milk,0.832,224,19432.0401430.0,7/24/2025,2025,5/11/2025,74,19432.0401430.0_2025_5_2,2,1,first,Pregnant,Pregnant,,,2,2
11/27/2025,,19435,,,398645,,Pregnancy Test - Milk,0.221,145,19435.0398645.0,11/27/2025,2025,9/16/2025,72,19435.0398645.0_2025_9,1,1,first,Re-Check,rc_preg,,,2,2
3/19/2026,,19435,,,398645,,Pregnancy Test - Milk,1.665,256,19435.0398645.0,3/19/2026,2025,9/16/2025,184,19435.0398645.0_2025_9,1,2,last,Pregnant,rc_preg,,,2,2
10/23/2025,,19435,,,401430,,Pregnancy Test - Milk,0.622,296,19435.0401430.0,10/23/2025,2025,9/4/2025,49,19435.0401430.0_2025_9,1,1,first,Pregnant,Pregnant,,,2,2
11/20/2025,,19435,,,401430,,Pregnancy Test - Milk,0.727,324,19435.0401430.0,11/20/2025,2025,9/4/2025,77,19435.0401430.0_2025_9,1,2,last,Pregnant,Pregnant,,,2,2
12/4/2025,,19438,,,398645,,Pregnancy Test - Milk,0.154,141,19438.0398645.0,12/4/2025,2025,9/27/2025,68,19438.0398645.0_2025_9,1,1,first,Re-Check,rc_preg,,,2,2
4/2/2026,,19438,,,398645,,Pregnancy Test - Milk,2.102,260,19438.0398645.0,4/2/2026,2025,9/27/2025,187,19438.0398645.0_2025_9,1,2,last,Pregnant,rc_preg,,,2,2
7/17/2025,,19438,,,401430,,Pregnancy Test - Milk,0.485,122,19438.0401430.0,7/17/2025,2025,6/11/2025,36,19438.0401430.0_2025_6,1,1,first,Pregnant,Pregnant,,,2,2
9/5/2025,,19438,,,401430,,Pregnancy Test - Milk,0.716,172,19438.0401430.0,9/5/2025,2025,6/11/2025,86,19438.0401430.0_2025_6,1,2,last,Pregnant,Pregnant,,,2,2
1/29/2026,,19442,,,398645,,Pregnancy Test - Milk,0.115,198,19442.0398645.0,1/29/2026,2025,11/22/2025,68,19442.0398645.0_2025_11,1,1,first,Re-Check,rc_unresolved,,,2,2
4/16/2026,,19442,,,401430,,Pregnancy Test - Milk,1.042,120,19442.0401430.0,4/16/2026,2026,3/11/2026,36,19442.0401430.0_2026_3,2,1,first,Pregnant,Pregnant,,,2,2
5/29/2025,,19442,,,401430,,Pregnancy Test - Milk,0.47,164,19442.0401430.0,5/29/2025,2025,3/13/2025,77,19442.0401430.0_2025_3,1,1,first,Pregnant,Pregnant,,,2,2
1/1/2026,,19444,,,398645,,Pregnancy Test - Milk,2.817,142,19444.0398645.0,1/1/2026,2025,10/16/2025,77,19444.0398645.0_2025_10,1,1,first,Pregnant,Pregnant,,,2,2
3/26/2026,,19444,,,401430,,Pregnancy Test - Milk,0.477,114,19444.0401430.0,3/26/2026,2026,2/14/2026,40,19444.0401430.0_2026_2,1,1,first,Pregnant,Pregnant,,,2,2
1/23/2026,,19448,,,398645,,Pregnancy Test - Milk,0.652,221,19448.0398645.0,1/23/2026,2025,12/16/2025,38,19448.0398645.0_2025_12,1,1,first,Pregnant,Pregnant,,,2,2
3/26/2026,,19448,,,401430,,Pregnancy Test - Milk,0.5,118,19448.0401430.0,3/26/2026,2026,2/19/2026,35,19448.0401430.0_2026_2,1,1,first,Pregnant,Pregant_with_rc,,,2,2
5/14/2026,,19448,,,401430,,Pregnancy Test - Milk,0.194,167,19448.0401430.0,5/14/2026,2026,2/19/2026,84,19448.0401430.0_2026_2,1,3,intermediate,Re-Check,Pregant_with_rc,,,2,2
5/21/2026,,19448,,,401430,,Pregnancy Test - Milk,0.369,174,19448.0401430.0,5/21/2026,2026,2/19/2026,91,19448.0401430.0_2026_2,1,4,last,Pregnant,Pregant_with_rc,,,2,2
5/7/2026,,19448,,,401430,,Pregnancy Test - Milk,0.237,160,19448.0401430.0,5/7/2026,2026,2/19/2026,77,19448.0401430.0_2026_2,1,2,intermediate,Re-Check,Pregant_with_rc,,,2,2
11/27/2025,,19452,,,398645,,Pregnancy Test - Milk,0.429,143,19452.0398645.0,11/27/2025,2025,9/16/2025,72,19452.0398645.0_2025_9,1,1,first,Pregnant,Pregnant,,,2,2
3/19/2026,,19452,,,398645,,Pregnancy Test - Milk,2.695,254,19452.0398645.0,3/19/2026,2025,9/16/2025,184,19452.0398645.0_2025_9,1,2,last,Pregnant,Pregnant,,,2,2
5/7/2026,,19452,,,401430,,Pregnancy Test - Milk,0.61,122,19452.0401430.0,5/7/2026,2026,4/1/2026,36,19452.0401430.0_2026_4,2,1,first,Pregnant,Pregnant,,,2,2
6/26/2025,,19452,,,401430,,Pregnancy Test - Milk,0.557,192,19452.0401430.0,6/26/2025,2025,4/11/2025,76,19452.0401430.0_2025_4,1,1,first,Pregnant,Pregnant,,,2,2
5/7/2026,,19454,,,398645,,Pregnancy Test - Milk,1.004,279,19454.0398645.0,5/7/2026,2025,9/23/2025,226,19454.0398645.0_2025_9,1,1,first,Pregnant,Pregnant,,,2,2
3/12/2026,,19454,,,401430,,Pregnancy Test - Milk,1.199,112,19454.0401430.0,3/12/2026,2026,2/5/2026,35,19454.0401430.0_2026_2,1,1,first,Pregnant,loss_2_open,,,2,2
4/23/2026,,19454,,,401430,,Pregnancy Test - Milk,-0.015,154,19454.0401430.0,4/23/2026,2026,2/5/2026,77,19454.0401430.0_2026_2,1,2,last,Open,loss_2_open,,,2,2
2/5/2026,,19456,,,398645,,Pregnancy Test - Milk,0.522,133,19456.0398645.0,2/5/2026,2025,11/28/2025,69,19456.0398645.0_2025_11,2,1,first,Pregnant,Pregnant,,,2,2
6/26/2025,,19456,,,398645,,Pregnancy Test - Milk,2.716,299,19456.0398645.0,6/26/2025,2025,4/16/2025,71,19456.0398645.0_2025_4,1,1,first,Pregnant,preg_loss_rebred,,,2,2
7/10/2025,,19456,,,401430,,Pregnancy Test - Milk,0.421,182,19456.0401430.0,7/10/2025,2025,6/3/2025,37,19456.0401430.0_2025_6,1,1,first,Pregnant,Pregnant,,,2,2
8/14/2025,,19456,,,401430,,Pregnancy Test - Milk,0.768,217,19456.0401430.0,8/14/2025,2025,6/3/2025,72,19456.0401430.0_2025_6,1,2,last,Pregnant,Pregnant,,,2,2
1/8/2026,,19458,,,398645,,Pregnancy Test - Milk,0.405,228,19458.0398645.0,1/8/2026,2025,10/31/2025,69,19458.0398645.0_2025_10,1,1,first,Pregnant,Pregnant,,,2,2
4/30/2026,,19458,,,398645,,Pregnancy Test - Milk,2.802,340,19458.0398645.0,4/30/2026,2025,10/31/2025,181,19458.0398645.0_2025_10,1,2,last,Pregnant,Pregnant,,,2,2
4/2/2026,,19458,,,401430,,Pregnancy Test - Milk,1.728,112,19458.0401430.0,4/2/2026,2026,2/16/2026,44,19458.0401430.0_2026_2,2,1,first,Pregnant,Pregnant,,,2,2
4/29/2026,,19458,,,401430,,Pregnancy Test - Milk,0.551,140,19458.0401430.0,4/29/2026,2026,2/16/2026,72,19458.0401430.0_2026_2,2,2,last,Pregnant,Pregnant,,,2,2
6/5/2025,,19458,,,401430,,Pregnancy Test - Milk,0.462,170,19458.0401430.0,6/5/2025,2025,3/13/2025,84,19458.0401430.0_2025_3,1,1,first,Pregnant,Pregnant,,,2,2
11/27/2025,,19461,,,398645,,Pregnancy Test - Milk,0.25,155,19461.0398645.0,11/27/2025,2025,9/2/2025,86,19461.0398645.0_2025_9,1,1,first,Pregnant,Pregnant,,,2,2
3/19/2026,,19461,,,398645,,Pregnancy Test - Milk,1.454,266,19461.0398645.0,3/19/2026,2025,9/2/2025,198,19461.0398645.0_2025_9,1,2,last,Pregnant,Pregnant,,,2,2
3/26/2026,,19461,,,401430,,Pregnancy Test - Milk,0.021,122,19461.0401430.0,3/26/2026,2026,2/19/2026,35,19461.0401430.0_2026_2,1,1,first,Open,Open,,,2,2
5/14/2026,,19461,,,401430,,Pregnancy Test - Milk,1,171,19461.0401430.0,5/14/2026,2026,4/9/2026,35,19461.0401430.0_2026_4,2,1,first,Pregnant,Pregnant,,,2,2
7/3/2025,,19464,,,398645,,Pregnancy Test - Milk,1.531,309,19464.0398645.0,7/3/2025,2025,1/2/2025,182,19464.0398645.0_2025_1,1,1,first,Pregnant,Pregnant,,,2,2
4/16/2026,,19464,,,401430,,Pregnancy Test - Milk,0.626,138,19464.0401430.0,4/16/2026,2026,3/9/2026,38,19464.0401430.0_2026_3,1,1,first,Pregnant,Pregnant,,,2,2
5/21/2026,,19464,,,401430,,Pregnancy Test - Milk,0.33,172,19464.0401430.0,5/21/2026,2026,3/9/2026,72,19464.0401430.0_2026_3,1,2,last,Pregnant,Pregnant,,,2,2
3/26/2026,,19491,,,398645,,Pregnancy Test - Milk,0.339,145,19491.0398645.0,3/26/2026,2026,1/12/2026,73,19491.0398645.0_2026_1,2,1,first,Pregnant,Pregnant,,,2,2
7/24/2025,,19491,,,398645,,Pregnancy Test - Milk,2.406,252,19491.0398645.0,7/24/2025,2025,1/22/2025,183,19491.0398645.0_2025_1,1,1,first,Pregnant,Pregnant,,,2,2
3/12/2026,,19491,,,401430,,Pregnancy Test - Milk,1.285,92,19491.0401430.0,3/12/2026,2026,2/1/2026,38,19491.0401430.0_2026_2,2,1,first,Pregnant,Pregnant,,,2,2
4/16/2026,,19491,,,401430,,Pregnancy Test - Milk,0.356,128,19491.0401430.0,4/16/2026,2026,2/1/2026,74,19491.0401430.0_2026_2,2,2,last,Pregnant,Pregnant,,,2,2
5/29/2025,,19491,,,401430,,Pregnancy Test - Milk,0.61,160,19491.0401430.0,5/29/2025,2025,3/13/2025,77,19491.0401430.0_2025_3,1,1,first,Pregnant,Pregnant,,,2,2
4/30/2026,,19494,,,398645,,Pregnancy Test - Milk,0.599,207,19494.0398645.0,4/30/2026,2026,3/14/2026,47,19494.0398645.0_2026_3,2,1,first,Pregnant,Pregnant,,,2,2
7/3/2025,,19494,,,398645,,Pregnancy Test - Milk,2.048,321,19494.0398645.0,7/3/2025,2024,12/28/2024,187,19494.0398645.0_2024_12,1,1,first,Pregnant,Pregnant,,,2,2
3/12/2026,,19494,,,401430,,Pregnancy Test - Milk,1.446,131,19494.0401430.0,3/12/2026,2026,2/5/2026,35,19494.0401430.0_2026_2,1,1,first,Pregnant,Pregnant,,,2,2
4/23/2026,,19494,,,401430,,Pregnancy Test - Milk,0.665,173,19494.0401430.0,4/23/2026,2026,2/5/2026,77,19494.0401430.0_2026_2,1,2,last,Pregnant,Pregnant,,,2,2
5/7/2026,,19499,,,398645,,Pregnancy Test - Milk,2.098,303,19499.0398645.0,5/7/2026,2026,4/19/2026,18,19499.0398645.0_2026_4,1,1,first,Pregnant,Pregnant,,,2,2
4/23/2026,,19499,,,401430,,Pregnancy Test - Milk,1.018,132,19499.0401430.0,4/23/2026,2026,3/17/2026,37,19499.0401430.0_2026_3,2,1,first,Pregnant,Pregnant,,,2,2
5/29/2025,,19499,,,401430,,Pregnancy Test - Milk,0.299,183,19499.0401430.0,5/29/2025,2025,3/11/2025,79,19499.0401430.0_2025_3,1,1,first,Pregnant,Pregnant,,,2,2
3/5/2026,,19502,,,398645,,Pregnancy Test - Milk,1.296,136,19502.0398645.0,3/5/2026,2026,1/20/2026,44,19502.0398645.0_2026_1,1,1,first,Pregnant,Pregnant,,,2,2
5/14/2026,,19502,,,401430,,Pregnancy Test - Milk,0.645,157,19502.0401430.0,5/14/2026,2026,4/8/2026,36,19502.0401430.0_2026_4,2,1,first,Pregnant,Pregnant,,,2,2
5/29/2025,,19502,,,401430,,Pregnancy Test - Milk,0.484,165,19502.0401430.0,5/29/2025,2025,3/13/2025,77,19502.0401430.0_2025_3,1,1,first,Pregnant,Pregnant,,,2,2
8/28/2025,,19510,,,398645,,Pregnancy Test - Milk,2.361,379,19510.0398645.0,8/28/2025,2025,2/23/2025,186,19510.0398645.0_2025_2,1,1,first,Pregnant,Pregnant,,,2,2
5/7/2026,,19510,,,401430,,Pregnancy Test - Milk,0.717,89,19510.0401430.0,5/7/2026,2026,3/30/2026,38,19510.0401430.0_2026_3,2,1,first,Pregnant,Pregnant,,,2,2
6/5/2025,,19510,,,401430,,Pregnancy Test - Milk,1.218,171,19510.0401430.0,6/5/2025,2025,4/27/2025,39,19510.0401430.0_2025_4,1,1,first,Pregnant,Pregnant,,,2,2
7/10/2025,,19510,,,401430,,Pregnancy Test - Milk,0.864,206,19510.0401430.0,7/10/2025,2025,4/27/2025,74,19510.0401430.0_2025_4,1,2,last,Pregnant,Pregnant,,,2,2
2/19/2026,,19520,,,398645,,Pregnancy Test - Milk,1.105,208,19520.0398645.0,2/19/2026,2025,12/14/2025,67,19520.0398645.0_2025_12,1,1,first,Pregnant,Pregnant,,,2,2
4/16/2026,,19520,,,401430,,Pregnancy Test - Milk,0.444,135,19520.0401430.0,4/16/2026,2026,3/11/2026,36,19520.0401430.0_2026_3,1,1,first,Pregnant,Pregnant,,,2,2
2/19/2026,,19530,,,398645,,Pregnancy Test - Milk,0.666,210,19530.0398645.0,2/19/2026,2025,12/3/2025,78,19530.0398645.0_2025_12,1,1,first,Pregnant,Pregnant,,,2,2
2/26/2026,,19530,,,401430,,Pregnancy Test - Milk,1.55,99,19530.0401430.0,2/26/2026,2026,1/22/2026,35,19530.0401430.0_2026_1,1,1,first,Pregnant,Pregnant,,,2,2
4/9/2026,,19530,,,401430,,Pregnancy Test - Milk,0.294,141,19530.0401430.0,4/9/2026,2026,1/22/2026,77,19530.0401430.0_2026_1,1,2,last,Pregnant,Pregnant,,,2,2
3/5/2026,,19532,,,398645,,Pregnancy Test - Milk,POS,253,19532.0398645.0,3/5/2026,2025,9/2/2025,184,19532.0398645.0_2025_9,1,1,first,Pregnant,Pregnant,,,2,2
4/30/2026,,19532,,,401430,,Pregnancy Test - Milk,0.572,109,19532.0401430.0,4/30/2026,2026,3/24/2026,37,19532.0401430.0_2026_3,2,1,first,Pregnant,Pregnant,,,2,2
6/19/2025,,19532,,,401430,,Pregnancy Test - Milk,0.507,189,19532.0401430.0,6/19/2025,2025,3/28/2025,83,19532.0401430.0_2025_3,1,1,first,Pregnant,Pregnant,,,2,2
7/3/2025,,19533,,,398645,,Pregnancy Test - Milk,2.83,379,19533.0398645.0,7/3/2025,2024,12/27/2024,188,19533.0398645.0_2024_12,1,1,first,Pregnant,Pregnant,,,2,2
2/13/2026,,19533,,,401430,,Pregnancy Test - Milk,1.599,100,19533.0401430.0,2/13/2026,2026,1/8/2026,36,19533.0401430.0_2026_1,1,1,first,Pregnant,Pregnant,,,2,2
3/26/2026,,19533,,,401430,,Pregnancy Test - Milk,2.46,141,19533.0401430.0,3/26/2026,2026,1/8/2026,77,19533.0401430.0_2026_1,1,2,last,Pregnant,Pregnant,,,2,2
2/19/2026,,19537,,,398645,,Pregnancy Test - Milk,0.439,187,19537.0398645.0,2/19/2026,2025,12/4/2025,77,19537.0398645.0_2025_12,1,1,first,Pregnant,Pregnant,,,2,2
6/12/2025,,19537,,,401430,,Pregnancy Test - Milk,1.429,160,19537.0401430.0,6/12/2025,2025,3/26/2025,78,19537.0401430.0_2025_3,1,1,first,Pregnant,Pregnant,,,2,2
5/29/2025,,19542,,,398645,,Pregnancy Test - Milk,2.325,290,19542.0398645.0,5/29/2025,2025,5/29/2025,0,19542.0398645.0_2025_5,1,1,first,Pregnant,Pregnant,,,2,2
2/13/2026,,19542,,,401430,,Pregnancy Test - Milk,1.056,106,19542.0401430.0,2/13/2026,2026,1/8/2026,36,19542.0401430.0_2026_1,1,1,first,Pregnant,Pregnant,,,2,2
3/26/2026,,19542,,,401430,,Pregnancy Test - Milk,0.412,147,19542.0401430.0,3/26/2026,2026,1/8/2026,77,19542.0401430.0_2026_1,1,2,last,Pregnant,Pregnant,,,2,2
1/1/2026,,19546,,,398645,,Pregnancy Test - Milk,0.974,189,19546.0398645.0,1/1/2026,2025,10/24/2025,69,19546.0398645.0_2025_10,1,1,first,Pregnant,Pregnant,,,2,2
4/23/2026,,19546,,,398645,,Pregnancy Test - Milk,2.622,301,19546.0398645.0,4/23/2026,2025,10/24/2025,181,19546.0398645.0_2025_10,1,2,last,Pregnant,Pregnant,,,2,2
6/12/2025,,19546,,,401430,,Pregnancy Test - Milk,0.963,198,19546.0401430.0,6/12/2025,2025,3/29/2025,75,19546.0401430.0_2025_3,1,1,first,Pregnant,Pregnant,,,2,2
4/2/2026,,19550,,,398645,,Pregnancy Test - Milk,POS,270,19550.0398645.0,4/2/2026,2025,10/2/2025,182,19550.0398645.0_2025_10,1,1,first,Pregnant,Pregnant,,,2,2
9/5/2025,,19550,,,401430,,Pregnancy Test - Milk,0.01,299,19550.0401430.0,9/5/2025,2025,7/26/2025,41,19550.0401430.0_2025_7,1,1,first,Open,Open,,,2,2
10/23/2025,,19553,,,398645,,Pregnancy Test - Milk,2.134,403,19553.0398645.0,10/23/2025,2025,4/23/2025,183,19553.0398645.0_2025_4,1,2,last,Pregnant,Pregnant,,,2,2
7/3/2025,,19553,,,398645,,Pregnancy Test - Milk,0.325,291,19553.0398645.0,7/3/2025,2025,4/23/2025,71,19553.0398645.0_2025_4,1,1,first,Pregnant,Pregnant,,,2,2
6/12/2025,,19553,,,401430,,Pregnancy Test - Milk,0.864,177,19553.0401430.0,6/12/2025,2025,3/27/2025,77,19553.0401430.0_2025_3,1,1,first,Pregnant,Pregnant,,,2,2
6/5/2025,,19555,,,398645,,Pregnancy Test - Milk,1.663,269,19555.0398645.0,6/5/2025,2025,6/5/2025,0,19555.0398645.0_2025_6,1,1,first,Pregnant,Pregnant,,,2,2
5/14/2026,,19555,,,401430,,Pregnancy Test - Milk,0.514,123,19555.0401430.0,5/14/2026,2026,4/9/2026,35,19555.0401430.0_2026_4,2,1,first,Pregnant,Pregnant,,,2,2
6/19/2025,,19555,,,401430,,Pregnancy Test - Milk,0.453,206,19555.0401430.0,6/19/2025,2025,4/1/2025,79,19555.0401430.0_2025_4,1,1,first,Pregnant,Pregnant,,,2,2
2/19/2026,,19563,,,398645,,Pregnancy Test - Milk,0.251,141,19563.0398645.0,2/19/2026,2025,12/23/2025,58,19563.0398645.0_2025_12,2,1,first,Pregnant,Pregnant,,,2,2
6/26/2025,,19563,,,398645,,Pregnancy Test - Milk,2.334,347,19563.0398645.0,6/26/2025,2024,12/26/2024,182,19563.0398645.0_2024_12,1,1,first,Pregnant,Pregnant,,,2,2
3/19/2026,,19563,,,401430,,Pregnancy Test - Milk,0.282,95,19563.0401430.0,3/19/2026,2026,2/11/2026,36,19563.0401430.0_2026_2,2,1,first,Pregnant,preg_loss_rebred,,,2,2
4/23/2026,,19563,,,401430,,Pregnancy Test - Milk,0.424,130,19563.0401430.0,4/23/2026,2026,3/29/2026,25,19563.0401430.0_2026_3,3,1,first,Pregnant,Pregnant,,,2,2
5/29/2025,,19563,,,401430,,Pregnancy Test - Milk,0.608,165,19563.0401430.0,5/29/2025,2025,3/13/2025,77,19563.0401430.0_2025_3,1,1,first,Pregnant,Pregnant,,,2,2
12/25/2025,,19564,,,398645,,Pregnancy Test - Milk,POS,486,19564.0398645.0,12/25/2025,2025,10/4/2025,82,19564.0398645.0_2025_10,2,1,first,Pregnant,Pregnant,,,2,2
9/4/2025,,19564,,,398645,,Pregnancy Test - Milk,0.889,374,19564.0398645.0,9/4/2025,2025,6/9/2025,87,19564.0398645.0_2025_6,1,1,first,Pregnant,preg_loss_rebred,,,2,2
4/16/2026,,19564,,,401430,,Pregnancy Test - Milk,-0.005,108,19564.0401430.0,4/16/2026,2026,3/8/2026,39,19564.0401430.0_2026_3,2,1,first,Open,Open,,,2,2
6/12/2025,,19564,,,401430,,Pregnancy Test - Milk,0.502,181,19564.0401430.0,6/12/2025,2025,3/26/2025,78,19564.0401430.0_2025_3,1,1,first,Pregnant,Pregnant,,,2,2
2/19/2026,,19567,,,398645,,Pregnancy Test - Milk,0.831,147,19567.0398645.0,2/19/2026,2025,12/2/2025,79,19567.0398645.0_2025_12,1,1,first,Pregnant,Pregnant,,,2,2
3/12/2026,,19567,,,401430,,Pregnancy Test - Milk,1.356,95,19567.0401430.0,3/12/2026,2026,2/1/2026,38,19567.0401430.0_2026_2,1,1,first,Pregnant,Pregnant,,,2,2
4/16/2026,,19567,,,401430,,Pregnancy Test - Milk,0.464,131,19567.0401430.0,4/16/2026,2026,2/1/2026,74,19567.0401430.0_2026_2,1,2,last,Pregnant,Pregnant,,,2,2
5/7/2026,,19596,,,398645,,Pregnancy Test - Milk,POS,282,19596.0398645.0,5/7/2026,2025,11/1/2025,187,19596.0398645.0_2025_11,1,1,first,Pregnant,Pregnant,,,2,2
10/23/2025,,19596,,,401430,,Pregnancy Test - Milk,0.656,256,19596.0401430.0,10/23/2025,2025,8/1/2025,83,19596.0401430.0_2025_8,2,2,last,Pregnant,Pregnant,,,2,2
6/12/2025,,19596,,,401430,,Pregnancy Test - Milk,1.088,124,19596.0401430.0,6/12/2025,2025,5/7/2025,36,19596.0401430.0_2025_5,1,1,first,Pregnant,loss,,,2,2
7/24/2025,,19596,,,401430,,Pregnancy Test - Milk,0.039,166,19596.0401430.0,7/24/2025,2025,5/7/2025,78,19596.0401430.0_2025_5,1,2,last,Open,loss,,,2,2
9/11/2025,,19596,,,401430,,Pregnancy Test - Milk,0.574,214,19596.0401430.0,9/11/2025,2025,8/1/2025,41,19596.0401430.0_2025_8,2,1,first,Pregnant,Pregnant,,,2,2
4/30/2026,,19603,,,398645,,Pregnancy Test - Milk,0.434,186,19603.0398645.0,4/30/2026,2026,3/24/2026,37,19603.0398645.0_2026_3,1,1,first,Pregnant,Pregnant,,,2,2
6/5/2025,,19603,,,401430,,Pregnancy Test - Milk,2.282,160,19603.0401430.0,6/5/2025,2025,3/20/2025,77,19603.0401430.0_2025_3,1,1,first,Pregnant,Pregnant,,,2,2
3/19/2026,,19607,,,398645,,Pregnancy Test - Milk,0.242,159,19607.0398645.0,3/19/2026,2026,1/8/2026,70,19607.0398645.0_2026_1,1,1,first,Re-Check,rc_unresolved,,,2,2
4/2/2026,,19607,,,401430,,Pregnancy Test - Milk,0.808,94,19607.0401430.0,4/2/2026,2026,2/23/2026,38,19607.0401430.0_2026_2,2,1,first,Pregnant,Pregant_with_rc,,,2,2
5/14/2026,,19607,,,401430,,Pregnancy Test - Milk,0.302,136,19607.0401430.0,5/14/2026,2026,2/23/2026,80,19607.0401430.0_2026_2,2,3,last,Pregnant,Pregant_with_rc,,,2,2
5/7/2026,,19607,,,401430,,Pregnancy Test - Milk,0.192,129,19607.0401430.0,5/7/2026,2026,2/23/2026,73,19607.0401430.0_2026_2,2,2,intermediate,Re-Check,Pregant_with_rc,,,2,2
6/12/2025,,19607,,,401430,,Pregnancy Test - Milk,0.646,162,19607.0401430.0,6/12/2025,2025,3/26/2025,78,19607.0401430.0_2025_3,1,1,first,Pregnant,Pregnant,,,2,2
12/25/2025,,19626,,,398645,,Pregnancy Test - Milk,1.249,163,19626.0398645.0,12/25/2025,2025,12/23/2025,2,19626.0398645.0_2025_12,1,1,first,Pregnant,Pregnant,,,2,2
5/14/2026,,19626,,,401430,,Pregnancy Test - Milk,1.581,121,19626.0401430.0,5/14/2026,2026,4/8/2026,36,19626.0401430.0_2026_4,2,1,first,Pregnant,Pregnant,,,2,2
7/3/2025,,19626,,,401430,,Pregnancy Test - Milk,0.341,181,19626.0401430.0,7/3/2025,2025,4/14/2025,80,19626.0401430.0_2025_4,1,1,first,Pregnant,Pregnant,,,2,2
11/20/2025,,19635,,,398645,,Pregnancy Test - Milk,2.675,299,19635.0398645.0,11/20/2025,2025,5/1/2025,203,19635.0398645.0_2025_5,1,2,last,Pregnant,Pregnant,,,2,2
7/31/2025,,19635,,,398645,,Pregnancy Test - Milk,0.6,187,19635.0398645.0,7/31/2025,2025,5/1/2025,91,19635.0398645.0_2025_5,1,1,first,Pregnant,Pregnant,,,2,2
6/12/2025,,19635,,,401430,,Pregnancy Test - Milk,0.571,120,19635.0401430.0,6/12/2025,2025,5/7/2025,36,19635.0401430.0_2025_5,1,1,first,Pregnant,Pregnant,,,2,2
7/24/2025,,19635,,,401430,,Pregnancy Test - Milk,0.881,162,19635.0401430.0,7/24/2025,2025,5/7/2025,78,19635.0401430.0_2025_5,1,2,last,Pregnant,Pregnant,,,2,2
4/30/2026,,19639,,,398645,,Pregnancy Test - Milk,0.617,173,19639.0398645.0,4/30/2026,2026,2/17/2026,72,19639.0398645.0_2026_2,2,1,first,Pregnant,Pregnant,,,2,2
7/31/2025,,19639,,,398645,,Pregnancy Test - Milk,1.489,353,19639.0398645.0,7/31/2025,2024,10/30/2024,274,19639.0398645.0_2024_10,1,1,first,Pregnant,Pregnant,,,2,2
10/9/2025,,19639,,,401430,,Pregnancy Test - Milk,0.058,286,19639.0401430.0,10/9/2025,2025,9/4/2025,35,19639.0401430.0_2025_9,3,1,first,Open,Open,,,2,2
11/27/2025,,19639,,,401430,,Pregnancy Test - Milk,0.044,339,19639.0401430.0,11/27/2025,2025,10/19/2025,39,19639.0401430.0_2025_10,4,1,first,Open,Open,,,2,2
6/12/2025,,19639,,,401430,,Pregnancy Test - Milk,0.079,168,19639.0401430.0,6/12/2025,2025,5/7/2025,36,19639.0401430.0_2025_5,1,1,first,Open,Open,,,2,2
8/21/2025,,19639,,,401430,,Pregnancy Test - Milk,0.063,237,19639.0401430.0,8/21/2025,2025,7/16/2025,36,19639.0401430.0_2025_7,2,1,first,Open,Open,,,2,2
3/26/2026,,19641,,,398645,,Pregnancy Test - Milk,0.571,220,19641.0398645.0,3/26/2026,2026,1/15/2026,70,19641.0398645.0_2026_1,1,1,first,Pregnant,Pregnant,,,2,2
4/30/2026,,19641,,,401430,,Pregnancy Test - Milk,1.098,92,19641.0401430.0,4/30/2026,2026,3/22/2026,39,19641.0401430.0_2026_3,3,1,first,Pregnant,Pregnant,,,2,2
6/5/2025,,19641,,,401430,,Pregnancy Test - Milk,1.707,148,19641.0401430.0,6/5/2025,2025,5/1/2025,35,19641.0401430.0_2025_5,2,1,first,Pregnant,Pregnant,,,2,2
7/17/2025,,19641,,,401430,,Pregnancy Test - Milk,0.338,191,19641.0401430.0,7/17/2025,2025,4/30/2025,78,19641.0401430.0_2025_4,1,1,first,Pregnant,preg_loss_rebred,,,2,2
4/30/2026,,19650,,,398645,,Pregnancy Test - Milk,0.46,218,19650.0398645.0,4/30/2026,2026,3/31/2026,30,19650.0398645.0_2026_3,2,1,first,Pregnant,Pregnant,,,2,2
6/26/2025,,19650,,,398645,,Pregnancy Test - Milk,2.803,270,19650.0398645.0,6/26/2025,2025,6/26/2025,0,19650.0398645.0_2025_6,1,1,first,Pregnant,preg_loss_rebred,,,2,2
6/19/2025,,19650,,,401430,,Pregnancy Test - Milk,0.762,175,19650.0401430.0,6/19/2025,2025,5/2/2025,48,19650.0401430.0_2025_5_1,1,1,first,Pregnant,preg_loss_rebred,,,2,2
7/24/2025,,19650,,,401430,,Pregnancy Test - Milk,0.628,204,19650.0401430.0,7/24/2025,2025,5/8/2025,77,19650.0401430.0_2025_5_2,2,1,first,Pregnant,Pregnant,,,2,2
12/4/2025,,19651,,,398645,,Pregnancy Test - Milk,0.19,150,19651.0398645.0,12/4/2025,2025,9/27/2025,68,19651.0398645.0_2025_9,1,1,first,Re-Check,rc_preg,,,2,2
4/2/2026,,19651,,,398645,,Pregnancy Test - Milk,1.528,269,19651.0398645.0,4/2/2026,2025,9/27/2025,187,19651.0398645.0_2025_9,1,2,last,Pregnant,rc_preg,,,2,2
5/14/2026,,19651,,,401430,,Pregnancy Test - Milk,0.91,106,19651.0401430.0,5/14/2026,2026,4/8/2026,36,19651.0401430.0_2026_4,2,1,first,Pregnant,Pregnant,,,2,2
5/29/2025,,19651,,,401430,,Pregnancy Test - Milk,1.296,118,19651.0401430.0,5/29/2025,2025,4/24/2025,35,19651.0401430.0_2025_4,1,1,first,Pregnant,Pregnant,,,2,2
7/10/2025,,19651,,,401430,,Pregnancy Test - Milk,0.792,160,19651.0401430.0,7/10/2025,2025,4/24/2025,77,19651.0401430.0_2025_4,1,2,last,Pregnant,Pregnant,,,2,2
8/21/2025,,19656,,,398645,,Pregnancy Test - Milk,2.34,403,19656.0398645.0,8/21/2025,2025,2/20/2025,182,19656.0398645.0_2025_2,1,1,first,Pregnant,Pregnant,,,2,2
8/7/2025,,19656,,,401430,,Pregnancy Test - Milk,0.76,171,19656.0401430.0,8/7/2025,2025,7/1/2025,37,19656.0401430.0_2025_7,1,1,first,Pregnant,Pregnant,,,2,2
9/11/2025,,19656,,,401430,,Pregnancy Test - Milk,0.552,206,19656.0401430.0,9/11/2025,2025,7/1/2025,72,19656.0401430.0_2025_7,1,2,last,Pregnant,Pregnant,,,2,2
7/24/2025,,19658,,,398645,,Pregnancy Test - Milk,0.292,175,19658.0398645.0,7/24/2025,2025,5/15/2025,70,19658.0398645.0_2025_5,1,1,first,Pregnant,Pregnant,,,2,2
6/26/2025,,19658,,,401430,,Pregnancy Test - Milk,0.912,164,19658.0401430.0,6/26/2025,2025,4/10/2025,77,19658.0401430.0_2025_4,1,1,first,Pregnant,Pregnant,,,2,2
8/7/2025,,19660,,,398645,,Pregnancy Test - Milk,2.66,255,19660.0398645.0,8/7/2025,2025,2/3/2025,185,19660.0398645.0_2025_2,1,1,first,Pregnant,Pregnant,,,2,2
7/24/2025,,19660,,,401430,,Pregnancy Test - Milk,1.808,168,19660.0401430.0,7/24/2025,2025,6/17/2025,37,19660.0401430.0_2025_6,1,1,first,Pregnant,Pregnant,,,2,2
8/28/2025,,19660,,,401430,,Pregnancy Test - Milk,0.423,202,19660.0401430.0,8/28/2025,2025,6/17/2025,71,19660.0401430.0_2025_6,1,2,last,Pregnant,Pregnant,,,2,2
1/8/2026,,19664,,,398645,,Pregnancy Test - Milk,0.024,186,19664.0398645.0,1/8/2026,2025,12/10/2025,29,19664.0398645.0_2025_12,1,1,first,Open,Open,,,2,2
6/12/2025,,19664,,,401430,,Pregnancy Test - Milk,1.409,122,19664.0401430.0,6/12/2025,2025,5/7/2025,36,19664.0401430.0_2025_5,1,1,first,Pregnant,Pregnant,,,2,2
7/24/2025,,19664,,,401430,,Pregnancy Test - Milk,0.833,164,19664.0401430.0,7/24/2025,2025,5/7/2025,78,19664.0401430.0_2025_5,1,2,last,Pregnant,Pregnant,,,2,2
6/26/2025,,19673,,,398645,,Pregnancy Test - Milk,1.303,221,19673.0398645.0,6/26/2025,2025,3/4/2025,114,19673.0398645.0_2025_3,1,1,first,Pregnant,Pregnant,,,2,2
7/3/2025,,19673,,,401430,,Pregnancy Test - Milk,1.255,172,19673.0401430.0,7/3/2025,2025,4/10/2025,84,19673.0401430.0_2025_4,1,1,first,Pregnant,Pregnant,,,2,2
2/5/2026,,19677,,,398645,,Pregnancy Test - Milk,0.272,167,19677.0398645.0,2/5/2026,2025,11/28/2025,69,19677.0398645.0_2025_11,1,1,first,Pregnant,Pregnant,,,2,2
4/23/2026,,19677,,,401430,,Pregnancy Test - Milk,0.427,90,19677.0401430.0,4/23/2026,2026,3/16/2026,38,19677.0401430.0_2026_3,2,1,first,Pregnant,Pregnant,,,2,2
6/12/2025,,19677,,,401430,,Pregnancy Test - Milk,2.154,122,19677.0401430.0,6/12/2025,2025,5/4/2025,39,19677.0401430.0_2025_5,1,1,first,Pregnant,Pregnant,,,2,2
7/17/2025,,19677,,,401430,,Pregnancy Test - Milk,0.902,157,19677.0401430.0,7/17/2025,2025,5/4/2025,74,19677.0401430.0_2025_5,1,2,last,Pregnant,Pregnant,,,2,2
8/21/2025,,19679,,,398645,,Pregnancy Test - Milk,2.027,330,19679.0398645.0,8/21/2025,2025,4/21/2025,122,19679.0398645.0_2025_4,1,1,first,Pregnant,Pregnant,,,2,2
6/26/2025,,19679,,,401430,,Pregnancy Test - Milk,0.742,120,19679.0401430.0,6/26/2025,2025,5/22/2025,35,19679.0401430.0_2025_5,1,1,first,Pregnant,Pregnant,,,2,2
4/2/2026,,19681,,,398645,,Pregnancy Test - Milk,0.319,138,19681.0398645.0,4/2/2026,2026,1/25/2026,67,19681.0398645.0_2026_1,2,1,first,Pregnant,Pregnant,,,2,2
8/7/2025,,19681,,,398645,,Pregnancy Test - Milk,2.207,278,19681.0398645.0,8/7/2025,2025,2/3/2025,185,19681.0398645.0_2025_2,1,1,first,Pregnant,Pregnant,,,2,2
10/30/2025,,19681,,,401430,,Pregnancy Test - Milk,0.013,297,19681.0401430.0,10/30/2025,2025,9/21/2025,39,19681.0401430.0_2025_9,2,1,first,Open,Open,,,2,2
8/14/2025,,19681,,,401430,,Pregnancy Test - Milk,-0.008,220,19681.0401430.0,8/14/2025,2025,7/4/2025,41,19681.0401430.0_2025_7,1,1,first,Open,Open,,,2,2
12/25/2025,,19683,,,398645,,Pregnancy Test - Milk,0.381,159,19683.0398645.0,12/25/2025,2025,9/30/2025,86,19683.0398645.0_2025_9,1,1,first,Pregnant,Pregnant,,,2,2
5/21/2026,,19683,,,401430,,Pregnancy Test - Milk,1.126,104,19683.0401430.0,5/21/2026,2026,4/10/2026,41,19683.0401430.0_2026_4,2,1,first,Pregnant,Pregnant,,,2,2
6/12/2025,,19683,,,401430,,Pregnancy Test - Milk,1.203,166,19683.0401430.0,6/12/2025,2025,5/5/2025,38,19683.0401430.0_2025_5,1,1,first,Pregnant,Pregnant,,,2,2
7/17/2025,,19683,,,401430,,Pregnancy Test - Milk,0.386,201,19683.0401430.0,7/17/2025,2025,5/5/2025,73,19683.0401430.0_2025_5,1,2,last,Pregnant,Pregnant,,,2,2
7/3/2025,,19686,,,398645,,Pregnancy Test - Milk,POS,300,19686.0398645.0,7/3/2025,2025,1/2/2025,182,19686.0398645.0_2025_1,1,1,first,Pregnant,Pregnant,,,2,2
10/9/2025,,19686,,,401430,,Pregnancy Test - Milk,0.96,274,19686.0401430.0,10/9/2025,2025,9/3/2025,36,19686.0401430.0_2025_9,3,1,first,Pregnant,Pregnant,,,2,2
11/13/2025,,19686,,,401430,,Pregnancy Test - Milk,0.664,309,19686.0401430.0,11/13/2025,2025,9/3/2025,71,19686.0401430.0_2025_9,3,2,last,Pregnant,Pregnant,,,2,2
5/29/2025,,19686,,,401430,,Pregnancy Test - Milk,0.03,141,19686.0401430.0,5/29/2025,2025,4/22/2025,37,19686.0401430.0_2025_4,1,1,first,Open,Open,,,2,2
7/17/2025,,19686,,,401430,,Pregnancy Test - Milk,0.007,191,19686.0401430.0,7/17/2025,2025,6/11/2025,36,19686.0401430.0_2025_6,2,1,first,Open,Open,,,2,2
1/23/2026,,19688,,,398645,,Pregnancy Test - Milk,0.148,131,19688.0398645.0,1/23/2026,2025,11/10/2025,74,19688.0398645.0_2025_11,1,1,first,Re-Check,rc_unresolved,,,2,2
11/6/2025,,19688,,,401430,,Pregnancy Test - Milk,1.052,235,19688.0401430.0,11/6/2025,2025,8/21/2025,77,19688.0401430.0_2025_8,2,2,last,Pregnant,Pregnant,,,2,2
8/7/2025,,19688,,,401430,,Pregnancy Test - Milk,-0.009,144,19688.0401430.0,8/7/2025,2025,6/28/2025,40,19688.0401430.0_2025_6,1,1,first,Open,Open,,,2,2
9/25/2025,,19688,,,401430,,Pregnancy Test - Milk,1.442,193,19688.0401430.0,9/25/2025,2025,8/21/2025,35,19688.0401430.0_2025_8,2,1,first,Pregnant,Pregnant,,,2,2
10/2/2025,,19691,,,398645,,Pregnancy Test - Milk,1.869,272,19691.0398645.0,10/2/2025,2025,2/18/2025,226,19691.0398645.0_2025_2,1,1,first,Pregnant,Pregnant,,,2,2
10/2/2025,,19691,,,401430,,Pregnancy Test - Milk,1.075,270,19691.0401430.0,10/2/2025,2025,8/27/2025,36,19691.0401430.0_2025_8,3,1,first,Pregnant,Pregnant,,,2,2
11/6/2025,,19691,,,401430,,Pregnancy Test - Milk,1.193,305,19691.0401430.0,11/6/2025,2025,8/27/2025,71,19691.0401430.0_2025_8,3,2,last,Pregnant,Pregnant,,,2,2
6/26/2025,,19691,,,401430,,Pregnancy Test - Milk,0.04,172,19691.0401430.0,6/26/2025,2025,5/22/2025,35,19691.0401430.0_2025_5,1,1,first,Open,Open,,,2,2
8/14/2025,,19691,,,401430,,Pregnancy Test - Milk,0.012,221,19691.0401430.0,8/14/2025,2025,7/10/2025,35,19691.0401430.0_2025_7,2,1,first,Open,Open,,,2,2
4/30/2026,,19695,,,398645,,Pregnancy Test - Milk,0.232,141,19695.0398645.0,4/30/2026,2026,4/21/2026,9,19695.0398645.0_2026_4,2,1,first,Re-Check,rc_unresolved_>_1_bred,,,2,2
9/4/2025,,19695,,,398645,,Pregnancy Test - Milk,1.095,254,19695.0398645.0,9/4/2025,2025,3/5/2025,183,19695.0398645.0_2025_3,1,1,first,Pregnant,Pregnant,,,2,2
1/22/2026,,19695,,,401430,,Pregnancy Test - Milk,0.355,341,19695.0401430.0,1/22/2026,2025,11/7/2025,76,19695.0401430.0_2025_11,3,2,last,Pregnant,Pregnant,,,2,2
10/2/2025,,19695,,,401430,,Pregnancy Test - Milk,-0.008,229,19695.0401430.0,10/2/2025,2025,8/25/2025,38,19695.0401430.0_2025_8,2,1,first,Open,Open,,,2,2
12/18/2025,,19695,,,401430,,Pregnancy Test - Milk,1.686,306,19695.0401430.0,12/18/2025,2025,11/7/2025,41,19695.0401430.0_2025_11,3,1,first,Pregnant,Pregnant,,,2,2
7/31/2025,,19695,,,401430,,Pregnancy Test - Milk,0.495,166,19695.0401430.0,7/31/2025,2025,6/25/2025,36,19695.0401430.0_2025_6,1,1,first,Pregnant,preg_loss_rebred,,,2,2
6/26/2025,,19706,,,398645,,Pregnancy Test - Milk,0.97,164,19706.0398645.0,6/26/2025,2025,4/18/2025,69,19706.0398645.0_2025_4,1,1,first,Pregnant,Pregnant,,,2,2
8/21/2025,,19706,,,401430,,Pregnancy Test - Milk,0.268,245,19706.0401430.0,8/21/2025,2025,7/11/2025,41,19706.0401430.0_2025_7,1,1,first,Pregnant,Pregnant,,,2,2
9/25/2025,,19706,,,401430,,Pregnancy Test - Milk,0.442,280,19706.0401430.0,9/25/2025,2025,7/11/2025,76,19706.0401430.0_2025_7,1,2,last,Pregnant,Pregnant,,,2,2
10/2/2025,,19709,,,398645,,Pregnancy Test - Milk,POS,389,19709.0398645.0,10/2/2025,2025,3/13/2025,203,19709.0398645.0_2025_3,1,1,first,Pregnant,Pregnant,,,2,2
1/2/2026,,19709,,,401430,,Pregnancy Test - Milk,0.289,347,19709.0401430.0,1/2/2026,2025,10/19/2025,75,19709.0401430.0_2025_10,2,2,last,Pregnant,Pregnant,,,2,2
12/4/2025,,19709,,,401430,,Pregnancy Test - Milk,0.778,317,19709.0401430.0,12/4/2025,2025,10/19/2025,45,19709.0401430.0_2025_10,2,1,first,Pregnant,Pregnant,,,2,2
7/3/2025,,19709,,,401430,,Pregnancy Test - Milk,0.014,163,19709.0401430.0,7/3/2025,2025,4/17/2025,77,19709.0401430.0_2025_4,1,1,first,Open,Open,,,2,2
3/5/2026,,19710,,,398645,,Pregnancy Test - Milk,0.713,166,19710.0398645.0,3/5/2026,2025,12/25/2025,70,19710.0398645.0_2025_12,2,1,first,Pregnant,Pregnant,,,2,2
5/29/2025,,19710,,,398645,,Pregnancy Test - Milk,1.684,259,19710.0398645.0,5/29/2025,2025,5/29/2025,0,19710.0398645.0_2025_5,1,1,first,Pregnant,preg_loss_rebred,,,2,2
5/1/2026,,19710,,,401430,,Pregnancy Test - Milk,0.482,119,19710.0401430.0,5/1/2026,2026,3/22/2026,40,19710.0401430.0_2026_3,2,1,first,Pregnant,Pregnant,,,2,2
6/20/2025,,19710,,,401430,,Pregnancy Test - Milk,0.658,164,19710.0401430.0,6/20/2025,2025,4/3/2025,78,19710.0401430.0_2025_4,1,1,first,Pregnant,Pregnant,,,2,2
7/3/2025,,19713,,,398645,,Pregnancy Test - Milk,POS,333,19713.0398645.0,7/3/2025,2025,1/2/2025,182,19713.0398645.0_2025_1,1,1,first,Pregnant,Pregnant,,,2,2
6/19/2025,,19713,,,401430,,Pregnancy Test - Milk,0.733,127,19713.0401430.0,6/19/2025,2025,5/8/2025,42,19713.0401430.0_2025_5_1,1,1,first,Pregnant,preg_loss_rebred,,,2,2
7/31/2025,,19713,,,401430,,Pregnancy Test - Milk,2.297,162,19713.0401430.0,7/31/2025,2025,5/15/2025,77,19713.0401430.0_2025_5_2,2,1,first,Pregnant,Pregnant,,,2,2
7/31/2025,,19721,,,398645,,Pregnancy Test - Milk,2.051,345,19721.0398645.0,7/31/2025,2025,1/28/2025,184,19721.0398645.0_2025_1,1,1,first,Pregnant,Pregnant,,,2,2
5/7/2026,,19721,,,401430,,Pregnancy Test - Milk,0.676,117,19721.0401430.0,5/7/2026,2026,4/1/2026,36,19721.0401430.0_2026_4,2,1,first,Pregnant,Pregnant,,,2,2
7/3/2025,,19721,,,401430,,Pregnancy Test - Milk,0.569,171,19721.0401430.0,7/3/2025,2025,4/10/2025,84,19721.0401430.0_2025_4,1,1,first,Pregnant,Pregnant,,,2,2
2/26/2026,,19726,,,398645,,Pregnancy Test - Milk,0.565,187,19726.0398645.0,2/26/2026,2025,12/19/2025,69,19726.0398645.0_2025_12,1,1,first,Pregnant,Pregnant,,,2,2
5/29/2025,,19726,,,401430,,Pregnancy Test - Milk,1.3,122,19726.0401430.0,5/29/2025,2025,4/24/2025,35,19726.0401430.0_2025_4,1,1,first,Pregnant,Pregnant,,,2,2
7/10/2025,,19726,,,401430,,Pregnancy Test - Milk,0.713,164,19726.0401430.0,7/10/2025,2025,4/24/2025,77,19726.0401430.0_2025_4,1,2,last,Pregnant,Pregnant,,,2,2
4/9/2026,,19731,,,398645,,Pregnancy Test - Milk,1.52,255,19731.0398645.0,4/9/2026,2025,10/4/2025,187,19731.0398645.0_2025_10,1,1,first,Pregnant,Pregnant,,,2,2
10/23/2025,,19731,,,401430,,Pregnancy Test - Milk,0.607,253,19731.0401430.0,10/23/2025,2025,9/6/2025,47,19731.0401430.0_2025_9,3,1,first,Pregnant,Pregnant,,,2,2
11/20/2025,,19731,,,401430,,Pregnancy Test - Milk,0.509,281,19731.0401430.0,11/20/2025,2025,9/6/2025,75,19731.0401430.0_2025_9,3,2,last,Pregnant,Pregnant,,,2,2
7/17/2025,,19731,,,401430,,Pregnancy Test - Milk,0.001,156,19731.0401430.0,7/17/2025,2025,6/6/2025,41,19731.0401430.0_2025_6,1,1,first,Open,Open,,,2,2
9/5/2025,,19731,,,401430,,Pregnancy Test - Milk,0.049,206,19731.0401430.0,9/5/2025,2025,7/30/2025,37,19731.0401430.0_2025_7,2,1,first,Open,Open,,,2,2
9/4/2025,,19734,,,398645,,Pregnancy Test - Milk,2.523,391,19734.0398645.0,9/4/2025,2025,4/8/2025,149,19734.0398645.0_2025_4,1,1,first,Pregnant,Pregnant,,,2,2
7/31/2025,,19734,,,401430,,Pregnancy Test - Milk,0.573,178,19734.0401430.0,7/31/2025,2025,6/25/2025,36,19734.0401430.0_2025_6,1,1,first,Pregnant,Pregnant,,,2,2
9/11/2025,,19734,,,401430,,Pregnancy Test - Milk,0.458,220,19734.0401430.0,9/11/2025,2025,6/25/2025,78,19734.0401430.0_2025_6,1,2,last,Pregnant,Pregnant,,,2,2
5/29/2025,,19736,,,398645,,Pregnancy Test - Milk,2.563,291,19736.0398645.0,5/29/2025,2025,5/15/2025,14,19736.0398645.0_2025_5,1,1,first,Pregnant,Pregnant,,,2,2
5/7/2026,,19736,,,398645,,Pregnancy Test - Milk,2.208,245,19736.0398645.0,5/7/2026,2026,4/29/2026,8,19736.0398645.0_2026_4,2,1,first,Pregnant,Pregnant,,,2,2
5/29/2025,,19736,,,401430,,Pregnancy Test - Milk,0.981,121,19736.0401430.0,5/29/2025,2025,4/24/2025,35,19736.0401430.0_2025_4,1,1,first,Pregnant,Pregnant,,,2,2
7/10/2025,,19736,,,401430,,Pregnancy Test - Milk,POS,163,19736.0401430.0,7/10/2025,2025,4/24/2025,77,19736.0401430.0_2025_4,1,2,last,Pregnant,Pregnant,,,2,2
4/30/2026,,19737,,,398645,,Pregnancy Test - Milk,POS,279,19737.0398645.0,4/30/2026,2025,9/17/2025,225,19737.0398645.0_2025_9,1,1,first,Pregnant,Pregnant,,,2,2
10/2/2025,,19737,,,401430,,Pregnancy Test - Milk,0.919,274,19737.0401430.0,10/2/2025,2025,8/28/2025,35,19737.0401430.0_2025_8,2,1,first,Pregnant,Pregnant,,,2,2
11/13/2025,,19737,,,401430,,Pregnancy Test - Milk,1.002,316,19737.0401430.0,11/13/2025,2025,8/28/2025,77,19737.0401430.0_2025_8,2,2,last,Pregnant,Pregnant,,,2,2
7/24/2025,,19737,,,401430,,Pregnancy Test - Milk,0.037,205,19737.0401430.0,7/24/2025,2025,6/15/2025,39,19737.0401430.0_2025_6,1,1,first,Open,Open,,,2,2
4/2/2026,,19742,,,398645,,Pregnancy Test - Milk,0.704,190,19742.0398645.0,4/2/2026,2026,2/17/2026,44,19742.0398645.0_2026_2,1,1,first,Pregnant,Pregnant,,,2,2
10/23/2025,,19742,,,401430,,Pregnancy Test - Milk,0.554,204,19742.0401430.0,10/23/2025,2025,9/4/2025,49,19742.0401430.0_2025_9,2,1,first,Pregnant,Pregnant,,,2,2
11/20/2025,,19742,,,401430,,Pregnancy Test - Milk,0.547,232,19742.0401430.0,11/20/2025,2025,9/4/2025,77,19742.0401430.0_2025_9,2,2,last,Pregnant,Pregnant,,,2,2
8/21/2025,,19742,,,401430,,Pregnancy Test - Milk,0.06,141,19742.0401430.0,8/21/2025,2025,7/11/2025,41,19742.0401430.0_2025_7,1,1,first,Open,Open,,,2,2
6/26/2025,,19745,,,398645,,Pregnancy Test - Milk,POS,251,19745.0398645.0,6/26/2025,2024,12/24/2024,184,19745.0398645.0_2024_12,1,1,first,Pregnant,Pregnant,,,2,2
6/26/2025,,19745,,,401430,,Pregnancy Test - Milk,1.266,157,19745.0401430.0,6/26/2025,2025,4/15/2025,72,19745.0401430.0_2025_4,1,1,first,Pregnant,Pregnant,,,2,2
1/8/2026,,19748,,,398645,,Pregnancy Test - Milk,0.158,139,19748.0398645.0,1/8/2026,2025,11/1/2025,68,19748.0398645.0_2025_11,1,1,first,Re-Check,rc_preg,,,2,2
5/21/2026,,19748,,,398645,,Pregnancy Test - Milk,1.494,273,19748.0398645.0,5/21/2026,2025,11/1/2025,201,19748.0398645.0_2025_11,1,2,last,Pregnant,rc_preg,,,2,2
6/26/2025,,19748,,,401430,,Pregnancy Test - Milk,1.854,139,19748.0401430.0,6/26/2025,2025,5/20/2025,36,19748.0401430.0_2025_5,1,1,first,Pregnant,Pregnant,,,2,2
7/17/2025,,19748,,,401430,,Pregnancy Test - Milk,0.456,161,19748.0401430.0,7/17/2025,2025,5/20/2025,58,19748.0401430.0_2025_5,1,2,intermediate,Pregnant,Pregnant,,,2,2
7/31/2025,,19748,,,401430,,Pregnancy Test - Milk,0.828,174,19748.0401430.0,7/31/2025,2025,5/20/2025,71,19748.0401430.0_2025_5,1,3,last,Pregnant,Pregnant,,,2,2
5/29/2025,,19749,,,398645,,Pregnancy Test - Milk,0.514,244,19749.0398645.0,5/29/2025,2025,3/23/2025,67,19749.0398645.0_2025_3,1,1,first,Pregnant,Pregnant,,,2,2
9/25/2025,,19749,,,398645,,Pregnancy Test - Milk,2.499,363,19749.0398645.0,9/25/2025,2025,3/23/2025,186,19749.0398645.0_2025_3,1,2,last,Pregnant,Pregnant,,,2,2
4/24/2026,,19749,,,401430,,Pregnancy Test - Milk,0.6,127,19749.0401430.0,4/24/2026,2026,3/17/2026,38,19749.0401430.0_2026_3,2,1,first,Pregnant,Pregnant,,,2,2
6/6/2025,,19749,,,401430,,Pregnancy Test - Milk,0.537,147,19749.0401430.0,6/6/2025,2025,3/18/2025,80,19749.0401430.0_2025_3,1,1,first,Pregnant,Pregnant,,,2,2
1/29/2026,,19751,,,398645,,Pregnancy Test - Milk,0.244,162,19751.0398645.0,1/29/2026,2025,12/31/2025,29,19751.0398645.0_2025_12,1,1,first,Re-Check,rc_unresolved,,,2,2
6/12/2025,,19751,,,401430,,Pregnancy Test - Milk,0.927,119,19751.0401430.0,6/12/2025,2025,5/7/2025,36,19751.0401430.0_2025_5,1,1,first,Pregnant,Pregnant,,,2,2
7/24/2025,,19751,,,401430,,Pregnancy Test - Milk,0.66,161,19751.0401430.0,7/24/2025,2025,5/7/2025,78,19751.0401430.0_2025_5,1,2,last,Pregnant,Pregnant,,,2,2
2/5/2026,,19753,,,398645,,Pregnancy Test - Milk,0.102,156,19753.0398645.0,2/5/2026,2025,11/29/2025,68,19753.0398645.0_2025_11,2,1,first,Re-Check,rc_unresolved_>_1_bred,,,2,2
6/5/2025,,19753,,,398645,,Pregnancy Test - Milk,1.033,300,19753.0398645.0,6/5/2025,2025,6/5/2025,0,19753.0398645.0_2025_6,1,1,first,Pregnant,preg_loss_rebred,,,2,2
10/9/2025,,19753,,,401430,,Pregnancy Test - Milk,0.711,201,19753.0401430.0,10/9/2025,2025,7/24/2025,77,19753.0401430.0_2025_7_2,2,1,first,Pregnant,Pregnant,,,2,2
8/28/2025,,19753,,,401430,,Pregnancy Test - Milk,0.356,161,19753.0401430.0,8/28/2025,2025,7/22/2025,37,19753.0401430.0_2025_7_1,1,1,first,Pregnant,preg_loss_rebred,,,2,2
10/23/2025,,19755,,,398645,,Pregnancy Test - Milk,0.583,274,19755.0398645.0,10/23/2025,2025,8/15/2025,69,19755.0398645.0_2025_8,1,1,first,Pregnant,preg_loss_rebred,,,2,2
2/19/2026,,19755,,,398645,,Pregnancy Test - Milk,POS,393,19755.0398645.0,2/19/2026,2026,1/5/2026,45,19755.0398645.0_2026_1,2,1,first,Pregnant,Pregnant,,,2,2
6/26/2025,,19755,,,401430,,Pregnancy Test - Milk,1.571,122,19755.0401430.0,6/26/2025,2025,5/21/2025,36,19755.0401430.0_2025_5,1,1,first,Pregnant,Pregnant,,,2,2
7/31/2025,,19755,,,401430,,Pregnancy Test - Milk,0.855,157,19755.0401430.0,7/31/2025,2025,5/21/2025,71,19755.0401430.0_2025_5,1,2,last,Pregnant,Pregnant,,,2,2
12/25/2025,,19761,,,398645,,Pregnancy Test - Milk,0.637,132,19761.0398645.0,12/25/2025,2025,10/18/2025,68,19761.0398645.0_2025_10,1,1,first,Pregnant,preg_loss_rebred,,,2,2
4/23/2026,,19761,,,398645,,Pregnancy Test - Milk,POS,251,19761.0398645.0,4/23/2026,2026,3/12/2026,42,19761.0398645.0_2026_3,2,1,first,Pregnant,Pregnant,,,2,2
5/30/2025,,19761,,,401430,,Pregnancy Test - Milk,0.908,130,19761.0401430.0,5/30/2025,2025,4/22/2025,38,19761.0401430.0_2025_4,1,1,first,Pregnant,Pregant_with_rc,,,2,2
7/11/2025,,19761,,,401430,,Pregnancy Test - Milk,0.211,172,19761.0401430.0,7/11/2025,2025,4/22/2025,80,19761.0401430.0_2025_4,1,2,intermediate,Re-Check,Pregant_with_rc,,,2,2
7/18/2025,,19761,,,401430,,Pregnancy Test - Milk,0.174,179,19761.0401430.0,7/18/2025,2025,4/22/2025,87,19761.0401430.0_2025_4,1,3,intermediate,Re-Check,Pregant_with_rc,,,2,2
7/25/2025,,19761,,,401430,,Pregnancy Test - Milk,0.301,186,19761.0401430.0,7/25/2025,2025,4/22/2025,94,19761.0401430.0_2025_4,1,4,last,Pregnant,Pregant_with_rc,,,2,2
4/9/2026,,19762,,,398645,,Pregnancy Test - Milk,POS,259,19762.0398645.0,4/9/2026,2025,10/6/2025,185,19762.0398645.0_2025_10,1,1,first,Pregnant,Pregnant,,,2,2
7/3/2025,,19762,,,401430,,Pregnancy Test - Milk,0.559,166,19762.0401430.0,7/3/2025,2025,4/10/2025,84,19762.0401430.0_2025_4,1,1,first,Pregnant,Pregnant,,,2,2
4/30/2026,,19763,,,398645,,Pregnancy Test - Milk,1.071,272,19763.0398645.0,4/30/2026,2026,1/31/2026,89,19763.0398645.0_2026_1,1,1,first,Pregnant,Pregnant,,,2,2
7/31/2025,,19763,,,401430,,Pregnancy Test - Milk,0.952,170,19763.0401430.0,7/31/2025,2025,6/25/2025,35,19763.0401430.0_2025_6,1,1,first,Pregnant,Pregnant,,,2,2
9/5/2025,,19763,,,401430,,Pregnancy Test - Milk,0.332,207,19763.0401430.0,9/5/2025,2025,6/25/2025,72,19763.0401430.0_2025_6,1,2,last,Pregnant,Pregnant,,,2,2
8/21/2025,,19767,,,398645,,Pregnancy Test - Milk,POS,250,19767.0398645.0,8/21/2025,2025,3/17/2025,157,19767.0398645.0_2025_3,1,1,first,Pregnant,Pregnant,,,2,2
5/21/2026,,19767,,,401430,,Pregnancy Test - Milk,-0.005,104,19767.0401430.0,5/21/2026,2026,4/13/2026,38,19767.0401430.0_2026_4,2,1,first,Open,Open,,,2,2
6/12/2025,,19767,,,401430,,Pregnancy Test - Milk,1.572,124,19767.0401430.0,6/12/2025,2025,5/7/2025,36,19767.0401430.0_2025_5,1,1,first,Pregnant,Pregnant,,,2,2
7/24/2025,,19767,,,401430,,Pregnancy Test - Milk,POS,166,19767.0401430.0,7/24/2025,2025,5/7/2025,78,19767.0401430.0_2025_5,1,2,last,Pregnant,Pregnant,,,2,2
4/23/2026,,19769,,,398645,,Pregnancy Test - Milk,0.294,127,19769.0398645.0,4/23/2026,2026,2/11/2026,71,19769.0398645.0_2026_2,2,1,first,Pregnant,Pregnant,,,2,2
8/21/2025,,19769,,,398645,,Pregnancy Test - Milk,1.927,369,19769.0398645.0,8/21/2025,2025,8/20/2025,1,19769.0398645.0_2025_8,1,1,first,Pregnant,preg_loss_rebred,,,2,2
7/17/2025,,19769,,,401430,,Pregnancy Test - Milk,1.184,140,19769.0401430.0,7/17/2025,2025,6/11/2025,36,19769.0401430.0_2025_6,1,1,first,Pregnant,Pregnant,,,2,2
9/11/2025,,19769,,,401430,,Pregnancy Test - Milk,2.397,195,19769.0401430.0,9/11/2025,2025,6/11/2025,91,19769.0401430.0_2025_6,1,2,last,Pregnant,Pregnant,,,2,2
5/29/2025,,19776,,,398645,,Pregnancy Test - Milk,0.397,147,19776.0398645.0,5/29/2025,2025,3/19/2025,71,19776.0398645.0_2025_3,1,1,first,Pregnant,Pregnant,,,2,2
10/9/2025,,19776,,,401430,,Pregnancy Test - Milk,0.877,250,19776.0401430.0,10/9/2025,2025,7/23/2025,77,19776.0401430.0_2025_7,3,2,last,Pregnant,Pregnant,,,2,2
5/29/2025,,19776,,,401430,,Pregnancy Test - Milk,1.038,117,19776.0401430.0,5/29/2025,2025,4/24/2025,35,19776.0401430.0_2025_4,1,1,first,Pregnant,preg_loss_rebred,,,2,2
7/10/2025,,19776,,,401430,,Pregnancy Test - Milk,0.002,159,19776.0401430.0,7/10/2025,2025,6/3/2025,37,19776.0401430.0_2025_6,2,1,first,Open,Open,,,2,2
8/28/2025,,19776,,,401430,,Pregnancy Test - Milk,0.828,209,19776.0401430.0,8/28/2025,2025,7/23/2025,36,19776.0401430.0_2025_7,3,1,first,Pregnant,Pregnant,,,2,2
8/28/2025,,19778,,,398645,,Pregnancy Test - Milk,1.582,281,19778.0398645.0,8/28/2025,2025,2/27/2025,182,19778.0398645.0_2025_2,1,1,first,Pregnant,Pregnant,,,2,2
7/3/2025,,19778,,,401430,,Pregnancy Test - Milk,0.987,119,19778.0401430.0,7/3/2025,2025,5/29/2025,35,19778.0401430.0_2025_5,1,1,first,Pregnant,Pregnant,,,2,2
8/14/2025,,19778,,,401430,,Pregnancy Test - Milk,1.228,161,19778.0401430.0,8/14/2025,2025,5/29/2025,77,19778.0401430.0_2025_5,1,2,last,Pregnant,Pregnant,,,2,2
4/9/2026,,19779,,,398645,,Pregnancy Test - Milk,0.523,174,19779.0398645.0,4/9/2026,2026,1/29/2026,70,19779.0398645.0_2026_1,2,1,first,Pregnant,Pregnant,,,2,2
7/17/2025,,19779,,,398645,,Pregnancy Test - Milk,1.838,321,19779.0398645.0,7/17/2025,2025,1/14/2025,184,19779.0398645.0_2025_1,1,1,first,Pregnant,Pregnant,,,2,2
7/31/2025,,19779,,,401430,,Pregnancy Test - Milk,0.869,116,19779.0401430.0,7/31/2025,2025,6/26/2025,35,19779.0401430.0_2025_6,1,1,first,Pregnant,Pregnant,,,2,2
9/11/2025,,19779,,,401430,,Pregnancy Test - Milk,0.69,158,19779.0401430.0,9/11/2025,2025,6/26/2025,77,19779.0401430.0_2025_6,1,2,last,Pregnant,Pregnant,,,2,2
10/9/2025,,19781,,,398645,,Pregnancy Test - Milk,2.275,342,19781.0398645.0,10/9/2025,2025,4/11/2025,181,19781.0398645.0_2025_4,1,2,last,Pregnant,Pregnant,,,2,2
6/19/2025,,19781,,,398645,,Pregnancy Test - Milk,0.599,230,19781.0398645.0,6/19/2025,2025,4/11/2025,69,19781.0398645.0_2025_4,1,1,first,Pregnant,Pregnant,,,2,2
11/6/2025,,19781,,,401430,,Pregnancy Test - Milk,0.992,250,19781.0401430.0,11/6/2025,2025,8/21/2025,77,19781.0401430.0_2025_8,2,2,last,Pregnant,Pregnant,,,2,2
7/24/2025,,19781,,,401430,,Pregnancy Test - Milk,0.17,146,19781.0401430.0,7/24/2025,2025,6/15/2025,39,19781.0401430.0_2025_6,1,1,first,Re-Check,rc_open,,,2,2
7/31/2025,,19781,,,401430,,Pregnancy Test - Milk,0.185,152,19781.0401430.0,7/31/2025,2025,6/15/2025,45,19781.0401430.0_2025_6,1,2,intermediate,Re-Check,rc_open,,,2,2
8/7/2025,,19781,,,401430,,Pregnancy Test - Milk,0.068,159,19781.0401430.0,8/7/2025,2025,6/15/2025,52,19781.0401430.0_2025_6,1,3,last,Open,rc_open,,,2,2
9/25/2025,,19781,,,401430,,Pregnancy Test - Milk,1.725,208,19781.0401430.0,9/25/2025,2025,8/21/2025,35,19781.0401430.0_2025_8,2,1,first,Pregnant,Pregnant,,,2,2
2/5/2026,,19788,,,398645,,Pregnancy Test - Milk,-0.012,245,19788.0398645.0,2/5/2026,2025,8/5/2025,184,19788.0398645.0_2025_8,1,1,first,Open,Open,,,2,2
6/5/2025,,19788,,,401430,,Pregnancy Test - Milk,1.501,118,19788.0401430.0,6/5/2025,2025,5/1/2025,35,19788.0401430.0_2025_5,2,1,first,Pregnant,Pregnant,,,2,2
7/17/2025,,19788,,,401430,,Pregnancy Test - Milk,0.535,161,19788.0401430.0,7/17/2025,2025,4/30/2025,78,19788.0401430.0_2025_4,1,1,first,Pregnant,preg_loss_rebred,,,2,2
5/21/2026,,19789,,,398645,,Pregnancy Test - Milk,2.12,257,19789.0398645.0,5/21/2026,2026,2/11/2026,99,19789.0398645.0_2026_2,2,1,first,Pregnant,Pregnant,,,2,2
5/29/2025,,19789,,,398645,,Pregnancy Test - Milk,1.232,272,19789.0398645.0,5/29/2025,2025,2/15/2025,103,19789.0398645.0_2025_2,1,1,first,Pregnant,Pregnant,,,2,2
7/3/2025,,19789,,,401430,,Pregnancy Test - Milk,0.888,141,19789.0401430.0,7/3/2025,2025,5/27/2025,37,19789.0401430.0_2025_5,1,1,first,Pregnant,Pregnant,,,2,2
8/7/2025,,19789,,,401430,,Pregnancy Test - Milk,0.379,176,19789.0401430.0,8/7/2025,2025,5/27/2025,72,19789.0401430.0_2025_5,1,2,last,Pregnant,Pregnant,,,2,2
11/27/2025,,19791,,,398645,,Pregnancy Test - Milk,0.392,141,19791.0398645.0,11/27/2025,2025,9/17/2025,71,19791.0398645.0_2025_9,1,1,first,Pregnant,Pregnant,,,2,2
6/12/2025,,19791,,,401430,,Pregnancy Test - Milk,0.92,123,19791.0401430.0,6/12/2025,2025,5/7/2025,36,19791.0401430.0_2025_5,1,1,first,Pregnant,Pregnant,,,2,2
7/24/2025,,19791,,,401430,,Pregnancy Test - Milk,0.493,165,19791.0401430.0,7/24/2025,2025,5/7/2025,78,19791.0401430.0_2025_5,1,2,last,Pregnant,Pregnant,,,2,2
12/25/2025,,19794,,,398645,,Pregnancy Test - Milk,0.281,155,19794.0398645.0,12/25/2025,2025,10/17/2025,69,19794.0398645.0_2025_10,1,1,first,Pregnant,Pregnant,,,2,2
4/30/2026,,19794,,,401430,,Pregnancy Test - Milk,0.516,121,19794.0401430.0,4/30/2026,2026,3/20/2026,41,19794.0401430.0_2026_3,2,1,first,Pregnant,Pregnant,,,2,2
6/12/2025,,19794,,,401430,,Pregnancy Test - Milk,0.629,161,19794.0401430.0,6/12/2025,2025,3/26/2025,78,19794.0401430.0_2025_3,1,1,first,Pregnant,Pregnant,,,2,2
8/7/2025,,19800,,,398645,,Pregnancy Test - Milk,POS,313,19800.0398645.0,8/7/2025,2025,2/1/2025,187,19800.0398645.0_2025_2,1,1,first,Pregnant,Pregnant,,,2,2
10/2/2025,,19800,,,401430,,Pregnancy Test - Milk,0.312,213,19800.0401430.0,10/2/2025,2025,8/25/2025,38,19800.0401430.0_2025_8,1,1,first,Pregnant,Pregnant,,,2,2
11/6/2025,,19800,,,401430,,Pregnancy Test - Milk,0.401,248,19800.0401430.0,11/6/2025,2025,8/25/2025,73,19800.0401430.0_2025_8,1,2,last,Pregnant,Pregnant,,,2,2
1/29/2026,,19804,,,398645,,Pregnancy Test - Milk,0.117,172,19804.0398645.0,1/29/2026,2025,11/17/2025,73,19804.0398645.0_2025_11,1,1,first,Re-Check,rc_preg,,,2,2
5/21/2026,,19804,,,398645,,Pregnancy Test - Milk,2.001,284,19804.0398645.0,5/21/2026,2025,11/17/2025,185,19804.0398645.0_2025_11,1,2,last,Pregnant,rc_preg,,,2,2
7/17/2025,,19804,,,401430,,Pregnancy Test - Milk,0.544,158,19804.0401430.0,7/17/2025,2025,6/6/2025,41,19804.0401430.0_2025_6,1,1,first,Pregnant,Pregnant,,,2,2
8/21/2025,,19804,,,401430,,Pregnancy Test - Milk,0.521,192,19804.0401430.0,8/21/2025,2025,6/6/2025,75,19804.0401430.0_2025_6,1,2,last,Pregnant,Pregnant,,,2,2
1/1/2026,,19806,,,398645,,Pregnancy Test - Milk,0.405,165,19806.0398645.0,1/1/2026,2025,10/22/2025,71,19806.0398645.0_2025_10,1,1,first,Pregnant,Pregnant,,,2,2
4/23/2026,,19806,,,398645,,Pregnancy Test - Milk,1.624,277,19806.0398645.0,4/23/2026,2025,10/22/2025,183,19806.0398645.0_2025_10,1,2,last,Pregnant,Pregnant,,,2,2
4/29/2026,,19806,,,401430,,Pregnancy Test - Milk,1.287,121,19806.0401430.0,4/29/2026,2026,3/24/2026,36,19806.0401430.0_2026_3,2,1,first,Pregnant,Pregnant,,,2,2
6/19/2025,,19806,,,401430,,Pregnancy Test - Milk,0.509,171,19806.0401430.0,6/19/2025,2025,3/27/2025,84,19806.0401430.0_2025_3,1,1,first,Pregnant,Pregnant,,,2,2
1/1/2026,,19807,,,398645,,Pregnancy Test - Milk,0.317,143,19807.0398645.0,1/1/2026,2025,10/24/2025,69,19807.0398645.0_2025_10,1,1,first,Pregnant,Pregnant,,,2,2
7/24/2025,,19807,,,401430,,Pregnancy Test - Milk,1.123,119,19807.0401430.0,7/24/2025,2025,6/18/2025,36,19807.0401430.0_2025_6,1,1,first,Pregnant,Pregnant,,,2,2
9/5/2025,,19807,,,401430,,Pregnancy Test - Milk,0.449,162,19807.0401430.0,9/5/2025,2025,6/18/2025,79,19807.0401430.0_2025_6,1,2,last,Pregnant,Pregnant,,,2,2
6/26/2025,,19809,,,398645,,Pregnancy Test - Milk,POS,338,19809.0398645.0,6/26/2025,2024,12/21/2024,187,19809.0398645.0_2024_12,1,1,first,Pregnant,Pregnant,,,2,2
4/23/2026,,19809,,,401430,,Pregnancy Test - Milk,2.203,91,19809.0401430.0,4/23/2026,2026,3/16/2026,38,19809.0401430.0_2026_3,3,1,first,Pregnant,Pregnant,,,2,2
6/5/2025,,19809,,,401430,,Pregnancy Test - Milk,1.248,118,19809.0401430.0,6/5/2025,2025,5/1/2025,35,19809.0401430.0_2025_5,2,1,first,Pregnant,Pregnant,,,2,2
7/17/2025,,19809,,,401430,,Pregnancy Test - Milk,0.728,161,19809.0401430.0,7/17/2025,2025,4/30/2025,78,19809.0401430.0_2025_4,1,1,first,Pregnant,preg_loss_rebred,,,2,2
4/30/2026,,19812,,,398645,,Pregnancy Test - Milk,0.683,131,19812.0398645.0,4/30/2026,2026,2/18/2026,71,19812.0398645.0_2026_2,2,1,first,Pregnant,Pregnant,,,2,2
9/4/2025,,19812,,,398645,,Pregnancy Test - Milk,2.536,331,19812.0398645.0,9/4/2025,2025,3/4/2025,184,19812.0398645.0_2025_3,1,1,first,Pregnant,Pregnant,,,2,2
5/7/2026,,19812,,,401430,,Pregnancy Test - Milk,0.967,88,19812.0401430.0,5/7/2026,2026,3/30/2026,38,19812.0401430.0_2026_3,2,1,first,Pregnant,Pregnant,,,2,2
6/12/2025,,19812,,,401430,,Pregnancy Test - Milk,1.127,122,19812.0401430.0,6/12/2025,2025,5/8/2025,35,19812.0401430.0_2025_5,1,1,first,Pregnant,Pregnant,,,2,2
7/17/2025,,19812,,,401430,,Pregnancy Test - Milk,0.749,157,19812.0401430.0,7/17/2025,2025,5/8/2025,70,19812.0401430.0_2025_5,1,2,last,Pregnant,Pregnant,,,2,2
2/19/2026,,19819,,,398645,,Pregnancy Test - Milk,0.706,177,19819.0398645.0,2/19/2026,2025,12/13/2025,68,19819.0398645.0_2025_12,1,1,first,Pregnant,Pregnant,,,2,2
6/19/2025,,19819,,,401430,,Pregnancy Test - Milk,0.771,170,19819.0401430.0,6/19/2025,2025,5/6/2025,44,19819.0401430.0_2025_5_1,1,1,first,Pregnant,preg_loss_rebred,,,2,2
7/24/2025,,19819,,,401430,,Pregnancy Test - Milk,0.721,199,19819.0401430.0,7/24/2025,2025,5/12/2025,73,19819.0401430.0_2025_5_2,2,1,first,Pregnant,Pregnant,,,2,2
1/1/2026,,19820,,,398645,,Pregnancy Test - Milk,0.356,161,19820.0398645.0,1/1/2026,2025,9/16/2025,107,19820.0398645.0_2025_9,1,1,first,Pregnant,Pregnant,,,2,2
7/10/2025,,19820,,,401430,,Pregnancy Test - Milk,0.252,181,19820.0401430.0,7/10/2025,2025,6/1/2025,39,19820.0401430.0_2025_6,1,1,first,Pregnant,Pregnant,,,2,2
8/14/2025,,19820,,,401430,,Pregnancy Test - Milk,0.524,216,19820.0401430.0,8/14/2025,2025,6/1/2025,74,19820.0401430.0_2025_6,1,2,last,Pregnant,Pregnant,,,2,2
9/18/2025,,19823,,,398645,,Pregnancy Test - Milk,POS,305,19823.0398645.0,9/18/2025,2025,3/14/2025,188,19823.0398645.0_2025_3,1,1,first,Pregnant,Pregnant,,,2,2
4/23/2026,,19823,,,401430,,Pregnancy Test - Milk,-0.013,88,19823.0401430.0,4/23/2026,2026,3/17/2026,37,19823.0401430.0_2026_3,3,1,first,Open,Open,,,2,2
6/5/2025,,19823,,,401430,,Pregnancy Test - Milk,1.018,119,19823.0401430.0,6/5/2025,2025,5/1/2025,35,19823.0401430.0_2025_5,2,1,first,Pregnant,Pregnant,,,2,2
7/17/2025,,19823,,,401430,,Pregnancy Test - Milk,0.467,162,19823.0401430.0,7/17/2025,2025,4/30/2025,78,19823.0401430.0_2025_4,1,1,first,Pregnant,preg_loss_rebred,,,2,2
2/19/2026,,19831,,,398645,,Pregnancy Test - Milk,0.55,148,19831.0398645.0,2/19/2026,2025,12/8/2025,73,19831.0398645.0_2025_12,1,1,first,Pregnant,Pregnant,,,2,2
4/16/2026,,19831,,,401430,,Pregnancy Test - Milk,-0.02,107,19831.0401430.0,4/16/2026,2026,3/8/2026,39,19831.0401430.0_2026_3,2,1,first,Open,Open,,,2,2
6/19/2025,,19831,,,401430,,Pregnancy Test - Milk,0.682,172,19831.0401430.0,6/19/2025,2025,3/27/2025,84,19831.0401430.0_2025_3,1,1,first,Pregnant,Pregnant,,,2,2
3/5/2026,,19833,,,398645,,Pregnancy Test - Milk,0.358,140,19833.0398645.0,3/5/2026,2026,1/16/2026,48,19833.0398645.0_2026_1,1,1,first,Pregnant,Pregnant,,,2,2
5/14/2026,,19833,,,401430,,Pregnancy Test - Milk,0.505,135,19833.0401430.0,5/14/2026,2026,4/8/2026,36,19833.0401430.0_2026_4,2,1,first,Pregnant,Pregnant,,,2,2
5/29/2025,,19833,,,401430,,Pregnancy Test - Milk,0.611,147,19833.0401430.0,5/29/2025,2025,4/22/2025,37,19833.0401430.0_2025_4,1,1,first,Pregnant,Pregnant,,,2,2
7/3/2025,,19833,,,401430,,Pregnancy Test - Milk,0.474,182,19833.0401430.0,7/3/2025,2025,4/22/2025,72,19833.0401430.0_2025_4,1,2,last,Pregnant,Pregnant,,,2,2
7/24/2025,,19835,,,398645,,Pregnancy Test - Milk,-0.007,148,19835.0398645.0,7/24/2025,2025,5/15/2025,70,19835.0398645.0_2025_5,1,1,first,Open,Open,,,2,2
7/3/2025,,19835,,,401430,,Pregnancy Test - Milk,0.588,124,19835.0401430.0,7/3/2025,2025,5/28/2025,36,19835.0401430.0_2025_5,1,1,first,Pregnant,Pregnant,,,2,2
8/7/2025,,19835,,,401430,,Pregnancy Test - Milk,0.453,159,19835.0401430.0,8/7/2025,2025,5/28/2025,71,19835.0401430.0_2025_5,1,2,last,Pregnant,Pregnant,,,2,2
6/26/2025,,19840,,,398645,,Pregnancy Test - Milk,POS,271,19840.0398645.0,6/26/2025,2024,12/21/2024,187,19840.0398645.0_2024_12,1,1,first,Pregnant,Pregnant,,,2,2
6/12/2025,,19840,,,401430,,Pregnancy Test - Milk,0.837,118,19840.0401430.0,6/12/2025,2025,5/7/2025,36,19840.0401430.0_2025_5,1,1,first,Pregnant,Pregnant,,,2,2
7/24/2025,,19840,,,401430,,Pregnancy Test - Milk,0.331,160,19840.0401430.0,7/24/2025,2025,5/7/2025,78,19840.0401430.0_2025_5,1,2,last,Pregnant,Pregnant,,,2,2
7/17/2025,,19844,,,398645,,Pregnancy Test - Milk,1.184,312,19844.0398645.0,7/17/2025,2025,2/18/2025,149,19844.0398645.0_2025_2,1,1,first,Pregnant,Pregnant,,,2,2
6/26/2025,,19844,,,401430,,Pregnancy Test - Milk,0.774,139,19844.0401430.0,6/26/2025,2025,5/22/2025,35,19844.0401430.0_2025_5,1,1,first,Pregnant,Pregnant,,,2,2
8/7/2025,,19844,,,401430,,Pregnancy Test - Milk,0.841,181,19844.0401430.0,8/7/2025,2025,5/22/2025,77,19844.0401430.0_2025_5,1,2,last,Pregnant,Pregnant,,,2,2
8/21/2025,,19849,,,398645,,Pregnancy Test - Milk,2.108,381,19849.0398645.0,8/21/2025,2025,4/20/2025,123,19849.0398645.0_2025_4,1,1,first,Pregnant,Pregnant,,,2,2
6/19/2025,,19849,,,401430,,Pregnancy Test - Milk,1.579,130,19849.0401430.0,6/19/2025,2025,5/8/2025,42,19849.0401430.0_2025_5_1,1,1,first,Pregnant,preg_loss_rebred,,,2,2
7/31/2025,,19849,,,401430,,Pregnancy Test - Milk,0.93,165,19849.0401430.0,7/31/2025,2025,5/15/2025,77,19849.0401430.0_2025_5_2,2,1,first,Pregnant,Pregnant,,,2,2
7/17/2025,,19850,,,398645,,Pregnancy Test - Milk,0.607,238,19850.0398645.0,7/17/2025,2025,5/9/2025,69,19850.0398645.0_2025_5,1,1,first,Pregnant,Pregnant,,,2,2
4/23/2026,,19850,,,401430,,Pregnancy Test - Milk,0.823,118,19850.0401430.0,4/23/2026,2026,3/18/2026,36,19850.0401430.0_2026_3,2,1,first,Pregnant,Pregnant,,,2,2
6/19/2025,,19850,,,401430,,Pregnancy Test - Milk,0.893,170,19850.0401430.0,6/19/2025,2025,3/27/2025,84,19850.0401430.0_2025_3,1,1,first,Pregnant,Pregnant,,,2,2
6/19/2025,,19852,,,398645,,Pregnancy Test - Milk,2.027,262,19852.0398645.0,6/19/2025,2024,12/15/2024,186,19852.0398645.0_2024_12,1,1,first,Pregnant,Pregnant,,,2,2
7/24/2025,,19852,,,401430,,Pregnancy Test - Milk,1.116,118,19852.0401430.0,7/24/2025,2025,6/18/2025,36,19852.0401430.0_2025_6,1,1,first,Pregnant,Pregnant,,,2,2
9/11/2025,,19852,,,401430,,Pregnancy Test - Milk,0.852,166,19852.0401430.0,9/11/2025,2025,6/18/2025,84,19852.0401430.0_2025_6,1,2,last,Pregnant,Pregnant,,,2,2
8/21/2025,,19854,,,398645,,Pregnancy Test - Milk,2.067,287,19854.0398645.0,8/21/2025,2025,3/25/2025,149,19854.0398645.0_2025_3,1,1,first,Pregnant,Pregnant,,,2,2
5/7/2026,,19854,,,401430,,Pregnancy Test - Milk,0.891,103,19854.0401430.0,5/7/2026,2026,3/30/2026,38,19854.0401430.0_2026_3,3,1,first,Pregnant,Pregnant,,,2,2
6/5/2025,,19854,,,401430,,Pregnancy Test - Milk,1.805,123,19854.0401430.0,6/5/2025,2025,5/1/2025,35,19854.0401430.0_2025_5,2,1,first,Pregnant,Pregnant,,,2,2
7/17/2025,,19854,,,401430,,Pregnancy Test - Milk,0.705,166,19854.0401430.0,7/17/2025,2025,4/30/2025,78,19854.0401430.0_2025_4,1,1,first,Pregnant,preg_loss_rebred,,,2,2
1/23/2026,,19858,,,398645,,Pregnancy Test - Milk,0.168,135,19858.0398645.0,1/23/2026,2025,11/10/2025,74,19858.0398645.0_2025_11,1,1,first,Re-Check,rc_unresolved,,,2,2
7/17/2025,,19858,,,401430,,Pregnancy Test - Milk,1.023,152,19858.0401430.0,7/17/2025,2025,6/5/2025,42,19858.0401430.0_2025_6,1,1,first,Pregnant,Pregnant,,,2,2
8/21/2025,,19858,,,401430,,Pregnancy Test - Milk,0.739,186,19858.0401430.0,8/21/2025,2025,6/5/2025,76,19858.0401430.0_2025_6,1,2,last,Pregnant,Pregnant,,,2,2
2/19/2026,,19861,,,398645,,Pregnancy Test - Milk,0.024,165,19861.0398645.0,2/19/2026,2025,12/14/2025,67,19861.0398645.0_2025_12,2,1,first,Open,Open,,,2,2
5/29/2025,,19861,,,398645,,Pregnancy Test - Milk,1.628,268,19861.0398645.0,5/29/2025,2025,5/29/2025,0,19861.0398645.0_2025_5,1,1,first,Pregnant,preg_loss_rebred,,,2,2
7/17/2025,,19861,,,401430,,Pregnancy Test - Milk,0.841,120,19861.0401430.0,7/17/2025,2025,6/11/2025,36,19861.0401430.0_2025_6,1,1,first,Pregnant,Pregnant,,,2,2
8/28/2025,,19861,,,401430,,Pregnancy Test - Milk,,161,19861.0401430.0,8/28/2025,2025,6/11/2025,77,19861.0401430.0_2025_6,1,2,intermediate,Not Tested,Pregnant,,,2,2
9/5/2025,,19861,,,401430,,Pregnancy Test - Milk,2.061,170,19861.0401430.0,9/5/2025,2025,6/11/2025,86,19861.0401430.0_2025_6,1,3,last,Pregnant,Pregnant,,,2,2
1/23/2026,,19865,,,398645,,Pregnancy Test - Milk,1.465,531,19865.0398645.0,1/23/2026,2025,7/24/2025,183,19865.0398645.0_2025_7,1,2,last,Pregnant,Pregnant,,,2,2
10/2/2025,,19865,,,398645,,Pregnancy Test - Milk,0.597,418,19865.0398645.0,10/2/2025,2025,7/24/2025,70,19865.0398645.0_2025_7,1,1,first,Pregnant,Pregnant,,,2,2
6/12/2025,,19865,,,401430,,Pregnancy Test - Milk,1.439,118,19865.0401430.0,6/12/2025,2025,5/7/2025,36,19865.0401430.0_2025_5,1,1,first,Pregnant,Pregnant,,,2,2
7/24/2025,,19865,,,401430,,Pregnancy Test - Milk,0.889,160,19865.0401430.0,7/24/2025,2025,5/7/2025,78,19865.0401430.0_2025_5,1,2,last,Pregnant,Pregnant,,,2,2
10/9/2025,,19872,,,398645,,Pregnancy Test - Milk,POS,303,19872.0398645.0,10/9/2025,2025,4/7/2025,185,19872.0398645.0_2025_4,1,2,last,Pregnant,Pregnant,,,2,2
6/19/2025,,19872,,,398645,,Pregnancy Test - Milk,0.391,191,19872.0398645.0,6/19/2025,2025,4/7/2025,73,19872.0398645.0_2025_4,1,1,first,Pregnant,Pregnant,,,2,2
6/26/2025,,19872,,,401430,,Pregnancy Test - Milk,1.499,119,19872.0401430.0,6/26/2025,2025,5/22/2025,35,19872.0401430.0_2025_5,1,1,first,Pregnant,Pregnant,,,2,2
8/7/2025,,19872,,,401430,,Pregnancy Test - Milk,0.581,161,19872.0401430.0,8/7/2025,2025,5/22/2025,77,19872.0401430.0_2025_5,1,2,last,Pregnant,Pregnant,,,2,2
7/24/2025,,19878,,,398645,,Pregnancy Test - Milk,0.772,213,19878.0398645.0,7/24/2025,2025,5/13/2025,72,19878.0398645.0_2025_5,1,1,first,Pregnant,Pregnant,,,2,2
11/6/2025,,19878,,,401430,,Pregnancy Test - Milk,0.777,252,19878.0401430.0,11/6/2025,2025,9/28/2025,39,19878.0401430.0_2025_9,3,1,first,Pregnant,loss,,,2,2
12/11/2025,,19878,,,401430,,Pregnancy Test - Milk,0.069,287,19878.0401430.0,12/11/2025,2025,9/28/2025,74,19878.0401430.0_2025_9,3,2,last,Open,loss,,,2,2
2/26/2026,,19878,,,401430,,Pregnancy Test - Milk,,364,19878.0401430.0,2/26/2026,2025,12/25/2025,63,19878.0401430.0_2025_12,4,1,first,Not Tested,,,,2,2
3/5/2026,,19878,,,401430,,Pregnancy Test - Milk,1.504,371,19878.0401430.0,3/5/2026,2025,12/25/2025,70,19878.0401430.0_2025_12,4,2,last,Pregnant,,,,2,2
8/14/2025,,19878,,,401430,,Pregnancy Test - Milk,0.014,168,19878.0401430.0,8/14/2025,2025,7/4/2025,41,19878.0401430.0_2025_7,1,1,first,Open,Open,,,2,2
9/19/2025,,19878,,,401430,,Pregnancy Test - Milk,0.022,204,19878.0401430.0,9/19/2025,2025,8/14/2025,36,19878.0401430.0_2025_8,2,1,first,Open,Open,,,2,2
5/29/2025,,19879,,,398645,,Pregnancy Test - Milk,0.616,259,19879.0398645.0,5/29/2025,2025,3/22/2025,68,19879.0398645.0_2025_3,1,1,first,Pregnant,Pregnant,,,2,2
9/25/2025,,19879,,,398645,,Pregnancy Test - Milk,2.208,378,19879.0398645.0,9/25/2025,2025,3/22/2025,187,19879.0398645.0_2025_3,1,2,last,Pregnant,Pregnant,,,2,2
6/19/2025,,19879,,,401430,,Pregnancy Test - Milk,0.695,126,19879.0401430.0,6/19/2025,2025,5/8/2025,42,19879.0401430.0_2025_5,1,1,first,Pregnant,Pregnant,,,2,2
9/18/2025,,19882,,,398645,,Pregnancy Test - Milk,POS,397,19882.0398645.0,9/18/2025,2025,3/21/2025,181,19882.0398645.0_2025_3,1,1,first,Pregnant,Pregnant,,,2,2
7/10/2025,,19882,,,401430,,Pregnancy Test - Milk,0.842,149,19882.0401430.0,7/10/2025,2025,6/2/2025,38,19882.0401430.0_2025_6,1,1,first,Pregnant,Pregnant,,,2,2
8/14/2025,,19882,,,401430,,Pregnancy Test - Milk,0.867,184,19882.0401430.0,8/14/2025,2025,6/2/2025,73,19882.0401430.0_2025_6,1,2,last,Pregnant,Pregnant,,,2,2
11/27/2025,,19887,,,398645,,Pregnancy Test - Milk,1.371,316,19887.0398645.0,11/27/2025,2025,5/25/2025,186,19887.0398645.0_2025_5,1,2,last,Pregnant,Pregnant,,,2,2
7/31/2025,,19887,,,398645,,Pregnancy Test - Milk,0.564,196,19887.0398645.0,7/31/2025,2025,5/25/2025,67,19887.0398645.0_2025_5,1,1,first,Pregnant,Pregnant,,,2,2
7/3/2025,,19887,,,401430,,Pregnancy Test - Milk,1.082,122,19887.0401430.0,7/3/2025,2025,5/29/2025,35,19887.0401430.0_2025_5,1,1,first,Pregnant,Pregnant,,,2,2
8/21/2025,,19887,,,401430,,Pregnancy Test - Milk,1.33,171,19887.0401430.0,8/21/2025,2025,5/29/2025,84,19887.0401430.0_2025_5,1,2,last,Pregnant,Pregnant,,,2,2
6/26/2025,,19894,,,398645,,Pregnancy Test - Milk,POS,284,19894.0398645.0,6/26/2025,2024,12/27/2024,181,19894.0398645.0_2024_12,1,1,first,Pregnant,Pregnant,,,2,2
7/31/2025,,19894,,,401430,,Pregnancy Test - Milk,0.846,113,19894.0401430.0,7/31/2025,2025,6/25/2025,35,19894.0401430.0_2025_6,1,1,first,Pregnant,Pregnant,,,2,2
9/5/2025,,19894,,,401430,,Pregnancy Test - Milk,1.051,150,19894.0401430.0,9/5/2025,2025,6/25/2025,72,19894.0401430.0_2025_6,1,2,last,Pregnant,Pregnant,,,2,2
6/5/2025,,19903,,,398645,,Pregnancy Test - Milk,0.235,211,19903.0398645.0,6/5/2025,2025,3/26/2025,71,19903.0398645.0_2025_3,1,1,first,Re-Check,rc_preg,,,2,2
9/25/2025,,19903,,,398645,,Pregnancy Test - Milk,1.428,323,19903.0398645.0,9/25/2025,2025,3/26/2025,183,19903.0398645.0_2025_3,1,2,last,Pregnant,rc_preg,,,2,2
6/12/2025,,19903,,,401430,,Pregnancy Test - Milk,0.728,119,19903.0401430.0,6/12/2025,2025,5/7/2025,36,19903.0401430.0_2025_5,1,1,first,Pregnant,Pregnant,,,2,2
7/24/2025,,19903,,,401430,,Pregnancy Test - Milk,0.465,161,19903.0401430.0,7/24/2025,2025,5/7/2025,78,19903.0401430.0_2025_5,1,2,last,Pregnant,Pregnant,,,2,2
3/5/2026,,19904,,,398645,,Pregnancy Test - Milk,0.81,136,19904.0398645.0,3/5/2026,2025,12/23/2025,72,19904.0398645.0_2025_12,1,1,first,Pregnant,Pregnant,,,2,2
7/17/2025,,19904,,,401430,,Pregnancy Test - Milk,1.012,118,19904.0401430.0,7/17/2025,2025,6/10/2025,36,19904.0401430.0_2025_6,1,1,first,Pregnant,Pregnant,,,2,2
8/28/2025,,19904,,,401430,,Pregnancy Test - Milk,0.478,161,19904.0401430.0,8/28/2025,2025,6/10/2025,79,19904.0401430.0_2025_6,1,2,last,Pregnant,Pregnant,,,2,2
7/24/2025,,19907,,,398645,,Pregnancy Test - Milk,POS,272,19907.0398645.0,7/24/2025,2025,1/24/2025,181,19907.0398645.0_2025_1,1,1,first,Pregnant,Pregnant,,,2,2
7/17/2025,,19907,,,401430,,Pregnancy Test - Milk,1.035,123,19907.0401430.0,7/17/2025,2025,6/11/2025,36,19907.0401430.0_2025_6,1,1,first,Pregnant,Pregnant,,,2,2
9/11/2025,,19907,,,401430,,Pregnancy Test - Milk,1.027,178,19907.0401430.0,9/11/2025,2025,6/11/2025,91,19907.0401430.0_2025_6,1,2,last,Pregnant,Pregnant,,,2,2
9/4/2025,,19909,,,398645,,Pregnancy Test - Milk,1.435,306,19909.0398645.0,9/4/2025,2025,3/6/2025,182,19909.0398645.0_2025_3,1,1,first,Pregnant,Pregnant,,,2,2
7/24/2025,,19909,,,401430,,Pregnancy Test - Milk,1.681,122,19909.0401430.0,7/24/2025,2025,6/18/2025,36,19909.0401430.0_2025_6,1,1,first,Pregnant,Pregnant,,,2,2
9/5/2025,,19909,,,401430,,Pregnancy Test - Milk,1.146,165,19909.0401430.0,9/5/2025,2025,6/18/2025,79,19909.0401430.0_2025_6,1,2,last,Pregnant,Pregnant,,,2,2
5/29/2025,,19917,,,398645,,Pregnancy Test - Milk,0.541,207,19917.0398645.0,5/29/2025,2025,3/22/2025,68,19917.0398645.0_2025_3,1,1,first,Pregnant,Pregnant,,,2,2
9/25/2025,,19917,,,398645,,Pregnancy Test - Milk,POS,326,19917.0398645.0,9/25/2025,2025,3/22/2025,187,19917.0398645.0_2025_3,1,2,last,Pregnant,Pregnant,,,2,2
6/12/2025,,19917,,,401430,,Pregnancy Test - Milk,1.095,119,19917.0401430.0,6/12/2025,2025,5/7/2025,36,19917.0401430.0_2025_5,1,1,first,Pregnant,Pregnant,,,2,2
7/24/2025,,19917,,,401430,,Pregnancy Test - Milk,1.155,161,19917.0401430.0,7/24/2025,2025,5/7/2025,78,19917.0401430.0_2025_5,1,2,last,Pregnant,Pregnant,,,2,2
4/9/2026,,19922,,,398645,,Pregnancy Test - Milk,0.295,154,19922.0398645.0,4/9/2026,2026,3/6/2026,34,19922.0398645.0_2026_3,2,1,first,Pregnant,Pregnant,,,2,2
7/24/2025,,19922,,,398645,,Pregnancy Test - Milk,1.762,296,19922.0398645.0,7/24/2025,2025,1/24/2025,181,19922.0398645.0_2025_1,1,1,first,Pregnant,Pregnant,,,2,2
7/17/2025,,19922,,,401430,,Pregnancy Test - Milk,0.658,123,19922.0401430.0,7/17/2025,2025,6/11/2025,36,19922.0401430.0_2025_6,1,1,first,Pregnant,Pregnant,,,2,2
8/28/2025,,19922,,,401430,,Pregnancy Test - Milk,0.317,164,19922.0401430.0,8/28/2025,2025,6/11/2025,77,19922.0401430.0_2025_6,1,2,last,Pregnant,Pregnant,,,2,2
4/30/2026,,19925,,,398645,,Pregnancy Test - Milk,0.255,240,19925.0398645.0,4/30/2026,2026,2/20/2026,69,19925.0398645.0_2026_2,2,1,first,Pregnant,Pregnant,,,2,2
5/29/2025,,19925,,,398645,,Pregnancy Test - Milk,2.27,277,19925.0398645.0,5/29/2025,2025,5/29/2025,0,19925.0398645.0_2025_5,1,1,first,Pregnant,preg_loss_rebred,,,2,2
10/23/2025,,19925,,,401430,,Pregnancy Test - Milk,0.889,229,19925.0401430.0,10/23/2025,2025,9/14/2025,39,19925.0401430.0_2025_9_2,4,1,first,Pregnant,Pregnant,,,2,2
11/27/2025,,19925,,,401430,,Pregnancy Test - Milk,0.938,268,19925.0401430.0,11/27/2025,2025,9/10/2025,78,19925.0401430.0_2025_9_1,3,1,first,Pregnant,preg_loss_rebred,,,2,2
7/3/2025,,19925,,,401430,,Pregnancy Test - Milk,0.019,117,19925.0401430.0,7/3/2025,2025,5/29/2025,35,19925.0401430.0_2025_5,1,1,first,Open,Open,,,2,2
9/5/2025,,19925,,,401430,,Pregnancy Test - Milk,-0.007,182,19925.0401430.0,9/5/2025,2025,7/30/2025,37,19925.0401430.0_2025_7,2,1,first,Open,Open,,,2,2
10/2/2025,,19926,,,398645,,Pregnancy Test - Milk,POS,398,19926.0398645.0,10/2/2025,2025,3/29/2025,187,19926.0398645.0_2025_3,1,2,last,Pregnant,rc_preg,,,2,2
6/5/2025,,19926,,,398645,,Pregnancy Test - Milk,0.229,279,19926.0398645.0,6/5/2025,2025,3/29/2025,68,19926.0398645.0_2025_3,1,1,first,Re-Check,rc_preg,,,2,2
10/3/2025,,19926,,,401430,,Pregnancy Test - Milk,0.99,193,19926.0401430.0,10/3/2025,2025,8/25/2025,39,19926.0401430.0_2025_8,1,1,first,Pregnant,Pregnant,,,2,2
11/14/2025,,19926,,,401430,,Pregnancy Test - Milk,0.641,235,19926.0401430.0,11/14/2025,2025,8/25/2025,81,19926.0401430.0_2025_8,1,2,last,Pregnant,Pregnant,,,2,2
7/24/2025,,19929,,,398645,,Pregnancy Test - Milk,POS,258,19929.0398645.0,7/24/2025,2025,1/22/2025,183,19929.0398645.0_2025_1,1,1,first,Pregnant,Pregnant,,,2,2
7/17/2025,,19929,,,401430,,Pregnancy Test - Milk,0.758,142,19929.0401430.0,7/17/2025,2025,6/11/2025,36,19929.0401430.0_2025_6,1,1,first,Pregnant,Pregnant,,,2,2
8/28/2025,,19929,,,401430,,Pregnancy Test - Milk,0.555,183,19929.0401430.0,8/28/2025,2025,6/11/2025,77,19929.0401430.0_2025_6,1,2,last,Pregnant,Pregnant,,,2,2
2/26/2026,,19937,,,398645,,Pregnancy Test - Milk,0.855,147,19937.0398645.0,2/26/2026,2025,12/17/2025,71,19937.0398645.0_2025_12,2,1,first,Pregnant,Pregnant,,,2,2
6/26/2025,,19937,,,398645,,Pregnancy Test - Milk,2.536,251,19937.0398645.0,6/26/2025,2025,1/28/2025,149,19937.0398645.0_2025_1,1,1,first,Pregnant,Pregnant,,,2,2
6/12/2025,,19937,,,401430,,Pregnancy Test - Milk,2.099,123,19937.0401430.0,6/12/2025,2025,5/7/2025,36,19937.0401430.0_2025_5,1,1,first,Pregnant,Pregnant,,,2,2
7/24/2025,,19937,,,401430,,Pregnancy Test - Milk,0.622,165,19937.0401430.0,7/24/2025,2025,5/7/2025,78,19937.0401430.0_2025_5,1,2,last,Pregnant,Pregnant,,,2,2
11/27/2025,,19940,,,398645,,Pregnancy Test - Milk,1.018,266,19940.0398645.0,11/27/2025,2025,4/9/2025,232,19940.0398645.0_2025_4,1,2,last,Pregnant,Pregnant,,,2,2
8/7/2025,,19940,,,398645,,Pregnancy Test - Milk,0.346,153,19940.0398645.0,8/7/2025,2025,4/9/2025,120,19940.0398645.0_2025_4,1,1,first,Pregnant,Pregnant,,,2,2
10/17/2025,,19940,,,401430,,Pregnancy Test - Milk,1.359,169,19940.0401430.0,10/17/2025,2025,9/7/2025,40,19940.0401430.0_2025_9,1,1,first,Pregnant,Pregnant,,,2,2
11/28/2025,,19940,,,401430,,Pregnancy Test - Milk,1.041,211,19940.0401430.0,11/28/2025,2025,9/7/2025,82,19940.0401430.0_2025_9,1,2,last,Pregnant,Pregnant,,,2,2
1/8/2026,,19943,,,398645,,Pregnancy Test - Milk,0.611,127,19943.0398645.0,1/8/2026,2025,10/31/2025,69,19943.0398645.0_2025_10,2,1,first,Pregnant,Pregnant,,,2,2
4/30/2026,,19943,,,398645,,Pregnancy Test - Milk,POS,239,19943.0398645.0,4/30/2026,2025,10/31/2025,181,19943.0398645.0_2025_10,2,2,last,Pregnant,Pregnant,,,2,2
5/29/2025,,19943,,,398645,,Pregnancy Test - Milk,2.767,256,19943.0398645.0,5/29/2025,2025,2/9/2025,109,19943.0398645.0_2025_2,1,1,first,Pregnant,preg_loss_rebred,,,2,2
6/12/2025,,19943,,,401430,,Pregnancy Test - Milk,1.05,121,19943.0401430.0,6/12/2025,2025,5/7/2025,36,19943.0401430.0_2025_5,1,1,first,Pregnant,Pregnant,,,2,2
7/24/2025,,19943,,,401430,,Pregnancy Test - Milk,1.229,163,19943.0401430.0,7/24/2025,2025,5/7/2025,78,19943.0401430.0_2025_5,1,2,last,Pregnant,Pregnant,,,2,2
11/27/2025,,19953,,,398645,,Pregnancy Test - Milk,1.612,252,19953.0398645.0,11/27/2025,2025,5/29/2025,182,19953.0398645.0_2025_5,1,2,last,Pregnant,rc_preg,,,2,2
8/7/2025,,19953,,,398645,,Pregnancy Test - Milk,0.175,139,19953.0398645.0,8/7/2025,2025,5/29/2025,70,19953.0398645.0_2025_5,1,1,first,Re-Check,rc_preg,,,2,2
7/18/2025,,19953,,,401430,,Pregnancy Test - Milk,-0.032,121,19953.0401430.0,7/18/2025,2025,6/12/2025,36,19953.0401430.0_2025_6,1,1,first,Open,Open,,,2,2
8/29/2025,,19953,,,401430,,Pregnancy Test - Milk,0.304,163,19953.0401430.0,8/29/2025,2025,7/24/2025,36,19953.0401430.0_2025_7,2,1,first,Pregnant,Pregnant,,,2,2
11/20/2025,,19955,,,398645,,Pregnancy Test - Milk,2.735,303,19955.0398645.0,11/20/2025,2025,5/20/2025,184,19955.0398645.0_2025_5,1,2,last,Pregnant,Pregnant,,,2,2
7/31/2025,,19955,,,398645,,Pregnancy Test - Milk,1.127,191,19955.0398645.0,7/31/2025,2025,5/20/2025,72,19955.0398645.0_2025_5,1,1,first,Pregnant,Pregnant,,,2,2
8/8/2025,,19955,,,401430,,Pregnancy Test - Milk,0.72,142,19955.0401430.0,8/8/2025,2025,7/4/2025,35,19955.0401430.0_2025_7,1,1,first,Pregnant,Pregnant,,,2,2
9/26/2025,,19955,,,401430,,Pregnancy Test - Milk,0.298,191,19955.0401430.0,9/26/2025,2025,7/4/2025,84,19955.0401430.0_2025_7,1,2,last,Pregnant,Pregnant,,,2,2
12/25/2025,,19967,,,398645,,Pregnancy Test - Milk,1.897,342,19967.0398645.0,12/25/2025,2025,6/26/2025,182,19967.0398645.0_2025_6,1,2,last,Pregnant,Pregnant,,,2,2
9/4/2025,,19967,,,398645,,Pregnancy Test - Milk,0.816,230,19967.0398645.0,9/4/2025,2025,6/26/2025,70,19967.0398645.0_2025_6,1,1,first,Pregnant,Pregnant,,,2,2
7/3/2025,,19967,,,401430,,Pregnancy Test - Milk,1.174,142,19967.0401430.0,7/3/2025,2025,5/28/2025,36,19967.0401430.0_2025_5,1,1,first,Pregnant,Pregnant,,,2,2
8/7/2025,,19967,,,401430,,Pregnancy Test - Milk,0.611,177,19967.0401430.0,8/7/2025,2025,5/28/2025,71,19967.0401430.0_2025_5,1,2,last,Pregnant,Pregnant,,,2,2
1/1/2026,,19970,,,398645,,Pregnancy Test - Milk,POS,297,19970.0398645.0,1/1/2026,2025,6/30/2025,185,19970.0398645.0_2025_6,1,2,last,Pregnant,Pregnant,,,2,2
9/4/2025,,19970,,,398645,,Pregnancy Test - Milk,0.616,178,19970.0398645.0,9/4/2025,2025,6/30/2025,66,19970.0398645.0_2025_6,1,1,first,Pregnant,Pregnant,,,2,2
7/17/2025,,19970,,,401430,,Pregnancy Test - Milk,0.956,116,19970.0401430.0,7/17/2025,2025,6/11/2025,36,19970.0401430.0_2025_6,1,1,first,Pregnant,Pregnant,,,2,2
8/28/2025,,19970,,,401430,,Pregnancy Test - Milk,0.642,157,19970.0401430.0,8/28/2025,2025,6/11/2025,77,19970.0401430.0_2025_6,1,2,last,Pregnant,Pregnant,,,2,2
2/5/2026,,19972,,,398645,,Pregnancy Test - Milk,0.493,135,19972.0398645.0,2/5/2026,2025,11/30/2025,67,19972.0398645.0_2025_11,2,1,first,Pregnant,Pregnant,,,2,2
6/26/2025,,19972,,,398645,,Pregnancy Test - Milk,POS,285,19972.0398645.0,6/26/2025,2024,12/22/2024,186,19972.0398645.0_2024_12,1,1,first,Pregnant,Pregnant,,,2,2
7/10/2025,,19972,,,401430,,Pregnancy Test - Milk,1.451,118,19972.0401430.0,7/10/2025,2025,6/5/2025,35,19972.0401430.0_2025_6,1,1,first,Pregnant,Pregnant,,,2,2
8/21/2025,,19972,,,401430,,Pregnancy Test - Milk,1.167,160,19972.0401430.0,8/21/2025,2025,6/5/2025,77,19972.0401430.0_2025_6,1,2,last,Pregnant,Pregnant,,,2,2
5/7/2026,,19981,,,398645,,Pregnancy Test - Milk,1.68,496,19981.0398645.0,5/7/2026,2025,11/7/2025,181,19981.0398645.0_2025_11,2,1,first,Pregnant,Pregnant,,,2,2
7/24/2025,,19981,,,398645,,Pregnancy Test - Milk,0.6,209,19981.0398645.0,7/24/2025,2025,5/15/2025,70,19981.0398645.0_2025_5,1,1,first,Pregnant,preg_loss_rebred,,,2,2
7/10/2025,,19981,,,401430,,Pregnancy Test - Milk,1.193,118,19981.0401430.0,7/10/2025,2025,6/5/2025,35,19981.0401430.0_2025_6,1,1,first,Pregnant,Pregnant,,,2,2
8/21/2025,,19981,,,401430,,Pregnancy Test - Milk,0.903,160,19981.0401430.0,8/21/2025,2025,6/5/2025,77,19981.0401430.0_2025_6,1,2,last,Pregnant,Pregnant,,,2,2
4/2/2026,,19982,,,398645,,Pregnancy Test - Milk,0.504,137,19982.0398645.0,4/2/2026,2026,1/26/2026,66,19982.0398645.0_2026_1,1,1,first,Pregnant,Pregnant,,,2,2
10/23/2025,,19982,,,401430,,Pregnancy Test - Milk,1.454,172,19982.0401430.0,10/23/2025,2025,8/10/2025,74,19982.0401430.0_2025_8,1,2,last,Pregnant,Pregnant,,,2,2
9/19/2025,,19982,,,401430,,Pregnancy Test - Milk,2.018,138,19982.0401430.0,9/19/2025,2025,8/10/2025,40,19982.0401430.0_2025_8,1,1,first,Pregnant,Pregnant,,,2,2
6/5/2025,,19984,,,398645,,Pregnancy Test - Milk,0.531,162,19984.0398645.0,6/5/2025,2025,3/28/2025,69,19984.0398645.0_2025_3,1,1,first,Pregnant,preg_loss_rebred,,,2,2
9/25/2025,,19984,,,398645,,Pregnancy Test - Milk,POS,274,19984.0398645.0,9/25/2025,2025,7/21/2025,66,19984.0398645.0_2025_7,2,1,first,Pregnant,Pregnant,,,2,2
7/10/2025,,19984,,,401430,,Pregnancy Test - Milk,1.062,121,19984.0401430.0,7/10/2025,2025,6/5/2025,35,19984.0401430.0_2025_6,1,1,first,Pregnant,Pregnant,,,2,2
8/21/2025,,19984,,,401430,,Pregnancy Test - Milk,1.018,163,19984.0401430.0,8/21/2025,2025,6/5/2025,77,19984.0401430.0_2025_6,1,2,last,Pregnant,Pregnant,,,2,2
5/7/2026,,19987,,,398645,,Pregnancy Test - Milk,-0.013,134,19987.0398645.0,5/7/2026,2026,2/26/2026,70,19987.0398645.0_2026_2,2,1,first,Open,Open,,,2,2
6/5/2025,,19987,,,398645,,Pregnancy Test - Milk,0.3,152,19987.0398645.0,6/5/2025,2025,3/19/2025,78,19987.0398645.0_2025_3,1,1,first,Pregnant,Pregnant,,,2,2
9/18/2025,,19987,,,398645,,Pregnancy Test - Milk,1.364,257,19987.0398645.0,9/18/2025,2025,3/19/2025,183,19987.0398645.0_2025_3,1,2,last,Pregnant,Pregnant,,,2,2
12/11/2025,,19987,,,401430,,Pregnancy Test - Milk,0.017,263,19987.0401430.0,12/11/2025,2025,11/6/2025,35,19987.0401430.0_2025_11,1,1,first,Open,Open,,,2,2
5/29/2025,,19994,,,398645,,Pregnancy Test - Milk,2.496,262,19994.0398645.0,5/29/2025,2025,5/29/2025,0,19994.0398645.0_2025_5,1,1,first,Pregnant,preg_loss_rebred,,,2,2
5/7/2026,,19994,,,398645,,Pregnancy Test - Milk,1.856,247,19994.0398645.0,5/7/2026,2025,11/5/2025,183,19994.0398645.0_2025_11,2,1,first,Pregnant,Pregnant,,,2,2
10/3/2025,,19994,,,401430,,Pregnancy Test - Milk,0.885,170,19994.0401430.0,10/3/2025,2025,8/26/2025,38,19994.0401430.0_2025_8,2,1,first,Pregnant,Pregnant,,,2,2
11/14/2025,,19994,,,401430,,Pregnancy Test - Milk,0.488,212,19994.0401430.0,11/14/2025,2025,8/26/2025,80,19994.0401430.0_2025_8,2,2,last,Pregnant,Pregnant,,,2,2
7/25/2025,,19994,,,401430,,Pregnancy Test - Milk,0.004,100,19994.0401430.0,7/25/2025,2025,6/16/2025,39,19994.0401430.0_2025_6,1,1,first,Open,Open,,,2,2
9/4/2025,,19995,,,398645,,Pregnancy Test - Milk,2.009,278,19995.0398645.0,9/4/2025,2025,4/25/2025,132,19995.0398645.0_2025_4,1,1,first,Pregnant,Pregnant,,,2,2
7/18/2025,,19995,,,401430,,Pregnancy Test - Milk,0.564,119,19995.0401430.0,7/18/2025,2025,6/12/2025,36,19995.0401430.0_2025_6,1,1,first,Pregnant,Pregnant,,,2,2
8/29/2025,,19995,,,401430,,Pregnancy Test - Milk,0.358,161,19995.0401430.0,8/29/2025,2025,6/12/2025,78,19995.0401430.0_2025_6,1,2,last,Pregnant,Pregnant,,,2,2
8/21/2025,,19998,,,398645,,Pregnancy Test - Milk,POS,302,19998.0398645.0,8/21/2025,2025,2/15/2025,187,19998.0398645.0_2025_2,1,1,first,Pregnant,Pregnant,,,2,2
7/10/2025,,19998,,,401430,,Pregnancy Test - Milk,1.092,122,19998.0401430.0,7/10/2025,2025,6/5/2025,35,19998.0401430.0_2025_6,1,1,first,Pregnant,Pregnant,,,2,2
8/21/2025,,19998,,,401430,,Pregnancy Test - Milk,0.574,164,19998.0401430.0,8/21/2025,2025,6/5/2025,77,19998.0401430.0_2025_6,1,2,last,Pregnant,Pregnant,,,2,2
8/7/2025,,20003,,,398645,,Pregnancy Test - Milk,2.277,299,20003.0398645.0,8/7/2025,2024,12/25/2024,225,20003.0398645.0_2024_12,1,1,first,Pregnant,Pregnant,,,2,2
1/2/2026,,20003,,,401430,,Pregnancy Test - Milk,-0.008,262,20003.0401430.0,1/2/2026,2025,11/13/2025,50,20003.0401430.0_2025_11,2,1,first,Open,Open,,,2,2
2/20/2026,,20003,,,401430,,Pregnancy Test - Milk,-0.008,310,20003.0401430.0,2/20/2026,2026,1/12/2026,39,20003.0401430.0_2026_1,3,1,first,Open,Open,,,2,2
9/19/2025,,20003,,,401430,,Pregnancy Test - Milk,0.007,156,20003.0401430.0,9/19/2025,2025,8/15/2025,35,20003.0401430.0_2025_8,1,1,first,Open,Open,,,2,2
7/31/2025,,20006,,,398645,,Pregnancy Test - Milk,2.09,302,20006.0398645.0,7/31/2025,2025,1/29/2025,183,20006.0398645.0_2025_1,1,1,first,Pregnant,Pregnant,,,2,2
10/2/2025,,20006,,,401430,,Pregnancy Test - Milk,1.265,178,20006.0401430.0,10/2/2025,2025,8/25/2025,38,20006.0401430.0_2025_8,1,1,first,Pregnant,Pregnant,,,2,2
11/6/2025,,20006,,,401430,,Pregnancy Test - Milk,0.938,213,20006.0401430.0,11/6/2025,2025,8/25/2025,73,20006.0401430.0_2025_8,1,2,last,Pregnant,Pregnant,,,2,2
9/4/2025,,20008,,,398645,,Pregnancy Test - Milk,1.992,304,20008.0398645.0,9/4/2025,2025,2/24/2025,192,20008.0398645.0_2025_2,1,1,first,Pregnant,Pregnant,,,2,2
5/21/2026,,20008,,,401430,,Pregnancy Test - Milk,1.237,103,20008.0401430.0,5/21/2026,2026,4/15/2026,36,20008.0401430.0_2026_4,2,1,first,Pregnant,Pregnant,,,2,2
6/12/2025,,20008,,,401430,,Pregnancy Test - Milk,1.61,121,20008.0401430.0,6/12/2025,2025,5/7/2025,36,20008.0401430.0_2025_5,1,1,first,Pregnant,Pregnant,,,2,2
7/24/2025,,20008,,,401430,,Pregnancy Test - Milk,0.832,163,20008.0401430.0,7/24/2025,2025,5/7/2025,78,20008.0401430.0_2025_5,1,2,last,Pregnant,Pregnant,,,2,2
2/19/2026,,20009,,,398645,,Pregnancy Test - Milk,0.31,166,20009.0398645.0,2/19/2026,2025,12/12/2025,69,20009.0398645.0_2025_12,2,1,first,Pregnant,Pregnant,,,2,2
5/29/2025,,20009,,,398645,,Pregnancy Test - Milk,1.248,250,20009.0398645.0,5/29/2025,2025,5/29/2025,0,20009.0398645.0_2025_5,1,1,first,Pregnant,preg_loss_rebred,,,2,2
10/9/2025,,20009,,,401430,,Pregnancy Test - Milk,0.335,183,20009.0401430.0,10/9/2025,2025,9/3/2025,36,20009.0401430.0_2025_9,1,1,first,Pregnant,loss_2_open,,,2,2
11/13/2025,,20009,,,401430,,Pregnancy Test - Milk,0.003,218,20009.0401430.0,11/13/2025,2025,9/3/2025,71,20009.0401430.0_2025_9,1,2,last,Open,loss_2_open,,,2,2
7/24/2025,,20010,,,398645,,Pregnancy Test - Milk,1.832,293,20010.0398645.0,7/24/2025,2024,12/11/2024,225,20010.0398645.0_2024_12,1,1,first,Pregnant,Pregnant,,,2,2
7/25/2025,,20010,,,401430,,Pregnancy Test - Milk,0.875,104,20010.0401430.0,7/25/2025,2025,6/16/2025,39,20010.0401430.0_2025_6,1,1,first,Pregnant,Pregnant,,,2,2
9/5/2025,,20010,,,401430,,Pregnancy Test - Milk,0.431,146,20010.0401430.0,9/5/2025,2025,6/16/2025,81,20010.0401430.0_2025_6,1,2,last,Pregnant,Pregnant,,,2,2
9/25/2025,,20015,,,398645,,Pregnancy Test - Milk,0.393,207,20015.0398645.0,9/25/2025,2025,6/10/2025,107,20015.0398645.0_2025_6,1,1,first,Pregnant,Pregnant,,,2,2
10/23/2025,,20015,,,401430,,Pregnancy Test - Milk,0.516,233,20015.0401430.0,10/23/2025,2025,8/9/2025,75,20015.0401430.0_2025_8,1,2,last,Pregnant,Pregnant,,,2,2
9/19/2025,,20015,,,401430,,Pregnancy Test - Milk,1.14,199,20015.0401430.0,9/19/2025,2025,8/9/2025,41,20015.0401430.0_2025_8,1,1,first,Pregnant,Pregnant,,,2,2
4/23/2026,,20016,,,398645,,Pregnancy Test - Milk,0.641,156,20016.0398645.0,4/23/2026,2026,2/15/2026,67,20016.0398645.0_2026_2,1,1,first,Pregnant,Pregnant,,,2,2
6/12/2025,,20016,,,401430,,Pregnancy Test - Milk,1.513,120,20016.0401430.0,6/12/2025,2025,5/7/2025,36,20016.0401430.0_2025_5,1,1,first,Pregnant,Pregnant,,,2,2
7/24/2025,,20016,,,401430,,Pregnancy Test - Milk,1.064,162,20016.0401430.0,7/24/2025,2025,5/7/2025,78,20016.0401430.0_2025_5,1,2,last,Pregnant,Pregnant,,,2,2
8/7/2025,,20022,,,398645,,Pregnancy Test - Milk,2.641,278,20022.0398645.0,8/7/2025,2024,12/27/2024,223,20022.0398645.0_2024_12,1,1,first,Pregnant,Pregnant,,,2,2
7/2/2025,,20022,,,401430,,Pregnancy Test - Milk,0.319,107,20022.0401430.0,7/2/2025,2025,5/26/2025,37,20022.0401430.0_2025_5,1,1,first,Pregnant,Pregnant,,,2,2
8/15/2025,,20022,,,401430,,Pregnancy Test - Milk,0.353,151,20022.0401430.0,8/15/2025,2025,5/26/2025,81,20022.0401430.0_2025_5,1,2,last,Pregnant,Pregnant,,,2,2
4/23/2026,,20027,,,398645,,Pregnancy Test - Milk,0.341,206,20027.0398645.0,4/23/2026,2026,2/14/2026,68,20027.0398645.0_2026_2,1,1,first,Pregnant,Pregnant,,,2,2
8/7/2025,,20027,,,401430,,Pregnancy Test - Milk,1.117,109,20027.0401430.0,8/7/2025,2025,7/3/2025,35,20027.0401430.0_2025_7,1,1,first,Pregnant,Pregnant,,,2,2
9/19/2025,,20027,,,401430,,Pregnancy Test - Milk,0.93,152,20027.0401430.0,9/19/2025,2025,7/3/2025,78,20027.0401430.0_2025_7,1,2,last,Pregnant,Pregnant,,,2,2
4/23/2026,,20029,,,398645,,Pregnancy Test - Milk,0.19,153,20029.0398645.0,4/23/2026,2026,2/13/2026,69,20029.0398645.0_2026_2,2,1,first,Re-Check,rc_unresolved_>_1_bred,,,2,2
8/21/2025,,20029,,,398645,,Pregnancy Test - Milk,1.678,290,20029.0398645.0,8/21/2025,2025,2/15/2025,187,20029.0398645.0_2025_2,1,1,first,Pregnant,Pregnant,,,2,2
8/14/2025,,20029,,,401430,,Pregnancy Test - Milk,0.747,146,20029.0401430.0,8/14/2025,2025,7/10/2025,35,20029.0401430.0_2025_7,1,1,first,Pregnant,Pregnant,,,2,2
9/19/2025,,20029,,,401430,,Pregnancy Test - Milk,1.713,182,20029.0401430.0,9/19/2025,2025,7/10/2025,71,20029.0401430.0_2025_7,1,2,last,Pregnant,Pregnant,,,2,2
10/9/2025,,20030,,,398645,,Pregnancy Test - Milk,1.514,293,20030.0398645.0,10/9/2025,2025,4/10/2025,182,20030.0398645.0_2025_4,1,2,last,Pregnant,Pregnant,,,2,2
6/19/2025,,20030,,,398645,,Pregnancy Test - Milk,0.349,181,20030.0398645.0,6/19/2025,2025,4/10/2025,70,20030.0398645.0_2025_4,1,1,first,Pregnant,Pregnant,,,2,2
7/3/2025,,20030,,,401430,,Pregnancy Test - Milk,0.884,119,20030.0401430.0,7/3/2025,2025,5/29/2025,35,20030.0401430.0_2025_5,1,1,first,Pregnant,Pregnant,,,2,2
8/14/2025,,20030,,,401430,,Pregnancy Test - Milk,0.78,161,20030.0401430.0,8/14/2025,2025,5/29/2025,77,20030.0401430.0_2025_5,1,2,last,Pregnant,Pregnant,,,2,2
3/5/2026,,20035,,,398645,,Pregnancy Test - Milk,0.706,126,20035.0398645.0,3/5/2026,2025,12/27/2025,68,20035.0398645.0_2025_12,2,1,first,Pregnant,Pregnant,,,2,2
8/21/2025,,20035,,,398645,,Pregnancy Test - Milk,2.111,290,20035.0398645.0,8/21/2025,2025,2/20/2025,182,20035.0398645.0_2025_2,1,1,first,Pregnant,Pregnant,,,2,2
10/9/2025,,20035,,,401430,,Pregnancy Test - Milk,0.838,186,20035.0401430.0,10/9/2025,2025,9/3/2025,36,20035.0401430.0_2025_9,1,1,first,Pregnant,Pregnant,,,2,2
11/13/2025,,20035,,,401430,,Pregnancy Test - Milk,0.31,221,20035.0401430.0,11/13/2025,2025,9/3/2025,71,20035.0401430.0_2025_9,1,2,last,Pregnant,Pregnant,,,2,2
7/3/2025,,20040,,,398645,,Pregnancy Test - Milk,2.683,276,20040.0398645.0,7/3/2025,2024,12/24/2024,191,20040.0398645.0_2024_12,1,1,first,Pregnant,Pregnant,,,2,2
6/26/2025,,20040,,,401430,,Pregnancy Test - Milk,1.161,119,20040.0401430.0,6/26/2025,2025,5/22/2025,35,20040.0401430.0_2025_5,1,1,first,Pregnant,Pregnant,,,2,2
8/7/2025,,20040,,,401430,,Pregnancy Test - Milk,0.475,161,20040.0401430.0,8/7/2025,2025,5/22/2025,77,20040.0401430.0_2025_5,1,2,last,Pregnant,Pregnant,,,2,2
8/28/2025,,20042,,,398645,,Pregnancy Test - Milk,1.509,323,20042.0398645.0,8/28/2025,2025,4/1/2025,149,20042.0398645.0_2025_4,1,1,first,Pregnant,Pregnant,,,2,2
10/9/2025,,20042,,,401430,,Pregnancy Test - Milk,0.69,149,20042.0401430.0,10/9/2025,2025,7/23/2025,77,20042.0401430.0_2025_7,1,2,last,Pregnant,Pregnant,,,2,2
8/28/2025,,20042,,,401430,,Pregnancy Test - Milk,1.296,108,20042.0401430.0,8/28/2025,2025,7/23/2025,36,20042.0401430.0_2025_7,1,1,first,Pregnant,Pregnant,,,2,2
4/23/2026,,20043,,,398645,,Pregnancy Test - Milk,0.076,142,20043.0398645.0,4/23/2026,2026,4/18/2026,5,20043.0398645.0_2026_4,2,1,first,Open,Open,,,2,2
8/21/2025,,20043,,,398645,,Pregnancy Test - Milk,1.82,297,20043.0398645.0,8/21/2025,2025,1/8/2025,225,20043.0398645.0_2025_1,1,1,first,Pregnant,Pregnant,,,2,2
1/22/2026,,20043,,,401430,,Pregnancy Test - Milk,0.374,332,20043.0401430.0,1/22/2026,2025,11/6/2025,77,20043.0401430.0_2025_11,4,3,last,Pregnant,open_to_preg,,,2,2
10/2/2025,,20043,,,401430,,Pregnancy Test - Milk,0.942,220,20043.0401430.0,10/2/2025,2025,8/22/2025,41,20043.0401430.0_2025_8_2,3,1,first,Pregnant,preg_loss_rebred,,,2,2
11/6/2025,,20043,,,401430,,Pregnancy Test - Milk,0.077,255,20043.0401430.0,11/6/2025,2025,11/6/2025,0,20043.0401430.0_2025_11,4,1,first,Open,open_to_preg,,,2,2
12/11/2025,,20043,,,401430,,Pregnancy Test - Milk,1.765,290,20043.0401430.0,12/11/2025,2025,11/6/2025,35,20043.0401430.0_2025_11,4,2,intermediate,Pregnant,open_to_preg,,,2,2
7/17/2025,,20043,,,401430,,Pregnancy Test - Milk,0.497,144,20043.0401430.0,7/17/2025,2025,6/8/2025,39,20043.0401430.0_2025_6,1,1,first,Pregnant,preg_loss_rebred,,,2,2
8/21/2025,,20043,,,401430,,Pregnancy Test - Milk,0.092,178,20043.0401430.0,8/21/2025,2025,8/1/2025,20,20043.0401430.0_2025_8_1,2,1,first,Open,Open,,,2,2
7/24/2025,,20044,,,398645,,Pregnancy Test - Milk,POS,262,20044.0398645.0,7/24/2025,2025,1/22/2025,183,20044.0398645.0_2025_1,1,1,first,Pregnant,Pregnant,,,2,2
7/18/2025,,20044,,,401430,,Pregnancy Test - Milk,1.504,124,20044.0401430.0,7/18/2025,2025,6/12/2025,36,20044.0401430.0_2025_6,1,1,first,Pregnant,Pregnant,,,2,2
8/29/2025,,20044,,,401430,,Pregnancy Test - Milk,0.499,166,20044.0401430.0,8/29/2025,2025,6/12/2025,78,20044.0401430.0_2025_6,1,2,last,Pregnant,Pregnant,,,2,2
2/5/2026,,20045,,,398645,,Pregnancy Test - Milk,2.313,433,20045.0398645.0,2/5/2026,2025,8/8/2025,181,20045.0398645.0_2025_8,1,1,first,Pregnant,Pregnant,,,2,2
10/23/2025,,20045,,,401430,,Pregnancy Test - Milk,0.402,181,20045.0401430.0,10/23/2025,2025,9/8/2025,45,20045.0401430.0_2025_9,2,1,first,Pregnant,Pregnant,,,2,2
11/20/2025,,20045,,,401430,,Pregnancy Test - Milk,0.366,209,20045.0401430.0,11/20/2025,2025,9/8/2025,73,20045.0401430.0_2025_9,2,2,last,Pregnant,Pregnant,,,2,2
8/14/2025,,20045,,,401430,,Pregnancy Test - Milk,0.292,111,20045.0401430.0,8/14/2025,2025,7/10/2025,35,20045.0401430.0_2025_7,1,1,first,Pregnant,preg_loss_rebred,,,2,2
1/29/2026,,20054,,,398645,,Pregnancy Test - Milk,1.729,302,20054.0398645.0,1/29/2026,2025,7/28/2025,185,20054.0398645.0_2025_7,1,2,last,Pregnant,Pregnant,,,2,2
10/9/2025,,20054,,,398645,,Pregnancy Test - Milk,0.601,189,20054.0398645.0,10/9/2025,2025,7/28/2025,73,20054.0398645.0_2025_7,1,1,first,Pregnant,Pregnant,,,2,2
11/13/2025,,20054,,,401430,,Pregnancy Test - Milk,1.045,192,20054.0401430.0,11/13/2025,2025,10/5/2025,39,20054.0401430.0_2025_10,1,1,first,Pregnant,Pregnant,,,2,2
12/18/2025,,20054,,,401430,,Pregnancy Test - Milk,0.84,227,20054.0401430.0,12/18/2025,2025,10/5/2025,74,20054.0401430.0_2025_10,1,2,last,Pregnant,Pregnant,,,2,2
5/21/2026,,20057,,,398645,,Pregnancy Test - Milk,1.479,184,20057.0398645.0,5/21/2026,2026,4/27/2026,24,20057.0398645.0_2026_4,2,1,first,Pregnant,Pregnant,,,2,2
8/7/2025,,20057,,,398645,,Pregnancy Test - Milk,2.665,275,20057.0398645.0,8/7/2025,2025,1/7/2025,212,20057.0398645.0_2025_1,1,1,first,Pregnant,Pregnant,,,2,2
10/9/2025,,20057,,,401430,,Pregnancy Test - Milk,0.899,225,20057.0401430.0,10/9/2025,2025,7/23/2025,77,20057.0401430.0_2025_7,1,2,last,Pregnant,Pregnant,,,2,2
8/28/2025,,20057,,,401430,,Pregnancy Test - Milk,0.816,184,20057.0401430.0,8/28/2025,2025,7/23/2025,36,20057.0401430.0_2025_7,1,1,first,Pregnant,Pregnant,,,2,2
8/28/2025,,20064,,,398645,,Pregnancy Test - Milk,1.838,301,20064.0398645.0,8/28/2025,2025,1/7/2025,233,20064.0398645.0_2025_1,1,1,first,Pregnant,Pregnant,,,2,2
10/23/2025,,20064,,,401430,,Pregnancy Test - Milk,1.905,172,20064.0401430.0,10/23/2025,2025,8/7/2025,77,20064.0401430.0_2025_8,1,2,last,Pregnant,Pregnant,,,2,2
9/11/2025,,20064,,,401430,,Pregnancy Test - Milk,1.257,130,20064.0401430.0,9/11/2025,2025,8/7/2025,35,20064.0401430.0_2025_8,1,1,first,Pregnant,Pregnant,,,2,2
10/2/2025,,20068,,,398645,,Pregnancy Test - Milk,POS,354,20068.0398645.0,10/2/2025,2025,8/26/2025,37,20068.0398645.0_2025_8,1,1,first,Pregnant,Pregnant,,,2,2
1/30/2026,,20068,,,401430,,Pregnancy Test - Milk,0.394,312,20068.0401430.0,1/30/2026,2025,11/12/2025,79,20068.0401430.0_2025_11,4,2,intermediate,Pregnant,Pregnant,,,2,2
10/30/2025,,20068,,,401430,,Pregnancy Test - Milk,0,219,20068.0401430.0,10/30/2025,2025,9/21/2025,39,20068.0401430.0_2025_9,3,1,first,Open,Open,,,2,2
12/18/2025,,20068,,,401430,,Pregnancy Test - Milk,1.015,268,20068.0401430.0,12/18/2025,2025,11/12/2025,35,20068.0401430.0_2025_11,4,1,first,Pregnant,Pregnant,,,2,2
2/5/2026,,20068,,,401430,,Pregnancy Test - Milk,1.162,317,20068.0401430.0,2/5/2026,2025,11/12/2025,84,20068.0401430.0_2025_11,4,3,last,Pregnant,Pregnant,,,2,2
7/24/2025,,20068,,,401430,,Pregnancy Test - Milk,0.066,122,20068.0401430.0,7/24/2025,2025,6/18/2025,36,20068.0401430.0_2025_6,1,1,first,Open,Open,,,2,2
9/11/2025,,20068,,,401430,,Pregnancy Test - Milk,-0.002,170,20068.0401430.0,9/11/2025,2025,8/7/2025,35,20068.0401430.0_2025_8,2,1,first,Open,Open,,,2,2
3/26/2026,,20073,,,398645,,Pregnancy Test - Milk,0.691,132,20073.0398645.0,3/26/2026,2026,1/15/2026,70,20073.0398645.0_2026_1,2,1,first,Pregnant,Pregnant,,,2,2
7/31/2025,,20073,,,398645,,Pregnancy Test - Milk,POS,282,20073.0398645.0,7/31/2025,2025,1/30/2025,182,20073.0398645.0_2025_1,1,1,first,Pregnant,Pregnant,,,2,2
10/30/2025,,20073,,,401430,,Pregnancy Test - Milk,1.136,192,20073.0401430.0,10/30/2025,2025,9/24/2025,36,20073.0401430.0_2025_9,2,1,first,Pregnant,Pregant_with_rc,,,2,2
12/11/2025,,20073,,,401430,,Pregnancy Test - Milk,0.322,234,20073.0401430.0,12/11/2025,2025,9/24/2025,78,20073.0401430.0_2025_9,2,3,last,Pregnant,Pregant_with_rc,,,2,2
12/4/2025,,20073,,,401430,,Pregnancy Test - Milk,0.206,227,20073.0401430.0,12/4/2025,2025,9/24/2025,71,20073.0401430.0_2025_9,2,2,intermediate,Re-Check,Pregant_with_rc,,,2,2
8/14/2025,,20073,,,401430,,Pregnancy Test - Milk,0.805,115,20073.0401430.0,8/14/2025,2025,7/10/2025,35,20073.0401430.0_2025_7,1,1,first,Pregnant,preg_loss_rebred,,,2,2
10/30/2025,,20081,,,398645,,Pregnancy Test - Milk,1.066,303,20081.0398645.0,10/30/2025,2025,4/26/2025,187,20081.0398645.0_2025_4,1,2,last,Pregnant,Pregnant,,,2,2
7/3/2025,,20081,,,398645,,Pregnancy Test - Milk,0.336,184,20081.0398645.0,7/3/2025,2025,4/26/2025,68,20081.0398645.0_2025_4,1,1,first,Pregnant,Pregnant,,,2,2
10/23/2025,,20081,,,401430,,Pregnancy Test - Milk,0.275,200,20081.0401430.0,10/23/2025,2025,8/29/2025,55,20081.0401430.0_2025_8,2,1,first,Pregnant,Pregnant,,,2,2
11/13/2025,,20081,,,401430,,Pregnancy Test - Milk,0.701,221,20081.0401430.0,11/13/2025,2025,8/29/2025,76,20081.0401430.0_2025_8,2,2,last,Pregnant,Pregnant,,,2,2
7/31/2025,,20081,,,401430,,Pregnancy Test - Milk,0,116,20081.0401430.0,7/31/2025,2025,6/26/2025,35,20081.0401430.0_2025_6,1,1,first,Open,Open,,,2,2
3/19/2026,,20082,,,398645,,Pregnancy Test - Milk,1.202,155,20082.0398645.0,3/19/2026,2026,2/15/2026,32,20082.0398645.0_2026_2,1,1,first,Pregnant,Pregnant,,,2,2
1/16/2026,,20082,,,401430,,Pregnancy Test - Milk,0.626,194,20082.0401430.0,1/16/2026,2025,12/9/2025,38,20082.0401430.0_2025_12,1,1,first,Pregnant,Pregnant,,,2,2
2/27/2026,,20082,,,401430,,Pregnancy Test - Milk,0.455,236,20082.0401430.0,2/27/2026,2025,12/9/2025,80,20082.0401430.0_2025_12,1,2,last,Pregnant,Pregnant,,,2,2
11/20/2025,,20086,,,398645,,Pregnancy Test - Milk,2.257,294,20086.0398645.0,11/20/2025,2025,5/18/2025,186,20086.0398645.0_2025_5,1,2,last,Pregnant,open_to_preg,,,2,2
7/31/2025,,20086,,,398645,,Pregnancy Test - Milk,0.091,182,20086.0398645.0,7/31/2025,2025,5/18/2025,74,20086.0398645.0_2025_5,1,1,first,Open,open_to_preg,,,2,2
7/11/2025,,20086,,,401430,,Pregnancy Test - Milk,0.967,101,20086.0401430.0,7/11/2025,2025,6/2/2025,39,20086.0401430.0_2025_6,1,1,first,Pregnant,Pregnant,,,2,2
8/22/2025,,20086,,,401430,,Pregnancy Test - Milk,0.921,143,20086.0401430.0,8/22/2025,2025,6/2/2025,81,20086.0401430.0_2025_6,1,2,last,Pregnant,Pregnant,,,2,2
3/19/2026,,20087,,,398645,,Pregnancy Test - Milk,0.025,125,20087.0398645.0,3/19/2026,2026,1/8/2026,70,20087.0398645.0_2026_1,2,1,first,Open,Open,,,2,2
9/4/2025,,20087,,,398645,,Pregnancy Test - Milk,POS,281,20087.0398645.0,9/4/2025,2025,8/30/2025,5,20087.0398645.0_2025_8,1,1,first,Pregnant,preg_loss_rebred,,,2,2
10/23/2025,,20087,,,401430,,Pregnancy Test - Milk,0.961,165,20087.0401430.0,10/23/2025,2025,9/11/2025,42,20087.0401430.0_2025_9_2,3,1,first,Pregnant,Pregnant,,,2,2
11/27/2025,,20087,,,401430,,Pregnancy Test - Milk,0.446,204,20087.0401430.0,11/27/2025,2025,9/7/2025,81,20087.0401430.0_2025_9_1,2,1,first,Pregnant,preg_loss_rebred,,,2,2
9/5/2025,,20087,,,401430,,Pregnancy Test - Milk,0.86,118,20087.0401430.0,9/5/2025,2025,7/23/2025,44,20087.0401430.0_2025_7,1,1,first,Pregnant,preg_loss_rebred,,,2,2
10/2/2025,,20088,,,398645,,Pregnancy Test - Milk,1.022,301,20088.0398645.0,10/2/2025,2025,4/5/2025,180,20088.0398645.0_2025_4,1,1,first,Pregnant,Pregnant,,,2,2
6/4/2025,,20088,,,401430,,Pregnancy Test - Milk,2.188,122,20088.0401430.0,6/4/2025,2025,4/30/2025,35,20088.0401430.0_2025_4,1,1,first,Pregnant,preg_loss_rebred,,,2,2
7/10/2025,,20088,,,401430,,Pregnancy Test - Milk,1.814,157,20088.0401430.0,7/10/2025,2025,5/1/2025,70,20088.0401430.0_2025_5,2,1,first,Pregnant,Pregnant,,,2,2
10/2/2025,,20090,,,398645,,Pregnancy Test - Milk,2.797,278,20090.0398645.0,10/2/2025,2025,2/18/2025,226,20090.0398645.0_2025_2,1,1,first,Pregnant,Pregnant,,,2,2
1/15/2026,,20090,,,401430,,Pregnancy Test - Milk,0.837,238,20090.0401430.0,1/15/2026,2025,11/5/2025,71,20090.0401430.0_2025_11,2,2,last,Pregnant,Pregnant,,,2,2
10/23/2025,,20090,,,401430,,Pregnancy Test - Milk,0.027,154,20090.0401430.0,10/23/2025,2025,9/15/2025,38,20090.0401430.0_2025_9,1,1,first,Open,Open,,,2,2
12/11/2025,,20090,,,401430,,Pregnancy Test - Milk,1.851,203,20090.0401430.0,12/11/2025,2025,11/5/2025,36,20090.0401430.0_2025_11,2,1,first,Pregnant,Pregnant,,,2,2
4/23/2026,,20093,,,398645,,Pregnancy Test - Milk,0.74,149,20093.0398645.0,4/23/2026,2026,3/17/2026,37,20093.0398645.0_2026_3,2,1,first,Pregnant,Pregnant,,,2,2
8/21/2025,,20093,,,398645,,Pregnancy Test - Milk,2.715,284,20093.0398645.0,8/21/2025,2025,6/21/2025,61,20093.0398645.0_2025_6,1,1,first,Pregnant,preg_loss_rebred,,,2,2
1/22/2026,,20093,,,401430,,Pregnancy Test - Milk,0.365,307,20093.0401430.0,1/22/2026,2025,12/12/2025,41,20093.0401430.0_2025_12,3,1,first,Pregnant,Pregnant,,,2,2
10/23/2025,,20093,,,401430,,Pregnancy Test - Milk,0.158,216,20093.0401430.0,10/23/2025,2025,9/4/2025,49,20093.0401430.0_2025_9,2,1,first,Re-Check,rc_open,,,2,2
10/30/2025,,20093,,,401430,,Pregnancy Test - Milk,0.115,223,20093.0401430.0,10/30/2025,2025,9/4/2025,56,20093.0401430.0_2025_9,2,2,intermediate,Re-Check,rc_open,,,2,2
11/6/2025,,20093,,,401430,,Pregnancy Test - Milk,0.098,230,20093.0401430.0,11/6/2025,2025,9/4/2025,63,20093.0401430.0_2025_9,2,3,last,Open,rc_open,,,2,2
2/26/2026,,20093,,,401430,,Pregnancy Test - Milk,0.397,342,20093.0401430.0,2/26/2026,2025,12/12/2025,76,20093.0401430.0_2025_12,3,2,last,Pregnant,Pregnant,,,2,2
8/7/2025,,20093,,,401430,,Pregnancy Test - Milk,0.299,139,20093.0401430.0,8/7/2025,2025,7/3/2025,35,20093.0401430.0_2025_7,1,1,first,Pregnant,preg_loss_rebred,,,2,2
3/5/2026,,20102,,,398645,,Pregnancy Test - Milk,0.419,127,20102.0398645.0,3/5/2026,2025,12/25/2025,70,20102.0398645.0_2025_12,2,1,first,Pregnant,Pregnant,,,2,2
7/24/2025,,20102,,,398645,,Pregnancy Test - Milk,1.786,275,20102.0398645.0,7/24/2025,2025,1/8/2025,197,20102.0398645.0_2025_1,1,1,first,Pregnant,Pregnant,,,2,2
7/24/2025,,20102,,,401430,,Pregnancy Test - Milk,0.971,115,20102.0401430.0,7/24/2025,2025,6/18/2025,36,20102.0401430.0_2025_6,1,1,first,Pregnant,Pregnant,,,2,2
9/5/2025,,20102,,,401430,,Pregnancy Test - Milk,0.701,158,20102.0401430.0,9/5/2025,2025,6/18/2025,79,20102.0401430.0_2025_6,1,2,last,Pregnant,Pregnant,,,2,2
5/29/2025,,20103,,,398645,,Pregnancy Test - Milk,0.719,188,20103.0398645.0,5/29/2025,2025,3/19/2025,71,20103.0398645.0_2025_3,1,1,first,Pregnant,preg_loss_rebred,,,2,2
9/18/2025,,20103,,,398645,,Pregnancy Test - Milk,POS,300,20103.0398645.0,9/18/2025,2025,9/4/2025,14,20103.0398645.0_2025_9,2,1,first,Pregnant,Pregnant,,,2,2
11/13/2025,,20103,,,401430,,Pregnancy Test - Milk,0.036,179,20103.0401430.0,11/13/2025,2025,10/8/2025,36,20103.0401430.0_2025_10,2,1,first,Open,Open,,,2,2
2/5/2026,,20103,,,401430,,Pregnancy Test - Milk,2.247,263,20103.0401430.0,2/5/2026,2025,12/19/2025,48,20103.0401430.0_2025_12,3,1,first,Pregnant,Pregnant,,,2,2
3/5/2026,,20103,,,401430,,Pregnancy Test - Milk,POS,291,20103.0401430.0,3/5/2026,2025,12/19/2025,76,20103.0401430.0_2025_12,3,2,last,Pregnant,Pregnant,,,2,2
9/5/2025,,20103,,,401430,,Pregnancy Test - Milk,0.012,111,20103.0401430.0,9/5/2025,2025,7/30/2025,37,20103.0401430.0_2025_7,1,1,first,Open,Open,,,2,2
4/23/2026,,20104,,,398645,,Pregnancy Test - Milk,0.556,155,20104.0398645.0,4/23/2026,2026,2/13/2026,69,20104.0398645.0_2026_2,1,1,first,Pregnant,Pregnant,,,2,2
10/9/2025,,20104,,,401430,,Pregnancy Test - Milk,0.776,183,20104.0401430.0,10/9/2025,2025,9/4/2025,35,20104.0401430.0_2025_9,2,1,first,Pregnant,Pregnant,,,2,2
11/20/2025,,20104,,,401430,,Pregnancy Test - Milk,0.634,225,20104.0401430.0,11/20/2025,2025,9/4/2025,77,20104.0401430.0_2025_9,2,2,last,Pregnant,Pregnant,,,2,2
8/21/2025,,20104,,,401430,,Pregnancy Test - Milk,-0.005,134,20104.0401430.0,8/21/2025,2025,7/16/2025,36,20104.0401430.0_2025_7,1,1,first,Open,Open,,,2,2
2/26/2026,,20105,,,398645,,Pregnancy Test - Milk,0.986,371,20105.0398645.0,2/26/2026,2025,11/29/2025,89,20105.0398645.0_2025_11,1,1,first,Pregnant,Pregnant,,,2,2
10/24/2025,,20105,,,401430,,Pregnancy Test - Milk,0.535,179,20105.0401430.0,10/24/2025,2025,8/5/2025,80,20105.0401430.0_2025_8,1,2,last,Pregnant,Pregnant,,,2,2
9/12/2025,,20105,,,401430,,Pregnancy Test - Milk,0.849,137,20105.0401430.0,9/12/2025,2025,8/5/2025,38,20105.0401430.0_2025_8,1,1,first,Pregnant,Pregnant,,,2,2
4/23/2026,,20106,,,398645,,Pregnancy Test - Milk,0.601,189,20106.0398645.0,4/23/2026,2026,2/11/2026,71,20106.0398645.0_2026_2,1,1,first,Pregnant,Pregnant,,,2,2
10/23/2025,,20106,,,401430,,Pregnancy Test - Milk,0.919,216,20106.0401430.0,10/23/2025,2025,9/16/2025,37,20106.0401430.0_2025_9_2,3,1,first,Pregnant,Pregnant,,,2,2
11/27/2025,,20106,,,401430,,Pregnancy Test - Milk,0.416,255,20106.0401430.0,11/27/2025,2025,9/12/2025,76,20106.0401430.0_2025_9_1,2,1,first,Pregnant,preg_loss_rebred,,,2,2
8/28/2025,,20106,,,401430,,Pregnancy Test - Milk,0.166,161,20106.0401430.0,8/28/2025,2025,7/23/2025,36,20106.0401430.0_2025_7,1,1,first,Re-Check,rc_open,,,2,2
9/5/2025,,20106,,,401430,,Pregnancy Test - Milk,0.02,169,20106.0401430.0,9/5/2025,2025,7/23/2025,44,20106.0401430.0_2025_7,1,2,last,Open,rc_open,,,2,2
7/24/2025,,20109,,,398645,,Pregnancy Test - Milk,0.529,182,20109.0398645.0,7/24/2025,2025,5/16/2025,69,20109.0398645.0_2025_5,1,1,first,Pregnant,Pregnant,,,2,2
10/3/2025,,20109,,,401430,,Pregnancy Test - Milk,0.266,171,20109.0401430.0,10/3/2025,2025,7/3/2025,92,20109.0401430.0_2025_7,1,4,last,Pregnant,Pregant_with_rc,,,2,2
8/8/2025,,20109,,,401430,,Pregnancy Test - Milk,0.468,115,20109.0401430.0,8/8/2025,2025,7/3/2025,36,20109.0401430.0_2025_7,1,1,first,Pregnant,Pregant_with_rc,,,2,2
9/19/2025,,20109,,,401430,,Pregnancy Test - Milk,0.184,157,20109.0401430.0,9/19/2025,2025,7/3/2025,78,20109.0401430.0_2025_7,1,2,intermediate,Re-Check,Pregant_with_rc,,,2,2
9/26/2025,,20109,,,401430,,Pregnancy Test - Milk,0.118,164,20109.0401430.0,9/26/2025,2025,7/3/2025,85,20109.0401430.0_2025_7,1,3,intermediate,Re-Check,Pregant_with_rc,,,2,2
2/5/2026,,20111,,,398645,,Pregnancy Test - Milk,2.09,404,20111.0398645.0,2/5/2026,2025,7/21/2025,199,20111.0398645.0_2025_7,2,1,first,Pregnant,Pregnant,,,2,2
6/5/2025,,20111,,,398645,,Pregnancy Test - Milk,0.207,159,20111.0398645.0,6/5/2025,2025,3/28/2025,69,20111.0398645.0_2025_3,1,1,first,Re-Check,rc_rebred,,,2,2
10/31/2025,,20111,,,401430,,Pregnancy Test - Milk,0.446,181,20111.0401430.0,10/31/2025,2025,9/25/2025,36,20111.0401430.0_2025_9,2,1,first,Pregnant,Pregant_with_rc,,,2,2
12/12/2025,,20111,,,401430,,Pregnancy Test - Milk,0.138,223,20111.0401430.0,12/12/2025,2025,9/25/2025,78,20111.0401430.0_2025_9,2,2,intermediate,Re-Check,Pregant_with_rc,,,2,2
12/19/2025,,20111,,,401430,,Pregnancy Test - Milk,0.288,230,20111.0401430.0,12/19/2025,2025,9/25/2025,85,20111.0401430.0_2025_9,2,3,last,Pregnant,Pregant_with_rc,,,2,2
8/22/2025,,20111,,,401430,,Pregnancy Test - Milk,0.08,111,20111.0401430.0,8/22/2025,2025,7/17/2025,36,20111.0401430.0_2025_7,1,1,first,Open,Open,,,2,2
3/19/2026,,20114,,,398645,,Pregnancy Test - Milk,0.352,143,20114.0398645.0,3/19/2026,2025,12/22/2025,87,20114.0398645.0_2025_12,2,1,first,Pregnant,Pregnant,,,2,2
7/24/2025,,20114,,,398645,,Pregnancy Test - Milk,2.506,256,20114.0398645.0,7/24/2025,2025,1/22/2025,183,20114.0398645.0_2025_1,1,1,first,Pregnant,Pregnant,,,2,2
10/30/2025,,20114,,,401430,,Pregnancy Test - Milk,0.602,140,20114.0401430.0,10/30/2025,2025,9/23/2025,37,20114.0401430.0_2025_9,1,1,first,Pregnant,Pregnant,,,2,2
12/4/2025,,20114,,,401430,,Pregnancy Test - Milk,0.408,175,20114.0401430.0,12/4/2025,2025,9/23/2025,72,20114.0401430.0_2025_9,1,2,last,Pregnant,Pregnant,,,2,2
4/30/2026,,20115,,,398645,,Pregnancy Test - Milk,0.611,143,20115.0398645.0,4/30/2026,2026,2/19/2026,70,20115.0398645.0_2026_2,2,1,first,Pregnant,Pregnant,,,2,2
9/4/2025,,20115,,,398645,,Pregnancy Test - Milk,POS,325,20115.0398645.0,9/4/2025,2025,2/28/2025,188,20115.0398645.0_2025_2,1,1,first,Pregnant,Pregnant,,,2,2
7/24/2025,,20115,,,401430,,Pregnancy Test - Milk,1,116,20115.0401430.0,7/24/2025,2025,6/18/2025,36,20115.0401430.0_2025_6,1,1,first,Pregnant,Pregnant,,,2,2
9/5/2025,,20115,,,401430,,Pregnancy Test - Milk,1.987,159,20115.0401430.0,9/5/2025,2025,6/18/2025,79,20115.0401430.0_2025_6,1,2,last,Pregnant,Pregnant,,,2,2
12/25/2025,,20120,,,398645,,Pregnancy Test - Milk,2.682,386,20120.0398645.0,12/25/2025,2025,6/25/2025,183,20120.0398645.0_2025_6,1,2,last,Pregnant,Pregnant,,,2,2
9/4/2025,,20120,,,398645,,Pregnancy Test - Milk,0.418,274,20120.0398645.0,9/4/2025,2025,6/25/2025,71,20120.0398645.0_2025_6,1,1,first,Pregnant,Pregnant,,,2,2
10/23/2025,,20120,,,401430,,Pregnancy Test - Milk,0.431,168,20120.0401430.0,10/23/2025,2025,9/16/2025,37,20120.0401430.0_2025_9_2,2,1,first,Pregnant,Pregnant,,,2,2
11/27/2025,,20120,,,401430,,Pregnancy Test - Milk,0.77,207,20120.0401430.0,11/27/2025,2025,9/12/2025,76,20120.0401430.0_2025_9_1,1,1,first,Pregnant,preg_loss_rebred,,,2,2
9/18/2025,,20123,,,398645,,Pregnancy Test - Milk,0.129,161,20123.0398645.0,9/18/2025,2025,6/10/2025,100,20123.0398645.0_2025_6,1,1,first,Re-Check,rc_unresolved,,,2,2
7/31/2025,,20123,,,401430,,Pregnancy Test - Milk,0.518,113,20123.0401430.0,7/31/2025,2025,6/26/2025,35,20123.0401430.0_2025_6,1,1,first,Pregnant,Pregnant,,,2,2
9/11/2025,,20123,,,401430,,Pregnancy Test - Milk,0.47,155,20123.0401430.0,9/11/2025,2025,6/26/2025,77,20123.0401430.0_2025_6,1,2,last,Pregnant,Pregnant,,,2,2
10/2/2025,,20124,,,398645,,Pregnancy Test - Milk,POS,341,20124.0398645.0,10/2/2025,2025,5/6/2025,149,20124.0398645.0_2025_5,1,2,last,Pregnant,Pregnant,,,2,2
6/5/2025,,20124,,,398645,,Pregnancy Test - Milk,0.648,222,20124.0398645.0,6/5/2025,2025,5/6/2025,30,20124.0398645.0_2025_5,1,1,first,Pregnant,Pregnant,,,2,2
8/21/2025,,20124,,,401430,,Pregnancy Test - Milk,1.356,112,20124.0401430.0,8/21/2025,2025,7/15/2025,37,20124.0401430.0_2025_7,1,1,first,Pregnant,Pregnant,,,2,2
9/25/2025,,20124,,,401430,,Pregnancy Test - Milk,0.682,147,20124.0401430.0,9/25/2025,2025,7/15/2025,72,20124.0401430.0_2025_7,1,2,last,Pregnant,Pregnant,,,2,2
10/9/2025,,20125,,,398645,,Pregnancy Test - Milk,2.25,278,20125.0398645.0,10/9/2025,2025,4/11/2025,181,20125.0398645.0_2025_4,1,2,last,Pregnant,Pregnant,,,2,2
6/19/2025,,20125,,,398645,,Pregnancy Test - Milk,0.671,166,20125.0398645.0,6/19/2025,2025,4/11/2025,69,20125.0398645.0_2025_4,1,1,first,Pregnant,Pregnant,,,2,2
1/23/2026,,20125,,,401430,,Pregnancy Test - Milk,0.884,204,20125.0401430.0,1/23/2026,2025,12/15/2025,39,20125.0401430.0_2025_12_1,2,1,first,Pregnant,preg_loss_rebred,,,2,2
10/24/2025,,20125,,,401430,,Pregnancy Test - Milk,0.677,110,20125.0401430.0,10/24/2025,2025,9/18/2025,36,20125.0401430.0_2025_9,1,1,first,Pregnant,loss,,,2,2
12/5/2025,,20125,,,401430,,Pregnancy Test - Milk,-0.007,152,20125.0401430.0,12/5/2025,2025,9/18/2025,78,20125.0401430.0_2025_9,1,2,last,Open,loss,,,2,2
3/6/2026,,20125,,,401430,,Pregnancy Test - Milk,1.026,243,20125.0401430.0,3/6/2026,2025,12/18/2025,78,20125.0401430.0_2025_12_2,3,1,first,Pregnant,Pregnant,,,2,2
5/29/2025,,20128,,,398645,,Pregnancy Test - Milk,0.385,190,20128.0398645.0,5/29/2025,2025,3/24/2025,66,20128.0398645.0_2025_3,1,1,first,Pregnant,Pregnant,,,2,2
9/25/2025,,20128,,,398645,,Pregnancy Test - Milk,2.424,309,20128.0398645.0,9/25/2025,2025,3/24/2025,185,20128.0398645.0_2025_3,1,2,last,Pregnant,Pregnant,,,2,2
10/2/2025,,20128,,,401430,,Pregnancy Test - Milk,1.176,105,20128.0401430.0,10/2/2025,2025,8/28/2025,35,20128.0401430.0_2025_8,1,1,first,Pregnant,Pregnant,,,2,2
11/13/2025,,20128,,,401430,,Pregnancy Test - Milk,1.232,147,20128.0401430.0,11/13/2025,2025,8/28/2025,77,20128.0401430.0_2025_8,1,2,last,Pregnant,Pregnant,,,2,2
9/4/2025,,20134,,,398645,,Pregnancy Test - Milk,2.234,282,20134.0398645.0,9/4/2025,2025,2/28/2025,188,20134.0398645.0_2025_2,1,1,first,Pregnant,Pregnant,,,2,2
1/2/2026,,20134,,,401430,,Pregnancy Test - Milk,0.743,203,20134.0401430.0,1/2/2026,2025,10/10/2025,84,20134.0401430.0_2025_10,1,2,last,Pregnant,Pregnant,,,2,2
11/20/2025,,20134,,,401430,,Pregnancy Test - Milk,0.922,159,20134.0401430.0,11/20/2025,2025,10/10/2025,40,20134.0401430.0_2025_10,1,1,first,Pregnant,Pregnant,,,2,2
6/5/2025,,20136,,,398645,,Pregnancy Test - Milk,0.173,213,20136.0398645.0,6/5/2025,2025,2/7/2025,118,20136.0398645.0_2025_2,1,1,first,Re-Check,rc_preg,,,2,2
9/25/2025,,20136,,,398645,,Pregnancy Test - Milk,1.822,325,20136.0398645.0,9/25/2025,2025,2/7/2025,230,20136.0398645.0_2025_2,1,2,last,Pregnant,rc_preg,,,2,2
12/12/2025,,20136,,,401430,,Pregnancy Test - Milk,-0.011,226,20136.0401430.0,12/12/2025,2025,11/7/2025,35,20136.0401430.0_2025_11,2,1,first,Open,Open,,,2,2
3/6/2026,,20136,,,401430,,Pregnancy Test - Milk,2.874,310,20136.0401430.0,3/6/2026,2026,1/24/2026,41,20136.0401430.0_2026_1,3,1,first,Pregnant,Pregnant,,,2,2
4/17/2026,,20136,,,401430,,Pregnancy Test - Milk,2.605,352,20136.0401430.0,4/17/2026,2026,1/24/2026,83,20136.0401430.0_2026_1,3,2,last,Pregnant,Pregnant,,,2,2
8/29/2025,,20136,,,401430,,Pregnancy Test - Milk,0.051,121,20136.0401430.0,8/29/2025,2025,7/22/2025,38,20136.0401430.0_2025_7,1,1,first,Open,Open,,,2,2
10/2/2025,,20138,,,398645,,Pregnancy Test - Milk,1.259,327,20138.0398645.0,10/2/2025,2025,3/25/2025,191,20138.0398645.0_2025_3,1,1,first,Pregnant,Pregnant,,,2,2
10/23/2025,,20138,,,401430,,Pregnancy Test - Milk,0.732,181,20138.0401430.0,10/23/2025,2025,9/12/2025,41,20138.0401430.0_2025_9_2,2,1,first,Pregnant,Pregnant,,,2,2
11/27/2025,,20138,,,401430,,Pregnancy Test - Milk,0.638,220,20138.0401430.0,11/27/2025,2025,9/8/2025,80,20138.0401430.0_2025_9_1,1,1,first,Pregnant,preg_loss_rebred,,,2,2
2/26/2026,,20140,,,398645,,Pregnancy Test - Milk,2.286,141,20140.0398645.0,2/26/2026,2025,12/19/2025,69,20140.0398645.0_2025_12,2,1,first,Pregnant,Pregnant,,,2,2
6/26/2025,,20140,,,398645,,Pregnancy Test - Milk,2.769,252,20140.0398645.0,6/26/2025,2024,12/24/2024,184,20140.0398645.0_2024_12,1,1,first,Pregnant,Pregnant,,,2,2
10/17/2025,,20140,,,401430,,Pregnancy Test - Milk,0.807,184,20140.0401430.0,10/17/2025,2025,9/7/2025,40,20140.0401430.0_2025_9,2,1,first,Pregnant,Pregnant,,,2,2
11/28/2025,,20140,,,401430,,Pregnancy Test - Milk,0.488,226,20140.0401430.0,11/28/2025,2025,9/7/2025,82,20140.0401430.0_2025_9,2,2,last,Pregnant,Pregnant,,,2,2
8/8/2025,,20140,,,401430,,Pregnancy Test - Milk,0.341,114,20140.0401430.0,8/8/2025,2025,7/3/2025,36,20140.0401430.0_2025_7,1,1,first,Pregnant,preg_loss_rebred,,,2,2
6/26/2025,,20141,,,398645,,Pregnancy Test - Milk,0.944,194,20141.0398645.0,6/26/2025,2025,3/4/2025,114,20141.0398645.0_2025_3,1,1,first,Pregnant,Pregnant,,,2,2
10/2/2025,,20141,,,401430,,Pregnancy Test - Milk,1.373,148,20141.0401430.0,10/2/2025,2025,7/17/2025,77,20141.0401430.0_2025_7,1,2,last,Pregnant,Pregnant,,,2,2
8/21/2025,,20141,,,401430,,Pregnancy Test - Milk,0.907,106,20141.0401430.0,8/21/2025,2025,7/17/2025,35,20141.0401430.0_2025_7,1,1,first,Pregnant,Pregnant,,,2,2
8/7/2025,,20151,,,398645,,Pregnancy Test - Milk,0.42,189,20151.0398645.0,8/7/2025,2025,5/29/2025,70,20151.0398645.0_2025_5,1,1,first,Pregnant,Pregnant,,,2,2
1/2/2026,,20151,,,401430,,Pregnancy Test - Milk,0.611,278,20151.0401430.0,1/2/2026,2025,11/25/2025,38,20151.0401430.0_2025_11,3,1,first,Pregnant,Pregnant,,,2,2
11/13/2025,,20151,,,401430,,Pregnancy Test - Milk,0.003,227,20151.0401430.0,11/13/2025,2025,10/8/2025,36,20151.0401430.0_2025_10,2,1,first,Open,Open,,,2,2
2/20/2026,,20151,,,401430,,Pregnancy Test - Milk,0.84,326,20151.0401430.0,2/20/2026,2025,11/25/2025,86,20151.0401430.0_2025_11,3,2,last,Pregnant,Pregnant,,,2,2
9/25/2025,,20151,,,401430,,Pregnancy Test - Milk,0.018,178,20151.0401430.0,9/25/2025,2025,8/19/2025,37,20151.0401430.0_2025_8,1,1,first,Open,Open,,,2,2
10/23/2025,,20153,,,398645,,Pregnancy Test - Milk,2.587,348,20153.0398645.0,10/23/2025,2025,9/16/2025,37,20153.0398645.0_2025_9,2,1,first,Pregnant,Pregnant,,,2,2
6/19/2025,,20153,,,398645,,Pregnancy Test - Milk,0.341,222,20153.0398645.0,6/19/2025,2025,3/16/2025,95,20153.0398645.0_2025_3,1,1,first,Pregnant,preg_loss_rebred,,,2,2
10/30/2025,,20153,,,401430,,Pregnancy Test - Milk,0.058,165,20153.0401430.0,10/30/2025,2025,9/25/2025,35,20153.0401430.0_2025_9,2,1,first,Open,Open,,,2,2
12/18/2025,,20153,,,401430,,Pregnancy Test - Milk,0.012,214,20153.0401430.0,12/18/2025,2025,11/13/2025,35,20153.0401430.0_2025_11,3,1,first,Open,Open,,,2,2
2/13/2026,,20153,,,401430,,Pregnancy Test - Milk,0.963,271,20153.0401430.0,2/13/2026,2026,1/1/2026,43,20153.0401430.0_2026_1,4,1,first,Pregnant,Pregnant,,,2,2
3/19/2026,,20153,,,401430,,Pregnancy Test - Milk,0.986,305,20153.0401430.0,3/19/2026,2026,1/1/2026,77,20153.0401430.0_2026_1,4,2,last,Pregnant,Pregnant,,,2,2
9/11/2025,,20153,,,401430,,Pregnancy Test - Milk,0.04,116,20153.0401430.0,9/11/2025,2025,7/30/2025,42,20153.0401430.0_2025_7,1,2,last,Open,rc_open,,,2,2
9/5/2025,,20153,,,401430,,Pregnancy Test - Milk,0.131,111,20153.0401430.0,9/5/2025,2025,7/30/2025,37,20153.0401430.0_2025_7,1,1,first,Re-Check,rc_open,,,2,2
7/24/2025,,20159,,,398645,,Pregnancy Test - Milk,POS,261,20159.0398645.0,7/24/2025,2025,1/22/2025,183,20159.0398645.0_2025_1,1,1,first,Pregnant,Pregnant,,,2,2
7/25/2025,,20159,,,401430,,Pregnancy Test - Milk,0.664,117,20159.0401430.0,7/25/2025,2025,6/16/2025,39,20159.0401430.0_2025_6,1,1,first,Pregnant,Pregnant,,,2,2
9/5/2025,,20159,,,401430,,Pregnancy Test - Milk,0.355,159,20159.0401430.0,9/5/2025,2025,6/16/2025,81,20159.0401430.0_2025_6,1,2,last,Pregnant,Pregnant,,,2,2
9/4/2025,,20161,,,398645,,Pregnancy Test - Milk,1.927,258,20161.0398645.0,9/4/2025,2025,3/4/2025,184,20161.0398645.0_2025_3,1,1,first,Pregnant,Pregnant,,,2,2
10/30/2025,,20161,,,401430,,Pregnancy Test - Milk,1.119,111,20161.0401430.0,10/30/2025,2025,9/25/2025,35,20161.0401430.0_2025_9,1,1,first,Pregnant,Pregnant,,,2,2
12/11/2025,,20161,,,401430,,Pregnancy Test - Milk,0.611,153,20161.0401430.0,12/11/2025,2025,9/25/2025,77,20161.0401430.0_2025_9,1,2,last,Pregnant,Pregnant,,,2,2
7/17/2025,,20162,,,398645,,Pregnancy Test - Milk,0.274,211,20162.0398645.0,7/17/2025,2025,5/12/2025,66,20162.0398645.0_2025_5,1,1,first,Pregnant,Pregnant,,,2,2
11/7/2025,,20162,,,401430,,Pregnancy Test - Milk,0.311,177,20162.0401430.0,11/7/2025,2025,10/3/2025,35,20162.0401430.0_2025_10,2,1,first,Pregnant,Pregnant,,,2,2
12/26/2025,,20162,,,401430,,Pregnancy Test - Milk,0.376,226,20162.0401430.0,12/26/2025,2025,10/3/2025,84,20162.0401430.0_2025_10,2,2,last,Pregnant,Pregnant,,,2,2
9/26/2025,,20162,,,401430,,Pregnancy Test - Milk,0.027,135,20162.0401430.0,9/26/2025,2025,8/16/2025,41,20162.0401430.0_2025_8,1,1,first,Open,Open,,,2,2
1/8/2026,,20164,,,398645,,Pregnancy Test - Milk,2.305,425,20164.0398645.0,1/8/2026,2025,4/11/2025,272,20164.0398645.0_2025_4,1,2,last,Pregnant,Pregnant,,,2,2
9/18/2025,,20164,,,398645,,Pregnancy Test - Milk,0.608,313,20164.0398645.0,9/18/2025,2025,4/11/2025,160,20164.0398645.0_2025_4,1,1,first,Pregnant,Pregnant,,,2,2
8/15/2025,,20164,,,401430,,Pregnancy Test - Milk,0.62,115,20164.0401430.0,8/15/2025,2025,7/10/2025,36,20164.0401430.0_2025_7,1,1,first,Pregnant,Pregnant,,,2,2
9/26/2025,,20164,,,401430,,Pregnancy Test - Milk,0.889,157,20164.0401430.0,9/26/2025,2025,7/10/2025,78,20164.0401430.0_2025_7,1,2,last,Pregnant,Pregnant,,,2,2
3/5/2026,,20165,,,398645,,Pregnancy Test - Milk,POS,332,20165.0398645.0,3/5/2026,2025,10/7/2025,149,20165.0398645.0_2025_10,1,1,first,Pregnant,Pregnant,,,2,2
7/31/2025,,20165,,,401430,,Pregnancy Test - Milk,0.985,113,20165.0401430.0,7/31/2025,2025,6/25/2025,35,20165.0401430.0_2025_6,1,1,first,Pregnant,Pregnant,,,2,2
9/5/2025,,20165,,,401430,,Pregnancy Test - Milk,0.43,150,20165.0401430.0,9/5/2025,2025,6/25/2025,72,20165.0401430.0_2025_6,1,2,last,Pregnant,Pregnant,,,2,2
3/5/2026,,20167,,,398645,,Pregnancy Test - Milk,0.008,141,20167.0398645.0,3/5/2026,2026,3/5/2026,0,20167.0398645.0_2026_3,1,1,first,Open,Open,,,2,2
1/22/2026,,20167,,,401430,,Pregnancy Test - Milk,0.47,235,20167.0401430.0,1/22/2026,2025,11/10/2025,73,20167.0401430.0_2025_11,2,2,last,Pregnant,Pregnant,,,2,2
12/18/2025,,20167,,,401430,,Pregnancy Test - Milk,0.917,200,20167.0401430.0,12/18/2025,2025,11/10/2025,38,20167.0401430.0_2025_11,2,1,first,Pregnant,Pregnant,,,2,2
9/19/2025,,20167,,,401430,,Pregnancy Test - Milk,1.457,110,20167.0401430.0,9/19/2025,2025,8/14/2025,36,20167.0401430.0_2025_8,1,1,first,Pregnant,preg_loss_rebred,,,2,2
10/9/2025,,20168,,,398645,,Pregnancy Test - Milk,2.165,300,20168.0398645.0,10/9/2025,2025,4/11/2025,181,20168.0398645.0_2025_4,1,2,last,Pregnant,Pregnant,,,2,2
6/19/2025,,20168,,,398645,,Pregnancy Test - Milk,0.734,188,20168.0398645.0,6/19/2025,2025,4/11/2025,69,20168.0398645.0_2025_4,1,1,first,Pregnant,Pregnant,,,2,2
9/5/2025,,20168,,,401430,,Pregnancy Test - Milk,0.011,110,20168.0401430.0,9/5/2025,2025,7/30/2025,37,20168.0401430.0_2025_7,1,1,first,Open,Open,,,2,2
11/20/2025,,20169,,,398645,,Pregnancy Test - Milk,POS,362,20169.0398645.0,11/20/2025,2025,5/20/2025,184,20169.0398645.0_2025_5,1,2,last,Pregnant,Pregnant,,,2,2
7/31/2025,,20169,,,398645,,Pregnancy Test - Milk,2.828,250,20169.0398645.0,7/31/2025,2025,5/20/2025,72,20169.0398645.0_2025_5,1,1,first,Pregnant,Pregnant,,,2,2
1/2/2026,,20169,,,401430,,Pregnancy Test - Milk,0.546,259,20169.0401430.0,1/2/2026,2025,11/26/2025,37,20169.0401430.0_2025_11,2,1,first,Pregnant,Pregnant,,,2,2
2/13/2026,,20169,,,401430,,Pregnancy Test - Milk,0.275,301,20169.0401430.0,2/13/2026,2025,11/26/2025,79,20169.0401430.0_2025_11,2,2,last,Pregnant,Pregnant,,,2,2
8/8/2025,,20169,,,401430,,Pregnancy Test - Milk,0.055,112,20169.0401430.0,8/8/2025,2025,7/3/2025,36,20169.0401430.0_2025_7,1,1,first,Open,Open,,,2,2
10/2/2025,,20170,,,398645,,Pregnancy Test - Milk,POS,295,20170.0398645.0,10/2/2025,2025,2/6/2025,238,20170.0398645.0_2025_2,1,1,first,Pregnant,Pregnant,,,2,2
1/2/2026,,20170,,,401430,,Pregnancy Test - Milk,0.973,192,20170.0401430.0,1/2/2026,2025,10/17/2025,77,20170.0401430.0_2025_10_2,2,1,first,Pregnant,Pregnant,,,2,2
11/27/2025,,20170,,,401430,,Pregnancy Test - Milk,1.755,159,20170.0401430.0,11/27/2025,2025,10/14/2025,44,20170.0401430.0_2025_10_1,1,1,first,Pregnant,preg_loss_rebred,,,2,2
7/24/2025,,20175,,,398645,,Pregnancy Test - Milk,0.167,228,20175.0398645.0,7/24/2025,2025,5/12/2025,73,20175.0398645.0_2025_5,1,1,first,Re-Check,rc_unresolved,,,2,2
10/10/2025,,20175,,,401430,,Pregnancy Test - Milk,0.342,150,20175.0401430.0,10/10/2025,2025,7/24/2025,78,20175.0401430.0_2025_7,1,2,last,Pregnant,Pregnant,,,2,2
8/29/2025,,20175,,,401430,,Pregnancy Test - Milk,0.391,108,20175.0401430.0,8/29/2025,2025,7/24/2025,36,20175.0401430.0_2025_7,1,1,first,Pregnant,Pregnant,,,2,2
9/4/2025,,20180,,,398645,,Pregnancy Test - Milk,2.162,263,20180.0398645.0,9/4/2025,2025,3/6/2025,182,20180.0398645.0_2025_3,1,1,first,Pregnant,Pregnant,,,2,2
10/10/2025,,20180,,,401430,,Pregnancy Test - Milk,0.442,160,20180.0401430.0,10/10/2025,2025,9/2/2025,38,20180.0401430.0_2025_9,1,1,first,Pregnant,Pregnant,,,2,2
11/21/2025,,20180,,,401430,,Pregnancy Test - Milk,0.607,202,20180.0401430.0,11/21/2025,2025,9/2/2025,80,20180.0401430.0_2025_9,1,2,last,Pregnant,Pregnant,,,2,2
12/25/2025,,20181,,,398645,,Pregnancy Test - Milk,POS,353,20181.0398645.0,12/25/2025,2025,5/15/2025,224,20181.0398645.0_2025_5,1,2,last,Pregnant,Pregnant,,,2,2
9/4/2025,,20181,,,398645,,Pregnancy Test - Milk,1.818,241,20181.0398645.0,9/4/2025,2025,5/15/2025,112,20181.0398645.0_2025_5,1,1,first,Pregnant,Pregnant,,,2,2
10/2/2025,,20181,,,401430,,Pregnancy Test - Milk,0.962,132,20181.0401430.0,10/2/2025,2025,8/28/2025,35,20181.0401430.0_2025_8,1,1,first,Pregnant,Pregnant,,,2,2
11/13/2025,,20181,,,401430,,Pregnancy Test - Milk,0.654,174,20181.0401430.0,11/13/2025,2025,8/28/2025,77,20181.0401430.0_2025_8,1,2,last,Pregnant,Pregnant,,,2,2
1/8/2026,,20186,,,398645,,Pregnancy Test - Milk,2.506,355,20186.0398645.0,1/8/2026,2025,6/30/2025,192,20186.0398645.0_2025_6,1,2,last,Pregnant,Pregnant,,,2,2
9/4/2025,,20186,,,398645,,Pregnancy Test - Milk,0.55,229,20186.0398645.0,9/4/2025,2025,6/30/2025,66,20186.0398645.0_2025_6,1,1,first,Pregnant,Pregnant,,,2,2
7/3/2025,,20186,,,401430,,Pregnancy Test - Milk,0.393,118,20186.0401430.0,7/3/2025,2025,5/29/2025,35,20186.0401430.0_2025_5,1,1,first,Pregnant,Pregnant,,,2,2
8/14/2025,,20186,,,401430,,Pregnancy Test - Milk,0.584,160,20186.0401430.0,8/14/2025,2025,5/29/2025,77,20186.0401430.0_2025_5,1,2,last,Pregnant,Pregnant,,,2,2
8/21/2025,,20187,,,398645,,Pregnancy Test - Milk,1.338,254,20187.0398645.0,8/21/2025,2025,2/19/2025,183,20187.0398645.0_2025_2,1,1,first,Pregnant,Pregnant,,,2,2
10/23/2025,,20187,,,401430,,Pregnancy Test - Milk,0.306,165,20187.0401430.0,10/23/2025,2025,9/11/2025,42,20187.0401430.0_2025_9,1,1,first,Pregnant,Pregnant,,,2,2
12/4/2025,,20187,,,401430,,Pregnancy Test - Milk,0.507,207,20187.0401430.0,12/4/2025,2025,9/11/2025,84,20187.0401430.0_2025_9,1,2,last,Pregnant,Pregnant,,,2,2
6/19/2025,,20192,,,398645,,Pregnancy Test - Milk,0.956,186,20192.0398645.0,6/19/2025,2025,4/11/2025,69,20192.0398645.0_2025_4,1,1,first,Pregnant,Pregnant,,,2,2
1/22/2026,,20192,,,401430,,Pregnancy Test - Milk,-0.028,184,20192.0401430.0,1/22/2026,2025,12/18/2025,35,20192.0401430.0_2025_12,2,1,first,Open,Open,,,2,2
12/4/2025,,20192,,,401430,,Pregnancy Test - Milk,0,135,20192.0401430.0,12/4/2025,2025,10/24/2025,41,20192.0401430.0_2025_10,1,1,first,Open,Open,,,2,2
4/2/2026,,20195,,,398645,,Pregnancy Test - Milk,0.653,164,20195.0398645.0,4/2/2026,2026,1/15/2026,77,20195.0398645.0_2026_1,2,1,first,Pregnant,Pregnant,,,2,2
9/4/2025,,20195,,,398645,,Pregnancy Test - Milk,POS,274,20195.0398645.0,9/4/2025,2025,3/6/2025,182,20195.0398645.0_2025_3,1,1,first,Pregnant,Pregnant,,,2,2
10/10/2025,,20195,,,401430,,Pregnancy Test - Milk,0.925,147,20195.0401430.0,10/10/2025,2025,9/2/2025,38,20195.0401430.0_2025_9,1,1,first,Pregnant,Pregnant,,,2,2
11/21/2025,,20195,,,401430,,Pregnancy Test - Milk,0.797,189,20195.0401430.0,11/21/2025,2025,9/2/2025,80,20195.0401430.0_2025_9,1,2,last,Pregnant,Pregnant,,,2,2
8/7/2025,,20196,,,398645,,Pregnancy Test - Milk,0.406,130,20196.0398645.0,8/7/2025,2025,5/28/2025,71,20196.0398645.0_2025_5,1,1,first,Pregnant,Pregnant,,,2,2
1/2/2026,,20196,,,401430,,Pregnancy Test - Milk,0.523,182,20196.0401430.0,1/2/2026,2025,10/17/2025,77,20196.0401430.0_2025_10_2,2,1,first,Pregnant,Pregnant,,,2,2
11/27/2025,,20196,,,401430,,Pregnancy Test - Milk,1.905,149,20196.0401430.0,11/27/2025,2025,10/14/2025,44,20196.0401430.0_2025_10_1,1,1,first,Pregnant,preg_loss_rebred,,,2,2
10/2/2025,,20199,,,398645,,Pregnancy Test - Milk,2.445,290,20199.0398645.0,10/2/2025,2025,3/29/2025,187,20199.0398645.0_2025_3,1,2,last,Pregnant,Pregnant,,,2,2
6/5/2025,,20199,,,398645,,Pregnancy Test - Milk,0.786,171,20199.0398645.0,6/5/2025,2025,3/29/2025,68,20199.0398645.0_2025_3,1,1,first,Pregnant,Pregnant,,,2,2
10/23/2025,,20199,,,401430,,Pregnancy Test - Milk,1.101,157,20199.0401430.0,10/23/2025,2025,9/9/2025,44,20199.0401430.0_2025_9,1,1,first,Pregnant,Pregnant,,,2,2
11/20/2025,,20199,,,401430,,Pregnancy Test - Milk,0.576,185,20199.0401430.0,11/20/2025,2025,9/9/2025,72,20199.0401430.0_2025_9,1,2,last,Pregnant,Pregnant,,,2,2
4/9/2026,,20201,,,398645,,Pregnancy Test - Milk,0.971,157,20201.0398645.0,4/9/2026,2026,1/27/2026,72,20201.0398645.0_2026_1,2,1,first,Pregnant,Pregnant,,,2,2
7/24/2025,,20201,,,398645,,Pregnancy Test - Milk,1.371,255,20201.0398645.0,7/24/2025,2025,1/24/2025,181,20201.0398645.0_2025_1,1,1,first,Pregnant,Pregnant,,,2,2
10/17/2025,,20201,,,401430,,Pregnancy Test - Milk,2.006,155,20201.0401430.0,10/17/2025,2025,9/10/2025,37,20201.0401430.0_2025_9,2,1,first,Pregnant,Pregnant,,,2,2
11/28/2025,,20201,,,401430,,Pregnancy Test - Milk,1.292,197,20201.0401430.0,11/28/2025,2025,9/10/2025,79,20201.0401430.0_2025_9,2,2,last,Pregnant,Pregnant,,,2,2
8/29/2025,,20201,,,401430,,Pregnancy Test - Milk,-0.002,106,20201.0401430.0,8/29/2025,2025,7/24/2025,36,20201.0401430.0_2025_7,1,1,first,Open,Open,,,2,2
7/24/2025,,20204,,,398645,,Pregnancy Test - Milk,0.345,204,20204.0398645.0,7/24/2025,2025,3/6/2025,140,20204.0398645.0_2025_3,1,1,first,Pregnant,Pregnant,,,2,2
11/6/2025,,20204,,,401430,,Pregnancy Test - Milk,0.416,148,20204.0401430.0,11/6/2025,2025,8/21/2025,77,20204.0401430.0_2025_8,1,2,last,Pregnant,Pregnant,,,2,2
9/25/2025,,20204,,,401430,,Pregnancy Test - Milk,0.863,106,20204.0401430.0,9/25/2025,2025,8/21/2025,35,20204.0401430.0_2025_8,1,1,first,Pregnant,Pregnant,,,2,2
8/7/2025,,20207,,,398645,,Pregnancy Test - Milk,2.221,259,20207.0398645.0,8/7/2025,2025,2/4/2025,184,20207.0398645.0_2025_2,1,1,first,Pregnant,Pregnant,,,2,2
1/8/2026,,20207,,,401430,,Pregnancy Test - Milk,0.731,194,20207.0401430.0,1/8/2026,2025,10/27/2025,73,20207.0401430.0_2025_10,2,2,last,Pregnant,Pregnant,,,2,2
10/23/2025,,20207,,,401430,,Pregnancy Test - Milk,-0.007,117,20207.0401430.0,10/23/2025,2025,9/11/2025,42,20207.0401430.0_2025_9,1,1,first,Open,Open,,,2,2
12/4/2025,,20207,,,401430,,Pregnancy Test - Milk,1.198,159,20207.0401430.0,12/4/2025,2025,10/27/2025,38,20207.0401430.0_2025_10,2,1,first,Pregnant,Pregnant,,,2,2
8/7/2025,,20210,,,398645,,Pregnancy Test - Milk,1.655,254,20210.0398645.0,8/7/2025,2025,2/4/2025,184,20210.0398645.0_2025_2,1,1,first,Pregnant,Pregnant,,,2,2
1/30/2026,,20210,,,401430,,Pregnancy Test - Milk,0.89,258,20210.0401430.0,1/30/2026,2025,12/25/2025,36,20210.0401430.0_2025_12,3,1,first,Pregnant,Pregnant,,,2,2
10/3/2025,,20210,,,401430,,Pregnancy Test - Milk,-0.012,139,20210.0401430.0,10/3/2025,2025,8/28/2025,36,20210.0401430.0_2025_8,1,1,first,Open,Open,,,2,2
12/12/2025,,20210,,,401430,,Pregnancy Test - Milk,0.065,209,20210.0401430.0,12/12/2025,2025,11/6/2025,36,20210.0401430.0_2025_11,2,1,first,Open,Open,,,2,2
3/13/2026,,20210,,,401430,,Pregnancy Test - Milk,1.132,300,20210.0401430.0,3/13/2026,2025,12/25/2025,78,20210.0401430.0_2025_12,3,2,last,Pregnant,Pregnant,,,2,2
11/27/2025,,20211,,,398645,,Pregnancy Test - Milk,2.416,268,20211.0398645.0,11/27/2025,2025,4/2/2025,239,20211.0398645.0_2025_4,1,2,last,Pregnant,Pregnant,,,2,2
8/7/2025,,20211,,,398645,,Pregnancy Test - Milk,0.407,155,20211.0398645.0,8/7/2025,2025,4/2/2025,127,20211.0398645.0_2025_4,1,1,first,Pregnant,Pregnant,,,2,2
12/18/2025,,20211,,,401430,,Pregnancy Test - Milk,0.001,200,20211.0401430.0,12/18/2025,2025,11/7/2025,41,20211.0401430.0_2025_11,1,1,first,Open,Open,,,2,2
4/9/2026,,20211,,,401430,,Pregnancy Test - Milk,0.794,312,20211.0401430.0,4/9/2026,2026,2/27/2026,41,20211.0401430.0_2026_2,2,1,first,Pregnant,loss_2_open,,,2,2
5/14/2026,,20211,,,401430,,Pregnancy Test - Milk,0.065,347,20211.0401430.0,5/14/2026,2026,2/27/2026,76,20211.0401430.0_2026_2,2,2,last,Open,loss_2_open,,,2,2
8/21/2025,,20223,,,398645,,Pregnancy Test - Milk,0.594,251,20223.0398645.0,8/21/2025,2025,6/12/2025,70,20223.0398645.0_2025_6,1,1,first,Pregnant,Pregnant,,,2,2
1/2/2026,,20223,,,401430,,Pregnancy Test - Milk,1.988,226,20223.0401430.0,1/2/2026,2025,10/10/2025,84,20223.0401430.0_2025_10,1,2,last,Pregnant,Pregnant,,,2,2
11/14/2025,,20223,,,401430,,Pregnancy Test - Milk,0.606,177,20223.0401430.0,11/14/2025,2025,10/10/2025,35,20223.0401430.0_2025_10,1,1,first,Pregnant,Pregnant,,,2,2
9/18/2025,,20225,,,398645,,Pregnancy Test - Milk,0.096,241,20225.0398645.0,9/18/2025,2025,4/6/2025,165,20225.0398645.0_2025_4,1,1,first,Open,Open,,,2,2
7/24/2025,,20225,,,401430,,Pregnancy Test - Milk,1.841,116,20225.0401430.0,7/24/2025,2025,6/18/2025,36,20225.0401430.0_2025_6,1,1,first,Pregnant,Pregnant,,,2,2
9/5/2025,,20225,,,401430,,Pregnancy Test - Milk,0.7,159,20225.0401430.0,9/5/2025,2025,6/18/2025,79,20225.0401430.0_2025_6,1,2,last,Pregnant,Pregnant,,,2,2
11/6/2025,,20227,,,398645,,Pregnancy Test - Milk,2.255,308,20227.0398645.0,11/6/2025,2025,5/19/2025,171,20227.0398645.0_2025_5,1,1,first,Pregnant,Pregnant,,,2,2
1/15/2026,,20227,,,401430,,Pregnancy Test - Milk,0.268,187,20227.0401430.0,1/15/2026,2025,11/2/2025,74,20227.0401430.0_2025_11,2,2,last,Pregnant,preg_loss_rebred,,,2,2
10/30/2025,,20227,,,401430,,Pregnancy Test - Milk,0.041,110,20227.0401430.0,10/30/2025,2025,9/25/2025,35,20227.0401430.0_2025_9,1,1,first,Open,Open,,,2,2
12/11/2025,,20227,,,401430,,Pregnancy Test - Milk,1.169,152,20227.0401430.0,12/11/2025,2025,11/2/2025,39,20227.0401430.0_2025_11,2,1,first,Pregnant,preg_loss_rebred,,,2,2
4/23/2026,,20227,,,401430,,Pregnancy Test - Milk,1.306,285,20227.0401430.0,4/23/2026,2026,3/16/2026,38,20227.0401430.0_2026_3,3,1,first,Pregnant,Pregnant,,,2,2
2/26/2026,,20230,,,398645,,Pregnancy Test - Milk,POS,459,20230.0398645.0,2/26/2026,2025,8/10/2025,200,20230.0398645.0_2025_8,1,1,first,Pregnant,Pregnant,,,2,2
1/2/2026,,20230,,,401430,,Pregnancy Test - Milk,1.231,176,20230.0401430.0,1/2/2026,2025,11/23/2025,40,20230.0401430.0_2025_11,2,1,first,Pregnant,Pregnant,,,2,2
10/24/2025,,20230,,,401430,,Pregnancy Test - Milk,0.73,106,20230.0401430.0,10/24/2025,2025,9/18/2025,36,20230.0401430.0_2025_9,1,1,first,Pregnant,preg_loss_rebred,,,2,2
2/13/2026,,20230,,,401430,,Pregnancy Test - Milk,0.949,218,20230.0401430.0,2/13/2026,2025,11/23/2025,82,20230.0401430.0_2025_11,2,2,last,Pregnant,Pregnant,,,2,2
4/23/2026,,20236,,,398645,,Pregnancy Test - Milk,0.23,128,20236.0398645.0,4/23/2026,2026,2/15/2026,67,20236.0398645.0_2026_2,2,1,first,Re-Check,rc_unresolved_>_1_bred,,,2,2
9/4/2025,,20236,,,398645,,Pregnancy Test - Milk,1.951,258,20236.0398645.0,9/4/2025,2025,3/5/2025,183,20236.0398645.0_2025_3,1,1,first,Pregnant,Pregnant,,,2,2
10/23/2025,,20236,,,401430,,Pregnancy Test - Milk,0.861,150,20236.0401430.0,10/23/2025,2025,9/17/2025,36,20236.0401430.0_2025_9_2,3,1,first,Pregnant,Pregnant,,,2,2
11/27/2025,,20236,,,401430,,Pregnancy Test - Milk,0.562,189,20236.0401430.0,11/27/2025,2025,9/13/2025,75,20236.0401430.0_2025_9_1,2,1,first,Pregnant,preg_loss_rebred,,,2,2
9/11/2025,,20236,,,401430,,Pregnancy Test - Milk,0.012,108,20236.0401430.0,9/11/2025,2025,8/7/2025,35,20236.0401430.0_2025_8,1,1,first,Open,Open,,,2,2
8/21/2025,,20241,,,398645,,Pregnancy Test - Milk,2.175,285,20241.0398645.0,8/21/2025,2025,2/19/2025,183,20241.0398645.0_2025_2,1,1,first,Pregnant,Pregnant,,,2,2
10/9/2025,,20241,,,401430,,Pregnancy Test - Milk,1.528,158,20241.0401430.0,10/9/2025,2025,9/4/2025,35,20241.0401430.0_2025_9,2,1,first,Pregnant,Pregnant,,,2,2
11/20/2025,,20241,,,401430,,Pregnancy Test - Milk,1.434,200,20241.0401430.0,11/20/2025,2025,9/4/2025,77,20241.0401430.0_2025_9,2,2,last,Pregnant,Pregnant,,,2,2
8/21/2025,,20241,,,401430,,Pregnancy Test - Milk,0.027,109,20241.0401430.0,8/21/2025,2025,7/17/2025,35,20241.0401430.0_2025_7,1,1,first,Open,Open,,,2,2
11/27/2025,,20246,,,398645,,Pregnancy Test - Milk,POS,348,20246.0398645.0,11/27/2025,2025,5/26/2025,185,20246.0398645.0_2025_5,1,2,last,Pregnant,Pregnant,,,2,2
8/7/2025,,20246,,,398645,,Pregnancy Test - Milk,1.413,235,20246.0398645.0,8/7/2025,2025,5/26/2025,73,20246.0398645.0_2025_5,1,1,first,Pregnant,Pregnant,,,2,2
1/2/2026,,20246,,,401430,,Pregnancy Test - Milk,0.217,212,20246.0401430.0,1/2/2026,2025,10/16/2025,78,20246.0401430.0_2025_10_2,3,1,first,Re-Check,rc_preg,,,2,2
1/8/2026,,20246,,,401430,,Pregnancy Test - Milk,0.287,217,20246.0401430.0,1/8/2026,2025,10/16/2025,83,20246.0401430.0_2025_10_2,3,2,last,Pregnant,rc_preg,,,2,2
11/27/2025,,20246,,,401430,,Pregnancy Test - Milk,0.643,179,20246.0401430.0,11/27/2025,2025,10/13/2025,45,20246.0401430.0_2025_10_1,2,1,first,Pregnant,preg_loss_rebred,,,2,2
9/19/2025,,20246,,,401430,,Pregnancy Test - Milk,-0.006,106,20246.0401430.0,9/19/2025,2025,8/14/2025,36,20246.0401430.0_2025_8,1,1,first,Open,Open,,,2,2
7/3/2025,,20247,,,398645,,Pregnancy Test - Milk,0.936,143,20247.0398645.0,7/3/2025,2025,4/15/2025,79,20247.0398645.0_2025_4,1,1,first,Pregnant,Pregnant,,,2,2
10/9/2025,,20247,,,401430,,Pregnancy Test - Milk,0.506,151,20247.0401430.0,10/9/2025,2025,7/24/2025,77,20247.0401430.0_2025_7_2,2,1,first,Pregnant,Pregnant,,,2,2
8/28/2025,,20247,,,401430,,Pregnancy Test - Milk,0.821,111,20247.0401430.0,8/28/2025,2025,7/22/2025,37,20247.0401430.0_2025_7_1,1,1,first,Pregnant,preg_loss_rebred,,,2,2
5/29/2025,,20248,,,398645,,Pregnancy Test - Milk,0.632,148,20248.0398645.0,5/29/2025,2025,3/19/2025,71,20248.0398645.0_2025_3,1,1,first,Pregnant,Pregnant,,,2,2
9/18/2025,,20248,,,398645,,Pregnancy Test - Milk,2.169,260,20248.0398645.0,9/18/2025,2025,3/19/2025,183,20248.0398645.0_2025_3,1,2,last,Pregnant,Pregnant,,,2,2
11/7/2025,,20248,,,401430,,Pregnancy Test - Milk,0.301,156,20248.0401430.0,11/7/2025,2025,9/29/2025,39,20248.0401430.0_2025_9,1,1,first,Pregnant,Pregnant,,,2,2
12/19/2025,,20248,,,401430,,Pregnancy Test - Milk,0.252,198,20248.0401430.0,12/19/2025,2025,9/29/2025,81,20248.0401430.0_2025_9,1,2,last,Pregnant,Pregnant,,,2,2
8/28/2025,,20259,,,398645,,Pregnancy Test - Milk,2.665,274,20259.0398645.0,8/28/2025,2025,2/25/2025,184,20259.0398645.0_2025_2,1,1,first,Pregnant,Pregnant,,,2,2
10/9/2025,,20259,,,401430,,Pregnancy Test - Milk,1.458,150,20259.0401430.0,10/9/2025,2025,9/2/2025,37,20259.0401430.0_2025_9,1,1,first,Pregnant,Pregnant,,,2,2
11/13/2025,,20259,,,401430,,Pregnancy Test - Milk,0.357,185,20259.0401430.0,11/13/2025,2025,9/2/2025,72,20259.0401430.0_2025_9,1,2,last,Pregnant,Pregnant,,,2,2
11/27/2025,,20261,,,398645,,Pregnancy Test - Milk,0.073,305,20261.0398645.0,11/27/2025,2025,9/19/2025,69,20261.0398645.0_2025_9,2,1,first,Open,Open,,,2,2
8/7/2025,,20261,,,398645,,Pregnancy Test - Milk,0.222,192,20261.0398645.0,8/7/2025,2025,5/31/2025,68,20261.0398645.0_2025_5,1,1,first,Re-Check,rc_rebred,,,2,2
11/6/2025,,20261,,,401430,,Pregnancy Test - Milk,0.339,148,20261.0401430.0,11/6/2025,2025,8/21/2025,77,20261.0401430.0_2025_8,1,2,last,Pregnant,Pregnant,,,2,2
9/25/2025,,20261,,,401430,,Pregnancy Test - Milk,0.937,106,20261.0401430.0,9/25/2025,2025,8/21/2025,35,20261.0401430.0_2025_8,1,1,first,Pregnant,Pregnant,,,2,2
9/18/2025,,20263,,,398645,,Pregnancy Test - Milk,1.676,287,20263.0398645.0,9/18/2025,2025,3/16/2025,186,20263.0398645.0_2025_3,1,1,first,Pregnant,Pregnant,,,2,2
1/30/2026,,20263,,,401430,,Pregnancy Test - Milk,0.419,254,20263.0401430.0,1/30/2026,2025,11/10/2025,81,20263.0401430.0_2025_11,2,2,last,Pregnant,Pregnant,,,2,2
12/19/2025,,20263,,,401430,,Pregnancy Test - Milk,0.703,212,20263.0401430.0,12/19/2025,2025,11/10/2025,39,20263.0401430.0_2025_11,2,1,first,Pregnant,Pregnant,,,2,2
9/5/2025,,20263,,,401430,,Pregnancy Test - Milk,-0.014,107,20263.0401430.0,9/5/2025,2025,7/31/2025,36,20263.0401430.0_2025_7,1,1,first,Open,Open,,,2,2
9/4/2025,,20265,,,398645,,Pregnancy Test - Milk,POS,280,20265.0398645.0,9/4/2025,2025,6/21/2025,75,20265.0398645.0_2025_6,1,1,first,Pregnant,Pregnant,,,2,2
8/7/2025,,20265,,,401430,,Pregnancy Test - Milk,0.702,110,20265.0401430.0,8/7/2025,2025,7/3/2025,35,20265.0401430.0_2025_7,1,1,first,Pregnant,Pregnant,,,2,2
9/19/2025,,20265,,,401430,,Pregnancy Test - Milk,0.633,153,20265.0401430.0,9/19/2025,2025,7/3/2025,78,20265.0401430.0_2025_7,1,2,last,Pregnant,Pregnant,,,2,2
9/4/2025,,20267,,,398645,,Pregnancy Test - Milk,2.601,258,20267.0398645.0,9/4/2025,2025,3/4/2025,184,20267.0398645.0_2025_3,1,1,first,Pregnant,Pregnant,,,2,2
1/8/2026,,20267,,,401430,,Pregnancy Test - Milk,0.857,296,20267.0401430.0,1/8/2026,2025,12/4/2025,35,20267.0401430.0_2025_12,2,1,first,Pregnant,Pregnant,,,2,2
2/20/2026,,20267,,,401430,,Pregnancy Test - Milk,1.254,339,20267.0401430.0,2/20/2026,2025,12/4/2025,78,20267.0401430.0_2025_12,2,2,last,Pregnant,Pregnant,,,2,2
7/17/2025,,20267,,,401430,,Pregnancy Test - Milk,0,122,20267.0401430.0,7/17/2025,2025,6/11/2025,36,20267.0401430.0_2025_6,1,1,first,Open,Open,,,2,2
9/4/2025,,20269,,,398645,,Pregnancy Test - Milk,2.76,265,20269.0398645.0,9/4/2025,2025,3/6/2025,182,20269.0398645.0_2025_3,1,1,first,Pregnant,Pregnant,,,2,2
10/9/2025,,20269,,,401430,,Pregnancy Test - Milk,1.378,152,20269.0401430.0,10/9/2025,2025,7/23/2025,77,20269.0401430.0_2025_7,1,2,last,Pregnant,Pregnant,,,2,2
8/28/2025,,20269,,,401430,,Pregnancy Test - Milk,0.726,111,20269.0401430.0,8/28/2025,2025,7/23/2025,36,20269.0401430.0_2025_7,1,1,first,Pregnant,Pregnant,,,2,2
11/27/2025,,20271,,,398645,,Pregnancy Test - Milk,2.235,274,20271.0398645.0,11/27/2025,2025,5/30/2025,181,20271.0398645.0_2025_5,1,2,last,Pregnant,Pregnant,,,2,2
8/7/2025,,20271,,,398645,,Pregnancy Test - Milk,0.452,161,20271.0398645.0,8/7/2025,2025,5/30/2025,69,20271.0398645.0_2025_5,1,1,first,Pregnant,Pregnant,,,2,2
10/30/2025,,20271,,,401430,,Pregnancy Test - Milk,1.289,159,20271.0401430.0,10/30/2025,2025,9/20/2025,40,20271.0401430.0_2025_9,1,1,first,Pregnant,Pregnant,,,2,2
12/4/2025,,20271,,,401430,,Pregnancy Test - Milk,0.31,194,20271.0401430.0,12/4/2025,2025,9/20/2025,75,20271.0401430.0_2025_9,1,2,last,Pregnant,Pregnant,,,2,2
1/8/2026,,20275,,,398645,,Pregnancy Test - Milk,2.466,410,20275.0398645.0,1/8/2026,2025,7/6/2025,186,20275.0398645.0_2025_7,1,1,first,Pregnant,Pregnant,,,2,2
2/13/2026,,20275,,,401430,,Pregnancy Test - Milk,0.594,271,20275.0401430.0,2/13/2026,2025,12/29/2025,46,20275.0401430.0_2025_12,2,1,first,Pregnant,Pregant_with_rc,,,2,2
3/12/2026,,20275,,,401430,,Pregnancy Test - Milk,0.245,298,20275.0401430.0,3/12/2026,2025,12/29/2025,73,20275.0401430.0_2025_12,2,2,intermediate,Re-Check,Pregant_with_rc,,,2,2
3/19/2026,,20275,,,401430,,Pregnancy Test - Milk,0.218,305,20275.0401430.0,3/19/2026,2025,12/29/2025,80,20275.0401430.0_2025_12,2,3,intermediate,Re-Check,Pregant_with_rc,,,2,2
3/26/2026,,20275,,,401430,,Pregnancy Test - Milk,0.614,312,20275.0401430.0,3/26/2026,2025,12/29/2025,87,20275.0401430.0_2025_12,2,4,last,Pregnant,Pregant_with_rc,,,2,2
9/5/2025,,20275,,,401430,,Pregnancy Test - Milk,0.009,111,20275.0401430.0,9/5/2025,2025,7/30/2025,37,20275.0401430.0_2025_7,1,1,first,Open,Open,,,2,2
9/18/2025,,20276,,,398645,,Pregnancy Test - Milk,1.615,284,20276.0398645.0,9/18/2025,2025,3/16/2025,186,20276.0398645.0_2025_3,1,1,first,Pregnant,Pregnant,,,2,2
11/7/2025,,20276,,,401430,,Pregnancy Test - Milk,1.362,129,20276.0401430.0,11/7/2025,2025,9/28/2025,40,20276.0401430.0_2025_9,1,1,first,Pregnant,Pregnant,,,2,2
12/19/2025,,20276,,,401430,,Pregnancy Test - Milk,0.549,171,20276.0401430.0,12/19/2025,2025,9/28/2025,82,20276.0401430.0_2025_9,1,2,last,Pregnant,Pregnant,,,2,2
12/25/2025,,20280,,,398645,,Pregnancy Test - Milk,1.779,340,20280.0398645.0,12/25/2025,2025,5/12/2025,227,20280.0398645.0_2025_5,1,2,last,Pregnant,Pregnant,,,2,2
9/4/2025,,20280,,,398645,,Pregnancy Test - Milk,0.622,228,20280.0398645.0,9/4/2025,2025,5/12/2025,115,20280.0398645.0_2025_5,1,1,first,Pregnant,Pregnant,,,2,2
11/6/2025,,20280,,,401430,,Pregnancy Test - Milk,0.712,158,20280.0401430.0,11/6/2025,2025,9/28/2025,39,20280.0401430.0_2025_9,1,1,first,Pregnant,Pregnant,,,2,2
12/11/2025,,20280,,,401430,,Pregnancy Test - Milk,0.65,193,20280.0401430.0,12/11/2025,2025,9/28/2025,74,20280.0401430.0_2025_9,1,2,last,Pregnant,Pregnant,,,2,2
7/24/2025,,20287,,,398645,,Pregnancy Test - Milk,0.401,151,20287.0398645.0,7/24/2025,2025,5/16/2025,69,20287.0398645.0_2025_5,1,1,first,Pregnant,Pregnant,,,2,2
2/26/2026,,20287,,,401430,,Pregnancy Test - Milk,0.994,250,20287.0401430.0,2/26/2026,2026,1/19/2026,38,20287.0401430.0_2026_1,1,1,first,Pregnant,Pregnant,,,2,2
4/2/2026,,20287,,,401430,,Pregnancy Test - Milk,0.586,285,20287.0401430.0,4/2/2026,2026,1/19/2026,73,20287.0401430.0_2026_1,1,2,last,Pregnant,Pregnant,,,2,2
10/2/2025,,20289,,,398645,,Pregnancy Test - Milk,0.062,163,20289.0398645.0,10/2/2025,2025,7/23/2025,71,20289.0398645.0_2025_7,1,1,first,Open,Open,,,2,2
1/2/2026,,20289,,,401430,,Pregnancy Test - Milk,0.428,194,20289.0401430.0,1/2/2026,2025,10/22/2025,72,20289.0401430.0_2025_10_2,3,1,first,Pregnant,Pregnant,,,2,2
10/9/2025,,20289,,,401430,,Pregnancy Test - Milk,0.034,108,20289.0401430.0,10/9/2025,2025,9/4/2025,35,20289.0401430.0_2025_9,1,1,first,Open,Open,,,2,2
11/27/2025,,20289,,,401430,,Pregnancy Test - Milk,1.64,161,20289.0401430.0,11/27/2025,2025,10/19/2025,39,20289.0401430.0_2025_10_1,2,1,first,Pregnant,preg_loss_rebred,,,2,2
12/25/2025,,20295,,,398645,,Pregnancy Test - Milk,0.722,252,20295.0398645.0,12/25/2025,2025,10/17/2025,69,20295.0398645.0_2025_10,1,1,first,Pregnant,Pregnant,,,2,2
8/14/2025,,20295,,,401430,,Pregnancy Test - Milk,0.539,137,20295.0401430.0,8/14/2025,2025,7/10/2025,35,20295.0401430.0_2025_7,1,1,first,Pregnant,Pregnant,,,2,2
9/19/2025,,20295,,,401430,,Pregnancy Test - Milk,0.778,173,20295.0401430.0,9/19/2025,2025,7/10/2025,71,20295.0401430.0_2025_7,1,2,last,Pregnant,Pregnant,,,2,2
11/27/2025,,20297,,,398645,,Pregnancy Test - Milk,POS,312,20297.0398645.0,11/27/2025,2025,4/6/2025,235,20297.0398645.0_2025_4,1,2,last,Pregnant,Pregnant,,,2,2
8/7/2025,,20297,,,398645,,Pregnancy Test - Milk,0.912,199,20297.0398645.0,8/7/2025,2025,4/6/2025,123,20297.0398645.0_2025_4,1,1,first,Pregnant,Pregnant,,,2,2
10/23/2025,,20297,,,401430,,Pregnancy Test - Milk,0.62,152,20297.0401430.0,10/23/2025,2025,8/7/2025,77,20297.0401430.0_2025_8,1,2,last,Pregnant,Pregnant,,,2,2
9/11/2025,,20297,,,401430,,Pregnancy Test - Milk,1.51,110,20297.0401430.0,9/11/2025,2025,8/7/2025,35,20297.0401430.0_2025_8,1,1,first,Pregnant,Pregnant,,,2,2
10/9/2025,,20298,,,398645,,Pregnancy Test - Milk,2.506,261,20298.0398645.0,10/9/2025,2025,4/6/2025,186,20298.0398645.0_2025_4,1,1,first,Pregnant,Pregnant,,,2,2
11/6/2025,,20298,,,401430,,Pregnancy Test - Milk,0.82,194,20298.0401430.0,11/6/2025,2025,10/1/2025,36,20298.0401430.0_2025_10,3,1,first,Pregnant,Pregnant,,,2,2
12/11/2025,,20298,,,401430,,Pregnancy Test - Milk,0.453,229,20298.0401430.0,12/11/2025,2025,10/1/2025,71,20298.0401430.0_2025_10,3,2,last,Pregnant,Pregnant,,,2,2
8/14/2025,,20298,,,401430,,Pregnancy Test - Milk,0.17,110,20298.0401430.0,8/14/2025,2025,7/10/2025,35,20298.0401430.0_2025_7,1,1,first,Re-Check,rc_rebred,,,2,2
9/19/2025,,20298,,,401430,,Pregnancy Test - Milk,0,146,20298.0401430.0,9/19/2025,2025,8/15/2025,35,20298.0401430.0_2025_8,2,1,first,Open,Open,,,2,2
7/24/2025,,20300,,,398645,,Pregnancy Test - Milk,2.203,247,20300.0398645.0,7/24/2025,2025,1/24/2025,181,20300.0398645.0_2025_1,1,1,first,Pregnant,Pregnant,,,2,2
7/10/2025,,20300,,,401430,,Pregnancy Test - Milk,1.02,138,20300.0401430.0,7/10/2025,2025,6/1/2025,39,20300.0401430.0_2025_6,1,1,first,Pregnant,Pregnant,,,2,2
8/14/2025,,20300,,,401430,,Pregnancy Test - Milk,0.372,173,20300.0401430.0,8/14/2025,2025,6/1/2025,74,20300.0401430.0_2025_6,1,2,last,Pregnant,Pregnant,,,2,2
11/20/2025,,20302,,,398645,,Pregnancy Test - Milk,1.352,234,20302.0398645.0,11/20/2025,2025,7/20/2025,123,20302.0398645.0_2025_7,1,1,first,Pregnant,Pregnant,,,2,2
8/8/2025,,20302,,,401430,,Pregnancy Test - Milk,0.626,115,20302.0401430.0,8/8/2025,2025,7/3/2025,36,20302.0401430.0_2025_7,1,1,first,Pregnant,Pregnant,,,2,2
9/19/2025,,20302,,,401430,,Pregnancy Test - Milk,1.809,157,20302.0401430.0,9/19/2025,2025,7/3/2025,78,20302.0401430.0_2025_7,1,2,last,Pregnant,Pregnant,,,2,2
6/26/2025,,20303,,,398645,,Pregnancy Test - Milk,1.093,179,20303.0398645.0,6/26/2025,2025,4/18/2025,69,20303.0398645.0_2025_4,1,1,first,Pregnant,Pregnant,,,2,2
1/8/2026,,20303,,,401430,,Pregnancy Test - Milk,0.667,195,20303.0401430.0,1/8/2026,2025,12/2/2025,37,20303.0401430.0_2025_12,2,1,first,Pregnant,Pregnant,,,2,2
10/23/2025,,20303,,,401430,,Pregnancy Test - Milk,0.083,118,20303.0401430.0,10/23/2025,2025,9/11/2025,42,20303.0401430.0_2025_9,1,1,first,Open,Open,,,2,2
2/20/2026,,20303,,,401430,,Pregnancy Test - Milk,0.367,238,20303.0401430.0,2/20/2026,2025,12/2/2025,80,20303.0401430.0_2025_12,2,2,last,Pregnant,Pregnant,,,2,2
4/23/2026,,20307,,,398645,,Pregnancy Test - Milk,0.746,145,20307.0398645.0,4/23/2026,2026,2/14/2026,68,20307.0398645.0_2026_2,2,1,first,Pregnant,Pregnant,,,2,2
8/21/2025,,20307,,,398645,,Pregnancy Test - Milk,1.846,252,20307.0398645.0,8/21/2025,2025,2/18/2025,184,20307.0398645.0_2025_2,1,1,first,Pregnant,Pregnant,,,2,2
10/2/2025,,20307,,,401430,,Pregnancy Test - Milk,1.212,205,20307.0401430.0,10/2/2025,2025,7/18/2025,76,20307.0401430.0_2025_7_2,2,1,first,Pregnant,Pregnant,,,2,2
8/28/2025,,20307,,,401430,,Pregnancy Test - Milk,1.332,172,20307.0401430.0,8/28/2025,2025,7/16/2025,43,20307.0401430.0_2025_7_1,1,1,first,Pregnant,preg_loss_rebred,,,2,2
7/24/2025,,20310,,,398645,,Pregnancy Test - Milk,0.109,239,20310.0398645.0,7/24/2025,2025,5/17/2025,68,20310.0398645.0_2025_5,1,1,first,Re-Check,rc_unresolved,,,2,2
7/17/2025,,20310,,,401430,,Pregnancy Test - Milk,0.638,118,20310.0401430.0,7/17/2025,2025,6/11/2025,36,20310.0401430.0_2025_6,1,1,first,Pregnant,Pregnant,,,2,2
8/28/2025,,20310,,,401430,,Pregnancy Test - Milk,0.412,159,20310.0401430.0,8/28/2025,2025,6/11/2025,77,20310.0401430.0_2025_6,1,2,last,Pregnant,Pregnant,,,2,2
10/30/2025,,20313,,,398645,,Pregnancy Test - Milk,2.433,264,20313.0398645.0,10/30/2025,2025,4/11/2025,202,20313.0398645.0_2025_4,1,1,first,Pregnant,Pregnant,,,2,2
1/8/2026,,20313,,,401430,,Pregnancy Test - Milk,0.804,243,20313.0401430.0,1/8/2026,2025,12/2/2025,37,20313.0401430.0_2025_12,4,1,first,Pregnant,Pregnant,,,2,2
10/9/2025,,20313,,,401430,,Pregnancy Test - Milk,0.037,152,20313.0401430.0,10/9/2025,2025,9/3/2025,36,20313.0401430.0_2025_9,2,1,first,Open,Open,,,2,2
11/27/2025,,20313,,,401430,,Pregnancy Test - Milk,0.284,205,20313.0401430.0,11/27/2025,2025,10/18/2025,40,20313.0401430.0_2025_10,3,1,first,Pregnant,preg_loss_rebred,,,2,2
2/20/2026,,20313,,,401430,,Pregnancy Test - Milk,1.146,286,20313.0401430.0,2/20/2026,2025,12/2/2025,80,20313.0401430.0_2025_12,4,2,last,Pregnant,Pregnant,,,2,2
8/28/2025,,20313,,,401430,,Pregnancy Test - Milk,0.534,112,20313.0401430.0,8/28/2025,2025,7/22/2025,37,20313.0401430.0_2025_7,1,1,first,Pregnant,preg_loss_rebred,,,2,2
7/24/2025,,20318,,,398645,,Pregnancy Test - Milk,0.044,219,20318.0398645.0,7/24/2025,2025,5/17/2025,68,20318.0398645.0_2025_5,1,1,first,Open,Open,,,2,2
10/2/2025,,20318,,,401430,,Pregnancy Test - Milk,0.717,111,20318.0401430.0,10/2/2025,2025,8/28/2025,35,20318.0401430.0_2025_8,1,1,first,Pregnant,Pregnant,,,2,2
11/13/2025,,20318,,,401430,,Pregnancy Test - Milk,0.765,153,20318.0401430.0,11/13/2025,2025,8/28/2025,77,20318.0401430.0_2025_8,1,2,last,Pregnant,Pregnant,,,2,2
10/30/2025,,20321,,,398645,,Pregnancy Test - Milk,1.56,275,20321.0398645.0,10/30/2025,2025,5/2/2025,181,20321.0398645.0_2025_5,1,1,first,Pregnant,Pregnant,,,2,2
10/9/2025,,20321,,,401430,,Pregnancy Test - Milk,0.81,128,20321.0401430.0,10/9/2025,2025,9/3/2025,36,20321.0401430.0_2025_9,1,1,first,Pregnant,Pregnant,,,2,2
11/13/2025,,20321,,,401430,,Pregnancy Test - Milk,0.557,163,20321.0401430.0,11/13/2025,2025,9/3/2025,71,20321.0401430.0_2025_9,1,2,last,Pregnant,Pregnant,,,2,2
11/27/2025,,20323,,,398645,,Pregnancy Test - Milk,1.284,292,20323.0398645.0,11/27/2025,2025,4/16/2025,225,20323.0398645.0_2025_4,1,2,last,Pregnant,rc_preg,,,2,2
8/7/2025,,20323,,,398645,,Pregnancy Test - Milk,0.213,179,20323.0398645.0,8/7/2025,2025,4/16/2025,113,20323.0398645.0_2025_4,1,1,first,Re-Check,rc_preg,,,2,2
11/6/2025,,20323,,,401430,,Pregnancy Test - Milk,0.023,136,20323.0401430.0,11/6/2025,2025,9/28/2025,39,20323.0401430.0_2025_9,1,1,first,Open,Open,,,2,2
2/13/2026,,20323,,,401430,,Pregnancy Test - Milk,0.543,235,20323.0401430.0,2/13/2026,2025,12/25/2025,50,20323.0401430.0_2025_12,2,1,first,Pregnant,Pregnant,,,2,2
3/12/2026,,20323,,,401430,,Pregnancy Test - Milk,0.692,262,20323.0401430.0,3/12/2026,2025,12/25/2025,77,20323.0401430.0_2025_12,2,2,last,Pregnant,Pregnant,,,2,2
6/26/2025,,20325,,,398645,,Pregnancy Test - Milk,0.325,159,20325.0398645.0,6/26/2025,2025,4/4/2025,83,20325.0398645.0_2025_4,1,1,first,Pregnant,Pregnant,,,2,2
10/30/2025,,20325,,,401430,,Pregnancy Test - Milk,0.31,153,20325.0401430.0,10/30/2025,2025,8/14/2025,77,20325.0401430.0_2025_8,1,2,last,Pregnant,Pregnant,,,2,2
9/19/2025,,20325,,,401430,,Pregnancy Test - Milk,1.384,112,20325.0401430.0,9/19/2025,2025,8/14/2025,36,20325.0401430.0_2025_8,1,1,first,Pregnant,Pregnant,,,2,2
1/23/2026,,20331,,,398645,,Pregnancy Test - Milk,1.377,338,20331.0398645.0,1/23/2026,2025,10/11/2025,104,20331.0398645.0_2025_10,1,2,last,Pregnant,open_to_preg,,,2,2
10/30/2025,,20331,,,398645,,Pregnancy Test - Milk,-0.017,253,20331.0398645.0,10/30/2025,2025,10/11/2025,19,20331.0398645.0_2025_10,1,1,first,Open,open_to_preg,,,2,2
10/3/2025,,20331,,,401430,,Pregnancy Test - Milk,0.649,156,20331.0401430.0,10/3/2025,2025,7/17/2025,78,20331.0401430.0_2025_7,1,2,last,Pregnant,Pregnant,,,2,2
8/22/2025,,20331,,,401430,,Pregnancy Test - Milk,0.916,114,20331.0401430.0,8/22/2025,2025,7/17/2025,36,20331.0401430.0_2025_7,1,1,first,Pregnant,Pregnant,,,2,2
5/29/2025,,20332,,,398645,,Pregnancy Test - Milk,1.136,190,20332.0398645.0,5/29/2025,2025,3/27/2025,63,20332.0398645.0_2025_3,1,1,first,Pregnant,Pregnant,,,2,2
9/18/2025,,20332,,,398645,,Pregnancy Test - Milk,2.199,302,20332.0398645.0,9/18/2025,2025,3/27/2025,175,20332.0398645.0_2025_3,1,2,last,Pregnant,Pregnant,,,2,2
10/10/2025,,20332,,,401430,,Pregnancy Test - Milk,0.31,108,20332.0401430.0,10/10/2025,2025,9/4/2025,36,20332.0401430.0_2025_9,1,1,first,Pregnant,Pregnant,,,2,2
11/21/2025,,20332,,,401430,,Pregnancy Test - Milk,0.258,150,20332.0401430.0,11/21/2025,2025,9/4/2025,78,20332.0401430.0_2025_9,1,2,last,Pregnant,Pregnant,,,2,2
4/30/2026,,20336,,,398645,,Pregnancy Test - Milk,0.197,147,20336.0398645.0,4/30/2026,2026,2/18/2026,71,20336.0398645.0_2026_2,2,1,first,Re-Check,rc_unresolved_>_1_bred,,,2,2
8/28/2025,,20336,,,398645,,Pregnancy Test - Milk,2.467,266,20336.0398645.0,8/28/2025,2025,2/25/2025,184,20336.0398645.0_2025_2,1,1,first,Pregnant,Pregnant,,,2,2
8/14/2025,,20336,,,401430,,Pregnancy Test - Milk,1.238,113,20336.0401430.0,8/14/2025,2025,7/10/2025,35,20336.0401430.0_2025_7,1,1,first,Pregnant,Pregnant,,,2,2
9/19/2025,,20336,,,401430,,Pregnancy Test - Milk,0.846,149,20336.0401430.0,9/19/2025,2025,7/10/2025,71,20336.0401430.0_2025_7,1,2,last,Pregnant,Pregnant,,,2,2
6/26/2025,,20337,,,398645,,Pregnancy Test - Milk,0.308,183,20337.0398645.0,6/26/2025,2025,4/18/2025,69,20337.0398645.0_2025_4,1,1,first,Pregnant,Pregnant,,,2,2
1/30/2026,,20337,,,401430,,Pregnancy Test - Milk,0.183,264,20337.0401430.0,1/30/2026,2025,11/15/2025,76,20337.0401430.0_2025_11,2,2,intermediate,Re-Check,Pregant_with_rc,,,2,2
12/26/2025,,20337,,,401430,,Pregnancy Test - Milk,0.379,228,20337.0401430.0,12/26/2025,2025,11/15/2025,40,20337.0401430.0_2025_11,2,1,first,Pregnant,Pregant_with_rc,,,2,2
2/5/2026,,20337,,,401430,,Pregnancy Test - Milk,0.481,269,20337.0401430.0,2/5/2026,2025,11/15/2025,81,20337.0401430.0_2025_11,2,3,last,Pregnant,Pregant_with_rc,,,2,2
9/19/2025,,20337,,,401430,,Pregnancy Test - Milk,0.911,130,20337.0401430.0,9/19/2025,2025,8/15/2025,35,20337.0401430.0_2025_8,1,1,first,Pregnant,preg_loss_rebred,,,2,2
1/29/2026,,20338,,,398645,,Pregnancy Test - Milk,2.029,266,20338.0398645.0,1/29/2026,2025,7/24/2025,189,20338.0398645.0_2025_7,1,2,last,Pregnant,Pregnant,,,2,2
10/2/2025,,20338,,,398645,,Pregnancy Test - Milk,0.295,146,20338.0398645.0,10/2/2025,2025,7/24/2025,70,20338.0398645.0_2025_7,1,1,first,Pregnant,Pregnant,,,2,2
1/16/2026,,20338,,,401430,,Pregnancy Test - Milk,0.471,175,20338.0401430.0,1/16/2026,2025,10/28/2025,80,20338.0401430.0_2025_10,1,2,last,Pregnant,Pregnant,,,2,2
12/5/2025,,20338,,,401430,,Pregnancy Test - Milk,0.424,133,20338.0401430.0,12/5/2025,2025,10/28/2025,38,20338.0401430.0_2025_10,1,1,first,Pregnant,Pregnant,,,2,2
10/9/2025,,20339,,,398645,,Pregnancy Test - Milk,1.783,306,20339.0398645.0,10/9/2025,2025,4/10/2025,182,20339.0398645.0_2025_4,1,2,last,Pregnant,Pregnant,,,2,2
6/19/2025,,20339,,,398645,,Pregnancy Test - Milk,0.566,194,20339.0398645.0,6/19/2025,2025,4/10/2025,70,20339.0398645.0_2025_4,1,1,first,Pregnant,Pregnant,,,2,2
10/9/2025,,20339,,,401430,,Pregnancy Test - Milk,0.481,109,20339.0401430.0,10/9/2025,2025,9/4/2025,35,20339.0401430.0_2025_9,1,1,first,Pregnant,preg_loss_rebred,,,2,2
12/18/2025,,20339,,,401430,,Pregnancy Test - Milk,0.239,179,20339.0401430.0,12/18/2025,2025,11/7/2025,41,20339.0401430.0_2025_11,2,1,first,Re-Check,rc_rebred,,,2,2
2/20/2026,,20339,,,401430,,Pregnancy Test - Milk,0.827,243,20339.0401430.0,2/20/2026,2026,1/13/2026,38,20339.0401430.0_2026_1,3,1,first,Pregnant,Pregnant,,,2,2
3/26/2026,,20339,,,401430,,Pregnancy Test - Milk,0.75,277,20339.0401430.0,3/26/2026,2026,1/13/2026,72,20339.0401430.0_2026_1,3,2,last,Pregnant,Pregnant,,,2,2
11/27/2025,,20345,,,398645,,Pregnancy Test - Milk,0.339,295,20345.0398645.0,11/27/2025,2025,9/21/2025,67,20345.0398645.0_2025_9,1,1,first,Pregnant,Pregnant,,,2,2
3/26/2026,,20345,,,398645,,Pregnancy Test - Milk,POS,413,20345.0398645.0,3/26/2026,2025,9/21/2025,186,20345.0398645.0_2025_9,1,2,last,Pregnant,Pregnant,,,2,2
1/15/2026,,20345,,,401430,,Pregnancy Test - Milk,0.485,224,20345.0401430.0,1/15/2026,2025,11/1/2025,75,20345.0401430.0_2025_11,2,2,last,Pregnant,Pregnant,,,2,2
10/9/2025,,20345,,,401430,,Pregnancy Test - Milk,0.035,126,20345.0401430.0,10/9/2025,2025,8/31/2025,39,20345.0401430.0_2025_8,1,1,first,Open,Open,,,2,2
12/11/2025,,20345,,,401430,,Pregnancy Test - Milk,0.906,189,20345.0401430.0,12/11/2025,2025,11/1/2025,40,20345.0401430.0_2025_11,2,1,first,Pregnant,Pregnant,,,2,2
6/5/2025,,20358,,,398645,,Pregnancy Test - Milk,0.872,168,20358.0398645.0,6/5/2025,2025,3/28/2025,69,20358.0398645.0_2025_3,1,1,first,Pregnant,Pregnant,,,2,2
9/25/2025,,20358,,,398645,,Pregnancy Test - Milk,1.937,280,20358.0398645.0,9/25/2025,2025,3/28/2025,181,20358.0398645.0_2025_3,1,2,last,Pregnant,Pregnant,,,2,2
10/30/2025,,20358,,,401430,,Pregnancy Test - Milk,0.587,195,20358.0401430.0,10/30/2025,2025,8/21/2025,70,20358.0401430.0_2025_8,2,2,last,Pregnant,Pregnant,,,2,2
8/7/2025,,20358,,,401430,,Pregnancy Test - Milk,0.029,111,20358.0401430.0,8/7/2025,2025,7/3/2025,35,20358.0401430.0_2025_7,1,1,first,Open,Open,,,2,2
9/25/2025,,20358,,,401430,,Pregnancy Test - Milk,1.346,160,20358.0401430.0,9/25/2025,2025,8/21/2025,35,20358.0401430.0_2025_8,2,1,first,Pregnant,Pregnant,,,2,2
9/4/2025,,20359,,,398645,,Pregnancy Test - Milk,1.497,253,20359.0398645.0,9/4/2025,2025,3/6/2025,182,20359.0398645.0_2025_3,1,1,first,Pregnant,Pregnant,,,2,2
11/20/2025,,20359,,,401430,,Pregnancy Test - Milk,1.133,152,20359.0401430.0,11/20/2025,2025,10/12/2025,39,20359.0401430.0_2025_10,1,1,first,Pregnant,Pregnant,,,2,2
12/26/2025,,20359,,,401430,,Pregnancy Test - Milk,0.489,188,20359.0401430.0,12/26/2025,2025,10/12/2025,75,20359.0401430.0_2025_10,1,2,last,Pregnant,Pregnant,,,2,2
5/29/2025,,20364,,,398645,,Pregnancy Test - Milk,0.842,151,20364.0398645.0,5/29/2025,2025,3/17/2025,73,20364.0398645.0_2025_3,1,1,first,Pregnant,Pregnant,,,2,2
9/18/2025,,20364,,,398645,,Pregnancy Test - Milk,2.434,263,20364.0398645.0,9/18/2025,2025,3/17/2025,185,20364.0398645.0_2025_3,1,2,last,Pregnant,Pregnant,,,2,2
10/23/2025,,20364,,,401430,,Pregnancy Test - Milk,1.628,126,20364.0401430.0,10/23/2025,2025,9/18/2025,35,20364.0401430.0_2025_9,1,1,first,Pregnant,Pregnant,,,2,2
12/4/2025,,20364,,,401430,,Pregnancy Test - Milk,0.878,168,20364.0401430.0,12/4/2025,2025,9/18/2025,77,20364.0401430.0_2025_9,1,2,last,Pregnant,Pregnant,,,2,2
8/21/2025,,20372,,,398645,,Pregnancy Test - Milk,2.86,258,20372.0398645.0,8/21/2025,2025,2/18/2025,184,20372.0398645.0_2025_2,1,1,first,Pregnant,Pregnant,,,2,2
10/23/2025,,20372,,,401430,,Pregnancy Test - Milk,1.204,144,20372.0401430.0,10/23/2025,2025,9/12/2025,41,20372.0401430.0_2025_9_2,2,1,first,Pregnant,Pregnant,,,2,2
11/27/2025,,20372,,,401430,,Pregnancy Test - Milk,0.489,183,20372.0401430.0,11/27/2025,2025,9/8/2025,80,20372.0401430.0_2025_9_1,1,1,first,Pregnant,preg_loss_rebred,,,2,2
11/20/2025,,20374,,,398645,,Pregnancy Test - Milk,1.511,349,20374.0398645.0,11/20/2025,2025,5/23/2025,181,20374.0398645.0_2025_5,1,2,last,Pregnant,Pregnant,,,2,2
7/31/2025,,20374,,,398645,,Pregnancy Test - Milk,0.293,237,20374.0398645.0,7/31/2025,2025,5/23/2025,69,20374.0398645.0_2025_5,1,1,first,Pregnant,Pregnant,,,2,2
1/16/2026,,20374,,,401430,,Pregnancy Test - Milk,1.295,200,20374.0401430.0,1/16/2026,2025,10/30/2025,78,20374.0401430.0_2025_10,2,2,last,Pregnant,Pregnant,,,2,2
10/17/2025,,20374,,,401430,,Pregnancy Test - Milk,-0.02,109,20374.0401430.0,10/17/2025,2025,9/11/2025,36,20374.0401430.0_2025_9,1,1,first,Open,Open,,,2,2
12/5/2025,,20374,,,401430,,Pregnancy Test - Milk,0.792,158,20374.0401430.0,12/5/2025,2025,10/30/2025,36,20374.0401430.0_2025_10,2,1,first,Pregnant,Pregnant,,,2,2
5/29/2025,,20378,,,398645,,Pregnancy Test - Milk,1.142,180,20378.0398645.0,5/29/2025,2025,3/21/2025,69,20378.0398645.0_2025_3,1,1,first,Pregnant,Pregnant,,,2,2
9/18/2025,,20378,,,398645,,Pregnancy Test - Milk,2.096,292,20378.0398645.0,9/18/2025,2025,3/21/2025,181,20378.0398645.0_2025_3,1,2,last,Pregnant,Pregnant,,,2,2
10/30/2025,,20378,,,401430,,Pregnancy Test - Milk,0.592,194,20378.0401430.0,10/30/2025,2025,8/20/2025,71,20378.0401430.0_2025_8,1,2,last,Pregnant,Pregnant,,,2,2
9/25/2025,,20378,,,401430,,Pregnancy Test - Milk,1.627,159,20378.0401430.0,9/25/2025,2025,8/20/2025,36,20378.0401430.0_2025_8,1,1,first,Pregnant,Pregnant,,,2,2
10/2/2025,,20379,,,398645,,Pregnancy Test - Milk,0.979,274,20379.0398645.0,10/2/2025,2025,4/3/2025,182,20379.0398645.0_2025_4,1,1,first,Pregnant,Pregnant,,,2,2
10/23/2025,,20379,,,401430,,Pregnancy Test - Milk,1.187,160,20379.0401430.0,10/23/2025,2025,7/30/2025,84,20379.0401430.0_2025_7,1,2,last,Pregnant,Pregnant,,,2,2
9/5/2025,,20379,,,401430,,Pregnancy Test - Milk,1.723,113,20379.0401430.0,9/5/2025,2025,7/30/2025,37,20379.0401430.0_2025_7,1,1,first,Pregnant,Pregnant,,,2,2
10/30/2025,,20382,,,398645,,Pregnancy Test - Milk,0.313,330,20382.0398645.0,10/30/2025,2025,8/22/2025,69,20382.0398645.0_2025_8,1,1,first,Pregnant,Pregnant,,,2,2
2/19/2026,,20382,,,398645,,Pregnancy Test - Milk,2.41,442,20382.0398645.0,2/19/2026,2025,8/22/2025,181,20382.0398645.0_2025_8,1,2,last,Pregnant,Pregnant,,,2,2
4/9/2026,,20382,,,401430,,Pregnancy Test - Milk,-0.009,270,20382.0401430.0,4/9/2026,2026,3/4/2026,36,20382.0401430.0_2026_3,1,1,first,Open,Open,,,2,2
12/25/2025,,20384,,,398645,,Pregnancy Test - Milk,2.8,331,20384.0398645.0,12/25/2025,2025,6/15/2025,193,20384.0398645.0_2025_6,1,2,last,Pregnant,Pregnant,,,2,2
8/21/2025,,20384,,,398645,,Pregnancy Test - Milk,0.661,205,20384.0398645.0,8/21/2025,2025,6/15/2025,67,20384.0398645.0_2025_6,1,1,first,Pregnant,Pregnant,,,2,2
1/22/2026,,20384,,,401430,,Pregnancy Test - Milk,1.136,129,20384.0401430.0,1/22/2026,2025,12/12/2025,41,20384.0401430.0_2025_12,1,1,first,Pregnant,Pregnant,,,2,2
2/26/2026,,20384,,,401430,,Pregnancy Test - Milk,0.813,164,20384.0401430.0,2/26/2026,2025,12/12/2025,76,20384.0401430.0_2025_12,1,2,last,Pregnant,Pregnant,,,2,2
11/27/2025,,20390,,,398645,,Pregnancy Test - Milk,2.364,258,20390.0398645.0,11/27/2025,2025,5/28/2025,183,20390.0398645.0_2025_5,1,2,last,Pregnant,Pregnant,,,2,2
8/7/2025,,20390,,,398645,,Pregnancy Test - Milk,0.536,145,20390.0398645.0,8/7/2025,2025,5/28/2025,71,20390.0398645.0_2025_5,1,1,first,Pregnant,Pregnant,,,2,2
10/30/2025,,20390,,,401430,,Pregnancy Test - Milk,0.757,171,20390.0401430.0,10/30/2025,2025,8/18/2025,73,20390.0401430.0_2025_8,1,2,last,Pregnant,Pregnant,,,2,2
9/25/2025,,20390,,,401430,,Pregnancy Test - Milk,1.591,136,20390.0401430.0,9/25/2025,2025,8/18/2025,38,20390.0401430.0_2025_8,1,1,first,Pregnant,Pregnant,,,2,2
6/26/2025,,20391,,,398645,,Pregnancy Test - Milk,1.042,135,20391.0398645.0,6/26/2025,2025,4/15/2025,72,20391.0398645.0_2025_4,1,1,first,Pregnant,Pregnant,,,2,2
10/23/2025,,20391,,,401430,,Pregnancy Test - Milk,0.951,115,20391.0401430.0,10/23/2025,2025,9/11/2025,42,20391.0401430.0_2025_9_2,2,1,first,Pregnant,Pregnant,,,2,2
11/27/2025,,20391,,,401430,,Pregnancy Test - Milk,0.415,154,20391.0401430.0,11/27/2025,2025,9/7/2025,81,20391.0401430.0_2025_9_1,1,1,first,Pregnant,preg_loss_rebred,,,2,2
5/29/2025,,20393,,,398645,,Pregnancy Test - Milk,0.434,142,20393.0398645.0,5/29/2025,2025,3/19/2025,71,20393.0398645.0_2025_3,1,1,first,Pregnant,Pregnant,,,2,2
9/18/2025,,20393,,,398645,,Pregnancy Test - Milk,1.403,254,20393.0398645.0,9/18/2025,2025,3/19/2025,183,20393.0398645.0_2025_3,1,2,last,Pregnant,Pregnant,,,2,2
11/20/2025,,20393,,,401430,,Pregnancy Test - Milk,0.936,109,20393.0401430.0,11/20/2025,2025,10/15/2025,36,20393.0401430.0_2025_10,1,1,first,Pregnant,Pregnant,,,2,2
12/26/2025,,20393,,,401430,,Pregnancy Test - Milk,0.864,145,20393.0401430.0,12/26/2025,2025,10/15/2025,72,20393.0401430.0_2025_10,1,2,last,Pregnant,Pregnant,,,2,2
5/21/2026,,20394,,,398645,,Pregnancy Test - Milk,0.356,153,20394.0398645.0,5/21/2026,2026,5/4/2026,17,20394.0398645.0_2026_5,2,1,first,Pregnant,Pregnant,,,2,2
6/5/2025,,20394,,,398645,,Pregnancy Test - Milk,0.218,151,20394.0398645.0,6/5/2025,2025,3/19/2025,78,20394.0398645.0_2025_3,1,1,first,Re-Check,rc_preg,,,2,2
9/18/2025,,20394,,,398645,,Pregnancy Test - Milk,1.357,256,20394.0398645.0,9/18/2025,2025,3/19/2025,183,20394.0398645.0_2025_3,1,2,last,Pregnant,rc_preg,,,2,2
8/15/2025,,20394,,,401430,,Pregnancy Test - Milk,0.776,108,20394.0401430.0,8/15/2025,2025,7/10/2025,36,20394.0401430.0_2025_7,1,1,first,Pregnant,Pregnant,,,2,2
9/26/2025,,20394,,,401430,,Pregnancy Test - Milk,0.562,150,20394.0401430.0,9/26/2025,2025,7/10/2025,78,20394.0401430.0_2025_7,1,2,last,Pregnant,Pregnant,,,2,2
12/4/2025,,20396,,,398645,,Pregnancy Test - Milk,1.977,337,20396.0398645.0,12/4/2025,2025,6/2/2025,185,20396.0398645.0_2025_6,1,2,last,Pregnant,Pregnant,,,2,2
8/7/2025,,20396,,,398645,,Pregnancy Test - Milk,0.313,218,20396.0398645.0,8/7/2025,2025,6/2/2025,66,20396.0398645.0_2025_6,1,1,first,Pregnant,Pregnant,,,2,2
10/23/2025,,20396,,,401430,,Pregnancy Test - Milk,0.828,154,20396.0401430.0,10/23/2025,2025,8/12/2025,72,20396.0401430.0_2025_8,1,2,last,Pregnant,Pregnant,,,2,2
9/19/2025,,20396,,,401430,,Pregnancy Test - Milk,0.829,120,20396.0401430.0,9/19/2025,2025,8/12/2025,38,20396.0401430.0_2025_8,1,1,first,Pregnant,Pregnant,,,2,2
1/29/2026,,20398,,,398645,,Pregnancy Test - Milk,POS,292,20398.0398645.0,1/29/2026,2025,8/1/2025,181,20398.0398645.0_2025_8,1,2,last,Pregnant,Pregnant,,,2,2
10/9/2025,,20398,,,398645,,Pregnancy Test - Milk,1.344,179,20398.0398645.0,10/9/2025,2025,8/1/2025,69,20398.0398645.0_2025_8,1,1,first,Pregnant,Pregnant,,,2,2
10/9/2025,,20398,,,401430,,Pregnancy Test - Milk,2.603,110,20398.0401430.0,10/9/2025,2025,9/4/2025,35,20398.0401430.0_2025_9,1,1,first,Pregnant,Pregnant,,,2,2
11/20/2025,,20398,,,401430,,Pregnancy Test - Milk,1.359,152,20398.0401430.0,11/20/2025,2025,9/4/2025,77,20398.0401430.0_2025_9,1,2,last,Pregnant,Pregnant,,,2,2
11/27/2025,,20402,,,398645,,Pregnancy Test - Milk,1.408,275,20402.0398645.0,11/27/2025,2025,9/10/2025,78,20402.0398645.0_2025_9,2,1,first,Pregnant,Pregnant,,,2,2
7/31/2025,,20402,,,398645,,Pregnancy Test - Milk,0.814,155,20402.0398645.0,7/31/2025,2025,5/11/2025,81,20402.0398645.0_2025_5,1,1,first,Pregnant,preg_loss_rebred,,,2,2
10/23/2025,,20402,,,401430,,Pregnancy Test - Milk,1.5,110,20402.0401430.0,10/23/2025,2025,9/18/2025,35,20402.0401430.0_2025_9,1,1,first,Pregnant,Pregnant,,,2,2
12/4/2025,,20402,,,401430,,Pregnancy Test - Milk,0.611,152,20402.0401430.0,12/4/2025,2025,9/18/2025,77,20402.0401430.0_2025_9,1,2,last,Pregnant,Pregnant,,,2,2
5/7/2026,,20409,,,398645,,Pregnancy Test - Milk,0.325,167,20409.0398645.0,5/7/2026,2026,2/18/2026,78,20409.0398645.0_2026_2,2,1,first,Pregnant,Pregnant,,,2,2
8/21/2025,,20409,,,398645,,Pregnancy Test - Milk,2.179,251,20409.0398645.0,8/21/2025,2025,2/20/2025,182,20409.0398645.0_2025_2,1,1,first,Pregnant,Pregnant,,,2,2
10/9/2025,,20409,,,401430,,Pregnancy Test - Milk,2.686,107,20409.0401430.0,10/9/2025,2025,9/4/2025,35,20409.0401430.0_2025_9,1,1,first,Pregnant,Pregnant,,,2,2
11/20/2025,,20409,,,401430,,Pregnancy Test - Milk,0.539,149,20409.0401430.0,11/20/2025,2025,9/4/2025,77,20409.0401430.0_2025_9,1,2,last,Pregnant,Pregnant,,,2,2
10/23/2025,,20414,,,398645,,Pregnancy Test - Milk,2.411,277,20414.0398645.0,10/23/2025,2025,4/1/2025,205,20414.0398645.0_2025_4,1,1,first,Pregnant,Pregnant,,,2,2
1/22/2026,,20414,,,401430,,Pregnancy Test - Milk,0.26,207,20414.0401430.0,1/22/2026,2025,11/6/2025,77,20414.0401430.0_2025_11,1,2,last,Pregnant,Pregnant,,,2,2
12/11/2025,,20414,,,401430,,Pregnancy Test - Milk,2.002,165,20414.0401430.0,12/11/2025,2025,11/6/2025,35,20414.0401430.0_2025_11,1,1,first,Pregnant,Pregnant,,,2,2
12/18/2025,,20415,,,398645,,Pregnancy Test - Milk,0.227,217,20415.0398645.0,12/18/2025,2025,11/11/2025,37,20415.0398645.0_2025_11,1,1,first,Re-Check,rc_unresolved,,,2,2
10/24/2025,,20415,,,401430,,Pregnancy Test - Milk,0.699,108,20415.0401430.0,10/24/2025,2025,9/18/2025,36,20415.0401430.0_2025_9,1,1,first,Pregnant,Pregnant,,,2,2
12/5/2025,,20415,,,401430,,Pregnancy Test - Milk,0.658,150,20415.0401430.0,12/5/2025,2025,9/18/2025,78,20415.0401430.0_2025_9,1,2,last,Pregnant,Pregnant,,,2,2
8/7/2025,,20423,,,398645,,Pregnancy Test - Milk,0.553,191,20423.0398645.0,8/7/2025,2025,5/31/2025,68,20423.0398645.0_2025_5,1,1,first,Pregnant,Pregnant,,,2,2
10/23/2025,,20423,,,401430,,Pregnancy Test - Milk,0.758,167,20423.0401430.0,10/23/2025,2025,9/8/2025,45,20423.0401430.0_2025_9,2,1,first,Pregnant,Pregnant,,,2,2
11/20/2025,,20423,,,401430,,Pregnancy Test - Milk,0.743,195,20423.0401430.0,11/20/2025,2025,9/8/2025,73,20423.0401430.0_2025_9,2,2,last,Pregnant,Pregnant,,,2,2
9/5/2025,,20423,,,401430,,Pregnancy Test - Milk,0.035,120,20423.0401430.0,9/5/2025,2025,7/23/2025,44,20423.0401430.0_2025_7,1,1,first,Open,Open,,,2,2
7/24/2025,,20440,,,398645,,Pregnancy Test - Milk,0.379,204,20440.0398645.0,7/24/2025,2025,5/13/2025,72,20440.0398645.0_2025_5,1,1,first,Pregnant,Pregnant,,,2,2
10/23/2025,,20440,,,401430,,Pregnancy Test - Milk,0.806,165,20440.0401430.0,10/23/2025,2025,9/11/2025,42,20440.0401430.0_2025_9_2,3,1,first,Pregnant,Pregnant,,,2,2
11/27/2025,,20440,,,401430,,Pregnancy Test - Milk,0.601,204,20440.0401430.0,11/27/2025,2025,9/7/2025,81,20440.0401430.0_2025_9_1,2,1,first,Pregnant,preg_loss_rebred,,,2,2
8/28/2025,,20440,,,401430,,Pregnancy Test - Milk,0.021,110,20440.0401430.0,8/28/2025,2025,7/23/2025,36,20440.0401430.0_2025_7,1,1,first,Open,Open,,,2,2
6/26/2025,,20442,,,398645,,Pregnancy Test - Milk,0.537,135,20442.0398645.0,6/26/2025,2025,4/15/2025,72,20442.0398645.0_2025_4,1,1,first,Pregnant,Pregnant,,,2,2
10/23/2025,,20442,,,401430,,Pregnancy Test - Milk,0.823,167,20442.0401430.0,10/23/2025,2025,9/17/2025,36,20442.0401430.0_2025_9_2,2,1,first,Pregnant,Pregnant,,,2,2
11/27/2025,,20442,,,401430,,Pregnancy Test - Milk,0.294,206,20442.0401430.0,11/27/2025,2025,9/13/2025,75,20442.0401430.0_2025_9_1,1,1,first,Pregnant,preg_loss_rebred,,,2,2
6/5/2025,,20445,,,398645,,Pregnancy Test - Milk,0.333,152,20445.0398645.0,6/5/2025,2025,3/23/2025,74,20445.0398645.0_2025_3,1,1,first,Pregnant,Pregnant,,,2,2
9/25/2025,,20445,,,398645,,Pregnancy Test - Milk,1.424,264,20445.0398645.0,9/25/2025,2025,3/23/2025,186,20445.0398645.0_2025_3,1,2,last,Pregnant,Pregnant,,,2,2
7/31/2025,,20445,,,401430,,Pregnancy Test - Milk,1.4,112,20445.0401430.0,7/31/2025,2025,6/26/2025,35,20445.0401430.0_2025_6,1,1,first,Pregnant,Pregnant,,,2,2
9/4/2025,,20445,,,401430,,Pregnancy Test - Milk,1.304,147,20445.0401430.0,9/4/2025,2025,6/26/2025,70,20445.0401430.0_2025_6,1,2,last,Pregnant,Pregnant,,,2,2
1/23/2026,,20446,,,398645,,Pregnancy Test - Milk,1.636,284,20446.0398645.0,1/23/2026,2025,7/19/2025,188,20446.0398645.0_2025_7,1,2,last,Pregnant,rc_preg,,,2,2
9/25/2025,,20446,,,398645,,Pregnancy Test - Milk,0.23,164,20446.0398645.0,9/25/2025,2025,7/19/2025,68,20446.0398645.0_2025_7,1,1,first,Re-Check,rc_preg,,,2,2
10/9/2025,,20446,,,401430,,Pregnancy Test - Milk,2.057,109,20446.0401430.0,10/9/2025,2025,9/3/2025,36,20446.0401430.0_2025_9,1,1,first,Pregnant,Pregnant,,,2,2
11/13/2025,,20446,,,401430,,Pregnancy Test - Milk,1.373,144,20446.0401430.0,11/13/2025,2025,9/3/2025,71,20446.0401430.0_2025_9,1,2,last,Pregnant,Pregnant,,,2,2
1/8/2026,,20447,,,398645,,Pregnancy Test - Milk,2.764,300,20447.0398645.0,1/8/2026,2025,7/10/2025,182,20447.0398645.0_2025_7,1,2,last,Pregnant,Pregnant,,,2,2
9/18/2025,,20447,,,398645,,Pregnancy Test - Milk,0.674,188,20447.0398645.0,9/18/2025,2025,7/10/2025,70,20447.0398645.0_2025_7,1,1,first,Pregnant,Pregnant,,,2,2
10/23/2025,,20447,,,401430,,Pregnancy Test - Milk,,130,20447.0401430.0,10/23/2025,2025,9/17/2025,36,20447.0401430.0_2025_9_2,2,1,first,Not Tested,loss,,,2,2
10/30/2025,,20447,,,401430,,Pregnancy Test - Milk,0.672,137,20447.0401430.0,10/30/2025,2025,9/17/2025,43,20447.0401430.0_2025_9_2,2,2,intermediate,Pregnant,loss,,,2,2
11/27/2025,,20447,,,401430,,Pregnancy Test - Milk,0.123,169,20447.0401430.0,11/27/2025,2025,9/13/2025,75,20447.0401430.0_2025_9_1,1,1,first,Re-Check,rc_rebred,,,2,2
12/4/2025,,20447,,,401430,,Pregnancy Test - Milk,0.031,172,20447.0401430.0,12/4/2025,2025,9/17/2025,78,20447.0401430.0_2025_9_2,2,3,last,Open,loss,,,2,2
2/13/2026,,20447,,,401430,,Pregnancy Test - Milk,0.696,243,20447.0401430.0,2/13/2026,2025,12/31/2025,44,20447.0401430.0_2025_12,3,1,first,Pregnant,Pregnant,,,2,2
3/12/2026,,20447,,,401430,,Pregnancy Test - Milk,0.645,270,20447.0401430.0,3/12/2026,2025,12/31/2025,71,20447.0401430.0_2025_12,3,2,last,Pregnant,Pregnant,,,2,2
12/18/2025,,20451,,,398645,,Pregnancy Test - Milk,0.367,232,20451.0398645.0,12/18/2025,2025,10/10/2025,69,20451.0398645.0_2025_10,1,1,first,Pregnant,Pregnant,,,2,2
4/9/2026,,20451,,,398645,,Pregnancy Test - Milk,2.326,344,20451.0398645.0,4/9/2026,2025,10/10/2025,181,20451.0398645.0_2025_10,1,2,last,Pregnant,Pregnant,,,2,2
8/7/2025,,20451,,,401430,,Pregnancy Test - Milk,0.494,109,20451.0401430.0,8/7/2025,2025,7/3/2025,35,20451.0401430.0_2025_7,1,1,first,Pregnant,Pregant_with_rc,,,2,2
9/11/2025,,20451,,,401430,,Pregnancy Test - Milk,0.194,144,20451.0401430.0,9/11/2025,2025,7/3/2025,70,20451.0401430.0_2025_7,1,2,intermediate,Re-Check,Pregant_with_rc,,,2,2
9/18/2025,,20451,,,401430,,Pregnancy Test - Milk,0.344,151,20451.0401430.0,9/18/2025,2025,7/3/2025,77,20451.0401430.0_2025_7,1,3,last,Pregnant,Pregant_with_rc,,,2,2
6/5/2025,,20452,,,398645,,Pregnancy Test - Milk,0.456,155,20452.0398645.0,6/5/2025,2025,4/29/2025,37,20452.0398645.0_2025_4,1,1,first,Pregnant,Pregnant,,,2,2
9/25/2025,,20452,,,398645,,Pregnancy Test - Milk,1.526,267,20452.0398645.0,9/25/2025,2025,4/29/2025,149,20452.0398645.0_2025_4,1,2,last,Pregnant,Pregnant,,,2,2
1/8/2026,,20452,,,401430,,Pregnancy Test - Milk,1.192,176,20452.0401430.0,1/8/2026,2025,10/29/2025,71,20452.0401430.0_2025_10,1,2,last,Pregnant,Pregnant,,,2,2
12/4/2025,,20452,,,401430,,Pregnancy Test - Milk,0.575,141,20452.0401430.0,12/4/2025,2025,10/29/2025,36,20452.0401430.0_2025_10,1,1,first,Pregnant,Pregnant,,,2,2
11/6/2025,,20454,,,398645,,Pregnancy Test - Milk,0.911,299,20454.0398645.0,11/6/2025,2025,5/3/2025,187,20454.0398645.0_2025_5,1,1,first,Pregnant,Pregnant,,,2,2
10/23/2025,,20454,,,401430,,Pregnancy Test - Milk,2.468,107,20454.0401430.0,10/23/2025,2025,9/18/2025,35,20454.0401430.0_2025_9,1,1,first,Pregnant,Pregnant,,,2,2
11/26/2025,,20454,,,401430,,Pregnancy Test - Milk,0.759,141,20454.0401430.0,11/26/2025,2025,9/18/2025,69,20454.0401430.0_2025_9,1,2,last,Pregnant,Pregnant,,,2,2
10/9/2025,,20456,,,398645,,Pregnancy Test - Milk,1.409,284,20456.0398645.0,10/9/2025,2025,4/11/2025,181,20456.0398645.0_2025_4,1,2,last,Pregnant,rc_preg,,,2,2
6/19/2025,,20456,,,398645,,Pregnancy Test - Milk,0.192,172,20456.0398645.0,6/19/2025,2025,4/11/2025,69,20456.0398645.0_2025_4,1,1,first,Re-Check,rc_preg,,,2,2
1/15/2026,,20456,,,401430,,Pregnancy Test - Milk,0.809,150,20456.0401430.0,1/15/2026,2025,10/30/2025,77,20456.0401430.0_2025_10,1,2,last,Pregnant,Pregnant,,,2,2
12/4/2025,,20456,,,401430,,Pregnancy Test - Milk,1.315,108,20456.0401430.0,12/4/2025,2025,10/30/2025,35,20456.0401430.0_2025_10,1,1,first,Pregnant,Pregnant,,,2,2
11/27/2025,,20462,,,398645,,Pregnancy Test - Milk,1.935,312,20462.0398645.0,11/27/2025,2025,5/27/2025,184,20462.0398645.0_2025_5,1,2,last,Pregnant,Pregnant,,,2,2
8/7/2025,,20462,,,398645,,Pregnancy Test - Milk,0.464,199,20462.0398645.0,8/7/2025,2025,5/27/2025,72,20462.0398645.0_2025_5,1,1,first,Pregnant,Pregnant,,,2,2
1/8/2026,,20462,,,401430,,Pregnancy Test - Milk,1.288,195,20462.0401430.0,1/8/2026,2025,10/28/2025,72,20462.0401430.0_2025_10,1,2,last,Pregnant,Pregnant,,,2,2
12/4/2025,,20462,,,401430,,Pregnancy Test - Milk,1.881,160,20462.0401430.0,12/4/2025,2025,10/28/2025,37,20462.0401430.0_2025_10,1,1,first,Pregnant,Pregnant,,,2,2
11/6/2025,,20463,,,398645,,Pregnancy Test - Milk,2.052,263,20463.0398645.0,11/6/2025,2025,4/29/2025,191,20463.0398645.0_2025_4,1,1,first,Pregnant,Pregnant,,,2,2
10/23/2025,,20463,,,401430,,Pregnancy Test - Milk,0.385,121,20463.0401430.0,10/23/2025,2025,9/6/2025,47,20463.0401430.0_2025_9,1,1,first,Pregnant,Pregnant,,,2,2
11/20/2025,,20463,,,401430,,Pregnancy Test - Milk,0.596,149,20463.0401430.0,11/20/2025,2025,9/6/2025,75,20463.0401430.0_2025_9,1,2,last,Pregnant,Pregnant,,,2,2
7/24/2025,,20464,,,398645,,Pregnancy Test - Milk,0.112,141,20464.0398645.0,7/24/2025,2025,5/13/2025,72,20464.0398645.0_2025_5,1,1,first,Re-Check,rc_unresolved,,,2,2
11/7/2025,,20464,,,401430,,Pregnancy Test - Milk,0.71,154,20464.0401430.0,11/7/2025,2025,8/21/2025,78,20464.0401430.0_2025_8,1,2,last,Pregnant,Pregnant,,,2,2
9/26/2025,,20464,,,401430,,Pregnancy Test - Milk,0.522,112,20464.0401430.0,9/26/2025,2025,8/21/2025,36,20464.0401430.0_2025_8,1,1,first,Pregnant,Pregnant,,,2,2
6/26/2025,,20471,,,398645,,Pregnancy Test - Milk,0.171,144,20471.0398645.0,6/26/2025,2025,4/16/2025,71,20471.0398645.0_2025_4,1,1,first,Re-Check,rc_unresolved,,,2,2
10/2/2025,,20471,,,401430,,Pregnancy Test - Milk,1.229,129,20471.0401430.0,10/2/2025,2025,8/28/2025,35,20471.0401430.0_2025_8,1,1,first,Pregnant,Pregnant,,,2,2
11/13/2025,,20471,,,401430,,Pregnancy Test - Milk,0.69,171,20471.0401430.0,11/13/2025,2025,8/28/2025,77,20471.0401430.0_2025_8,1,2,last,Pregnant,Pregnant,,,2,2
10/23/2025,,20474,,,398645,,Pregnancy Test - Milk,0.282,175,20474.0398645.0,10/23/2025,2025,8/15/2025,69,20474.0398645.0_2025_8,1,1,first,Pregnant,Pregnant,,,2,2
2/19/2026,,20474,,,398645,,Pregnancy Test - Milk,POS,294,20474.0398645.0,2/19/2026,2025,8/15/2025,188,20474.0398645.0_2025_8,1,2,last,Pregnant,Pregnant,,,2,2
10/9/2025,,20474,,,401430,,Pregnancy Test - Milk,1.943,147,20474.0401430.0,10/9/2025,2025,7/23/2025,77,20474.0401430.0_2025_7,1,2,last,Pregnant,Pregnant,,,2,2
8/28/2025,,20474,,,401430,,Pregnancy Test - Milk,1.215,106,20474.0401430.0,8/28/2025,2025,7/23/2025,36,20474.0401430.0_2025_7,1,1,first,Pregnant,Pregnant,,,2,2
9/25/2025,,20484,,,398645,,Pregnancy Test - Milk,0.413,230,20484.0398645.0,9/25/2025,2025,7/18/2025,69,20484.0398645.0_2025_7,1,1,first,Pregnant,Pregnant,,,2,2
10/2/2025,,20484,,,401430,,Pregnancy Test - Milk,0.354,105,20484.0401430.0,10/2/2025,2025,8/28/2025,35,20484.0401430.0_2025_8,1,1,first,Pregnant,preg_loss_rebred,,,2,2
11/13/2025,,20484,,,401430,,Pregnancy Test - Milk,0.14,147,20484.0401430.0,11/13/2025,2025,11/13/2025,0,20484.0401430.0_2025_11,2,1,first,Re-Check,rc_unresolved_>_1_bred,,,2,2
12/4/2025,,20487,,,398645,,Pregnancy Test - Milk,POS,275,20487.0398645.0,12/4/2025,2025,10/19/2025,46,20487.0398645.0_2025_10,1,1,first,Pregnant,Pregnant,,,2,2
1/2/2026,,20487,,,401430,,Pregnancy Test - Milk,0.344,146,20487.0401430.0,1/2/2026,2025,10/22/2025,72,20487.0401430.0_2025_10_2,2,1,first,Pregnant,Pregnant,,,2,2
11/27/2025,,20487,,,401430,,Pregnancy Test - Milk,1.159,113,20487.0401430.0,11/27/2025,2025,10/19/2025,39,20487.0401430.0_2025_10_1,1,1,first,Pregnant,preg_loss_rebred,,,2,2
10/23/2025,,20489,,,398645,,Pregnancy Test - Milk,0.536,258,20489.0398645.0,10/23/2025,2025,8/14/2025,70,20489.0398645.0_2025_8,1,1,first,Pregnant,Pregnant,,,2,2
2/19/2026,,20489,,,398645,,Pregnancy Test - Milk,1.642,377,20489.0398645.0,2/19/2026,2025,8/14/2025,189,20489.0398645.0_2025_8,1,2,last,Pregnant,Pregnant,,,2,2
11/6/2025,,20489,,,401430,,Pregnancy Test - Milk,0.997,147,20489.0401430.0,11/6/2025,2025,9/29/2025,38,20489.0401430.0_2025_9,1,1,first,Pregnant,Pregnant,,,2,2
12/11/2025,,20489,,,401430,,Pregnancy Test - Milk,0.481,182,20489.0401430.0,12/11/2025,2025,9/29/2025,73,20489.0401430.0_2025_9,1,2,last,Pregnant,Pregnant,,,2,2
2/5/2026,,20490,,,398645,,Pregnancy Test - Milk,1.788,343,20490.0398645.0,2/5/2026,2025,8/5/2025,184,20490.0398645.0_2025_8,1,1,first,Pregnant,Pregnant,,,2,2
12/5/2025,,20490,,,401430,,Pregnancy Test - Milk,0.028,181,20490.0401430.0,12/5/2025,2025,10/26/2025,40,20490.0401430.0_2025_10,2,1,first,Open,Open,,,2,2
2/6/2026,,20490,,,401430,,Pregnancy Test - Milk,1.464,244,20490.0401430.0,2/6/2026,2026,1/2/2026,35,20490.0401430.0_2026_1,3,1,first,Pregnant,Pregnant,,,2,2
3/27/2026,,20490,,,401430,,Pregnancy Test - Milk,1.461,293,20490.0401430.0,3/27/2026,2026,1/2/2026,84,20490.0401430.0_2026_1,3,2,last,Pregnant,Pregnant,,,2,2
9/26/2025,,20490,,,401430,,Pregnancy Test - Milk,-0.003,111,20490.0401430.0,9/26/2025,2025,8/21/2025,36,20490.0401430.0_2025_8,1,1,first,Open,Open,,,2,2
11/6/2025,,20492,,,398645,,Pregnancy Test - Milk,1.335,273,20492.0398645.0,11/6/2025,2025,5/7/2025,183,20492.0398645.0_2025_5,1,2,last,Pregnant,Pregnant,,,2,2
7/17/2025,,20492,,,398645,,Pregnancy Test - Milk,0.545,161,20492.0398645.0,7/17/2025,2025,5/7/2025,71,20492.0398645.0_2025_5,1,1,first,Pregnant,Pregnant,,,2,2
10/2/2025,,20492,,,401430,,Pregnancy Test - Milk,1.243,108,20492.0401430.0,10/2/2025,2025,8/27/2025,36,20492.0401430.0_2025_8,1,1,first,Pregnant,Pregnant,,,2,2
11/6/2025,,20492,,,401430,,Pregnancy Test - Milk,0.79,143,20492.0401430.0,11/6/2025,2025,8/27/2025,71,20492.0401430.0_2025_8,1,2,last,Pregnant,Pregnant,,,2,2
3/19/2026,,20495,,,398645,,Pregnancy Test - Milk,0.565,271,20495.0398645.0,3/19/2026,2026,1/8/2026,70,20495.0398645.0_2026_1,1,1,first,Pregnant,Pregnant,,,2,2
10/8/2025,,20495,,,401430,,Pregnancy Test - Milk,1.107,107,20495.0401430.0,10/8/2025,2025,9/3/2025,35,20495.0401430.0_2025_9,1,1,first,Pregnant,Pregnant,,,2,2
11/13/2025,,20495,,,401430,,Pregnancy Test - Milk,0.567,142,20495.0401430.0,11/13/2025,2025,9/3/2025,70,20495.0401430.0_2025_9,1,2,last,Pregnant,Pregnant,,,2,2
7/31/2025,,20498,,,398645,,Pregnancy Test - Milk,0.722,189,20498.0398645.0,7/31/2025,2025,5/13/2025,79,20498.0398645.0_2025_5,1,1,first,Pregnant,Pregnant,,,2,2
1/8/2026,,20498,,,401430,,Pregnancy Test - Milk,2.012,185,20498.0401430.0,1/8/2026,2025,10/26/2025,74,20498.0401430.0_2025_10,1,2,last,Pregnant,Pregnant,,,2,2
12/4/2025,,20498,,,401430,,Pregnancy Test - Milk,1.542,150,20498.0401430.0,12/4/2025,2025,10/26/2025,39,20498.0401430.0_2025_10,1,1,first,Pregnant,Pregnant,,,2,2
7/31/2025,,20500,,,398645,,Pregnancy Test - Milk,0.848,202,20500.0398645.0,7/31/2025,2025,6/17/2025,44,20500.0398645.0_2025_6,1,1,first,Pregnant,Pregnant,,,2,2
1/22/2026,,20500,,,401430,,Pregnancy Test - Milk,0.867,209,20500.0401430.0,1/22/2026,2025,11/6/2025,77,20500.0401430.0_2025_11,2,2,last,Pregnant,Pregnant,,,2,2
10/23/2025,,20500,,,401430,,Pregnancy Test - Milk,0.04,118,20500.0401430.0,10/23/2025,2025,9/11/2025,42,20500.0401430.0_2025_9,1,1,first,Open,Open,,,2,2
12/11/2025,,20500,,,401430,,Pregnancy Test - Milk,2.314,167,20500.0401430.0,12/11/2025,2025,11/6/2025,35,20500.0401430.0_2025_11,2,1,first,Pregnant,Pregnant,,,2,2
10/23/2025,,20503,,,398645,,Pregnancy Test - Milk,0.031,264,20503.0398645.0,10/23/2025,2025,4/20/2025,186,20503.0398645.0_2025_4,1,2,last,Open,loss_2_open,,,2,2
6/26/2025,,20503,,,398645,,Pregnancy Test - Milk,0.782,145,20503.0398645.0,6/26/2025,2025,4/20/2025,67,20503.0398645.0_2025_4,1,1,first,Pregnant,loss_2_open,,,2,2
10/9/2025,,20503,,,401430,,Pregnancy Test - Milk,1.053,155,20503.0401430.0,10/9/2025,2025,9/4/2025,35,20503.0401430.0_2025_9,2,1,first,Pregnant,Pregnant,,,2,2
11/20/2025,,20503,,,401430,,Pregnancy Test - Milk,0.953,197,20503.0401430.0,11/20/2025,2025,9/4/2025,77,20503.0401430.0_2025_9,2,2,last,Pregnant,Pregnant,,,2,2
8/21/2025,,20503,,,401430,,Pregnancy Test - Milk,0.012,106,20503.0401430.0,8/21/2025,2025,7/17/2025,35,20503.0401430.0_2025_7,1,1,first,Open,Open,,,2,2
1/23/2026,,20508,,,398645,,Pregnancy Test - Milk,1.226,300,20508.0398645.0,1/23/2026,2025,7/24/2025,183,20508.0398645.0_2025_7,1,2,last,Pregnant,Pregnant,,,2,2
10/2/2025,,20508,,,398645,,Pregnancy Test - Milk,0.27,187,20508.0398645.0,10/2/2025,2025,7/24/2025,70,20508.0398645.0_2025_7,1,1,first,Pregnant,Pregnant,,,2,2
10/10/2025,,20508,,,401430,,Pregnancy Test - Milk,1.012,179,20508.0401430.0,10/10/2025,2025,9/2/2025,38,20508.0401430.0_2025_9,1,1,first,Pregnant,Pregant_with_rc,,,2,2
11/21/2025,,20508,,,401430,,Pregnancy Test - Milk,0.236,221,20508.0401430.0,11/21/2025,2025,9/2/2025,80,20508.0401430.0_2025_9,1,2,intermediate,Re-Check,Pregant_with_rc,,,2,2
11/28/2025,,20508,,,401430,,Pregnancy Test - Milk,0.398,228,20508.0401430.0,11/28/2025,2025,9/2/2025,87,20508.0401430.0_2025_9,1,3,last,Pregnant,Pregant_with_rc,,,2,2
11/6/2025,,20512,,,398645,,Pregnancy Test - Milk,0.52,225,20512.0398645.0,11/6/2025,2025,8/24/2025,74,20512.0398645.0_2025_8,1,1,first,Pregnant,Pregnant,,,2,2
2/26/2026,,20512,,,398645,,Pregnancy Test - Milk,2.48,337,20512.0398645.0,2/26/2026,2025,8/24/2025,186,20512.0398645.0_2025_8,1,2,last,Pregnant,Pregnant,,,2,2
10/2/2025,,20512,,,401430,,Pregnancy Test - Milk,0.601,151,20512.0401430.0,10/2/2025,2025,7/17/2025,77,20512.0401430.0_2025_7,1,2,last,Pregnant,Pregnant,,,2,2
8/21/2025,,20512,,,401430,,Pregnancy Test - Milk,1.143,109,20512.0401430.0,8/21/2025,2025,7/17/2025,35,20512.0401430.0_2025_7,1,1,first,Pregnant,Pregnant,,,2,2
4/2/2026,,20513,,,398645,,Pregnancy Test - Milk,0.889,247,20513.0398645.0,4/2/2026,2026,1/12/2026,80,20513.0398645.0_2026_1,1,1,first,Pregnant,Pregnant,,,2,2
10/23/2025,,20513,,,401430,,Pregnancy Test - Milk,0.958,143,20513.0401430.0,10/23/2025,2025,9/10/2025,43,20513.0401430.0_2025_9,1,1,first,Pregnant,Pregnant,,,2,2
11/20/2025,,20513,,,401430,,Pregnancy Test - Milk,0.69,171,20513.0401430.0,11/20/2025,2025,9/10/2025,71,20513.0401430.0_2025_9,1,2,last,Pregnant,Pregnant,,,2,2
1/1/2026,,20526,,,398645,,Pregnancy Test - Milk,1.704,345,20526.0398645.0,1/1/2026,2025,6/28/2025,187,20526.0398645.0_2025_6,1,2,last,Pregnant,open_to_preg,,,2,2
9/4/2025,,20526,,,398645,,Pregnancy Test - Milk,0.006,226,20526.0398645.0,9/4/2025,2025,6/28/2025,68,20526.0398645.0_2025_6,1,1,first,Open,open_to_preg,,,2,2
10/9/2025,,20526,,,401430,,Pregnancy Test - Milk,0.989,150,20526.0401430.0,10/9/2025,2025,7/23/2025,77,20526.0401430.0_2025_7,1,2,last,Pregnant,Pregnant,,,2,2
8/28/2025,,20526,,,401430,,Pregnancy Test - Milk,1.628,109,20526.0401430.0,8/28/2025,2025,7/23/2025,36,20526.0401430.0_2025_7,1,1,first,Pregnant,Pregnant,,,2,2
11/20/2025,,20529,,,398645,,Pregnancy Test - Milk,2.554,306,20529.0398645.0,11/20/2025,2025,5/20/2025,184,20529.0398645.0_2025_5,1,2,last,Pregnant,Pregnant,,,2,2
7/31/2025,,20529,,,398645,,Pregnancy Test - Milk,1.433,194,20529.0398645.0,7/31/2025,2025,5/20/2025,72,20529.0398645.0_2025_5,1,1,first,Pregnant,Pregnant,,,2,2
1/8/2026,,20529,,,401430,,Pregnancy Test - Milk,0.287,169,20529.0401430.0,1/8/2026,2025,10/29/2025,71,20529.0401430.0_2025_10,1,2,last,Pregnant,Pregnant,,,2,2
12/4/2025,,20529,,,401430,,Pregnancy Test - Milk,0.645,134,20529.0401430.0,12/4/2025,2025,10/29/2025,36,20529.0401430.0_2025_10,1,1,first,Pregnant,Pregnant,,,2,2
1/23/2026,,20530,,,398645,,Pregnancy Test - Milk,1.454,341,20530.0398645.0,1/23/2026,2025,9/29/2025,116,20530.0398645.0_2025_9,2,1,first,Pregnant,Pregnant,,,2,2
9/25/2025,,20530,,,398645,,Pregnancy Test - Milk,0.338,221,20530.0398645.0,9/25/2025,2025,8/26/2025,30,20530.0398645.0_2025_8,1,1,first,Pregnant,preg_loss_rebred,,,2,2
8/14/2025,,20530,,,401430,,Pregnancy Test - Milk,1.106,115,20530.0401430.0,8/14/2025,2025,7/10/2025,35,20530.0401430.0_2025_7,1,1,first,Pregnant,Pregnant,,,2,2
9/19/2025,,20530,,,401430,,Pregnancy Test - Milk,0.428,151,20530.0401430.0,9/19/2025,2025,7/10/2025,71,20530.0401430.0_2025_7,1,2,last,Pregnant,Pregnant,,,2,2
6/26/2025,,20533,,,398645,,Pregnancy Test - Milk,0.482,160,20533.0398645.0,6/26/2025,2025,3/18/2025,100,20533.0398645.0_2025_3,1,1,first,Pregnant,Pregnant,,,2,2
3/5/2026,,20533,,,401430,,Pregnancy Test - Milk,1.152,167,20533.0401430.0,3/5/2026,2026,1/24/2026,40,20533.0401430.0_2026_1,1,1,first,Pregnant,Pregnant,,,2,2
4/9/2026,,20533,,,401430,,Pregnancy Test - Milk,1.097,202,20533.0401430.0,4/9/2026,2026,1/24/2026,75,20533.0401430.0_2026_1,1,2,last,Pregnant,Pregnant,,,2,2
12/25/2025,,20534,,,398645,,Pregnancy Test - Milk,1.773,338,20534.0398645.0,12/25/2025,2025,8/24/2025,123,20534.0398645.0_2025_8,1,2,last,Pregnant,rc_preg,,,2,2
9/4/2025,,20534,,,398645,,Pregnancy Test - Milk,0.178,226,20534.0398645.0,9/4/2025,2025,8/24/2025,11,20534.0398645.0_2025_8,1,1,first,Re-Check,rc_preg,,,2,2
10/30/2025,,20534,,,401430,,Pregnancy Test - Milk,0.933,109,20534.0401430.0,10/30/2025,2025,9/25/2025,35,20534.0401430.0_2025_9,1,1,first,Pregnant,Pregnant,,,2,2
12/11/2025,,20534,,,401430,,Pregnancy Test - Milk,0.594,151,20534.0401430.0,12/11/2025,2025,9/25/2025,77,20534.0401430.0_2025_9,1,2,last,Pregnant,Pregnant,,,2,2
8/21/2025,,20545,,,398645,,Pregnancy Test - Milk,0.365,179,20545.0398645.0,8/21/2025,2025,4/30/2025,113,20545.0398645.0_2025_4,1,1,first,Pregnant,Pregnant,,,2,2
11/6/2025,,20545,,,401430,,Pregnancy Test - Milk,1.753,160,20545.0401430.0,11/6/2025,2025,9/30/2025,37,20545.0401430.0_2025_9,1,1,first,Pregnant,Pregnant,,,2,2
12/11/2025,,20545,,,401430,,Pregnancy Test - Milk,0.696,195,20545.0401430.0,12/11/2025,2025,9/30/2025,72,20545.0401430.0_2025_9,1,2,last,Pregnant,Pregnant,,,2,2
2/5/2026,,20546,,,398645,,Pregnancy Test - Milk,POS,298,20546.0398645.0,2/5/2026,2025,8/7/2025,182,20546.0398645.0_2025_8,1,1,first,Pregnant,Pregnant,,,2,2
1/22/2026,,20546,,,401430,,Pregnancy Test - Milk,0.493,149,20546.0401430.0,1/22/2026,2025,11/6/2025,77,20546.0401430.0_2025_11,1,2,last,Pregnant,Pregnant,,,2,2
12/11/2025,,20546,,,401430,,Pregnancy Test - Milk,1.486,107,20546.0401430.0,12/11/2025,2025,11/6/2025,35,20546.0401430.0_2025_11,1,1,first,Pregnant,Pregnant,,,2,2
11/27/2025,,20549,,,398645,,Pregnancy Test - Milk,0.256,300,20549.0398645.0,11/27/2025,2025,9/19/2025,69,20549.0398645.0_2025_9,2,1,first,Pregnant,Pregnant,,,2,2
3/19/2026,,20549,,,398645,,Pregnancy Test - Milk,2.18,411,20549.0398645.0,3/19/2026,2025,9/19/2025,181,20549.0398645.0_2025_9,2,2,last,Pregnant,Pregnant,,,2,2
7/3/2025,,20549,,,398645,,Pregnancy Test - Milk,0.003,152,20549.0398645.0,7/3/2025,2025,4/25/2025,69,20549.0398645.0_2025_4,1,1,first,Open,Open,,,2,2
10/23/2025,,20549,,,401430,,Pregnancy Test - Milk,1.228,152,20549.0401430.0,10/23/2025,2025,8/7/2025,77,20549.0401430.0_2025_8,1,2,last,Pregnant,Pregnant,,,2,2
9/11/2025,,20549,,,401430,,Pregnancy Test - Milk,1.025,110,20549.0401430.0,9/11/2025,2025,8/7/2025,35,20549.0401430.0_2025_8,1,1,first,Pregnant,Pregnant,,,2,2
5/7/2026,,20550,,,398645,,Pregnancy Test - Milk,2.57,335,20550.0398645.0,5/7/2026,2025,11/7/2025,181,20550.0398645.0_2025_11,1,1,first,Pregnant,Pregnant,,,2,2
1/2/2026,,20550,,,401430,,Pregnancy Test - Milk,-0.013,172,20550.0401430.0,1/2/2026,2025,10/13/2025,81,20550.0401430.0_2025_10,1,2,last,Open,loss,,,2,2
11/20/2025,,20550,,,401430,,Pregnancy Test - Milk,0.936,128,20550.0401430.0,11/20/2025,2025,10/13/2025,37,20550.0401430.0_2025_10,1,1,first,Pregnant,loss,,,2,2
3/5/2026,,20550,,,401430,,Pregnancy Test - Milk,1.123,233,20550.0401430.0,3/5/2026,2026,1/25/2026,39,20550.0401430.0_2026_1,2,1,first,Pregnant,Pregnant,,,2,2
4/9/2026,,20550,,,401430,,Pregnancy Test - Milk,0.297,268,20550.0401430.0,4/9/2026,2026,1/25/2026,74,20550.0401430.0_2026_1,2,2,last,Pregnant,Pregnant,,,2,2
11/6/2025,,20553,,,398645,,Pregnancy Test - Milk,POS,274,20553.0398645.0,11/6/2025,2025,5/1/2025,189,20553.0398645.0_2025_5,1,1,first,Pregnant,Pregnant,,,2,2
10/10/2025,,20553,,,401430,,Pregnancy Test - Milk,0.074,108,20553.0401430.0,10/10/2025,2025,9/4/2025,36,20553.0401430.0_2025_9,1,1,first,Open,Open,,,2,2
12/5/2025,,20553,,,401430,,Pregnancy Test - Milk,-0.004,164,20553.0401430.0,12/5/2025,2025,10/23/2025,43,20553.0401430.0_2025_10,2,1,first,Open,Open,,,2,2
2/19/2026,,20554,,,398645,,Pregnancy Test - Milk,1.051,272,20554.0398645.0,2/19/2026,2025,12/4/2025,77,20554.0398645.0_2025_12,1,1,first,Pregnant,Pregnant,,,2,2
1/15/2026,,20554,,,401430,,Pregnancy Test - Milk,0.512,148,20554.0401430.0,1/15/2026,2025,10/30/2025,77,20554.0401430.0_2025_10,1,2,last,Pregnant,Pregnant,,,2,2
12/4/2025,,20554,,,401430,,Pregnancy Test - Milk,0.545,106,20554.0401430.0,12/4/2025,2025,10/30/2025,35,20554.0401430.0_2025_10,1,1,first,Pregnant,Pregnant,,,2,2
11/20/2025,,20555,,,398645,,Pregnancy Test - Milk,0.677,220,20555.0398645.0,11/20/2025,2025,9/12/2025,69,20555.0398645.0_2025_9,1,1,first,Pregnant,Pregnant,,,2,2
5/14/2026,,20555,,,401430,,Pregnancy Test - Milk,1.197,189,20555.0401430.0,5/14/2026,2026,4/9/2026,35,20555.0401430.0_2026_4,1,1,first,Pregnant,Pregnant,,,2,2
6/26/2025,,20557,,,398645,,Pregnancy Test - Milk,0.416,144,20557.0398645.0,6/26/2025,2025,4/16/2025,71,20557.0398645.0_2025_4,1,1,first,Pregnant,Pregnant,,,2,2
1/8/2026,,20557,,,401430,,Pregnancy Test - Milk,0.685,161,20557.0401430.0,1/8/2026,2025,11/29/2025,40,20557.0401430.0_2025_11,1,1,first,Pregnant,Pregnant,,,2,2
2/20/2026,,20557,,,401430,,Pregnancy Test - Milk,1.03,204,20557.0401430.0,2/20/2026,2025,11/29/2025,83,20557.0401430.0_2025_11,1,2,last,Pregnant,Pregnant,,,2,2
8/7/2025,,20558,,,398645,,Pregnancy Test - Milk,1.072,175,20558.0398645.0,8/7/2025,2025,4/16/2025,113,20558.0398645.0_2025_4,1,1,first,Pregnant,Pregnant,,,2,2
11/13/2025,,20558,,,401430,,Pregnancy Test - Milk,0.883,186,20558.0401430.0,11/13/2025,2025,10/6/2025,38,20558.0401430.0_2025_10,2,1,first,Pregnant,Pregnant,,,2,2
12/26/2025,,20558,,,401430,,Pregnancy Test - Milk,2.13,229,20558.0401430.0,12/26/2025,2025,10/6/2025,81,20558.0401430.0_2025_10,2,2,last,Pregnant,Pregnant,,,2,2
9/5/2025,,20558,,,401430,,Pregnancy Test - Milk,-0.003,118,20558.0401430.0,9/5/2025,2025,7/23/2025,44,20558.0401430.0_2025_7,1,1,first,Open,Open,,,2,2
1/23/2026,,20569,,,398645,,Pregnancy Test - Milk,1.257,298,20569.0398645.0,1/23/2026,2025,7/25/2025,182,20569.0398645.0_2025_7,1,2,last,Pregnant,Pregnant,,,2,2
10/2/2025,,20569,,,398645,,Pregnancy Test - Milk,0.78,185,20569.0398645.0,10/2/2025,2025,7/25/2025,69,20569.0398645.0_2025_7,1,1,first,Pregnant,Pregnant,,,2,2
11/20/2025,,20569,,,401430,,Pregnancy Test - Milk,1.304,152,20569.0401430.0,11/20/2025,2025,10/15/2025,36,20569.0401430.0_2025_10,1,1,first,Pregnant,Pregnant,,,2,2
12/26/2025,,20569,,,401430,,Pregnancy Test - Milk,0.484,188,20569.0401430.0,12/26/2025,2025,10/15/2025,72,20569.0401430.0_2025_10,1,2,last,Pregnant,Pregnant,,,2,2
12/18/2025,,20578,,,398645,,Pregnancy Test - Milk,2.036,301,20578.0398645.0,12/18/2025,2025,6/8/2025,193,20578.0398645.0_2025_6,1,1,first,Pregnant,Pregnant,,,2,2
10/3/2025,,20578,,,401430,,Pregnancy Test - Milk,0.439,127,20578.0401430.0,10/3/2025,2025,8/25/2025,39,20578.0401430.0_2025_8,1,1,first,Pregnant,Pregnant,,,2,2
10/9/2025,,20580,,,398645,,Pregnancy Test - Milk,0.3,164,20580.0398645.0,10/9/2025,2025,8/3/2025,67,20580.0398645.0_2025_8,1,1,first,Pregnant,preg_loss_rebred,,,2,2
2/5/2026,,20580,,,398645,,Pregnancy Test - Milk,1.159,283,20580.0398645.0,2/5/2026,2026,1/29/2026,7,20580.0398645.0_2026_1,2,1,first,Pregnant,Pregnant,,,2,2
10/17/2025,,20580,,,401430,,Pregnancy Test - Milk,0.849,107,20580.0401430.0,10/17/2025,2025,9/11/2025,36,20580.0401430.0_2025_9,1,1,first,Pregnant,Pregnant,,,2,2
11/28/2025,,20580,,,401430,,Pregnancy Test - Milk,0.482,149,20580.0401430.0,11/28/2025,2025,9/11/2025,78,20580.0401430.0_2025_9,1,2,last,Pregnant,Pregnant,,,2,2
3/19/2026,,20583,,,398645,,Pregnancy Test - Milk,0.294,165,20583.0398645.0,3/19/2026,2026,1/12/2026,66,20583.0398645.0_2026_1,2,1,first,Pregnant,Pregnant,,,2,2
6/26/2025,,20583,,,398645,,Pregnancy Test - Milk,1.807,366,20583.0398645.0,6/26/2025,2025,1/28/2025,149,20583.0398645.0_2025_1,1,1,first,Pregnant,Pregnant,,,2,2
1/30/2026,,20583,,,401430,,Pregnancy Test - Milk,0.014,173,20583.0401430.0,1/30/2026,2025,11/7/2025,84,20583.0401430.0_2025_11,1,2,intermediate,Open,loss,,,2,2
12/18/2025,,20583,,,401430,,Pregnancy Test - Milk,0.91,129,20583.0401430.0,12/18/2025,2025,11/7/2025,40,20583.0401430.0_2025_11,1,1,first,Pregnant,loss,,,2,2
2/5/2026,,20583,,,401430,,Pregnancy Test - Milk,0.032,178,20583.0401430.0,2/5/2026,2025,11/7/2025,89,20583.0401430.0_2025_11,1,3,last,Open,loss,,,2,2
3/26/2026,,20583,,,401430,,Pregnancy Test - Milk,1.592,227,20583.0401430.0,3/26/2026,2026,2/18/2026,36,20583.0401430.0_2026_2,2,1,first,Pregnant,Pregnant,,,2,2
4/30/2026,,20583,,,401430,,Pregnancy Test - Milk,1.369,262,20583.0401430.0,4/30/2026,2026,2/18/2026,71,20583.0401430.0_2026_2,2,2,last,Pregnant,Pregnant,,,2,2
11/20/2025,,20586,,,398645,,Pregnancy Test - Milk,POS,258,20586.0398645.0,11/20/2025,2025,8/9/2025,103,20586.0398645.0_2025_8,2,1,first,Pregnant,Pregnant,,,2,2
7/24/2025,,20586,,,398645,,Pregnancy Test - Milk,0.507,139,20586.0398645.0,7/24/2025,2025,5/16/2025,69,20586.0398645.0_2025_5,1,1,first,Pregnant,preg_loss_rebred,,,2,2
1/15/2026,,20586,,,401430,,Pregnancy Test - Milk,0.735,128,20586.0401430.0,1/15/2026,2025,12/9/2025,37,20586.0401430.0_2025_12,1,1,first,Pregnant,Pregnant,,,2,2
2/20/2026,,20586,,,401430,,Pregnancy Test - Milk,0.744,164,20586.0401430.0,2/20/2026,2025,12/9/2025,73,20586.0401430.0_2025_12,1,2,last,Pregnant,Pregnant,,,2,2
11/20/2025,,20588,,,398645,,Pregnancy Test - Milk,POS,294,20588.0398645.0,11/20/2025,2025,5/21/2025,183,20588.0398645.0_2025_5,1,2,last,Pregnant,Pregnant,,,2,2
7/31/2025,,20588,,,398645,,Pregnancy Test - Milk,0.809,182,20588.0398645.0,7/31/2025,2025,5/21/2025,71,20588.0398645.0_2025_5,1,1,first,Pregnant,Pregnant,,,2,2
1/2/2026,,20588,,,401430,,Pregnancy Test - Milk,0.796,202,20588.0401430.0,1/2/2026,2025,10/8/2025,86,20588.0401430.0_2025_10,1,2,last,Pregnant,Pregnant,,,2,2
11/13/2025,,20588,,,401430,,Pregnancy Test - Milk,1.858,151,20588.0401430.0,11/13/2025,2025,10/8/2025,35,20588.0401430.0_2025_10,1,1,first,Pregnant,Pregnant,,,2,2
12/4/2025,,20595,,,398645,,Pregnancy Test - Milk,2.242,298,20595.0398645.0,12/4/2025,2025,6/1/2025,186,20595.0398645.0_2025_6,1,2,last,Pregnant,rc_preg,,,2,2
8/7/2025,,20595,,,398645,,Pregnancy Test - Milk,0.229,179,20595.0398645.0,8/7/2025,2025,6/1/2025,67,20595.0398645.0_2025_6,1,1,first,Re-Check,rc_preg,,,2,2
1/8/2026,,20595,,,401430,,Pregnancy Test - Milk,0.451,228,20595.0401430.0,1/8/2026,2025,10/29/2025,71,20595.0401430.0_2025_10,2,2,last,Pregnant,Pregnant,,,2,2
12/4/2025,,20595,,,401430,,Pregnancy Test - Milk,0.708,193,20595.0401430.0,12/4/2025,2025,10/29/2025,36,20595.0401430.0_2025_10,2,1,first,Pregnant,Pregnant,,,2,2
9/11/2025,,20595,,,401430,,Pregnancy Test - Milk,0.133,109,20595.0401430.0,9/11/2025,2025,8/7/2025,35,20595.0401430.0_2025_8,1,1,first,Re-Check,rc_rebred,,,2,2
12/4/2025,,20599,,,398645,,Pregnancy Test - Milk,1.85,309,20599.0398645.0,12/4/2025,2025,5/31/2025,187,20599.0398645.0_2025_5,1,2,last,Pregnant,rc_preg,,,2,2
8/7/2025,,20599,,,398645,,Pregnancy Test - Milk,0.247,190,20599.0398645.0,8/7/2025,2025,5/31/2025,68,20599.0398645.0_2025_5,1,1,first,Re-Check,rc_preg,,,2,2
10/23/2025,,20599,,,401430,,Pregnancy Test - Milk,0.672,161,20599.0401430.0,10/23/2025,2025,9/11/2025,42,20599.0401430.0_2025_9_2,2,1,first,Pregnant,Pregnant,,,2,2
11/27/2025,,20599,,,401430,,Pregnancy Test - Milk,0.473,200,20599.0401430.0,11/27/2025,2025,9/7/2025,81,20599.0401430.0_2025_9_1,1,1,first,Pregnant,preg_loss_rebred,,,2,2
11/27/2025,,20603,,,398645,,Pregnancy Test - Milk,-0.035,277,20603.0398645.0,11/27/2025,2025,5/21/2025,190,20603.0398645.0_2025_5,1,2,last,Open,loss_2_open,,,2,2
7/31/2025,,20603,,,398645,,Pregnancy Test - Milk,0.343,157,20603.0398645.0,7/31/2025,2025,5/21/2025,71,20603.0398645.0_2025_5,1,1,first,Pregnant,loss_2_open,,,2,2
10/2/2025,,20603,,,401430,,Pregnancy Test - Milk,1.016,109,20603.0401430.0,10/2/2025,2025,8/28/2025,35,20603.0401430.0_2025_8,1,1,first,Pregnant,Pregnant,,,2,2
11/13/2025,,20603,,,401430,,Pregnancy Test - Milk,0.943,151,20603.0401430.0,11/13/2025,2025,8/28/2025,77,20603.0401430.0_2025_8,1,2,last,Pregnant,Pregnant,,,2,2
11/27/2025,,20606,,,398645,,Pregnancy Test - Milk,1.734,261,20606.0398645.0,11/27/2025,2025,4/25/2025,216,20606.0398645.0_2025_4,1,2,last,Pregnant,Pregnant,,,2,2
8/7/2025,,20606,,,398645,,Pregnancy Test - Milk,0.753,148,20606.0398645.0,8/7/2025,2025,4/25/2025,104,20606.0398645.0_2025_4,1,1,first,Pregnant,Pregnant,,,2,2
10/10/2025,,20606,,,401430,,Pregnancy Test - Milk,0.723,136,20606.0401430.0,10/10/2025,2025,8/30/2025,41,20606.0401430.0_2025_8,1,1,first,Pregnant,Pregnant,,,2,2
11/21/2025,,20606,,,401430,,Pregnancy Test - Milk,0.862,178,20606.0401430.0,11/21/2025,2025,8/30/2025,83,20606.0401430.0_2025_8,1,2,last,Pregnant,Pregnant,,,2,2
1/1/2026,,20615,,,398645,,Pregnancy Test - Milk,0.458,206,20615.0398645.0,1/1/2026,2025,10/20/2025,73,20615.0398645.0_2025_10,1,1,first,Pregnant,Pregnant,,,2,2
1/23/2026,,20615,,,401430,,Pregnancy Test - Milk,0.062,221,20615.0401430.0,1/23/2026,2025,12/15/2025,39,20615.0401430.0_2025_12,2,1,first,Open,Open,,,2,2
10/3/2025,,20615,,,401430,,Pregnancy Test - Milk,0.005,106,20615.0401430.0,10/3/2025,2025,8/28/2025,36,20615.0401430.0_2025_8,1,1,first,Open,Open,,,2,2
5/7/2026,,20616,,,398645,,Pregnancy Test - Milk,2.4,280,20616.0398645.0,5/7/2026,2025,12/9/2025,149,20616.0398645.0_2025_12,1,1,first,Pregnant,Pregnant,,,2,2
1/15/2026,,20616,,,401430,,Pregnancy Test - Milk,0.456,150,20616.0401430.0,1/15/2026,2025,10/30/2025,77,20616.0401430.0_2025_10,1,2,last,Pregnant,Pregnant,,,2,2
12/4/2025,,20616,,,401430,,Pregnancy Test - Milk,1.657,108,20616.0401430.0,12/4/2025,2025,10/30/2025,35,20616.0401430.0_2025_10,1,1,first,Pregnant,Pregnant,,,2,2
10/30/2025,,20623,,,398645,,Pregnancy Test - Milk,0.653,266,20623.0398645.0,10/30/2025,2025,6/22/2025,130,20623.0398645.0_2025_6,1,2,last,Pregnant,rc_preg,,,2,2
7/3/2025,,20623,,,398645,,Pregnancy Test - Milk,0.165,147,20623.0398645.0,7/3/2025,2025,6/22/2025,11,20623.0398645.0_2025_6,1,1,first,Re-Check,rc_preg,,,2,2
1/2/2026,,20623,,,401430,,Pregnancy Test - Milk,0.393,170,20623.0401430.0,1/2/2026,2025,10/13/2025,81,20623.0401430.0_2025_10,1,2,last,Pregnant,Pregnant,,,2,2
11/20/2025,,20623,,,401430,,Pregnancy Test - Milk,1.001,126,20623.0401430.0,11/20/2025,2025,10/13/2025,37,20623.0401430.0_2025_10,1,1,first,Pregnant,Pregnant,,,2,2
6/26/2025,,20625,,,398645,,Pregnancy Test - Milk,0.2,137,20625.0398645.0,6/26/2025,2025,4/15/2025,72,20625.0398645.0_2025_4,1,1,first,Re-Check,rc_unresolved,,,2,2
2/26/2026,,20625,,,401430,,Pregnancy Test - Milk,0.664,272,20625.0401430.0,2/26/2026,2025,12/27/2025,61,20625.0401430.0_2025_12,2,1,first,Pregnant,Pregnant,,,2,2
3/12/2026,,20625,,,401430,,Pregnancy Test - Milk,1.515,286,20625.0401430.0,3/12/2026,2025,12/27/2025,75,20625.0401430.0_2025_12,2,2,last,Pregnant,Pregnant,,,2,2
9/19/2025,,20625,,,401430,,Pregnancy Test - Milk,1.123,112,20625.0401430.0,9/19/2025,2025,8/14/2025,36,20625.0401430.0_2025_8,1,1,first,Pregnant,preg_loss_rebred,,,2,2
11/27/2025,,20634,,,398645,,Pregnancy Test - Milk,0.386,160,20634.0398645.0,11/27/2025,2025,9/19/2025,69,20634.0398645.0_2025_9,1,1,first,Pregnant,Pregnant,,,2,2
3/26/2026,,20634,,,398645,,Pregnancy Test - Milk,2.215,278,20634.0398645.0,3/26/2026,2025,9/19/2025,188,20634.0398645.0_2025_9,1,2,last,Pregnant,Pregnant,,,2,2
1/30/2026,,20634,,,401430,,Pregnancy Test - Milk,0.747,203,20634.0401430.0,1/30/2026,2025,12/18/2025,43,20634.0401430.0_2025_12,1,1,first,Pregnant,Pregnant,,,2,2
2/5/2026,,20634,,,401430,,Pregnancy Test - Milk,1.264,208,20634.0401430.0,2/5/2026,2025,12/18/2025,48,20634.0401430.0_2025_12,1,2,intermediate,Pregnant,Pregnant,,,2,2
3/5/2026,,20634,,,401430,,Pregnancy Test - Milk,1.485,236,20634.0401430.0,3/5/2026,2025,12/18/2025,76,20634.0401430.0_2025_12,1,3,last,Pregnant,Pregnant,,,2,2
1/23/2026,,20635,,,398645,,Pregnancy Test - Milk,1.443,291,20635.0398645.0,1/23/2026,2025,6/10/2025,227,20635.0398645.0_2025_6,1,2,last,Pregnant,Pregnant,,,2,2
10/2/2025,,20635,,,398645,,Pregnancy Test - Milk,0.281,178,20635.0398645.0,10/2/2025,2025,6/10/2025,114,20635.0398645.0_2025_6,1,1,first,Pregnant,Pregnant,,,2,2
1/23/2026,,20635,,,401430,,Pregnancy Test - Milk,0.012,160,20635.0401430.0,1/23/2026,2025,12/15/2025,39,20635.0401430.0_2025_12,2,1,first,Open,Open,,,2,2
12/5/2025,,20635,,,401430,,Pregnancy Test - Milk,0.038,108,20635.0401430.0,12/5/2025,2025,10/30/2025,36,20635.0401430.0_2025_10,1,1,first,Open,Open,,,2,2
4/10/2026,,20635,,,401430,,Pregnancy Test - Milk,0.523,234,20635.0401430.0,4/10/2026,2026,3/2/2026,39,20635.0401430.0_2026_3,3,1,first,Pregnant,Pregnant,,,2,2
5/22/2026,,20635,,,401430,,Pregnancy Test - Milk,0.444,276,20635.0401430.0,5/22/2026,2026,3/2/2026,81,20635.0401430.0_2026_3,3,2,last,Pregnant,Pregnant,,,2,2
11/27/2025,,20640,,,398645,,Pregnancy Test - Milk,2.214,257,20640.0398645.0,11/27/2025,2025,7/24/2025,126,20640.0398645.0_2025_7,1,2,last,Pregnant,Pregnant,,,2,2
8/7/2025,,20640,,,398645,,Pregnancy Test - Milk,0.398,144,20640.0398645.0,8/7/2025,2025,7/24/2025,14,20640.0398645.0_2025_7,1,1,first,Pregnant,Pregnant,,,2,2
1/22/2026,,20640,,,401430,,Pregnancy Test - Milk,0.865,180,20640.0401430.0,1/22/2026,2025,12/17/2025,36,20640.0401430.0_2025_12,2,1,first,Pregnant,Pregnant,,,2,2
11/13/2025,,20640,,,401430,,Pregnancy Test - Milk,0.604,110,20640.0401430.0,11/13/2025,2025,10/9/2025,35,20640.0401430.0_2025_10,1,1,first,Pregnant,preg_loss_rebred,,,2,2
2/26/2026,,20640,,,401430,,Pregnancy Test - Milk,0.797,215,20640.0401430.0,2/26/2026,2025,12/17/2025,71,20640.0401430.0_2025_12,2,2,last,Pregnant,Pregnant,,,2,2
11/20/2025,,20641,,,398645,,Pregnancy Test - Milk,0.628,249,20641.0398645.0,11/20/2025,2025,9/12/2025,69,20641.0398645.0_2025_9,2,1,first,Pregnant,Pregnant,,,2,2
8/21/2025,,20641,,,398645,,Pregnancy Test - Milk,0.046,158,20641.0398645.0,8/21/2025,2025,8/21/2025,0,20641.0398645.0_2025_8,1,1,first,Open,Open,,,2,2
11/6/2025,,20641,,,401430,,Pregnancy Test - Milk,1.252,139,20641.0401430.0,11/6/2025,2025,9/27/2025,40,20641.0401430.0_2025_9,1,1,first,Pregnant,Pregnant,,,2,2
12/11/2025,,20641,,,401430,,Pregnancy Test - Milk,1.007,174,20641.0401430.0,12/11/2025,2025,9/27/2025,75,20641.0401430.0_2025_9,1,2,last,Pregnant,Pregnant,,,2,2
12/25/2025,,20648,,,398645,,Pregnancy Test - Milk,0.05,246,20648.0398645.0,12/25/2025,2025,10/19/2025,67,20648.0398645.0_2025_10,1,1,first,Open,Open,,,2,2
10/24/2025,,20648,,,401430,,Pregnancy Test - Milk,0.424,158,20648.0401430.0,10/24/2025,2025,9/13/2025,41,20648.0401430.0_2025_9,2,1,first,Pregnant,Pregnant,,,2,2
12/5/2025,,20648,,,401430,,Pregnancy Test - Milk,0.557,200,20648.0401430.0,12/5/2025,2025,9/13/2025,83,20648.0401430.0_2025_9,2,2,last,Pregnant,Pregnant,,,2,2
9/5/2025,,20648,,,401430,,Pregnancy Test - Milk,0.018,109,20648.0401430.0,9/5/2025,2025,7/31/2025,36,20648.0401430.0_2025_7,1,1,first,Open,Open,,,2,2
11/27/2025,,20649,,,398645,,Pregnancy Test - Milk,0.928,260,20649.0398645.0,11/27/2025,2025,5/28/2025,183,20649.0398645.0_2025_5,1,2,last,Pregnant,Pregnant,,,2,2
8/7/2025,,20649,,,398645,,Pregnancy Test - Milk,0.264,147,20649.0398645.0,8/7/2025,2025,5/28/2025,71,20649.0398645.0_2025_5,1,1,first,Pregnant,Pregnant,,,2,2
1/15/2026,,20649,,,401430,,Pregnancy Test - Milk,0.498,147,20649.0401430.0,1/15/2026,2025,10/30/2025,77,20649.0401430.0_2025_10,1,2,last,Pregnant,Pregnant,,,2,2
12/4/2025,,20649,,,401430,,Pregnancy Test - Milk,0.839,105,20649.0401430.0,12/4/2025,2025,10/30/2025,35,20649.0401430.0_2025_10,1,1,first,Pregnant,Pregnant,,,2,2
1/23/2026,,20654,,,398645,,Pregnancy Test - Milk,1.697,289,20654.0398645.0,1/23/2026,2026,1/2/2026,21,20654.0398645.0_2026_1,2,1,first,Pregnant,Pregnant,,,2,2
10/2/2025,,20654,,,398645,,Pregnancy Test - Milk,0.917,176,20654.0398645.0,10/2/2025,2025,7/25/2025,69,20654.0398645.0_2025_7,1,1,first,Pregnant,preg_loss_rebred,,,2,2
1/2/2026,,20654,,,401430,,Pregnancy Test - Milk,0.762,114,20654.0401430.0,1/2/2026,2025,11/19/2025,44,20654.0401430.0_2025_11,1,1,first,Pregnant,Pregnant,,,2,2
2/13/2026,,20654,,,401430,,Pregnancy Test - Milk,1.225,155,20654.0401430.0,2/13/2026,2025,11/19/2025,85,20654.0401430.0_2025_11,1,2,last,Pregnant,Pregnant,,,2,2
1/1/2026,,20666,,,398645,,Pregnancy Test - Milk,1.027,315,20666.0398645.0,1/1/2026,2025,6/27/2025,188,20666.0398645.0_2025_6,1,2,last,Pregnant,Pregnant,,,2,2
9/4/2025,,20666,,,398645,,Pregnancy Test - Milk,0.311,196,20666.0398645.0,9/4/2025,2025,6/27/2025,69,20666.0398645.0_2025_6,1,1,first,Pregnant,Pregnant,,,2,2
10/30/2025,,20666,,,401430,,Pregnancy Test - Milk,1.423,111,20666.0401430.0,10/30/2025,2025,9/25/2025,35,20666.0401430.0_2025_9,1,1,first,Pregnant,Pregnant,,,2,2
12/11/2025,,20666,,,401430,,Pregnancy Test - Milk,1.182,153,20666.0401430.0,12/11/2025,2025,9/25/2025,77,20666.0401430.0_2025_9,1,2,last,Pregnant,Pregnant,,,2,2
2/19/2026,,20667,,,398645,,Pregnancy Test - Milk,POS,310,20667.0398645.0,2/19/2026,2025,12/27/2025,54,20667.0398645.0_2025_12,1,1,first,Pregnant,Pregnant,,,2,2
2/20/2026,,20667,,,401430,,Pregnancy Test - Milk,0.627,174,20667.0401430.0,2/20/2026,2025,12/30/2025,52,20667.0401430.0_2025_12,1,1,first,Pregnant,Pregnant,,,2,2
3/12/2026,,20667,,,401430,,Pregnancy Test - Milk,0.584,194,20667.0401430.0,3/12/2026,2025,12/30/2025,72,20667.0401430.0_2025_12,1,2,last,Pregnant,Pregnant,,,2,2
11/27/2025,,20668,,,398645,,Pregnancy Test - Milk,1.703,257,20668.0398645.0,11/27/2025,2025,5/27/2025,184,20668.0398645.0_2025_5,1,2,last,Pregnant,rc_preg,,,2,2
8/7/2025,,20668,,,398645,,Pregnancy Test - Milk,0.249,144,20668.0398645.0,8/7/2025,2025,5/27/2025,72,20668.0398645.0_2025_5,1,1,first,Re-Check,rc_preg,,,2,2
1/2/2026,,20668,,,401430,,Pregnancy Test - Milk,0.499,203,20668.0401430.0,1/2/2026,2025,10/15/2025,79,20668.0401430.0_2025_10,2,2,last,Pregnant,Pregnant,,,2,2
10/2/2025,,20668,,,401430,,Pregnancy Test - Milk,0.004,110,20668.0401430.0,10/2/2025,2025,8/28/2025,35,20668.0401430.0_2025_8,1,1,first,Open,Open,,,2,2
11/20/2025,,20668,,,401430,,Pregnancy Test - Milk,1.052,159,20668.0401430.0,11/20/2025,2025,10/15/2025,35,20668.0401430.0_2025_10,2,1,first,Pregnant,Pregnant,,,2,2
1/8/2026,,20669,,,398645,,Pregnancy Test - Milk,0.756,259,20669.0398645.0,1/8/2026,2025,10/28/2025,72,20669.0398645.0_2025_10,1,1,first,Pregnant,Pregnant,,,2,2
4/30/2026,,20669,,,398645,,Pregnancy Test - Milk,POS,371,20669.0398645.0,4/30/2026,2025,10/28/2025,184,20669.0398645.0_2025_10,1,2,last,Pregnant,Pregnant,,,2,2
11/7/2025,,20669,,,401430,,Pregnancy Test - Milk,1.73,110,20669.0401430.0,11/7/2025,2025,10/2/2025,36,20669.0401430.0_2025_10,1,1,first,Pregnant,Pregnant,,,2,2
12/19/2025,,20669,,,401430,,Pregnancy Test - Milk,0.661,152,20669.0401430.0,12/19/2025,2025,10/2/2025,78,20669.0401430.0_2025_10,1,2,last,Pregnant,Pregnant,,,2,2
4/23/2026,,20671,,,398645,,Pregnancy Test - Milk,1.518,271,20671.0398645.0,4/23/2026,2026,2/11/2026,71,20671.0398645.0_2026_2,1,1,first,Pregnant,Pregnant,,,2,2
1/22/2026,,20671,,,401430,,Pregnancy Test - Milk,1.042,149,20671.0401430.0,1/22/2026,2025,11/6/2025,77,20671.0401430.0_2025_11,1,2,last,Pregnant,Pregnant,,,2,2
12/11/2025,,20671,,,401430,,Pregnancy Test - Milk,1.303,107,20671.0401430.0,12/11/2025,2025,11/6/2025,35,20671.0401430.0_2025_11,1,1,first,Pregnant,Pregnant,,,2,2
12/18/2025,,20674,,,398645,,Pregnancy Test - Milk,1.857,298,20674.0398645.0,12/18/2025,2025,6/15/2025,186,20674.0398645.0_2025_6,1,2,last,Pregnant,rc_preg,,,2,2
8/21/2025,,20674,,,398645,,Pregnancy Test - Milk,0.239,179,20674.0398645.0,8/21/2025,2025,6/15/2025,67,20674.0398645.0_2025_6,1,1,first,Re-Check,rc_preg,,,2,2
10/17/2025,,20674,,,401430,,Pregnancy Test - Milk,0.925,107,20674.0401430.0,10/17/2025,2025,9/11/2025,36,20674.0401430.0_2025_9,1,1,first,Pregnant,Pregnant,,,2,2
11/28/2025,,20674,,,401430,,Pregnancy Test - Milk,0.601,149,20674.0401430.0,11/28/2025,2025,9/11/2025,78,20674.0401430.0_2025_9,1,2,last,Pregnant,Pregnant,,,2,2
4/2/2026,,20687,,,398645,,Pregnancy Test - Milk,2.421,300,20687.0398645.0,4/2/2026,2025,9/30/2025,184,20687.0398645.0_2025_9,1,1,first,Pregnant,Pregnant,,,2,2
1/30/2026,,20687,,,401430,,Pregnancy Test - Milk,0.348,191,20687.0401430.0,1/30/2026,2025,11/11/2025,80,20687.0401430.0_2025_11,2,2,last,Pregnant,Pregnant,,,2,2
11/7/2025,,20687,,,401430,,Pregnancy Test - Milk,0.536,107,20687.0401430.0,11/7/2025,2025,10/2/2025,36,20687.0401430.0_2025_10,1,1,first,Pregnant,preg_loss_rebred,,,2,2
12/19/2025,,20687,,,401430,,Pregnancy Test - Milk,0.529,149,20687.0401430.0,12/19/2025,2025,11/11/2025,38,20687.0401430.0_2025_11,2,1,first,Pregnant,Pregnant,,,2,2
12/25/2025,,20690,,,398645,,Pregnancy Test - Milk,0.127,272,20690.0398645.0,12/25/2025,2025,6/10/2025,198,20690.0398645.0_2025_6,1,2,last,Re-Check,rc_unresolved,,,2,2
9/4/2025,,20690,,,398645,,Pregnancy Test - Milk,0.49,160,20690.0398645.0,9/4/2025,2025,6/10/2025,86,20690.0398645.0_2025_6,1,1,first,Pregnant,rc_unresolved,,,2,2
1/2/2026,,20690,,,401430,,Pregnancy Test - Milk,0.197,171,20690.0401430.0,1/2/2026,2025,10/16/2025,78,20690.0401430.0_2025_10_2,2,1,first,Re-Check,rc_preg,,,2,2
1/8/2026,,20690,,,401430,,Pregnancy Test - Milk,0.368,176,20690.0401430.0,1/8/2026,2025,10/16/2025,83,20690.0401430.0_2025_10_2,2,2,last,Pregnant,rc_preg,,,2,2
11/27/2025,,20690,,,401430,,Pregnancy Test - Milk,0.637,138,20690.0401430.0,11/27/2025,2025,10/13/2025,45,20690.0401430.0_2025_10_1,1,1,first,Pregnant,preg_loss_rebred,,,2,2
5/21/2026,,20691,,,398645,,Pregnancy Test - Milk,POS,378,20691.0398645.0,5/21/2026,2026,5/17/2026,4,20691.0398645.0_2026_5,1,1,first,Pregnant,Pregnant,,,2,2
10/17/2025,,20691,,,401430,,Pregnancy Test - Milk,0.904,128,20691.0401430.0,10/17/2025,2025,9/11/2025,36,20691.0401430.0_2025_9,1,1,first,Pregnant,Pregnant,,,2,2
11/28/2025,,20691,,,401430,,Pregnancy Test - Milk,1.782,170,20691.0401430.0,11/28/2025,2025,9/11/2025,78,20691.0401430.0_2025_9,1,2,last,Pregnant,Pregnant,,,2,2
1/8/2026,,20696,,,398645,,Pregnancy Test - Milk,1.623,292,20696.0398645.0,1/8/2026,2025,7/3/2025,189,20696.0398645.0_2025_7,1,1,first,Pregnant,Pregnant,,,2,2
1/2/2026,,20696,,,401430,,Pregnancy Test - Milk,1.225,188,20696.0401430.0,1/2/2026,2025,11/26/2025,37,20696.0401430.0_2025_11,2,1,first,Pregnant,Pregnant,,,2,2
11/21/2025,,20696,,,401430,,Pregnancy Test - Milk,0.566,146,20696.0401430.0,11/21/2025,2025,10/15/2025,37,20696.0401430.0_2025_10,1,1,first,Pregnant,preg_loss_rebred,,,2,2
2/13/2026,,20696,,,401430,,Pregnancy Test - Milk,0.83,230,20696.0401430.0,2/13/2026,2025,11/26/2025,79,20696.0401430.0_2025_11,2,2,last,Pregnant,Pregnant,,,2,2
8/21/2025,,20703,,,398645,,Pregnancy Test - Milk,0.82,157,20703.0398645.0,8/21/2025,2025,7/23/2025,29,20703.0398645.0_2025_7,1,1,first,Pregnant,Pregnant,,,2,2
1/2/2026,,20703,,,401430,,Pregnancy Test - Milk,0.466,207,20703.0401430.0,1/2/2026,2025,10/10/2025,84,20703.0401430.0_2025_10,1,2,last,Pregnant,Pregnant,,,2,2
11/14/2025,,20703,,,401430,,Pregnancy Test - Milk,0.771,158,20703.0401430.0,11/14/2025,2025,10/10/2025,35,20703.0401430.0_2025_10,1,1,first,Pregnant,Pregnant,,,2,2
12/4/2025,,20706,,,398645,,Pregnancy Test - Milk,1.701,206,20706.0398645.0,12/4/2025,2025,9/24/2025,71,20706.0398645.0_2025_9,1,1,first,Pregnant,Pregnant,,,2,2
3/26/2026,,20706,,,398645,,Pregnancy Test - Milk,POS,318,20706.0398645.0,3/26/2026,2025,9/24/2025,183,20706.0398645.0_2025_9,1,2,last,Pregnant,Pregnant,,,2,2
1/2/2026,,20706,,,401430,,Pregnancy Test - Milk,0.882,210,20706.0401430.0,1/2/2026,2025,11/25/2025,38,20706.0401430.0_2025_11,2,1,first,Pregnant,Pregnant,,,2,2
2/13/2026,,20706,,,401430,,Pregnancy Test - Milk,0.567,252,20706.0401430.0,2/13/2026,2025,11/25/2025,80,20706.0401430.0_2025_11,2,2,last,Pregnant,Pregnant,,,2,2
9/26/2025,,20706,,,401430,,Pregnancy Test - Milk,0.081,112,20706.0401430.0,9/26/2025,2025,8/21/2025,36,20706.0401430.0_2025_8,1,1,first,Open,Open,,,2,2
5/7/2026,,20708,,,398645,,Pregnancy Test - Milk,2.089,420,20708.0398645.0,5/7/2026,2025,11/7/2025,181,20708.0398645.0_2025_11,1,1,first,Pregnant,Pregnant,,,2,2
11/7/2025,,20708,,,401430,,Pregnancy Test - Milk,0.73,109,20708.0401430.0,11/7/2025,2025,10/2/2025,36,20708.0401430.0_2025_10,1,1,first,Pregnant,Pregnant,,,2,2
12/19/2025,,20708,,,401430,,Pregnancy Test - Milk,0.459,151,20708.0401430.0,12/19/2025,2025,10/2/2025,78,20708.0401430.0_2025_10,1,2,last,Pregnant,Pregnant,,,2,2
11/27/2025,,20711,,,398645,,Pregnancy Test - Milk,POS,260,20711.0398645.0,11/27/2025,2025,5/29/2025,182,20711.0398645.0_2025_5,1,2,last,Pregnant,Pregnant,,,2,2
8/7/2025,,20711,,,398645,,Pregnancy Test - Milk,0.294,147,20711.0398645.0,8/7/2025,2025,5/29/2025,70,20711.0398645.0_2025_5,1,1,first,Pregnant,Pregnant,,,2,2
1/2/2026,,20711,,,401430,,Pregnancy Test - Milk,0.685,184,20711.0401430.0,1/2/2026,2025,11/27/2025,36,20711.0401430.0_2025_11,1,1,first,Pregnant,Pregnant,,,2,2
2/13/2026,,20711,,,401430,,Pregnancy Test - Milk,0.869,225,20711.0401430.0,2/13/2026,2025,11/27/2025,77,20711.0401430.0_2025_11,1,2,last,Pregnant,Pregnant,,,2,2
1/8/2026,,20712,,,398645,,Pregnancy Test - Milk,2.475,261,20712.0398645.0,1/8/2026,2025,12/27/2025,12,20712.0398645.0_2025_12,2,1,first,Pregnant,Pregnant,,,2,2
9/18/2025,,20712,,,398645,,Pregnancy Test - Milk,0.909,149,20712.0398645.0,9/18/2025,2025,7/10/2025,70,20712.0398645.0_2025_7,1,1,first,Pregnant,preg_loss_rebred,,,2,2
1/2/2026,,20712,,,401430,,Pregnancy Test - Milk,0.34,198,20712.0401430.0,1/2/2026,2025,10/14/2025,80,20712.0401430.0_2025_10,2,2,last,Pregnant,Pregnant,,,2,2
10/2/2025,,20712,,,401430,,Pregnancy Test - Milk,0.011,105,20712.0401430.0,10/2/2025,2025,8/28/2025,35,20712.0401430.0_2025_8,1,1,first,Open,Open,,,2,2
11/20/2025,,20712,,,401430,,Pregnancy Test - Milk,1.672,154,20712.0401430.0,11/20/2025,2025,10/14/2025,36,20712.0401430.0_2025_10,2,1,first,Pregnant,Pregnant,,,2,2
11/27/2025,,20713,,,398645,,Pregnancy Test - Milk,0.372,208,20713.0398645.0,11/27/2025,2025,9/14/2025,74,20713.0398645.0_2025_9,1,1,first,Pregnant,Pregnant,,,2,2
3/19/2026,,20713,,,398645,,Pregnancy Test - Milk,1.691,319,20713.0398645.0,3/19/2026,2025,9/14/2025,186,20713.0398645.0_2025_9,1,2,last,Pregnant,Pregnant,,,2,2
11/27/2025,,20713,,,401430,,Pregnancy Test - Milk,0.22,172,20713.0401430.0,11/27/2025,2025,10/3/2025,55,20713.0401430.0_2025_10_1,1,1,first,Re-Check,rc_rebred,,,2,2
12/18/2025,,20713,,,401430,,Pregnancy Test - Milk,0.545,189,20713.0401430.0,12/18/2025,2025,10/7/2025,72,20713.0401430.0_2025_10_2,2,2,last,Pregnant,Pregnant,,,2,2
12/4/2025,,20713,,,401430,,Pregnancy Test - Milk,0.345,175,20713.0401430.0,12/4/2025,2025,10/7/2025,58,20713.0401430.0_2025_10_2,2,1,first,Pregnant,Pregnant,,,2,2
1/8/2026,,20714,,,398645,,Pregnancy Test - Milk,POS,257,20714.0398645.0,1/8/2026,2025,7/9/2025,183,20714.0398645.0_2025_7,1,2,last,Pregnant,Pregnant,,,2,2
9/18/2025,,20714,,,398645,,Pregnancy Test - Milk,1.567,145,20714.0398645.0,9/18/2025,2025,7/9/2025,71,20714.0398645.0_2025_7,1,1,first,Pregnant,Pregnant,,,2,2
10/30/2025,,20714,,,401430,,Pregnancy Test - Milk,0.793,130,20714.0401430.0,10/30/2025,2025,9/25/2025,35,20714.0401430.0_2025_9,1,1,first,Pregnant,Pregnant,,,2,2
12/11/2025,,20714,,,401430,,Pregnancy Test - Milk,0.351,172,20714.0401430.0,12/11/2025,2025,9/25/2025,77,20714.0401430.0_2025_9,1,2,last,Pregnant,Pregnant,,,2,2
12/4/2025,,20715,,,398645,,Pregnancy Test - Milk,0.035,207,20715.0398645.0,12/4/2025,2025,9/26/2025,69,20715.0398645.0_2025_9,1,1,first,Open,Open,,,2,2
10/9/2025,,20715,,,401430,,Pregnancy Test - Milk,0.986,155,20715.0401430.0,10/9/2025,2025,8/30/2025,40,20715.0401430.0_2025_8,1,1,first,Pregnant,Pregnant,,,2,2
11/13/2025,,20715,,,401430,,Pregnancy Test - Milk,0.708,190,20715.0401430.0,11/13/2025,2025,8/30/2025,75,20715.0401430.0_2025_8,1,2,last,Pregnant,Pregnant,,,2,2
10/30/2025,,20716,,,398645,,Pregnancy Test - Milk,0.308,159,20716.0398645.0,10/30/2025,2025,7/27/2025,95,20716.0398645.0_2025_7,1,1,first,Pregnant,Pregnant,,,2,2
2/26/2026,,20716,,,398645,,Pregnancy Test - Milk,2.768,278,20716.0398645.0,2/26/2026,2025,7/27/2025,214,20716.0398645.0_2025_7,1,2,last,Pregnant,Pregnant,,,2,2
10/30/2025,,20716,,,401430,,Pregnancy Test - Milk,0.004,131,20716.0401430.0,10/30/2025,2025,9/25/2025,35,20716.0401430.0_2025_9,1,1,first,Open,Open,,,2,2
11/6/2025,,20717,,,398645,,Pregnancy Test - Milk,0.374,218,20717.0398645.0,11/6/2025,2025,8/27/2025,71,20717.0398645.0_2025_8,1,1,first,Pregnant,Pregnant,,,2,2
2/26/2026,,20717,,,398645,,Pregnancy Test - Milk,POS,330,20717.0398645.0,2/26/2026,2025,8/27/2025,183,20717.0398645.0_2025_8,1,2,last,Pregnant,Pregnant,,,2,2
2/26/2026,,20717,,,401430,,Pregnancy Test - Milk,-0.024,100,20717.0401430.0,2/26/2026,2026,1/22/2026,35,20717.0401430.0_2026_1,1,1,first,Open,Open,,,2,2
4/16/2026,,20717,,,401430,,Pregnancy Test - Milk,1.195,150,20717.0401430.0,4/16/2026,2026,3/11/2026,36,20717.0401430.0_2026_3,2,1,first,Pregnant,Pregnant,,,2,2
11/20/2025,,20718,,,398645,,Pregnancy Test - Milk,0.289,186,20718.0398645.0,11/20/2025,2025,9/13/2025,68,20718.0398645.0_2025_9,1,1,first,Pregnant,Pregnant,,,2,2
3/19/2026,,20718,,,398645,,Pregnancy Test - Milk,2.379,305,20718.0398645.0,3/19/2026,2025,9/13/2025,187,20718.0398645.0_2025_9,1,2,last,Pregnant,Pregnant,,,2,2
11/7/2025,,20718,,,401430,,Pregnancy Test - Milk,0.43,153,20718.0401430.0,11/7/2025,2025,10/3/2025,35,20718.0401430.0_2025_10,1,1,first,Pregnant,Pregnant,,,2,2
12/26/2025,,20718,,,401430,,Pregnancy Test - Milk,0.596,202,20718.0401430.0,12/26/2025,2025,10/3/2025,84,20718.0401430.0_2025_10,1,2,last,Pregnant,Pregnant,,,2,2
10/30/2025,,20719,,,398645,,Pregnancy Test - Milk,0.271,145,20719.0398645.0,10/30/2025,2025,8/20/2025,71,20719.0398645.0_2025_8,1,1,first,Pregnant,Pregnant,,,2,2
2/19/2026,,20719,,,398645,,Pregnancy Test - Milk,2.302,257,20719.0398645.0,2/19/2026,2025,8/20/2025,183,20719.0398645.0_2025_8,1,2,last,Pregnant,Pregnant,,,2,2
1/2/2026,,20719,,,401430,,Pregnancy Test - Milk,0.347,186,20719.0401430.0,1/2/2026,2025,10/18/2025,76,20719.0401430.0_2025_10_2,2,1,first,Pregnant,Pregnant,,,2,2
11/27/2025,,20719,,,401430,,Pregnancy Test - Milk,1.222,153,20719.0401430.0,11/27/2025,2025,10/15/2025,43,20719.0401430.0_2025_10_1,1,1,first,Pregnant,preg_loss_rebred,,,2,2
12/25/2025,,20721,,,398645,,Pregnancy Test - Milk,1.421,267,20721.0398645.0,12/25/2025,2025,9/27/2025,89,20721.0398645.0_2025_9,1,1,first,Pregnant,Pregnant,,,2,2
1/2/2026,,20721,,,401430,,Pregnancy Test - Milk,0.39,170,20721.0401430.0,1/2/2026,2025,11/16/2025,47,20721.0401430.0_2025_11,1,1,first,Pregnant,Pregnant,,,2,2
2/5/2026,,20721,,,401430,,Pregnancy Test - Milk,1.569,203,20721.0401430.0,2/5/2026,2025,11/16/2025,80,20721.0401430.0_2025_11,1,2,last,Pregnant,Pregnant,,,2,2
2/5/2026,,20724,,,398645,,Pregnancy Test - Milk,1.934,261,20724.0398645.0,2/5/2026,2025,8/5/2025,184,20724.0398645.0_2025_8,1,1,first,Pregnant,Pregnant,,,2,2
1/15/2026,,20724,,,401430,,Pregnancy Test - Milk,0.617,143,20724.0401430.0,1/15/2026,2025,11/4/2025,72,20724.0401430.0_2025_11,1,2,last,Pregnant,Pregnant,,,2,2
12/11/2025,,20724,,,401430,,Pregnancy Test - Milk,1.35,108,20724.0401430.0,12/11/2025,2025,11/4/2025,37,20724.0401430.0_2025_11,1,1,first,Pregnant,Pregnant,,,2,2
1/29/2026,,20730,,,398645,,Pregnancy Test - Milk,2.323,311,20730.0398645.0,1/29/2026,2025,8/1/2025,181,20730.0398645.0_2025_8,1,2,last,Pregnant,Pregnant,,,2,2
10/9/2025,,20730,,,398645,,Pregnancy Test - Milk,0.565,198,20730.0398645.0,10/9/2025,2025,8/1/2025,69,20730.0398645.0_2025_8,1,1,first,Pregnant,Pregnant,,,2,2
1/8/2026,,20730,,,401430,,Pregnancy Test - Milk,0.05,173,20730.0401430.0,1/8/2026,2025,12/1/2025,38,20730.0401430.0_2025_12,2,1,first,Open,Open,,,2,2
11/6/2025,,20730,,,401430,,Pregnancy Test - Milk,0.086,110,20730.0401430.0,11/6/2025,2025,10/2/2025,35,20730.0401430.0_2025_10,1,1,first,Open,Open,,,2,2
3/12/2026,,20730,,,401430,,Pregnancy Test - Milk,0.952,236,20730.0401430.0,3/12/2026,2026,2/1/2026,38,20730.0401430.0_2026_2,3,1,first,Pregnant,Pregnant,,,2,2
4/16/2026,,20730,,,401430,,Pregnancy Test - Milk,0.563,272,20730.0401430.0,4/16/2026,2026,2/1/2026,74,20730.0401430.0_2026_2,3,2,last,Pregnant,Pregnant,,,2,2
1/29/2026,,20735,,,398645,,Pregnancy Test - Milk,2.361,293,20735.0398645.0,1/29/2026,2025,8/1/2025,181,20735.0398645.0_2025_8,1,2,last,Pregnant,Pregnant,,,2,2
10/9/2025,,20735,,,398645,,Pregnancy Test - Milk,1.083,180,20735.0398645.0,10/9/2025,2025,8/1/2025,69,20735.0398645.0_2025_8,1,1,first,Pregnant,Pregnant,,,2,2
10/24/2025,,20735,,,401430,,Pregnancy Test - Milk,0.878,128,20735.0401430.0,10/24/2025,2025,9/16/2025,38,20735.0401430.0_2025_9,1,1,first,Pregnant,Pregant_with_rc,,,2,2
12/12/2025,,20735,,,401430,,Pregnancy Test - Milk,0.378,177,20735.0401430.0,12/12/2025,2025,9/16/2025,87,20735.0401430.0_2025_9,1,3,last,Pregnant,Pregant_with_rc,,,2,2
12/5/2025,,20735,,,401430,,Pregnancy Test - Milk,0.22,170,20735.0401430.0,12/5/2025,2025,9/16/2025,80,20735.0401430.0_2025_9,1,2,intermediate,Re-Check,Pregant_with_rc,,,2,2
3/5/2026,,20740,,,398645,,Pregnancy Test - Milk,POS,253,20740.0398645.0,3/5/2026,2025,9/5/2025,181,20740.0398645.0_2025_9,1,1,first,Pregnant,Pregnant,,,2,2
1/23/2026,,20740,,,401430,,Pregnancy Test - Milk,0.331,174,20740.0401430.0,1/23/2026,2025,10/30/2025,85,20740.0401430.0_2025_10,1,1,first,Pregnant,preg_loss_rebred,,,2,2
12/12/2025,,20740,,,401430,,Pregnancy Test - Milk,0.595,129,20740.0401430.0,12/12/2025,2025,11/2/2025,40,20740.0401430.0_2025_11,2,1,first,Pregnant,Pregnant,,,2,2
3/5/2026,,20744,,,398645,,Pregnancy Test - Milk,1.71,270,20744.0398645.0,3/5/2026,2025,10/12/2025,144,20744.0398645.0_2025_10,1,1,first,Pregnant,Pregnant,,,2,2
12/11/2025,,20744,,,401430,,Pregnancy Test - Milk,0.014,138,20744.0401430.0,12/11/2025,2025,11/2/2025,39,20744.0401430.0_2025_11,1,1,first,Open,Open,,,2,2
2/20/2026,,20744,,,401430,,Pregnancy Test - Milk,1.333,209,20744.0401430.0,2/20/2026,2026,1/10/2026,41,20744.0401430.0_2026_1,2,1,first,Pregnant,Pregnant,,,2,2
3/26/2026,,20744,,,401430,,Pregnancy Test - Milk,1.706,243,20744.0401430.0,3/26/2026,2026,1/10/2026,75,20744.0401430.0_2026_1,2,2,last,Pregnant,Pregnant,,,2,2
6/19/2025,,20747,,,398645,,Pregnancy Test - Milk,POS,403,20747.0398645.0,6/19/2025,2025,1/21/2025,149,20747.0398645.0_2025_1,1,1,first,Pregnant,Pregnant,,,2,2
1/2/2026,,20747,,,401430,,Pregnancy Test - Milk,0.535,176,20747.0401430.0,1/2/2026,2025,11/24/2025,39,20747.0401430.0_2025_11,1,1,first,Pregnant,Pregnant,,,2,2
2/13/2026,,20747,,,401430,,Pregnancy Test - Milk,0.806,217,20747.0401430.0,2/13/2026,2025,11/24/2025,80,20747.0401430.0_2025_11,1,2,last,Pregnant,Pregnant,,,2,2
7/24/2025,,20749,,,398645,,Pregnancy Test - Milk,POS,430,20749.0398645.0,7/24/2025,2025,2/25/2025,149,20749.0398645.0_2025_2,1,1,first,Pregnant,Pregnant,,,2,2
10/23/2025,,20749,,,401430,,Pregnancy Test - Milk,0.327,126,20749.0401430.0,10/23/2025,2025,9/13/2025,40,20749.0401430.0_2025_9,1,1,first,Pregnant,preg_loss_rebred,,,2,2
12/4/2025,,20749,,,401430,,Pregnancy Test - Milk,0.041,168,20749.0401430.0,12/4/2025,2025,10/30/2025,35,20749.0401430.0_2025_10,2,1,first,Open,Open,,,2,2
2/20/2026,,20749,,,401430,,Pregnancy Test - Milk,0.613,246,20749.0401430.0,2/20/2026,2025,12/30/2025,52,20749.0401430.0_2025_12,3,1,first,Pregnant,Pregnant,,,2,2
3/12/2026,,20749,,,401430,,Pregnancy Test - Milk,1.333,266,20749.0401430.0,3/12/2026,2025,12/30/2025,72,20749.0401430.0_2025_12,3,2,last,Pregnant,Pregnant,,,2,2
1/8/2026,,20751,,,398645,,Pregnancy Test - Milk,2.39,289,20751.0398645.0,1/8/2026,2025,7/2/2025,190,20751.0398645.0_2025_7,1,1,first,Pregnant,Pregnant,,,2,2
1/22/2026,,20751,,,401430,,Pregnancy Test - Milk,0.383,192,20751.0401430.0,1/22/2026,2025,11/13/2025,70,20751.0401430.0_2025_11,2,2,last,Pregnant,Pregnant,,,2,2
10/30/2025,,20751,,,401430,,Pregnancy Test - Milk,0.032,108,20751.0401430.0,10/30/2025,2025,9/25/2025,35,20751.0401430.0_2025_9,1,1,first,Open,Open,,,2,2
12/18/2025,,20751,,,401430,,Pregnancy Test - Milk,1.317,157,20751.0401430.0,12/18/2025,2025,11/13/2025,35,20751.0401430.0_2025_11,2,1,first,Pregnant,Pregnant,,,2,2
2/19/2026,,20752,,,398645,,Pregnancy Test - Milk,POS,315,20752.0398645.0,2/19/2026,2025,8/10/2025,193,20752.0398645.0_2025_8,1,1,first,Pregnant,Pregnant,,,2,2
11/7/2025,,20752,,,401430,,Pregnancy Test - Milk,1.372,109,20752.0401430.0,11/7/2025,2025,10/2/2025,36,20752.0401430.0_2025_10,1,1,first,Pregnant,Pregnant,,,2,2
12/19/2025,,20752,,,401430,,Pregnancy Test - Milk,1.344,151,20752.0401430.0,12/19/2025,2025,10/2/2025,78,20752.0401430.0_2025_10,1,2,last,Pregnant,Pregnant,,,2,2
5/29/2025,,20767,,,398645,,Pregnancy Test - Milk,2.828,275,20767.0398645.0,5/29/2025,2024,12/31/2024,149,20767.0398645.0_2024_12,1,1,first,Pregnant,Pregnant,,,2,2
11/13/2025,,20767,,,401430,,Pregnancy Test - Milk,1.104,134,20767.0401430.0,11/13/2025,2025,10/5/2025,39,20767.0401430.0_2025_10,1,1,first,Pregnant,Pregnant,,,2,2
12/26/2025,,20767,,,401430,,Pregnancy Test - Milk,1.028,177,20767.0401430.0,12/26/2025,2025,10/5/2025,82,20767.0401430.0_2025_10,1,2,last,Pregnant,Pregnant,,,2,2
12/18/2025,,20768,,,398645,,Pregnancy Test - Milk,0.364,183,20768.0398645.0,12/18/2025,2025,9/24/2025,85,20768.0398645.0_2025_9,1,1,first,Pregnant,Pregnant,,,2,2
4/9/2026,,20768,,,398645,,Pregnancy Test - Milk,POS,295,20768.0398645.0,4/9/2026,2025,9/24/2025,197,20768.0398645.0_2025_9,1,2,last,Pregnant,Pregnant,,,2,2
2/13/2026,,20768,,,401430,,Pregnancy Test - Milk,1.094,165,20768.0401430.0,2/13/2026,2025,12/30/2025,45,20768.0401430.0_2025_12,1,1,first,Pregnant,Pregnant,,,2,2
3/12/2026,,20768,,,401430,,Pregnancy Test - Milk,0.543,192,20768.0401430.0,3/12/2026,2025,12/30/2025,72,20768.0401430.0_2025_12,1,2,last,Pregnant,Pregnant,,,2,2
2/5/2026,,20770,,,398645,,Pregnancy Test - Milk,0.523,249,20770.0398645.0,2/5/2026,2025,11/27/2025,70,20770.0398645.0_2025_11,1,1,first,Pregnant,Pregnant,,,2,2
1/22/2026,,20770,,,401430,,Pregnancy Test - Milk,1.041,153,20770.0401430.0,1/22/2026,2025,12/18/2025,35,20770.0401430.0_2025_12,1,1,first,Pregnant,Pregnant,,,2,2
3/5/2026,,20770,,,401430,,Pregnancy Test - Milk,0.689,195,20770.0401430.0,3/5/2026,2025,12/18/2025,77,20770.0401430.0_2025_12,1,2,last,Pregnant,Pregnant,,,2,2
2/19/2026,,20771,,,398645,,Pregnancy Test - Milk,2.558,271,20771.0398645.0,2/19/2026,2025,8/5/2025,198,20771.0398645.0_2025_8,1,1,first,Pregnant,Pregnant,,,2,2
10/24/2025,,20771,,,401430,,Pregnancy Test - Milk,0.039,107,20771.0401430.0,10/24/2025,2025,9/18/2025,36,20771.0401430.0_2025_9,1,1,first,Open,Open,,,2,2
3/5/2026,,20772,,,398645,,Pregnancy Test - Milk,POS,323,20772.0398645.0,3/5/2026,2026,3/1/2026,4,20772.0398645.0_2026_3,1,1,first,Pregnant,Pregnant,,,2,2
11/6/2025,,20772,,,401430,,Pregnancy Test - Milk,1.177,111,20772.0401430.0,11/6/2025,2025,10/2/2025,35,20772.0401430.0_2025_10,1,1,first,Pregnant,Pregnant,,,2,2
12/18/2025,,20772,,,401430,,Pregnancy Test - Milk,0.55,153,20772.0401430.0,12/18/2025,2025,10/2/2025,77,20772.0401430.0_2025_10,1,2,last,Pregnant,Pregnant,,,2,2
3/5/2026,,20775,,,398645,,Pregnancy Test - Milk,0.7,315,20775.0398645.0,3/5/2026,2026,1/27/2026,37,20775.0398645.0_2026_1,1,1,first,Pregnant,Pregnant,,,2,2
1/2/2026,,20775,,,401430,,Pregnancy Test - Milk,0.738,193,20775.0401430.0,1/2/2026,2025,11/21/2025,42,20775.0401430.0_2025_11,2,1,first,Pregnant,preg_loss_rebred,,,2,2
10/9/2025,,20775,,,401430,,Pregnancy Test - Milk,0.007,107,20775.0401430.0,10/9/2025,2025,9/4/2025,35,20775.0401430.0_2025_9,1,1,first,Open,Open,,,2,2
3/19/2026,,20775,,,401430,,Pregnancy Test - Milk,0.776,268,20775.0401430.0,3/19/2026,2026,2/11/2026,36,20775.0401430.0_2026_2,3,1,first,Pregnant,Pregnant,,,2,2
4/23/2026,,20775,,,401430,,Pregnancy Test - Milk,0.544,303,20775.0401430.0,4/23/2026,2026,2/11/2026,71,20775.0401430.0_2026_2,3,2,last,Pregnant,Pregnant,,,2,2
11/20/2025,,20776,,,398645,,Pregnancy Test - Milk,0.226,185,20776.0398645.0,11/20/2025,2025,9/10/2025,71,20776.0398645.0_2025_9,1,1,first,Re-Check,rc_unresolved,,,2,2
1/16/2026,,20776,,,401430,,Pregnancy Test - Milk,1.487,176,20776.0401430.0,1/16/2026,2025,12/7/2025,40,20776.0401430.0_2025_12,2,1,first,Pregnant,Pregnant,,,2,2
11/7/2025,,20776,,,401430,,Pregnancy Test - Milk,-0.005,106,20776.0401430.0,11/7/2025,2025,10/2/2025,36,20776.0401430.0_2025_10,1,1,first,Open,Open,,,2,2
2/27/2026,,20776,,,401430,,Pregnancy Test - Milk,2.05,218,20776.0401430.0,2/27/2026,2025,12/7/2025,82,20776.0401430.0_2025_12,2,2,last,Pregnant,Pregnant,,,2,2
10/30/2025,,20777,,,398645,,Pregnancy Test - Milk,0.414,144,20777.0398645.0,10/30/2025,2025,8/20/2025,71,20777.0398645.0_2025_8,1,1,first,Pregnant,Pregnant,,,2,2
2/19/2026,,20777,,,398645,,Pregnancy Test - Milk,POS,256,20777.0398645.0,2/19/2026,2025,8/20/2025,183,20777.0398645.0_2025_8,1,2,last,Pregnant,Pregnant,,,2,2
10/23/2025,,20777,,,401430,,Pregnancy Test - Milk,2.263,130,20777.0401430.0,10/23/2025,2025,9/18/2025,35,20777.0401430.0_2025_9,1,1,first,Pregnant,Pregnant,,,2,2
12/4/2025,,20777,,,401430,,Pregnancy Test - Milk,0.605,172,20777.0401430.0,12/4/2025,2025,9/18/2025,77,20777.0401430.0_2025_9,1,2,last,Pregnant,Pregnant,,,2,2
4/2/2026,,20778,,,398645,,Pregnancy Test - Milk,1.558,359,20778.0398645.0,4/2/2026,2025,9/1/2025,213,20778.0398645.0_2025_9,1,1,first,Pregnant,Pregnant,,,2,2
1/9/2026,,20778,,,401430,,Pregnancy Test - Milk,0.706,177,20778.0401430.0,1/9/2026,2025,12/5/2025,35,20778.0401430.0_2025_12,1,1,first,Pregnant,Pregnant,,,2,2
2/27/2026,,20778,,,401430,,Pregnancy Test - Milk,1.327,226,20778.0401430.0,2/27/2026,2025,12/5/2025,84,20778.0401430.0_2025_12,1,2,last,Pregnant,Pregnant,,,2,2
1/8/2026,,20779,,,398645,,Pregnancy Test - Milk,2.885,261,20779.0398645.0,1/8/2026,2025,7/10/2025,182,20779.0398645.0_2025_7,1,2,last,Pregnant,Pregnant,,,2,2
9/18/2025,,20779,,,398645,,Pregnancy Test - Milk,0.717,149,20779.0398645.0,9/18/2025,2025,7/10/2025,70,20779.0398645.0_2025_7,1,1,first,Pregnant,Pregnant,,,2,2
10/31/2025,,20779,,,401430,,Pregnancy Test - Milk,1.424,107,20779.0401430.0,10/31/2025,2025,9/25/2025,36,20779.0401430.0_2025_9,1,1,first,Pregnant,Pregnant,,,2,2
12/12/2025,,20779,,,401430,,Pregnancy Test - Milk,0.586,149,20779.0401430.0,12/12/2025,2025,9/25/2025,78,20779.0401430.0_2025_9,1,2,last,Pregnant,Pregnant,,,2,2
11/6/2025,,20781,,,398645,,Pregnancy Test - Milk,1.052,175,20781.0398645.0,11/6/2025,2025,8/30/2025,68,20781.0398645.0_2025_8,1,1,first,Pregnant,Pregnant,,,2,2
3/5/2026,,20781,,,398645,,Pregnancy Test - Milk,POS,294,20781.0398645.0,3/5/2026,2025,8/30/2025,187,20781.0398645.0_2025_8,1,2,last,Pregnant,Pregnant,,,2,2
10/2/2025,,20781,,,401430,,Pregnancy Test - Milk,1.963,110,20781.0401430.0,10/2/2025,2025,8/28/2025,35,20781.0401430.0_2025_8,1,1,first,Pregnant,Pregnant,,,2,2
11/13/2025,,20781,,,401430,,Pregnancy Test - Milk,0.826,152,20781.0401430.0,11/13/2025,2025,8/28/2025,77,20781.0401430.0_2025_8,1,2,last,Pregnant,Pregnant,,,2,2
8/7/2025,,20784,,,398645,,Pregnancy Test - Milk,POS,485,20784.0398645.0,8/7/2025,2025,2/1/2025,187,20784.0398645.0_2025_2,1,1,first,Pregnant,Pregnant,,,2,2
1/8/2026,,20784,,,401430,,Pregnancy Test - Milk,-0.005,155,20784.0401430.0,1/8/2026,2025,12/4/2025,35,20784.0401430.0_2025_12,2,1,first,Open,Open,,,2,2
11/20/2025,,20784,,,401430,,Pregnancy Test - Milk,0.068,106,20784.0401430.0,11/20/2025,2025,10/16/2025,35,20784.0401430.0_2025_10,1,1,first,Open,Open,,,2,2
12/18/2025,,20787,,,398645,,Pregnancy Test - Milk,0.983,178,20787.0398645.0,12/18/2025,2025,10/9/2025,70,20787.0398645.0_2025_10,1,1,first,Pregnant,Pregnant,,,2,2
4/9/2026,,20787,,,398645,,Pregnancy Test - Milk,POS,290,20787.0398645.0,4/9/2026,2025,10/9/2025,182,20787.0398645.0_2025_10,1,2,last,Pregnant,Pregnant,,,2,2
1/15/2026,,20787,,,401430,,Pregnancy Test - Milk,1.19,103,20787.0401430.0,1/15/2026,2025,12/9/2025,37,20787.0401430.0_2025_12,1,1,first,Pregnant,Pregnant,,,2,2
2/20/2026,,20787,,,401430,,Pregnancy Test - Milk,1.13,139,20787.0401430.0,2/20/2026,2025,12/9/2025,73,20787.0401430.0_2025_12,1,2,last,Pregnant,Pregnant,,,2,2
3/5/2026,,20788,,,398645,,Pregnancy Test - Milk,POS,261,20788.0398645.0,3/5/2026,2025,9/2/2025,184,20788.0398645.0_2025_9,1,1,first,Pregnant,Pregnant,,,2,2
11/14/2025,,20788,,,401430,,Pregnancy Test - Milk,0.776,108,20788.0401430.0,11/14/2025,2025,10/9/2025,36,20788.0401430.0_2025_10,1,1,first,Pregnant,Pregnant,,,2,2
12/26/2025,,20788,,,401430,,Pregnancy Test - Milk,0.435,150,20788.0401430.0,12/26/2025,2025,10/9/2025,78,20788.0401430.0_2025_10,1,2,last,Pregnant,Pregnant,,,2,2
4/2/2026,,20791,,,398645,,Pregnancy Test - Milk,0.519,361,20791.0398645.0,4/2/2026,2026,1/20/2026,72,20791.0398645.0_2026_1,1,1,first,Pregnant,Pregnant,,,2,2
10/31/2025,,20791,,,401430,,Pregnancy Test - Milk,0.536,110,20791.0401430.0,10/31/2025,2025,9/25/2025,36,20791.0401430.0_2025_9,1,1,first,Pregnant,Pregant_with_rc,,,2,2
12/12/2025,,20791,,,401430,,Pregnancy Test - Milk,0.237,152,20791.0401430.0,12/12/2025,2025,9/25/2025,78,20791.0401430.0_2025_9,1,2,intermediate,Re-Check,Pregant_with_rc,,,2,2
12/19/2025,,20791,,,401430,,Pregnancy Test - Milk,0.216,159,20791.0401430.0,12/19/2025,2025,9/25/2025,85,20791.0401430.0_2025_9,1,3,intermediate,Re-Check,Pregant_with_rc,,,2,2
12/26/2025,,20791,,,401430,,Pregnancy Test - Milk,0.263,166,20791.0401430.0,12/26/2025,2025,9/25/2025,92,20791.0401430.0_2025_9,1,4,last,Pregnant,Pregant_with_rc,,,2,2
2/19/2026,,20795,,,398645,,Pregnancy Test - Milk,0.528,143,20795.0398645.0,2/19/2026,2026,2/19/2026,0,20795.0398645.0_2026_2,2,1,first,Pregnant,Pregnant,,,2,2
6/26/2025,,20795,,,398645,,Pregnancy Test - Milk,POS,441,20795.0398645.0,6/26/2025,2024,12/22/2024,186,20795.0398645.0_2024_12,1,1,first,Pregnant,Pregnant,,,2,2
1/2/2026,,20795,,,401430,,Pregnancy Test - Milk,0.962,150,20795.0401430.0,1/2/2026,2025,10/16/2025,78,20795.0401430.0_2025_10,1,2,last,Pregnant,Pregnant,,,2,2
11/21/2025,,20795,,,401430,,Pregnancy Test - Milk,0.538,108,20795.0401430.0,11/21/2025,2025,10/16/2025,36,20795.0401430.0_2025_10,1,1,first,Pregnant,Pregnant,,,2,2
1/8/2026,,20809,,,398645,,Pregnancy Test - Milk,0.474,265,20809.0398645.0,1/8/2026,2025,9/26/2025,104,20809.0398645.0_2025_9,1,1,first,Pregnant,Pregnant,,,2,2
4/30/2026,,20809,,,398645,,Pregnancy Test - Milk,2.301,377,20809.0398645.0,4/30/2026,2025,9/26/2025,216,20809.0398645.0_2025_9,1,2,last,Pregnant,Pregnant,,,2,2
1/2/2026,,20809,,,401430,,Pregnancy Test - Milk,1.035,192,20809.0401430.0,1/2/2026,2025,11/23/2025,40,20809.0401430.0_2025_11,2,1,first,Pregnant,Pregnant,,,2,2
10/9/2025,,20809,,,401430,,Pregnancy Test - Milk,1.072,106,20809.0401430.0,10/9/2025,2025,9/4/2025,35,20809.0401430.0_2025_9,1,1,first,Pregnant,loss,,,2,2
11/20/2025,,20809,,,401430,,Pregnancy Test - Milk,-0.008,148,20809.0401430.0,11/20/2025,2025,9/4/2025,77,20809.0401430.0_2025_9,1,2,last,Open,loss,,,2,2
2/20/2026,,20809,,,401430,,Pregnancy Test - Milk,1.005,240,20809.0401430.0,2/20/2026,2025,11/23/2025,88,20809.0401430.0_2025_11,2,2,last,Pregnant,Pregnant,,,2,2
10/30/2025,,20814,,,398645,,Pregnancy Test - Milk,0.271,148,20814.0398645.0,10/30/2025,2025,9/25/2025,35,20814.0398645.0_2025_9,1,1,first,Pregnant,Pregnant,,,2,2
2/19/2026,,20814,,,398645,,Pregnancy Test - Milk,2.332,260,20814.0398645.0,2/19/2026,2025,9/25/2025,147,20814.0398645.0_2025_9,1,2,last,Pregnant,Pregnant,,,2,2
1/9/2026,,20814,,,401430,,Pregnancy Test - Milk,0.543,151,20814.0401430.0,1/9/2026,2025,10/23/2025,78,20814.0401430.0_2025_10,1,2,last,Pregnant,Pregnant,,,2,2
11/28/2025,,20814,,,401430,,Pregnancy Test - Milk,0.965,109,20814.0401430.0,11/28/2025,2025,10/23/2025,36,20814.0401430.0_2025_10,1,1,first,Pregnant,Pregnant,,,2,2
1/23/2026,,20816,,,398645,,Pregnancy Test - Milk,1.477,247,20816.0398645.0,1/23/2026,2025,7/23/2025,184,20816.0398645.0_2025_7,1,2,last,Pregnant,Pregnant,,,2,2
10/2/2025,,20816,,,398645,,Pregnancy Test - Milk,0.353,134,20816.0398645.0,10/2/2025,2025,7/23/2025,71,20816.0398645.0_2025_7,1,1,first,Pregnant,Pregnant,,,2,2
1/2/2026,,20816,,,401430,,Pregnancy Test - Milk,0.65,151,20816.0401430.0,1/2/2026,2025,10/16/2025,78,20816.0401430.0_2025_10,1,2,last,Pregnant,Pregnant,,,2,2
11/21/2025,,20816,,,401430,,Pregnancy Test - Milk,0.78,109,20816.0401430.0,11/21/2025,2025,10/16/2025,36,20816.0401430.0_2025_10,1,1,first,Pregnant,Pregnant,,,2,2
1/23/2026,,20820,,,398645,,Pregnancy Test - Milk,0.257,209,20820.0398645.0,1/23/2026,2025,11/17/2025,67,20820.0398645.0_2025_11,1,1,first,Pregnant,Pregnant,,,2,2
5/21/2026,,20820,,,398645,,Pregnancy Test - Milk,1.762,328,20820.0398645.0,5/21/2026,2025,11/17/2025,185,20820.0398645.0_2025_11,1,2,last,Pregnant,Pregnant,,,2,2
1/16/2026,,20820,,,401430,,Pregnancy Test - Milk,0.701,112,20820.0401430.0,1/16/2026,2025,12/12/2025,35,20820.0401430.0_2025_12,1,1,first,Pregnant,Pregnant,,,2,2
3/6/2026,,20820,,,401430,,Pregnancy Test - Milk,0.567,161,20820.0401430.0,3/6/2026,2025,12/12/2025,84,20820.0401430.0_2025_12,1,2,last,Pregnant,Pregnant,,,2,2
1/23/2026,,20827,,,398645,,Pregnancy Test - Milk,0.218,183,20827.0398645.0,1/23/2026,2025,11/13/2025,71,20827.0398645.0_2025_11,1,1,first,Re-Check,rc_unresolved,,,2,2
10/24/2025,,20827,,,401430,,Pregnancy Test - Milk,0.059,109,20827.0401430.0,10/24/2025,2025,9/18/2025,36,20827.0401430.0_2025_9,1,1,first,Open,Open,,,2,2
3/6/2026,,20827,,,401430,,Pregnancy Test - Milk,0.765,242,20827.0401430.0,3/6/2026,2026,1/28/2026,37,20827.0401430.0_2026_1,2,1,first,Pregnant,Pregant_with_rc,,,2,2
4/17/2026,,20827,,,401430,,Pregnancy Test - Milk,0.242,284,20827.0401430.0,4/17/2026,2026,1/28/2026,79,20827.0401430.0_2026_1,2,2,intermediate,Re-Check,Pregant_with_rc,,,2,2
4/24/2026,,20827,,,401430,,Pregnancy Test - Milk,0.433,291,20827.0401430.0,4/24/2026,2026,1/28/2026,86,20827.0401430.0_2026_1,2,3,last,Pregnant,Pregant_with_rc,,,2,2
2/19/2026,,20834,,,398645,,Pregnancy Test - Milk,0.369,186,20834.0398645.0,2/19/2026,2025,11/6/2025,105,20834.0398645.0_2025_11,1,1,first,Pregnant,Pregnant,,,2,2
10/30/2025,,20834,,,401430,,Pregnancy Test - Milk,0.011,108,20834.0401430.0,10/30/2025,2025,9/25/2025,35,20834.0401430.0_2025_9,1,1,first,Open,Open,,,2,2
2/13/2026,,20834,,,401430,,Pregnancy Test - Milk,0.432,214,20834.0401430.0,2/13/2026,2025,12/31/2025,44,20834.0401430.0_2025_12,2,1,first,Pregnant,Pregnant,,,2,2
3/12/2026,,20834,,,401430,,Pregnancy Test - Milk,0.457,241,20834.0401430.0,3/12/2026,2025,12/31/2025,71,20834.0401430.0_2025_12,2,2,last,Pregnant,Pregnant,,,2,2
3/5/2026,,20837,,,398645,,Pregnancy Test - Milk,0.985,199,20837.0398645.0,3/5/2026,2026,2/23/2026,10,20837.0398645.0_2026_2,1,1,first,Pregnant,Pregnant,,,2,2
2/13/2026,,20837,,,401430,,Pregnancy Test - Milk,1.137,100,20837.0401430.0,2/13/2026,2026,1/8/2026,36,20837.0401430.0_2026_1,1,1,first,Pregnant,Pregnant,,,2,2
3/26/2026,,20837,,,401430,,Pregnancy Test - Milk,0.671,141,20837.0401430.0,3/26/2026,2026,1/8/2026,77,20837.0401430.0_2026_1,1,2,last,Pregnant,Pregnant,,,2,2
11/27/2025,,20838,,,398645,,Pregnancy Test - Milk,0.213,180,20838.0398645.0,11/27/2025,2025,10/28/2025,30,20838.0398645.0_2025_10,1,1,first,Re-Check,rc_preg,,,2,2
3/26/2026,,20838,,,398645,,Pregnancy Test - Milk,2.303,298,20838.0398645.0,3/26/2026,2025,10/28/2025,149,20838.0398645.0_2025_10,1,2,last,Pregnant,rc_preg,,,2,2
1/15/2026,,20838,,,401430,,Pregnancy Test - Milk,-0.005,147,20838.0401430.0,1/15/2026,2025,10/30/2025,77,20838.0401430.0_2025_10,1,2,last,Open,loss,,,2,2
12/4/2025,,20838,,,401430,,Pregnancy Test - Milk,0.918,105,20838.0401430.0,12/4/2025,2025,10/30/2025,35,20838.0401430.0_2025_10,1,1,first,Pregnant,loss,,,2,2
3/26/2026,,20838,,,401430,,Pregnancy Test - Milk,-0.008,217,20838.0401430.0,3/26/2026,2026,2/5/2026,49,20838.0401430.0_2026_2,2,1,first,Open,Open,,,2,2
5/14/2026,,20838,,,401430,,Pregnancy Test - Milk,1.311,266,20838.0401430.0,5/14/2026,2026,4/8/2026,36,20838.0401430.0_2026_4,3,1,first,Pregnant,Pregnant,,,2,2
10/2/2025,,20840,,,398645,,Pregnancy Test - Milk,0.169,173,20840.0398645.0,10/2/2025,2025,7/21/2025,73,20840.0398645.0_2025_7,1,1,first,Re-Check,rc_unresolved,,,2,2
5/14/2026,,20840,,,401430,,Pregnancy Test - Milk,0.996,200,20840.0401430.0,5/14/2026,2026,4/7/2026,37,20840.0401430.0_2026_4,1,1,first,Pregnant,Pregnant,,,2,2
5/29/2025,,20841,,,398645,,Pregnancy Test - Milk,1.018,376,20841.0398645.0,5/29/2025,2025,5/29/2025,0,20841.0398645.0_2025_5,1,1,first,Pregnant,Pregnant,,,2,2
10/23/2025,,20841,,,401430,,Pregnancy Test - Milk,0.953,112,20841.0401430.0,10/23/2025,2025,9/17/2025,36,20841.0401430.0_2025_9_2,2,1,first,Pregnant,Pregnant,,,2,2
11/27/2025,,20841,,,401430,,Pregnancy Test - Milk,1.272,151,20841.0401430.0,11/27/2025,2025,9/13/2025,75,20841.0401430.0_2025_9_1,1,1,first,Pregnant,preg_loss_rebred,,,2,2
2/5/2026,,20843,,,398645,,Pregnancy Test - Milk,1.486,252,20843.0398645.0,2/5/2026,2025,10/25/2025,103,20843.0398645.0_2025_10,1,1,first,Pregnant,Pregnant,,,2,2
2/13/2026,,20843,,,401430,,Pregnancy Test - Milk,0.572,145,20843.0401430.0,2/13/2026,2025,12/25/2025,50,20843.0401430.0_2025_12,1,1,first,Pregnant,Pregnant,,,2,2
3/12/2026,,20843,,,401430,,Pregnancy Test - Milk,0.81,172,20843.0401430.0,3/12/2026,2025,12/25/2025,77,20843.0401430.0_2025_12,1,2,last,Pregnant,Pregnant,,,2,2
10/23/2025,,20848,,,398645,,Pregnancy Test - Milk,0.202,160,20848.0398645.0,10/23/2025,2025,8/14/2025,70,20848.0398645.0_2025_8,1,1,first,Re-Check,rc_unresolved,,,2,2
1/15/2026,,20848,,,401430,,Pregnancy Test - Milk,0.929,106,20848.0401430.0,1/15/2026,2025,12/11/2025,35,20848.0401430.0_2025_12,1,1,first,Pregnant,Pregnant,,,2,2
2/20/2026,,20848,,,401430,,Pregnancy Test - Milk,0.708,142,20848.0401430.0,2/20/2026,2025,12/11/2025,71,20848.0401430.0_2025_12,1,2,last,Pregnant,Pregnant,,,2,2
1/1/2026,,20851,,,398645,,Pregnancy Test - Milk,0.62,260,20851.0398645.0,1/1/2026,2025,10/23/2025,70,20851.0398645.0_2025_10,1,1,first,Pregnant,preg_loss_rebred,,,2,2
4/30/2026,,20851,,,398645,,Pregnancy Test - Milk,POS,379,20851.0398645.0,4/30/2026,2026,3/9/2026,52,20851.0398645.0_2026_3,2,1,first,Pregnant,Pregnant,,,2,2
1/2/2026,,20851,,,401430,,Pregnancy Test - Milk,0.635,148,20851.0401430.0,1/2/2026,2025,10/16/2025,78,20851.0401430.0_2025_10,1,2,last,Pregnant,Pregnant,,,2,2
11/21/2025,,20851,,,401430,,Pregnancy Test - Milk,0.798,106,20851.0401430.0,11/21/2025,2025,10/16/2025,36,20851.0401430.0_2025_10,1,1,first,Pregnant,Pregnant,,,2,2
2/5/2026,,20852,,,398645,,Pregnancy Test - Milk,1.414,256,20852.0398645.0,2/5/2026,2025,8/5/2025,184,20852.0398645.0_2025_8,1,1,first,Pregnant,Pregnant,,,2,2
12/4/2025,,20852,,,401430,,Pregnancy Test - Milk,0.005,111,20852.0401430.0,12/4/2025,2025,10/30/2025,35,20852.0401430.0_2025_10,1,1,first,Open,Open,,,2,2
3/26/2026,,20852,,,401430,,Pregnancy Test - Milk,1.629,223,20852.0401430.0,3/26/2026,2026,2/16/2026,38,20852.0401430.0_2026_2,2,1,first,Pregnant,Pregnant,,,2,2
4/30/2026,,20852,,,401430,,Pregnancy Test - Milk,1.103,258,20852.0401430.0,4/30/2026,2026,2/16/2026,73,20852.0401430.0_2026_2,2,2,last,Pregnant,Pregnant,,,2,2
2/5/2026,,20855,,,398645,,Pregnancy Test - Milk,2.55,260,20855.0398645.0,2/5/2026,2025,8/6/2025,183,20855.0398645.0_2025_8,1,1,first,Pregnant,Pregnant,,,2,2
2/20/2026,,20855,,,401430,,Pregnancy Test - Milk,0.346,175,20855.0401430.0,2/20/2026,2025,12/25/2025,57,20855.0401430.0_2025_12,1,1,first,Pregnant,Pregnant,,,2,2
3/12/2026,,20855,,,401430,,Pregnancy Test - Milk,0.704,195,20855.0401430.0,3/12/2026,2025,12/25/2025,77,20855.0401430.0_2025_12,1,2,last,Pregnant,Pregnant,,,2,2
9/25/2025,,20857,,,398645,,Pregnancy Test - Milk,0.155,166,20857.0398645.0,9/25/2025,2025,8/26/2025,30,20857.0398645.0_2025_8,1,1,first,Re-Check,rc_unresolved,,,2,2
1/30/2026,,20857,,,401430,,Pregnancy Test - Milk,1.996,133,20857.0401430.0,1/30/2026,2025,12/18/2025,43,20857.0401430.0_2025_12,1,1,first,Pregnant,Pregnant,,,2,2
2/5/2026,,20857,,,401430,,Pregnancy Test - Milk,2.583,138,20857.0401430.0,2/5/2026,2025,12/18/2025,48,20857.0401430.0_2025_12,1,2,intermediate,Pregnant,Pregnant,,,2,2
3/5/2026,,20857,,,401430,,Pregnancy Test - Milk,0.479,166,20857.0401430.0,3/5/2026,2025,12/18/2025,76,20857.0401430.0_2025_12,1,3,last,Pregnant,Pregnant,,,2,2
11/6/2025,,20858,,,398645,,Pregnancy Test - Milk,0.602,191,20858.0398645.0,11/6/2025,2025,8/27/2025,71,20858.0398645.0_2025_8,1,1,first,Pregnant,Pregnant,,,2,2
2/26/2026,,20858,,,398645,,Pregnancy Test - Milk,2.357,303,20858.0398645.0,2/26/2026,2025,8/27/2025,183,20858.0398645.0_2025_8,1,2,last,Pregnant,Pregnant,,,2,2
1/2/2026,,20858,,,401430,,Pregnancy Test - Milk,0.691,128,20858.0401430.0,1/2/2026,2025,11/25/2025,38,20858.0401430.0_2025_11,1,1,first,Pregnant,Pregnant,,,2,2
2/13/2026,,20858,,,401430,,Pregnancy Test - Milk,1.324,169,20858.0401430.0,2/13/2026,2025,11/25/2025,79,20858.0401430.0_2025_11,1,2,last,Pregnant,Pregnant,,,2,2
1/29/2026,,20861,,,398645,,Pregnancy Test - Milk,0.968,275,20861.0398645.0,1/29/2026,2025,11/20/2025,70,20861.0398645.0_2025_11,1,1,first,Pregnant,Pregnant,,,2,2
5/21/2026,,20861,,,398645,,Pregnancy Test - Milk,POS,387,20861.0398645.0,5/21/2026,2025,11/20/2025,182,20861.0398645.0_2025_11,1,2,last,Pregnant,Pregnant,,,2,2
12/11/2025,,20861,,,401430,,Pregnancy Test - Milk,0.022,171,20861.0401430.0,12/11/2025,2025,11/5/2025,36,20861.0401430.0_2025_11,1,1,first,Open,Open,,,2,2
12/25/2025,,20863,,,398645,,Pregnancy Test - Milk,0.243,209,20863.0398645.0,12/25/2025,2025,11/4/2025,51,20863.0398645.0_2025_11,1,1,first,Re-Check,rc_unresolved,,,2,2
2/13/2026,,20863,,,401430,,Pregnancy Test - Milk,0.894,128,20863.0401430.0,2/13/2026,2026,1/5/2026,39,20863.0401430.0_2026_1,1,1,first,Pregnant,Pregnant,,,2,2
3/27/2026,,20863,,,401430,,Pregnancy Test - Milk,0.751,170,20863.0401430.0,3/27/2026,2026,1/5/2026,81,20863.0401430.0_2026_1,1,2,last,Pregnant,Pregnant,,,2,2
10/30/2025,,20866,,,398645,,Pregnancy Test - Milk,0.105,167,20866.0398645.0,10/30/2025,2025,8/25/2025,66,20866.0398645.0_2025_8,1,1,first,Re-Check,rc_preg,,,2,2
2/26/2026,,20866,,,398645,,Pregnancy Test - Milk,1.99,286,20866.0398645.0,2/26/2026,2025,8/25/2025,185,20866.0398645.0_2025_8,1,2,last,Pregnant,rc_preg,,,2,2
1/16/2026,,20866,,,401430,,Pregnancy Test - Milk,0.03,114,20866.0401430.0,1/16/2026,2025,12/4/2025,43,20866.0401430.0_2025_12,1,2,last,Open,rc_open,,,2,2
1/9/2026,,20866,,,401430,,Pregnancy Test - Milk,0.106,107,20866.0401430.0,1/9/2026,2025,12/4/2025,36,20866.0401430.0_2025_12,1,1,first,Re-Check,rc_open,,,2,2
3/6/2026,,20866,,,401430,,Pregnancy Test - Milk,1.434,163,20866.0401430.0,3/6/2026,2026,1/29/2026,36,20866.0401430.0_2026_1,2,1,first,Pregnant,Pregnant,,,2,2
4/17/2026,,20866,,,401430,,Pregnancy Test - Milk,1.024,205,20866.0401430.0,4/17/2026,2026,1/29/2026,78,20866.0401430.0_2026_1,2,2,last,Pregnant,Pregnant,,,2,2
12/25/2025,,20868,,,398645,,Pregnancy Test - Milk,POS,262,20868.0398645.0,12/25/2025,2025,12/7/2025,18,20868.0398645.0_2025_12,2,1,first,Pregnant,Pregnant,,,2,2
9/4/2025,,20868,,,398645,,Pregnancy Test - Milk,0.481,150,20868.0398645.0,9/4/2025,2025,6/10/2025,86,20868.0398645.0_2025_6,1,1,first,Pregnant,preg_loss_rebred,,,2,2
3/5/2026,,20868,,,401430,,Pregnancy Test - Milk,1.267,123,20868.0401430.0,3/5/2026,2026,1/28/2026,35,20868.0401430.0_2026_1,1,1,first,Pregnant,Pregnant,,,2,2
4/16/2026,,20868,,,401430,,Pregnancy Test - Milk,0.303,166,20868.0401430.0,4/16/2026,2026,1/28/2026,78,20868.0401430.0_2026_1,1,2,last,Pregnant,Pregnant,,,2,2
4/2/2026,,20872,,,398645,,Pregnancy Test - Milk,0.887,267,20872.0398645.0,4/2/2026,2025,10/3/2025,181,20872.0398645.0_2025_10,1,1,first,Pregnant,Pregnant,,,2,2
11/20/2025,,20872,,,401430,,Pregnancy Test - Milk,0.591,106,20872.0401430.0,11/20/2025,2025,10/16/2025,35,20872.0401430.0_2025_10,1,1,first,Pregnant,Pregnant,,,2,2
12/26/2025,,20872,,,401430,,Pregnancy Test - Milk,0.533,142,20872.0401430.0,12/26/2025,2025,10/16/2025,71,20872.0401430.0_2025_10,1,2,last,Pregnant,Pregnant,,,2,2
12/18/2025,,20874,,,398645,,Pregnancy Test - Milk,0.557,168,20874.0398645.0,12/18/2025,2025,10/12/2025,67,20874.0398645.0_2025_10,1,1,first,Pregnant,Pregnant,,,2,2
2/13/2026,,20874,,,401430,,Pregnancy Test - Milk,0.503,141,20874.0401430.0,2/13/2026,2025,12/25/2025,50,20874.0401430.0_2025_12,1,1,first,Pregnant,Pregnant,,,2,2
3/12/2026,,20874,,,401430,,Pregnancy Test - Milk,0.743,168,20874.0401430.0,3/12/2026,2025,12/25/2025,77,20874.0401430.0_2025_12,1,2,last,Pregnant,Pregnant,,,2,2
1/23/2026,,20876,,,398645,,Pregnancy Test - Milk,1.596,266,20876.0398645.0,1/23/2026,2025,7/3/2025,204,20876.0398645.0_2025_7,1,2,last,Pregnant,Pregnant,,,2,2
10/2/2025,,20876,,,398645,,Pregnancy Test - Milk,0.26,153,20876.0398645.0,10/2/2025,2025,7/3/2025,91,20876.0398645.0_2025_7,1,1,first,Pregnant,Pregnant,,,2,2
1/15/2026,,20876,,,401430,,Pregnancy Test - Milk,0.876,124,20876.0401430.0,1/15/2026,2025,12/7/2025,39,20876.0401430.0_2025_12,1,1,first,Pregnant,Pregnant,,,2,2
2/20/2026,,20876,,,401430,,Pregnancy Test - Milk,0.357,160,20876.0401430.0,2/20/2026,2025,12/7/2025,75,20876.0401430.0_2025_12,1,2,last,Pregnant,Pregnant,,,2,2
11/20/2025,,20877,,,398645,,Pregnancy Test - Milk,0.388,208,20877.0398645.0,11/20/2025,2025,9/9/2025,72,20877.0398645.0_2025_9,1,1,first,Pregnant,Pregnant,,,2,2
1/2/2026,,20877,,,401430,,Pregnancy Test - Milk,0.441,147,20877.0401430.0,1/2/2026,2025,10/22/2025,72,20877.0401430.0_2025_10_2,2,1,first,Pregnant,Pregnant,,,2,2
11/27/2025,,20877,,,401430,,Pregnancy Test - Milk,1.4,114,20877.0401430.0,11/27/2025,2025,10/19/2025,39,20877.0401430.0_2025_10_1,1,1,first,Pregnant,preg_loss_rebred,,,2,2
1/8/2026,,20881,,,398645,,Pregnancy Test - Milk,2.49,261,20881.0398645.0,1/8/2026,2025,6/24/2025,198,20881.0398645.0_2025_6,1,2,last,Pregnant,Pregnant,,,2,2
9/18/2025,,20881,,,398645,,Pregnancy Test - Milk,0.537,149,20881.0398645.0,9/18/2025,2025,6/24/2025,86,20881.0398645.0_2025_6,1,1,first,Pregnant,Pregnant,,,2,2
1/15/2026,,20881,,,401430,,Pregnancy Test - Milk,1.221,171,20881.0401430.0,1/15/2026,2025,10/31/2025,76,20881.0401430.0_2025_10,1,2,last,Pregnant,Pregnant,,,2,2
12/11/2025,,20881,,,401430,,Pregnancy Test - Milk,1.083,136,20881.0401430.0,12/11/2025,2025,10/31/2025,41,20881.0401430.0_2025_10,1,1,first,Pregnant,Pregnant,,,2,2
1/1/2026,,20886,,,398645,,Pregnancy Test - Milk,0.661,184,20886.0398645.0,1/1/2026,2025,9/14/2025,109,20886.0398645.0_2025_9,1,1,first,Pregnant,Pregnant,,,2,2
4/23/2026,,20886,,,398645,,Pregnancy Test - Milk,1.97,296,20886.0398645.0,4/23/2026,2025,9/14/2025,221,20886.0398645.0_2025_9,1,2,last,Pregnant,Pregnant,,,2,2
1/2/2026,,20886,,,401430,,Pregnancy Test - Milk,0.558,148,20886.0401430.0,1/2/2026,2025,10/16/2025,78,20886.0401430.0_2025_10,1,2,last,Pregnant,Pregnant,,,2,2
11/21/2025,,20886,,,401430,,Pregnancy Test - Milk,0.869,106,20886.0401430.0,11/21/2025,2025,10/16/2025,36,20886.0401430.0_2025_10,1,1,first,Pregnant,Pregnant,,,2,2
1/23/2026,,20887,,,398645,,Pregnancy Test - Milk,0.36,187,20887.0398645.0,1/23/2026,2025,11/15/2025,69,20887.0398645.0_2025_11,1,1,first,Pregnant,preg_loss_rebred,,,2,2
5/21/2026,,20887,,,398645,,Pregnancy Test - Milk,POS,306,20887.0398645.0,5/21/2026,2026,4/30/2026,21,20887.0398645.0_2026_4,2,1,first,Pregnant,Pregnant,,,2,2
5/21/2026,,20887,,,401430,,Pregnancy Test - Milk,1.39,253,20887.0401430.0,5/21/2026,2026,4/14/2026,37,20887.0401430.0_2026_4,1,1,first,Pregnant,Pregnant,,,2,2
2/19/2026,,20888,,,398645,,Pregnancy Test - Milk,1.068,232,20888.0398645.0,2/19/2026,2025,9/30/2025,142,20888.0398645.0_2025_9,1,1,first,Pregnant,Pregnant,,,2,2
12/18/2025,,20888,,,401430,,Pregnancy Test - Milk,-0.002,111,20888.0401430.0,12/18/2025,2025,11/13/2025,35,20888.0401430.0_2025_11,1,1,first,Open,Open,,,2,2
3/12/2026,,20888,,,401430,,Pregnancy Test - Milk,2.457,195,20888.0401430.0,3/12/2026,2026,2/1/2026,38,20888.0401430.0_2026_2,2,1,first,Pregnant,Pregnant,,,2,2
4/16/2026,,20888,,,401430,,Pregnancy Test - Milk,1.712,231,20888.0401430.0,4/16/2026,2026,2/1/2026,74,20888.0401430.0_2026_2,2,2,last,Pregnant,Pregnant,,,2,2
1/8/2026,,20892,,,398645,,Pregnancy Test - Milk,1.411,189,20892.0398645.0,1/8/2026,2025,10/30/2025,70,20892.0398645.0_2025_10,1,1,first,Pregnant,Pregnant,,,2,2
4/30/2026,,20892,,,398645,,Pregnancy Test - Milk,POS,301,20892.0398645.0,4/30/2026,2025,10/30/2025,182,20892.0398645.0_2025_10,1,2,last,Pregnant,Pregnant,,,2,2
1/2/2026,,20892,,,401430,,Pregnancy Test - Milk,1.244,156,20892.0401430.0,1/2/2026,2026,1/1/2026,1,20892.0401430.0_2026_1,1,1,first,Pregnant,Pregnant,,,2,2
3/19/2026,,20892,,,401430,,Pregnancy Test - Milk,0.907,231,20892.0401430.0,3/19/2026,2026,1/1/2026,76,20892.0401430.0_2026_1,1,2,last,Pregnant,Pregnant,,,2,2
1/8/2026,,20894,,,398645,,Pregnancy Test - Milk,1.77,260,20894.0398645.0,1/8/2026,2025,7/9/2025,183,20894.0398645.0_2025_7,1,2,last,Pregnant,rc_preg,,,2,2
9/18/2025,,20894,,,398645,,Pregnancy Test - Milk,0.237,148,20894.0398645.0,9/18/2025,2025,7/9/2025,71,20894.0398645.0_2025_7,1,1,first,Re-Check,rc_preg,,,2,2
1/16/2026,,20894,,,401430,,Pregnancy Test - Milk,-0.013,157,20894.0401430.0,1/16/2026,2025,12/10/2025,37,20894.0401430.0_2025_12,2,1,first,Open,Open,,,2,2
11/28/2025,,20894,,,401430,,Pregnancy Test - Milk,-0.024,108,20894.0401430.0,11/28/2025,2025,10/23/2025,36,20894.0401430.0_2025_10,1,1,first,Open,Open,,,2,2
3/6/2026,,20894,,,401430,,Pregnancy Test - Milk,0.701,206,20894.0401430.0,3/6/2026,2026,1/29/2026,36,20894.0401430.0_2026_1,3,1,first,Pregnant,Pregnant,,,2,2
4/17/2026,,20894,,,401430,,Pregnancy Test - Milk,0.79,248,20894.0401430.0,4/17/2026,2026,1/29/2026,78,20894.0401430.0_2026_1,3,2,last,Pregnant,Pregnant,,,2,2
7/3/2025,,20896,,,398645,,Pregnancy Test - Milk,2.047,322,20896.0398645.0,7/3/2025,2025,2/4/2025,149,20896.0398645.0_2025_2,1,1,first,Pregnant,Pregnant,,,2,2
1/22/2026,,20896,,,401430,,Pregnancy Test - Milk,1.14,183,20896.0401430.0,1/22/2026,2025,12/18/2025,35,20896.0401430.0_2025_12,2,1,first,Pregnant,Pregnant,,,2,2
11/6/2025,,20896,,,401430,,Pregnancy Test - Milk,0.079,106,20896.0401430.0,11/6/2025,2025,10/2/2025,35,20896.0401430.0_2025_10,1,1,first,Open,Open,,,2,2
3/5/2026,,20896,,,401430,,Pregnancy Test - Milk,1.522,225,20896.0401430.0,3/5/2026,2025,12/18/2025,77,20896.0401430.0_2025_12,2,2,last,Pregnant,Pregnant,,,2,2
11/6/2025,,20897,,,398645,,Pregnancy Test - Milk,1.119,209,20897.0398645.0,11/6/2025,2025,8/28/2025,70,20897.0398645.0_2025_8,1,1,first,Pregnant,Pregnant,,,2,2
3/5/2026,,20897,,,398645,,Pregnancy Test - Milk,POS,328,20897.0398645.0,3/5/2026,2025,8/28/2025,189,20897.0398645.0_2025_8,1,2,last,Pregnant,Pregnant,,,2,2
1/22/2026,,20897,,,401430,,Pregnancy Test - Milk,-0.011,105,20897.0401430.0,1/22/2026,2025,12/18/2025,35,20897.0401430.0_2025_12,1,1,first,Open,Open,,,2,2
4/2/2026,,20897,,,401430,,Pregnancy Test - Milk,1.649,175,20897.0401430.0,4/2/2026,2026,2/25/2026,36,20897.0401430.0_2026_2,2,1,first,Pregnant,Pregnant,,,2,2
5/7/2026,,20897,,,401430,,Pregnancy Test - Milk,0.711,210,20897.0401430.0,5/7/2026,2026,2/25/2026,71,20897.0401430.0_2026_2,2,2,last,Pregnant,Pregnant,,,2,2
3/19/2026,,20898,,,398645,,Pregnancy Test - Milk,0.733,255,20898.0398645.0,3/19/2026,2025,12/1/2025,108,20898.0398645.0_2025_12,1,1,first,Pregnant,Pregnant,,,2,2
2/13/2026,,20898,,,401430,,Pregnancy Test - Milk,0.646,167,20898.0401430.0,2/13/2026,2025,12/29/2025,46,20898.0401430.0_2025_12,1,1,first,Pregnant,Pregnant,,,2,2
3/12/2026,,20898,,,401430,,Pregnancy Test - Milk,0.417,194,20898.0401430.0,3/12/2026,2025,12/29/2025,73,20898.0401430.0_2025_12,1,2,last,Pregnant,Pregnant,,,2,2
4/9/2026,,20900,,,398645,,Pregnancy Test - Milk,2.212,294,20900.0398645.0,4/9/2026,2026,1/8/2026,91,20900.0398645.0_2026_1,1,1,first,Pregnant,Pregnant,,,2,2
1/15/2026,,20900,,,401430,,Pregnancy Test - Milk,0.121,107,20900.0401430.0,1/15/2026,2025,12/10/2025,36,20900.0401430.0_2025_12,1,1,first,Re-Check,rc_open,,,2,2
1/22/2026,,20900,,,401430,,Pregnancy Test - Milk,-0.003,114,20900.0401430.0,1/22/2026,2025,12/10/2025,43,20900.0401430.0_2025_12,1,2,last,Open,rc_open,,,2,2
3/12/2026,,20900,,,401430,,Pregnancy Test - Milk,1.024,163,20900.0401430.0,3/12/2026,2026,2/5/2026,35,20900.0401430.0_2026_2,2,1,first,Pregnant,Pregnant,,,2,2
4/23/2026,,20900,,,401430,,Pregnancy Test - Milk,0.832,205,20900.0401430.0,4/23/2026,2026,2/5/2026,77,20900.0401430.0_2026_2,2,2,last,Pregnant,Pregnant,,,2,2
2/5/2026,,20902,,,398645,,Pregnancy Test - Milk,2.029,292,20902.0398645.0,2/5/2026,2025,6/24/2025,226,20902.0398645.0_2025_6,1,1,first,Pregnant,Pregnant,,,2,2
1/15/2026,,20902,,,401430,,Pregnancy Test - Milk,1.175,101,20902.0401430.0,1/15/2026,2025,12/11/2025,35,20902.0401430.0_2025_12,1,1,first,Pregnant,Pregnant,,,2,2
2/20/2026,,20902,,,401430,,Pregnancy Test - Milk,0.854,137,20902.0401430.0,2/20/2026,2025,12/11/2025,71,20902.0401430.0_2025_12,1,2,last,Pregnant,Pregnant,,,2,2
1/23/2026,,20904,,,398645,,Pregnancy Test - Milk,0.382,251,20904.0398645.0,1/23/2026,2025,11/13/2025,71,20904.0398645.0_2025_11,1,1,first,Pregnant,Pregnant,,,2,2
1/15/2026,,20904,,,401430,,Pregnancy Test - Milk,0.978,145,20904.0401430.0,1/15/2026,2025,12/7/2025,39,20904.0401430.0_2025_12,1,1,first,Pregnant,Pregnant,,,2,2
2/20/2026,,20904,,,401430,,Pregnancy Test - Milk,2.833,181,20904.0401430.0,2/20/2026,2025,12/7/2025,75,20904.0401430.0_2025_12,1,2,last,Pregnant,Pregnant,,,2,2
10/30/2025,,20909,,,398645,,Pregnancy Test - Milk,0.265,146,20909.0398645.0,10/30/2025,2025,8/20/2025,71,20909.0398645.0_2025_8,1,1,first,Pregnant,Pregnant,,,2,2
2/19/2026,,20909,,,398645,,Pregnancy Test - Milk,0.849,258,20909.0398645.0,2/19/2026,2025,8/20/2025,183,20909.0398645.0_2025_8,1,2,last,Pregnant,Pregnant,,,2,2
11/13/2025,,20909,,,401430,,Pregnancy Test - Milk,0.785,109,20909.0401430.0,11/13/2025,2025,10/8/2025,36,20909.0401430.0_2025_10,1,1,first,Pregnant,Pregnant,,,2,2
12/18/2025,,20909,,,401430,,Pregnancy Test - Milk,0.703,144,20909.0401430.0,12/18/2025,2025,10/8/2025,71,20909.0401430.0_2025_10,1,2,last,Pregnant,Pregnant,,,2,2
6/19/2025,,20916,,,398645,,Pregnancy Test - Milk,POS,389,20916.0398645.0,6/19/2025,2025,1/21/2025,149,20916.0398645.0_2025_1,1,1,first,Pregnant,Pregnant,,,2,2
12/4/2025,,20916,,,401430,,Pregnancy Test - Milk,0.264,110,20916.0401430.0,12/4/2025,2025,10/30/2025,35,20916.0401430.0_2025_10,1,1,first,Pregnant,preg_loss_rebred,,,2,2
2/20/2026,,20916,,,401430,,Pregnancy Test - Milk,1.501,188,20916.0401430.0,2/20/2026,2026,1/11/2026,40,20916.0401430.0_2026_1,2,1,first,Pregnant,Pregnant,,,2,2
3/26/2026,,20916,,,401430,,Pregnancy Test - Milk,1.313,222,20916.0401430.0,3/26/2026,2026,1/11/2026,74,20916.0401430.0_2026_1,2,2,last,Pregnant,Pregnant,,,2,2
10/9/2025,,20921,,,398645,,Pregnancy Test - Milk,0.088,161,20921.0398645.0,10/9/2025,2025,9/10/2025,29,20921.0398645.0_2025_9,1,1,first,Open,Open,,,2,2
2/5/2026,,20921,,,398645,,Pregnancy Test - Milk,0.918,280,20921.0398645.0,2/5/2026,2025,12/18/2025,49,20921.0398645.0_2025_12,2,1,first,Pregnant,Pregnant,,,2,2
1/9/2026,,20921,,,401430,,Pregnancy Test - Milk,0.75,105,20921.0401430.0,1/9/2026,2025,12/4/2025,36,20921.0401430.0_2025_12,1,1,first,Pregnant,loss,,,2,2
2/20/2026,,20921,,,401430,,Pregnancy Test - Milk,-0.001,147,20921.0401430.0,2/20/2026,2025,12/4/2025,78,20921.0401430.0_2025_12,1,2,last,Open,loss,,,2,2
4/10/2026,,20921,,,401430,,Pregnancy Test - Milk,0.821,196,20921.0401430.0,4/10/2026,2026,3/5/2026,36,20921.0401430.0_2026_3,2,1,first,Pregnant,Pregnant,,,2,2
5/22/2026,,20921,,,401430,,Pregnancy Test - Milk,0.641,238,20921.0401430.0,5/22/2026,2026,3/5/2026,78,20921.0401430.0_2026_3,2,2,last,Pregnant,Pregnant,,,2,2
6/26/2025,,20922,,,398645,,Pregnancy Test - Milk,POS,399,20922.0398645.0,6/26/2025,2025,1/31/2025,146,20922.0398645.0_2025_1,1,1,first,Pregnant,Pregnant,,,2,2
11/6/2025,,20922,,,401430,,Pregnancy Test - Milk,0.083,109,20922.0401430.0,11/6/2025,2025,10/2/2025,35,20922.0401430.0_2025_10,1,1,first,Open,Open,,,2,2
8/7/2025,,20923,,,398645,,Pregnancy Test - Milk,POS,454,20923.0398645.0,8/7/2025,2025,2/1/2025,187,20923.0398645.0_2025_2,1,1,first,Pregnant,Pregnant,,,2,2
2/5/2026,,20923,,,401430,,Pregnancy Test - Milk,-0.011,100,20923.0401430.0,2/5/2026,2026,1/1/2026,35,20923.0401430.0_2026_1,1,1,first,Open,Open,,,2,2
12/25/2025,,20926,,,398645,,Pregnancy Test - Milk,0.423,238,20926.0398645.0,12/25/2025,2025,9/5/2025,111,20926.0398645.0_2025_9,1,1,first,Pregnant,Pregnant,,,2,2
12/11/2025,,20926,,,401430,,Pregnancy Test - Milk,-0.003,105,20926.0401430.0,12/11/2025,2025,11/6/2025,35,20926.0401430.0_2025_11,1,1,first,Open,Open,,,2,2
2/13/2026,,20926,,,401430,,Pregnancy Test - Milk,-0.057,169,20926.0401430.0,2/13/2026,2025,12/25/2025,50,20926.0401430.0_2025_12,2,1,first,Open,Open,,,2,2
5/14/2026,,20926,,,401430,,Pregnancy Test - Milk,0.383,259,20926.0401430.0,5/14/2026,2026,4/9/2026,35,20926.0401430.0_2026_4,3,1,first,Pregnant,Pregnant,,,2,2
5/29/2025,,20934,,,398645,,Pregnancy Test - Milk,POS,350,20934.0398645.0,5/29/2025,2025,3/19/2025,71,20934.0398645.0_2025_3,1,1,first,Pregnant,Pregnant,,,2,2
9/18/2025,,20934,,,398645,,Pregnancy Test - Milk,POS,462,20934.0398645.0,9/18/2025,2025,3/19/2025,183,20934.0398645.0_2025_3,1,2,last,Pregnant,Pregnant,,,2,2
1/22/2026,,20934,,,401430,,Pregnancy Test - Milk,0.616,147,20934.0401430.0,1/22/2026,2025,11/6/2025,77,20934.0401430.0_2025_11,1,2,last,Pregnant,Pregnant,,,2,2
12/11/2025,,20934,,,401430,,Pregnancy Test - Milk,1.551,105,20934.0401430.0,12/11/2025,2025,11/6/2025,35,20934.0401430.0_2025_11,1,1,first,Pregnant,Pregnant,,,2,2
3/5/2026,,20942,,,398645,,Pregnancy Test - Milk,2.639,293,20942.0398645.0,3/5/2026,2025,9/5/2025,181,20942.0398645.0_2025_9,1,1,first,Pregnant,Pregnant,,,2,2
11/6/2025,,20942,,,401430,,Pregnancy Test - Milk,1.043,111,20942.0401430.0,11/6/2025,2025,10/2/2025,35,20942.0401430.0_2025_10,1,1,first,Pregnant,Pregnant,,,2,2
12/26/2025,,20942,,,401430,,Pregnancy Test - Milk,0.84,161,20942.0401430.0,12/26/2025,2025,10/2/2025,85,20942.0401430.0_2025_10,1,2,last,Pregnant,Pregnant,,,2,2
12/18/2025,,20948,,,398645,,Pregnancy Test - Milk,0.379,177,20948.0398645.0,12/18/2025,2025,10/12/2025,67,20948.0398645.0_2025_10,1,1,first,Pregnant,Pregnant,,,2,2
3/5/2026,,20948,,,401430,,Pregnancy Test - Milk,1.698,129,20948.0401430.0,3/5/2026,2026,1/23/2026,41,20948.0401430.0_2026_1,1,1,first,Pregnant,Pregnant,,,2,2
4/9/2026,,20948,,,401430,,Pregnancy Test - Milk,0.368,164,20948.0401430.0,4/9/2026,2026,1/23/2026,76,20948.0401430.0_2026_1,1,2,last,Pregnant,Pregnant,,,2,2
5/7/2026,,20954,,,398645,,Pregnancy Test - Milk,2.242,327,20954.0398645.0,5/7/2026,2025,10/2/2025,217,20954.0398645.0_2025_10,1,1,first,Pregnant,Pregnant,,,2,2
1/22/2026,,20954,,,401430,,Pregnancy Test - Milk,0.974,100,20954.0401430.0,1/22/2026,2025,12/18/2025,35,20954.0401430.0_2025_12,1,1,first,Pregnant,Pregnant,,,2,2
2/26/2026,,20954,,,401430,,Pregnancy Test - Milk,2.207,135,20954.0401430.0,2/26/2026,2025,12/18/2025,70,20954.0401430.0_2025_12,1,2,last,Pregnant,Pregnant,,,2,2
12/25/2025,,20955,,,398645,,Pregnancy Test - Milk,0.271,230,20955.0398645.0,12/25/2025,2025,10/19/2025,67,20955.0398645.0_2025_10,1,1,first,Pregnant,Pregnant,,,2,2
4/23/2026,,20955,,,398645,,Pregnancy Test - Milk,1.565,349,20955.0398645.0,4/23/2026,2025,10/19/2025,186,20955.0398645.0_2025_10,1,2,last,Pregnant,Pregnant,,,2,2
2/13/2026,,20955,,,401430,,Pregnancy Test - Milk,1.161,167,20955.0401430.0,2/13/2026,2025,12/27/2025,48,20955.0401430.0_2025_12,1,1,first,Pregnant,Pregnant,,,2,2
3/12/2026,,20955,,,401430,,Pregnancy Test - Milk,1.559,194,20955.0401430.0,3/12/2026,2025,12/27/2025,75,20955.0401430.0_2025_12,1,2,last,Pregnant,Pregnant,,,2,2
10/30/2025,,20956,,,398645,,Pregnancy Test - Milk,0.794,154,20956.0398645.0,10/30/2025,2025,8/16/2025,75,20956.0398645.0_2025_8,1,1,first,Pregnant,Pregnant,,,2,2
2/19/2026,,20956,,,398645,,Pregnancy Test - Milk,POS,266,20956.0398645.0,2/19/2026,2025,8/16/2025,187,20956.0398645.0_2025_8,1,2,last,Pregnant,Pregnant,,,2,2
1/2/2026,,20956,,,401430,,Pregnancy Test - Milk,1.187,117,20956.0401430.0,1/2/2026,2025,11/17/2025,46,20956.0401430.0_2025_11,1,1,first,Pregnant,Pregnant,,,2,2
2/5/2026,,20956,,,401430,,Pregnancy Test - Milk,2.648,150,20956.0401430.0,2/5/2026,2025,11/17/2025,79,20956.0401430.0_2025_11,1,2,last,Pregnant,Pregnant,,,2,2
11/27/2025,,20958,,,398645,,Pregnancy Test - Milk,0.593,143,20958.0398645.0,11/27/2025,2025,10/21/2025,37,20958.0398645.0_2025_10,1,1,first,Pregnant,Pregnant,,,2,2
3/19/2026,,20958,,,398645,,Pregnancy Test - Milk,2.403,254,20958.0398645.0,3/19/2026,2025,10/21/2025,149,20958.0398645.0_2025_10,1,2,last,Pregnant,Pregnant,,,2,2
4/2/2026,,20958,,,401430,,Pregnancy Test - Milk,1.203,154,20958.0401430.0,4/2/2026,2026,2/21/2026,40,20958.0401430.0_2026_2,1,1,first,Pregnant,Pregnant,,,2,2
5/14/2026,,20958,,,401430,,Pregnancy Test - Milk,0.826,196,20958.0401430.0,5/14/2026,2026,2/21/2026,82,20958.0401430.0_2026_2,1,2,last,Pregnant,Pregnant,,,2,2
3/5/2026,,20962,,,398645,,Pregnancy Test - Milk,POS,282,20962.0398645.0,3/5/2026,2025,9/3/2025,183,20962.0398645.0_2025_9,1,1,first,Pregnant,Pregnant,,,2,2
1/8/2026,,20962,,,401430,,Pregnancy Test - Milk,1.082,129,20962.0401430.0,1/8/2026,2025,12/5/2025,34,20962.0401430.0_2025_12,1,1,first,Pregnant,Pregnant,,,2,2
2/19/2026,,20962,,,401430,,Pregnancy Test - Milk,1.134,171,20962.0401430.0,2/19/2026,2025,12/5/2025,76,20962.0401430.0_2025_12,1,2,last,Pregnant,Pregnant,,,2,2
2/5/2026,,20963,,,398645,,Pregnancy Test - Milk,0.246,132,20963.0398645.0,2/5/2026,2025,11/24/2025,73,20963.0398645.0_2025_11,2,1,first,Re-Check,rc_unresolved_>_1_bred,,,2,2
6/26/2025,,20963,,,398645,,Pregnancy Test - Milk,2.095,296,20963.0398645.0,6/26/2025,2025,1/28/2025,149,20963.0398645.0_2025_1,1,1,first,Pregnant,Pregnant,,,2,2
2/20/2026,,20963,,,401430,,Pregnancy Test - Milk,1.881,105,20963.0401430.0,2/20/2026,2026,1/15/2026,36,20963.0401430.0_2026_1,1,1,first,Pregnant,Pregnant,,,2,2
4/2/2026,,20963,,,401430,,Pregnancy Test - Milk,0.834,146,20963.0401430.0,4/2/2026,2026,1/15/2026,77,20963.0401430.0_2026_1,1,2,last,Pregnant,Pregnant,,,2,2
1/23/2026,,20964,,,398645,,Pregnancy Test - Milk,0.175,222,20964.0398645.0,1/23/2026,2025,11/16/2025,68,20964.0398645.0_2025_11,1,1,first,Re-Check,rc_preg,,,2,2
5/21/2026,,20964,,,398645,,Pregnancy Test - Milk,1.863,341,20964.0398645.0,5/21/2026,2025,11/16/2025,186,20964.0398645.0_2025_11,1,2,last,Pregnant,rc_preg,,,2,2
12/11/2025,,20964,,,401430,,Pregnancy Test - Milk,-0.002,111,20964.0401430.0,12/11/2025,2025,11/6/2025,35,20964.0401430.0_2025_11,1,1,first,Open,Open,,,2,2
2/20/2026,,20964,,,401430,,Pregnancy Test - Milk,-0.007,182,20964.0401430.0,2/20/2026,2026,1/10/2026,41,20964.0401430.0_2026_1,2,1,first,Open,Open,,,2,2
4/9/2026,,20964,,,401430,,Pregnancy Test - Milk,-0.014,230,20964.0401430.0,4/9/2026,2026,3/5/2026,35,20964.0401430.0_2026_3,3,1,first,Open,Open,,,2,2
9/4/2025,,20965,,,398645,,Pregnancy Test - Milk,POS,469,20965.0398645.0,9/4/2025,2025,3/6/2025,182,20965.0398645.0_2025_3,1,1,first,Pregnant,Pregnant,,,2,2
5/7/2026,,20965,,,401430,,Pregnancy Test - Milk,1.368,141,20965.0401430.0,5/7/2026,2026,3/31/2026,37,20965.0401430.0_2026_3,1,1,first,Pregnant,Pregnant,,,2,2
11/20/2025,,20967,,,398645,,Pregnancy Test - Milk,1.082,205,20967.0398645.0,11/20/2025,2025,9/11/2025,70,20967.0398645.0_2025_9,1,1,first,Pregnant,Pregnant,,,2,2
1/16/2026,,20967,,,401430,,Pregnancy Test - Milk,1.166,185,20967.0401430.0,1/16/2026,2025,12/6/2025,41,20967.0401430.0_2025_12,2,1,first,Pregnant,Pregnant,,,2,2
10/31/2025,,20967,,,401430,,Pregnancy Test - Milk,-0.01,108,20967.0401430.0,10/31/2025,2025,9/25/2025,36,20967.0401430.0_2025_9,1,1,first,Open,Open,,,2,2
2/27/2026,,20967,,,401430,,Pregnancy Test - Milk,1.141,227,20967.0401430.0,2/27/2026,2025,12/6/2025,83,20967.0401430.0_2025_12,2,2,last,Pregnant,Pregnant,,,2,2
4/2/2026,,20968,,,398645,,Pregnancy Test - Milk,2.399,303,20968.0398645.0,4/2/2026,2025,10/2/2025,182,20968.0398645.0_2025_10,1,1,first,Pregnant,Pregnant,,,2,2
12/11/2025,,20968,,,401430,,Pregnancy Test - Milk,0.001,107,20968.0401430.0,12/11/2025,2025,11/6/2025,35,20968.0401430.0_2025_11,1,1,first,Open,Open,,,2,2
2/20/2026,,20968,,,401430,,Pregnancy Test - Milk,1.049,178,20968.0401430.0,2/20/2026,2026,1/13/2026,38,20968.0401430.0_2026_1,2,1,first,Pregnant,Pregnant,,,2,2
3/26/2026,,20968,,,401430,,Pregnancy Test - Milk,0.673,212,20968.0401430.0,3/26/2026,2026,1/13/2026,72,20968.0401430.0_2026_1,2,2,last,Pregnant,Pregnant,,,2,2
2/19/2026,,20971,,,398645,,Pregnancy Test - Milk,0.609,205,20971.0398645.0,2/19/2026,2025,12/11/2025,70,20971.0398645.0_2025_12,1,1,first,Pregnant,Pregnant,,,2,2
4/9/2026,,20971,,,401430,,Pregnancy Test - Milk,1.526,159,20971.0401430.0,4/9/2026,2026,2/28/2026,40,20971.0401430.0_2026_2,1,1,first,Pregnant,Pregnant,,,2,2
5/14/2026,,20971,,,401430,,Pregnancy Test - Milk,0.755,194,20971.0401430.0,5/14/2026,2026,2/28/2026,75,20971.0401430.0_2026_2,1,2,last,Pregnant,Pregnant,,,2,2
2/26/2026,,20978,,,398645,,Pregnancy Test - Milk,0.668,172,20978.0398645.0,2/26/2026,2025,12/7/2025,81,20978.0398645.0_2025_12,2,1,first,Pregnant,Pregnant,,,2,2
6/5/2025,,20978,,,398645,,Pregnancy Test - Milk,POS,380,20978.0398645.0,6/5/2025,2024,12/4/2024,183,20978.0398645.0_2024_12,1,1,first,Pregnant,Pregnant,,,2,2
1/2/2026,,20978,,,401430,,Pregnancy Test - Milk,0,113,20978.0401430.0,1/2/2026,2025,11/19/2025,44,20978.0401430.0_2025_11,1,1,first,Open,Open,,,2,2
2/20/2026,,20978,,,401430,,Pregnancy Test - Milk,0,161,20978.0401430.0,2/20/2026,2026,1/10/2026,41,20978.0401430.0_2026_1,2,1,first,Open,Open,,,2,2
4/9/2026,,20978,,,401430,,Pregnancy Test - Milk,-0.021,209,20978.0401430.0,4/9/2026,2026,3/5/2026,35,20978.0401430.0_2026_3,3,1,first,Open,Open,,,2,2
11/27/2025,,20981,,,398645,,Pregnancy Test - Milk,0.378,160,20981.0398645.0,11/27/2025,2025,8/20/2025,99,20981.0398645.0_2025_8,1,1,first,Pregnant,Pregnant,,,2,2
3/19/2026,,20981,,,398645,,Pregnancy Test - Milk,1.315,271,20981.0398645.0,3/19/2026,2025,8/20/2025,211,20981.0398645.0_2025_8,1,2,last,Pregnant,Pregnant,,,2,2
11/14/2025,,20981,,,401430,,Pregnancy Test - Milk,1.093,106,20981.0401430.0,11/14/2025,2025,10/9/2025,36,20981.0401430.0_2025_10,1,1,first,Pregnant,Pregnant,,,2,2
12/26/2025,,20981,,,401430,,Pregnancy Test - Milk,0.852,148,20981.0401430.0,12/26/2025,2025,10/9/2025,78,20981.0401430.0_2025_10,1,2,last,Pregnant,Pregnant,,,2,2
11/6/2025,,20982,,,398645,,Pregnancy Test - Milk,0.465,173,20982.0398645.0,11/6/2025,2025,8/30/2025,68,20982.0398645.0_2025_8,1,1,first,Pregnant,preg_loss_rebred,,,2,2
3/5/2026,,20982,,,398645,,Pregnancy Test - Milk,POS,292,20982.0398645.0,3/5/2026,2025,11/10/2025,115,20982.0398645.0_2025_11,2,1,first,Pregnant,Pregnant,,,2,2
1/8/2026,,20982,,,401430,,Pregnancy Test - Milk,1.427,150,20982.0401430.0,1/8/2026,2025,11/30/2025,39,20982.0401430.0_2025_11,1,1,first,Pregnant,Pregnant,,,2,2
2/20/2026,,20982,,,401430,,Pregnancy Test - Milk,0.928,193,20982.0401430.0,2/20/2026,2025,11/30/2025,82,20982.0401430.0_2025_11,1,2,last,Pregnant,Pregnant,,,2,2
12/18/2025,,20984,,,398645,,Pregnancy Test - Milk,0.541,178,20984.0398645.0,12/18/2025,2025,10/10/2025,69,20984.0398645.0_2025_10,1,1,first,Pregnant,Pregnant,,,2,2
4/9/2026,,20984,,,398645,,Pregnancy Test - Milk,2.445,290,20984.0398645.0,4/9/2026,2025,10/10/2025,181,20984.0398645.0_2025_10,1,2,last,Pregnant,Pregnant,,,2,2
2/20/2026,,20984,,,401430,,Pregnancy Test - Milk,1.168,180,20984.0401430.0,2/20/2026,2026,1/13/2026,38,20984.0401430.0_2026_1,1,1,first,Pregnant,Pregnant,,,2,2
3/26/2026,,20984,,,401430,,Pregnancy Test - Milk,1.142,214,20984.0401430.0,3/26/2026,2026,1/13/2026,72,20984.0401430.0_2026_1,1,2,last,Pregnant,Pregnant,,,2,2
11/20/2025,,20986,,,398645,,Pregnancy Test - Milk,0.685,183,20986.0398645.0,11/20/2025,2025,9/14/2025,67,20986.0398645.0_2025_9,1,1,first,Pregnant,preg_loss_rebred,,,2,2
3/19/2026,,20986,,,398645,,Pregnancy Test - Milk,2.173,302,20986.0398645.0,3/19/2026,2025,12/11/2025,98,20986.0398645.0_2025_12,2,1,first,Pregnant,Pregnant,,,2,2
1/2/2026,,20986,,,401430,,Pregnancy Test - Milk,1.309,103,20986.0401430.0,1/2/2026,2025,11/26/2025,37,20986.0401430.0_2025_11,1,1,first,Pregnant,Pregnant,,,2,2
2/20/2026,,20986,,,401430,,Pregnancy Test - Milk,0.912,151,20986.0401430.0,2/20/2026,2025,11/26/2025,85,20986.0401430.0_2025_11,1,2,last,Pregnant,Pregnant,,,2,2
1/8/2026,,20987,,,398645,,Pregnancy Test - Milk,1.671,250,20987.0398645.0,1/8/2026,2025,7/9/2025,183,20987.0398645.0_2025_7,1,2,last,Pregnant,Pregnant,,,2,2
9/18/2025,,20987,,,398645,,Pregnancy Test - Milk,0.377,138,20987.0398645.0,9/18/2025,2025,7/9/2025,71,20987.0398645.0_2025_7,1,1,first,Pregnant,Pregnant,,,2,2
2/26/2026,,20987,,,401430,,Pregnancy Test - Milk,0.798,164,20987.0401430.0,2/26/2026,2026,1/17/2026,40,20987.0401430.0_2026_1,1,1,first,Pregnant,Pregnant,,,2,2
4/2/2026,,20987,,,401430,,Pregnancy Test - Milk,0.339,199,20987.0401430.0,4/2/2026,2026,1/17/2026,75,20987.0401430.0_2026_1,1,2,last,Pregnant,Pregnant,,,2,2
12/25/2025,,20990,,,398645,,Pregnancy Test - Milk,0.499,234,20990.0398645.0,12/25/2025,2025,10/17/2025,69,20990.0398645.0_2025_10,1,1,first,Pregnant,Pregnant,,,2,2
4/23/2026,,20990,,,398645,,Pregnancy Test - Milk,POS,353,20990.0398645.0,4/23/2026,2025,10/17/2025,188,20990.0398645.0_2025_10,1,2,last,Pregnant,Pregnant,,,2,2
1/16/2026,,20990,,,401430,,Pregnancy Test - Milk,0.342,175,20990.0401430.0,1/16/2026,2025,10/28/2025,80,20990.0401430.0_2025_10,1,2,last,Pregnant,Pregnant,,,2,2
12/5/2025,,20990,,,401430,,Pregnancy Test - Milk,0.712,133,20990.0401430.0,12/5/2025,2025,10/28/2025,38,20990.0401430.0_2025_10,1,1,first,Pregnant,Pregnant,,,2,2
4/9/2026,,20991,,,398645,,Pregnancy Test - Milk,0.452,197,20991.0398645.0,4/9/2026,2026,1/28/2026,71,20991.0398645.0_2026_1,1,1,first,Pregnant,Pregnant,,,2,2
2/20/2026,,20991,,,401430,,Pregnancy Test - Milk,0.943,103,20991.0401430.0,2/20/2026,2026,1/15/2026,36,20991.0401430.0_2026_1,1,1,first,Pregnant,Pregnant,,,2,2
4/2/2026,,20991,,,401430,,Pregnancy Test - Milk,0.442,144,20991.0401430.0,4/2/2026,2026,1/15/2026,77,20991.0401430.0_2026_1,1,2,last,Pregnant,Pregnant,,,2,2
2/26/2026,,20999,,,398645,,Pregnancy Test - Milk,1.341,240,20999.0398645.0,2/26/2026,2025,11/10/2025,108,20999.0398645.0_2025_11,1,1,first,Pregnant,Pregnant,,,2,2
1/8/2026,,20999,,,401430,,Pregnancy Test - Milk,0.732,104,20999.0401430.0,1/8/2026,2025,12/4/2025,35,20999.0401430.0_2025_12,1,1,first,Pregnant,Pregnant,,,2,2
2/12/2026,,20999,,,401430,,Pregnancy Test - Milk,1.233,139,20999.0401430.0,2/12/2026,2025,12/4/2025,70,20999.0401430.0_2025_12,1,2,last,Pregnant,Pregnant,,,2,2
1/1/2026,,21001,,,398645,,Pregnancy Test - Milk,0.427,176,21001.0398645.0,1/1/2026,2025,10/24/2025,69,21001.0398645.0_2025_10,1,1,first,Pregnant,Pregnant,,,2,2
4/23/2026,,21001,,,398645,,Pregnancy Test - Milk,POS,288,21001.0398645.0,4/23/2026,2025,10/24/2025,181,21001.0398645.0_2025_10,1,2,last,Pregnant,Pregnant,,,2,2
2/13/2026,,21001,,,401430,,Pregnancy Test - Milk,-0.053,96,21001.0401430.0,2/13/2026,2026,1/9/2026,35,21001.0401430.0_2026_1,1,1,first,Open,Open,,,2,2
3/27/2026,,21001,,,401430,,Pregnancy Test - Milk,-0.007,138,21001.0401430.0,3/27/2026,2026,2/17/2026,38,21001.0401430.0_2026_2,2,1,first,Open,Open,,,2,2
5/15/2026,,21001,,,401430,,Pregnancy Test - Milk,0.527,187,21001.0401430.0,5/15/2026,2026,4/9/2026,36,21001.0401430.0_2026_4,3,1,first,Pregnant,Pregnant,,,2,2
12/25/2025,,21007,,,398645,,Pregnancy Test - Milk,0.749,170,21007.0398645.0,12/25/2025,2025,10/15/2025,71,21007.0398645.0_2025_10,1,1,first,Pregnant,Pregnant,,,2,2
1/9/2026,,21007,,,401430,,Pregnancy Test - Milk,0.134,106,21007.0401430.0,1/9/2026,2025,12/4/2025,36,21007.0401430.0_2025_12,1,1,first,Re-Check,rc_rebred,,,2,2
3/13/2026,,21007,,,401430,,Pregnancy Test - Milk,1.612,169,21007.0401430.0,3/13/2026,2026,2/3/2026,38,21007.0401430.0_2026_2,2,1,first,Pregnant,Pregnant,,,2,2
4/24/2026,,21007,,,401430,,Pregnancy Test - Milk,0.784,211,21007.0401430.0,4/24/2026,2026,2/3/2026,80,21007.0401430.0_2026_2,2,2,last,Pregnant,Pregnant,,,2,2
3/5/2026,,21008,,,398645,,Pregnancy Test - Milk,2.512,294,21008.0398645.0,3/5/2026,2025,9/4/2025,182,21008.0398645.0_2025_9,1,1,first,Pregnant,Pregnant,,,2,2
4/2/2026,,21008,,,401430,,Pregnancy Test - Milk,1.081,165,21008.0401430.0,4/2/2026,2026,2/21/2026,40,21008.0401430.0_2026_2,1,1,first,Pregnant,Pregnant,,,2,2
5/7/2026,,21008,,,401430,,Pregnancy Test - Milk,1.641,200,21008.0401430.0,5/7/2026,2026,2/21/2026,75,21008.0401430.0_2026_2,1,2,last,Pregnant,Pregnant,,,2,2
5/21/2026,,21009,,,398645,,Pregnancy Test - Milk,0.498,217,21009.0398645.0,5/21/2026,2026,2/6/2026,104,21009.0398645.0_2026_2,1,1,first,Pregnant,Pregnant,,,2,2
1/15/2026,,21009,,,401430,,Pregnancy Test - Milk,-0.017,103,21009.0401430.0,1/15/2026,2025,12/11/2025,35,21009.0401430.0_2025_12,1,1,first,Open,Open,,,2,2
4/16/2026,,21009,,,401430,,Pregnancy Test - Milk,1.111,195,21009.0401430.0,4/16/2026,2026,3/6/2026,41,21009.0401430.0_2026_3,2,1,first,Pregnant,Pregnant,,,2,2
5/21/2026,,21009,,,401430,,Pregnancy Test - Milk,0.736,229,21009.0401430.0,5/21/2026,2026,3/6/2026,75,21009.0401430.0_2026_3,2,2,last,Pregnant,Pregnant,,,2,2
5/7/2026,,21011,,,398645,,Pregnancy Test - Milk,0.59,272,21011.0398645.0,5/7/2026,2026,5/7/2026,0,21011.0398645.0_2026_5,1,1,first,Pregnant,Pregnant,,,2,2
5/8/2026,,21011,,,401430,,Pregnancy Test - Milk,0.751,124,21011.0401430.0,5/8/2026,2026,4/1/2026,37,21011.0401430.0_2026_4,1,1,first,Pregnant,Pregnant,,,2,2
12/4/2025,,21012,,,398645,,Pregnancy Test - Milk,0.335,180,21012.0398645.0,12/4/2025,2025,9/27/2025,68,21012.0398645.0_2025_9,1,1,first,Pregnant,Pregnant,,,2,2
4/2/2026,,21012,,,398645,,Pregnancy Test - Milk,2.141,299,21012.0398645.0,4/2/2026,2025,9/27/2025,187,21012.0398645.0_2025_9,1,2,last,Pregnant,Pregnant,,,2,2
1/2/2026,,21012,,,401430,,Pregnancy Test - Milk,-0.013,105,21012.0401430.0,1/2/2026,2025,11/26/2025,37,21012.0401430.0_2025_11,1,1,first,Open,Open,,,2,2
2/26/2026,,21012,,,401430,,Pregnancy Test - Milk,1.248,159,21012.0401430.0,2/26/2026,2026,1/22/2026,35,21012.0401430.0_2026_1,2,1,first,Pregnant,Pregnant,,,2,2
4/9/2026,,21012,,,401430,,Pregnancy Test - Milk,0.345,201,21012.0401430.0,4/9/2026,2026,1/22/2026,77,21012.0401430.0_2026_1,2,2,last,Pregnant,Pregnant,,,2,2
7/3/2025,,21014,,,398645,,Pregnancy Test - Milk,2.256,382,21014.0398645.0,7/3/2025,2025,1/2/2025,182,21014.0398645.0_2025_1,1,1,first,Pregnant,Pregnant,,,2,2
4/23/2026,,21014,,,401430,,Pregnancy Test - Milk,1.235,179,21014.0401430.0,4/23/2026,2026,3/17/2026,37,21014.0401430.0_2026_3,1,1,first,Pregnant,Pregnant,,,2,2
4/2/2026,,21020,,,398645,,Pregnancy Test - Milk,1.019,270,21020.0398645.0,4/2/2026,2025,10/3/2025,181,21020.0398645.0_2025_10,1,1,first,Pregnant,Pregnant,,,2,2
12/18/2025,,21020,,,401430,,Pregnancy Test - Milk,1.191,107,21020.0401430.0,12/18/2025,2025,11/13/2025,35,21020.0401430.0_2025_11,1,1,first,Pregnant,Pregnant,,,2,2
9/4/2025,,21026,,,398645,,Pregnancy Test - Milk,1.28,410,21026.0398645.0,9/4/2025,2025,3/4/2025,184,21026.0398645.0_2025_3,1,1,first,Pregnant,Pregnant,,,2,2
3/19/2026,,21026,,,401430,,Pregnancy Test - Milk,1.298,151,21026.0401430.0,3/19/2026,2026,2/8/2026,39,21026.0401430.0_2026_2,1,1,first,Pregnant,Pregnant,,,2,2
4/23/2026,,21026,,,401430,,Pregnancy Test - Milk,1.199,186,21026.0401430.0,4/23/2026,2026,2/8/2026,74,21026.0401430.0_2026_2,1,2,last,Pregnant,Pregnant,,,2,2
2/19/2026,,21031,,,398645,,Pregnancy Test - Milk,0.392,213,21031.0398645.0,2/19/2026,2025,12/6/2025,75,21031.0398645.0_2025_12,1,1,first,Pregnant,Pregnant,,,2,2
5/14/2026,,21031,,,401430,,Pregnancy Test - Milk,0.879,190,21031.0401430.0,5/14/2026,2026,4/5/2026,39,21031.0401430.0_2026_4,1,1,first,Pregnant,Pregnant,,,2,2
12/25/2025,,21036,,,398645,,Pregnancy Test - Milk,0.466,150,21036.0398645.0,12/25/2025,2025,10/7/2025,79,21036.0398645.0_2025_10,1,1,first,Pregnant,Pregnant,,,2,2
4/9/2026,,21036,,,398645,,Pregnancy Test - Milk,1.614,255,21036.0398645.0,4/9/2026,2025,10/7/2025,184,21036.0398645.0_2025_10,1,2,last,Pregnant,Pregnant,,,2,2
1/30/2026,,21036,,,401430,,Pregnancy Test - Milk,0.904,134,21036.0401430.0,1/30/2026,2025,12/19/2025,42,21036.0401430.0_2025_12,1,1,first,Pregnant,Pregnant,,,2,2
2/5/2026,,21036,,,401430,,Pregnancy Test - Milk,1.206,139,21036.0401430.0,2/5/2026,2025,12/19/2025,47,21036.0401430.0_2025_12,1,2,intermediate,Pregnant,Pregnant,,,2,2
3/5/2026,,21036,,,401430,,Pregnancy Test - Milk,0.872,167,21036.0401430.0,3/5/2026,2025,12/19/2025,75,21036.0401430.0_2025_12,1,3,last,Pregnant,Pregnant,,,2,2
11/20/2025,,21040,,,398645,,Pregnancy Test - Milk,0.265,166,21040.0398645.0,11/20/2025,2025,8/6/2025,106,21040.0398645.0_2025_8,1,1,first,Pregnant,Pregnant,,,2,2
2/20/2026,,21040,,,401430,,Pregnancy Test - Milk,1.345,143,21040.0401430.0,2/20/2026,2026,1/15/2026,36,21040.0401430.0_2026_1,1,1,first,Pregnant,Pregnant,,,2,2
4/3/2026,,21040,,,401430,,Pregnancy Test - Milk,0.424,185,21040.0401430.0,4/3/2026,2026,1/15/2026,78,21040.0401430.0_2026_1,1,2,last,Pregnant,Pregnant,,,2,2
4/2/2026,,21041,,,398645,,Pregnancy Test - Milk,2.298,272,21041.0398645.0,4/2/2026,2025,9/30/2025,184,21041.0398645.0_2025_9,1,1,first,Pregnant,Pregnant,,,2,2
1/2/2026,,21041,,,401430,,Pregnancy Test - Milk,0.452,108,21041.0401430.0,1/2/2026,2025,11/26/2025,37,21041.0401430.0_2025_11,1,1,first,Pregnant,preg_loss_rebred,,,2,2
2/26/2026,,21041,,,401430,,Pregnancy Test - Milk,0.85,162,21041.0401430.0,2/26/2026,2026,1/22/2026,35,21041.0401430.0_2026_1,2,1,first,Pregnant,Pregnant,,,2,2
4/9/2026,,21041,,,401430,,Pregnancy Test - Milk,0.424,204,21041.0401430.0,4/9/2026,2026,1/22/2026,77,21041.0401430.0_2026_1,2,2,last,Pregnant,Pregnant,,,2,2
11/6/2025,,21042,,,398645,,Pregnancy Test - Milk,0.622,161,21042.0398645.0,11/6/2025,2025,9/30/2025,37,21042.0398645.0_2025_9,1,1,first,Pregnant,Pregnant,,,2,2
2/26/2026,,21042,,,398645,,Pregnancy Test - Milk,0.876,273,21042.0398645.0,2/26/2026,2025,9/30/2025,149,21042.0398645.0_2025_9,1,2,last,Pregnant,Pregnant,,,2,2
12/26/2025,,21042,,,401430,,Pregnancy Test - Milk,0.958,103,21042.0401430.0,12/26/2025,2025,11/20/2025,36,21042.0401430.0_2025_11,1,1,first,Pregnant,Pregnant,,,2,2
2/20/2026,,21042,,,401430,,Pregnancy Test - Milk,0.47,159,21042.0401430.0,2/20/2026,2025,11/20/2025,92,21042.0401430.0_2025_11,1,2,last,Pregnant,Pregnant,,,2,2
12/4/2025,,21046,,,398645,,Pregnancy Test - Milk,0.404,161,21046.0398645.0,12/4/2025,2025,11/18/2025,16,21046.0398645.0_2025_11,1,1,first,Pregnant,Pregnant,,,2,2
3/26/2026,,21046,,,398645,,Pregnancy Test - Milk,POS,273,21046.0398645.0,3/26/2026,2025,11/18/2025,128,21046.0398645.0_2025_11,1,2,last,Pregnant,Pregnant,,,2,2
1/30/2026,,21046,,,401430,,Pregnancy Test - Milk,0.792,153,21046.0401430.0,1/30/2026,2025,11/12/2025,79,21046.0401430.0_2025_11,1,2,intermediate,Pregnant,Pregnant,,,2,2
12/18/2025,,21046,,,401430,,Pregnancy Test - Milk,2.494,109,21046.0401430.0,12/18/2025,2025,11/12/2025,35,21046.0401430.0_2025_11,1,1,first,Pregnant,Pregnant,,,2,2
2/5/2026,,21046,,,401430,,Pregnancy Test - Milk,2.114,158,21046.0401430.0,2/5/2026,2025,11/12/2025,84,21046.0401430.0_2025_11,1,3,last,Pregnant,Pregnant,,,2,2
4/2/2026,,21049,,,398645,,Pregnancy Test - Milk,0.313,173,21049.0398645.0,4/2/2026,2026,1/21/2026,71,21049.0398645.0_2026_1,1,1,first,Pregnant,Pregnant,,,2,2
1/16/2026,,21049,,,401430,,Pregnancy Test - Milk,0.211,105,21049.0401430.0,1/16/2026,2025,12/11/2025,36,21049.0401430.0_2025_12_2,2,1,first,Re-Check,rc_preg,,,2,2
1/23/2026,,21049,,,401430,,Pregnancy Test - Milk,0.157,115,21049.0401430.0,1/23/2026,2025,12/8/2025,46,21049.0401430.0_2025_12_1,1,1,first,Re-Check,rc_rebred,,,2,2
1/30/2026,,21049,,,401430,,Pregnancy Test - Milk,0.102,119,21049.0401430.0,1/30/2026,2025,12/11/2025,50,21049.0401430.0_2025_12_2,2,2,intermediate,Re-Check,rc_preg,,,2,2
2/27/2026,,21049,,,401430,,Pregnancy Test - Milk,0.357,147,21049.0401430.0,2/27/2026,2025,12/11/2025,78,21049.0401430.0_2025_12_2,2,4,last,Pregnant,rc_preg,,,2,2
2/6/2026,,21049,,,401430,,Pregnancy Test - Milk,0.321,126,21049.0401430.0,2/6/2026,2025,12/11/2025,57,21049.0401430.0_2025_12_2,2,3,intermediate,Pregnant,rc_preg,,,2,2
11/6/2025,,21050,,,398645,,Pregnancy Test - Milk,0.33,159,21050.0398645.0,11/6/2025,2025,8/19/2025,79,21050.0398645.0_2025_8,1,1,first,Pregnant,Pregnant,,,2,2
2/19/2026,,21050,,,398645,,Pregnancy Test - Milk,2.12,264,21050.0398645.0,2/19/2026,2025,8/19/2025,184,21050.0398645.0_2025_8,1,2,last,Pregnant,Pregnant,,,2,2
12/4/2025,,21050,,,401430,,Pregnancy Test - Milk,0.409,110,21050.0401430.0,12/4/2025,2025,10/30/2025,35,21050.0401430.0_2025_10,1,1,first,Pregnant,preg_loss_rebred,,,2,2
3/12/2026,,21050,,,401430,,Pregnancy Test - Milk,0.939,208,21050.0401430.0,3/12/2026,2026,2/2/2026,37,21050.0401430.0_2026_2,2,1,first,Pregnant,Pregant_with_rc,,,2,2
4/16/2026,,21050,,,401430,,Pregnancy Test - Milk,0.13,244,21050.0401430.0,4/16/2026,2026,2/2/2026,73,21050.0401430.0_2026_2,2,2,intermediate,Re-Check,Pregant_with_rc,,,2,2
4/23/2026,,21050,,,401430,,Pregnancy Test - Milk,0.159,250,21050.0401430.0,4/23/2026,2026,2/2/2026,79,21050.0401430.0_2026_2,2,3,intermediate,Re-Check,Pregant_with_rc,,,2,2
4/30/2026,,21050,,,401430,,Pregnancy Test - Milk,0.379,257,21050.0401430.0,4/30/2026,2026,2/2/2026,86,21050.0401430.0_2026_2,2,4,last,Pregnant,Pregant_with_rc,,,2,2
3/19/2026,,21051,,,398645,,Pregnancy Test - Milk,0.255,152,21051.0398645.0,3/19/2026,2026,1/5/2026,73,21051.0398645.0_2026_1,2,1,first,Pregnant,Pregnant,,,2,2
7/3/2025,,21051,,,398645,,Pregnancy Test - Milk,0.186,400,21051.0398645.0,7/3/2025,2025,1/2/2025,182,21051.0398645.0_2025_1,1,1,first,Re-Check,rc_unresolved_>_1_bred,,,2,2
1/2/2026,,21051,,,401430,,Pregnancy Test - Milk,0.682,104,21051.0401430.0,1/2/2026,2025,11/26/2025,37,21051.0401430.0_2025_11,1,1,first,Pregnant,Pregnant,,,2,2
2/13/2026,,21051,,,401430,,Pregnancy Test - Milk,0.855,145,21051.0401430.0,2/13/2026,2025,11/26/2025,78,21051.0401430.0_2025_11,1,2,last,Pregnant,Pregnant,,,2,2
10/30/2025,,21055,,,398645,,Pregnancy Test - Milk,0.287,134,21055.0398645.0,10/30/2025,2025,8/20/2025,71,21055.0398645.0_2025_8,1,1,first,Pregnant,Pregnant,,,2,2
2/19/2026,,21055,,,398645,,Pregnancy Test - Milk,POS,246,21055.0398645.0,2/19/2026,2025,8/20/2025,183,21055.0398645.0_2025_8,1,2,last,Pregnant,Pregnant,,,2,2
1/2/2026,,21055,,,401430,,Pregnancy Test - Milk,0.05,113,21055.0401430.0,1/2/2026,2025,11/19/2025,44,21055.0401430.0_2025_11,1,1,first,Open,Open,,,2,2
4/16/2026,,21055,,,401430,,Pregnancy Test - Milk,0.77,217,21055.0401430.0,4/16/2026,2026,3/7/2026,40,21055.0401430.0_2026_3,2,1,first,Pregnant,Pregnant,,,2,2
6/5/2025,,21057,,,398645,,Pregnancy Test - Milk,0.534,337,21057.0398645.0,6/5/2025,2025,4/29/2025,37,21057.0398645.0_2025_4,1,1,first,Pregnant,Pregnant,,,2,2
9/25/2025,,21057,,,398645,,Pregnancy Test - Milk,POS,449,21057.0398645.0,9/25/2025,2025,4/29/2025,149,21057.0398645.0_2025_4,1,2,last,Pregnant,Pregnant,,,2,2
1/2/2026,,21057,,,401430,,Pregnancy Test - Milk,0.86,106,21057.0401430.0,1/2/2026,2025,11/26/2025,37,21057.0401430.0_2025_11,1,1,first,Pregnant,Pregnant,,,2,2
2/20/2026,,21057,,,401430,,Pregnancy Test - Milk,1.247,154,21057.0401430.0,2/20/2026,2025,11/26/2025,85,21057.0401430.0_2025_11,1,2,last,Pregnant,Pregnant,,,2,2
5/7/2026,,21059,,,398645,,Pregnancy Test - Milk,2.731,332,21059.0398645.0,5/7/2026,2025,11/7/2025,181,21059.0398645.0_2025_11,1,1,first,Pregnant,Pregnant,,,2,2
3/19/2026,,21059,,,401430,,Pregnancy Test - Milk,0.035,119,21059.0401430.0,3/19/2026,2026,2/12/2026,35,21059.0401430.0_2026_2,1,1,first,Open,Open,,,2,2
5/7/2026,,21059,,,401430,,Pregnancy Test - Milk,-0.006,168,21059.0401430.0,5/7/2026,2026,4/1/2026,36,21059.0401430.0_2026_4,2,1,first,Open,Open,,,2,2
11/27/2025,,21065,,,398645,,Pregnancy Test - Milk,0.181,150,21065.0398645.0,11/27/2025,2025,9/17/2025,71,21065.0398645.0_2025_9,1,1,first,Re-Check,rc_preg,,,2,2
3/19/2026,,21065,,,398645,,Pregnancy Test - Milk,2.691,261,21065.0398645.0,3/19/2026,2025,9/17/2025,183,21065.0398645.0_2025_9,1,2,last,Pregnant,rc_preg,,,2,2
3/19/2026,,21065,,,401430,,Pregnancy Test - Milk,1.473,117,21065.0401430.0,3/19/2026,2026,2/12/2026,35,21065.0401430.0_2026_2,1,1,first,Pregnant,Pregnant,,,2,2
4/30/2026,,21065,,,401430,,Pregnancy Test - Milk,1.405,159,21065.0401430.0,4/30/2026,2026,2/12/2026,77,21065.0401430.0_2026_2,1,2,last,Pregnant,Pregnant,,,2,2
1/1/2026,,21067,,,398645,,Pregnancy Test - Milk,0.433,163,21067.0398645.0,1/1/2026,2025,10/27/2025,66,21067.0398645.0_2025_10,1,1,first,Pregnant,Pregnant,,,2,2
4/30/2026,,21067,,,398645,,Pregnancy Test - Milk,2.627,282,21067.0398645.0,4/30/2026,2025,10/27/2025,185,21067.0398645.0_2025_10,1,2,last,Pregnant,Pregnant,,,2,2
1/22/2026,,21067,,,401430,,Pregnancy Test - Milk,0.677,150,21067.0401430.0,1/22/2026,2025,11/6/2025,77,21067.0401430.0_2025_11,1,2,last,Pregnant,Pregnant,,,2,2
12/11/2025,,21067,,,401430,,Pregnancy Test - Milk,1.613,108,21067.0401430.0,12/11/2025,2025,11/6/2025,35,21067.0401430.0_2025_11,1,1,first,Pregnant,Pregnant,,,2,2
7/31/2025,,21068,,,398645,,Pregnancy Test - Milk,2.39,306,21068.0398645.0,7/31/2025,2025,3/4/2025,149,21068.0398645.0_2025_3,1,1,first,Pregnant,Pregnant,,,2,2
1/30/2026,,21068,,,401430,,Pregnancy Test - Milk,0.792,135,21068.0401430.0,1/30/2026,2025,12/19/2025,42,21068.0401430.0_2025_12,1,1,first,Pregnant,Pregnant,,,2,2
2/5/2026,,21068,,,401430,,Pregnancy Test - Milk,0.83,140,21068.0401430.0,2/5/2026,2025,12/19/2025,47,21068.0401430.0_2025_12,1,2,intermediate,Pregnant,Pregnant,,,2,2
3/5/2026,,21068,,,401430,,Pregnancy Test - Milk,0.836,168,21068.0401430.0,3/5/2026,2025,12/19/2025,75,21068.0401430.0_2025_12,1,3,last,Pregnant,Pregnant,,,2,2
6/19/2025,,21070,,,398645,,Pregnancy Test - Milk,2.238,375,21070.0398645.0,6/19/2025,2025,1/22/2025,148,21070.0398645.0_2025_1,1,1,first,Pregnant,Pregnant,,,2,2
1/30/2026,,21070,,,401430,,Pregnancy Test - Milk,0.368,155,21070.0401430.0,1/30/2026,2025,11/12/2025,79,21070.0401430.0_2025_11,1,2,intermediate,Pregnant,Pregnant,,,2,2
12/18/2025,,21070,,,401430,,Pregnancy Test - Milk,1.152,111,21070.0401430.0,12/18/2025,2025,11/12/2025,35,21070.0401430.0_2025_11,1,1,first,Pregnant,Pregnant,,,2,2
2/5/2026,,21070,,,401430,,Pregnancy Test - Milk,0.978,160,21070.0401430.0,2/5/2026,2025,11/12/2025,84,21070.0401430.0_2025_11,1,3,last,Pregnant,Pregnant,,,2,2
8/21/2025,,21075,,,398645,,Pregnancy Test - Milk,1.94,341,21075.0398645.0,8/21/2025,2025,3/25/2025,149,21075.0398645.0_2025_3,1,1,first,Pregnant,Pregnant,,,2,2
1/22/2026,,21075,,,401430,,Pregnancy Test - Milk,0.656,122,21075.0401430.0,1/22/2026,2025,12/16/2025,37,21075.0401430.0_2025_12,1,1,first,Pregnant,Pregnant,,,2,2
2/26/2026,,21075,,,401430,,Pregnancy Test - Milk,0.329,157,21075.0401430.0,2/26/2026,2025,12/16/2025,72,21075.0401430.0_2025_12,1,2,last,Pregnant,Pregnant,,,2,2
8/28/2025,,21081,,,398645,,Pregnancy Test - Milk,POS,415,21081.0398645.0,8/28/2025,2025,4/1/2025,149,21081.0398645.0_2025_4,1,1,first,Pregnant,Pregnant,,,2,2
1/22/2026,,21081,,,401430,,Pregnancy Test - Milk,0.388,141,21081.0401430.0,1/22/2026,2025,11/12/2025,71,21081.0401430.0_2025_11,1,2,last,Pregnant,Pregnant,,,2,2
12/18/2025,,21081,,,401430,,Pregnancy Test - Milk,1.052,106,21081.0401430.0,12/18/2025,2025,11/12/2025,36,21081.0401430.0_2025_11,1,1,first,Pregnant,Pregnant,,,2,2
1/1/2026,,21085,,,398645,,Pregnancy Test - Milk,0.245,207,21085.0398645.0,1/1/2026,2025,10/24/2025,69,21085.0398645.0_2025_10,1,1,first,Re-Check,rc_preg,,,2,2
4/23/2026,,21085,,,398645,,Pregnancy Test - Milk,1.147,319,21085.0398645.0,4/23/2026,2025,10/24/2025,181,21085.0398645.0_2025_10,1,2,last,Pregnant,rc_preg,,,2,2
2/26/2026,,21085,,,401430,,Pregnancy Test - Milk,0.023,123,21085.0401430.0,2/26/2026,2026,1/21/2026,36,21085.0401430.0_2026_1,1,1,first,Open,Open,,,2,2
4/30/2026,,21085,,,401430,,Pregnancy Test - Milk,0.635,186,21085.0401430.0,4/30/2026,2026,3/23/2026,38,21085.0401430.0_2026_3,2,1,first,Pregnant,Pregnant,,,2,2
5/7/2026,,21088,,,398645,,Pregnancy Test - Milk,1.139,304,21088.0398645.0,5/7/2026,2025,11/6/2025,182,21088.0398645.0_2025_11,1,1,first,Pregnant,Pregnant,,,2,2
2/13/2026,,21088,,,401430,,Pregnancy Test - Milk,1.173,123,21088.0401430.0,2/13/2026,2026,1/7/2026,37,21088.0401430.0_2026_1,1,1,first,Pregnant,Pregnant,,,2,2
3/19/2026,,21088,,,401430,,Pregnancy Test - Milk,0.521,157,21088.0401430.0,3/19/2026,2026,1/7/2026,71,21088.0401430.0_2026_1,1,2,last,Pregnant,Pregnant,,,2,2
1/23/2026,,21091,,,398645,,Pregnancy Test - Milk,0.139,142,21091.0398645.0,1/23/2026,2025,11/30/2025,54,21091.0398645.0_2025_11,2,1,first,Re-Check,rc_unresolved_>_1_bred,,,2,2
5/29/2025,,21091,,,398645,,Pregnancy Test - Milk,POS,280,21091.0398645.0,5/29/2025,2024,10/30/2024,211,21091.0398645.0_2024_10,1,1,first,Pregnant,Pregnant,,,2,2
2/13/2026,,21091,,,401430,,Pregnancy Test - Milk,0.578,119,21091.0401430.0,2/13/2026,2025,12/25/2025,50,21091.0401430.0_2025_12,1,1,first,Pregnant,Pregnant,,,2,2
3/12/2026,,21091,,,401430,,Pregnancy Test - Milk,0.543,146,21091.0401430.0,3/12/2026,2025,12/25/2025,77,21091.0401430.0_2025_12,1,2,last,Pregnant,Pregnant,,,2,2
2/5/2026,,21097,,,398645,,Pregnancy Test - Milk,0.444,200,21097.0398645.0,2/5/2026,2025,11/26/2025,71,21097.0398645.0_2025_11,1,1,first,Pregnant,Pregnant,,,2,2
2/13/2026,,21097,,,401430,,Pregnancy Test - Milk,1.259,118,21097.0401430.0,2/13/2026,2025,12/25/2025,50,21097.0401430.0_2025_12,1,1,first,Pregnant,Pregnant,,,2,2
3/12/2026,,21097,,,401430,,Pregnancy Test - Milk,0.929,145,21097.0401430.0,3/12/2026,2025,12/25/2025,77,21097.0401430.0_2025_12,1,2,last,Pregnant,Pregnant,,,2,2
10/30/2025,,21099,,,398645,,Pregnancy Test - Milk,0.231,140,21099.0398645.0,10/30/2025,2025,8/19/2025,72,21099.0398645.0_2025_8,1,1,first,Re-Check,rc_preg,,,2,2
2/19/2026,,21099,,,398645,,Pregnancy Test - Milk,2.253,252,21099.0398645.0,2/19/2026,2025,8/19/2025,184,21099.0398645.0_2025_8,1,2,last,Pregnant,rc_preg,,,2,2
3/5/2026,,21099,,,401430,,Pregnancy Test - Milk,1.992,143,21099.0401430.0,3/5/2026,2026,1/23/2026,41,21099.0401430.0_2026_1,1,1,first,Pregnant,Pregnant,,,2,2
4/9/2026,,21099,,,401430,,Pregnancy Test - Milk,0.298,178,21099.0401430.0,4/9/2026,2026,1/23/2026,76,21099.0401430.0_2026_1,1,2,last,Pregnant,Pregnant,,,2,2
1/1/2026,,21100,,,398645,,Pregnancy Test - Milk,0.274,196,21100.0398645.0,1/1/2026,2025,9/30/2025,93,21100.0398645.0_2025_9,1,1,first,Pregnant,Pregnant,,,2,2
4/23/2026,,21100,,,398645,,Pregnancy Test - Milk,2.576,308,21100.0398645.0,4/23/2026,2025,9/30/2025,205,21100.0398645.0_2025_9,1,2,last,Pregnant,Pregnant,,,2,2
1/2/2026,,21100,,,401430,,Pregnancy Test - Milk,0.625,109,21100.0401430.0,1/2/2026,2025,11/26/2025,37,21100.0401430.0_2025_11,1,1,first,Pregnant,Pregnant,,,2,2
2/13/2026,,21100,,,401430,,Pregnancy Test - Milk,0.658,150,21100.0401430.0,2/13/2026,2025,11/26/2025,78,21100.0401430.0_2025_11,1,2,last,Pregnant,Pregnant,,,2,2
2/19/2026,,21102,,,398645,,Pregnancy Test - Milk,0.715,131,21102.0398645.0,2/19/2026,2025,12/8/2025,73,21102.0398645.0_2025_12,2,1,first,Pregnant,Pregnant,,,2,2
7/3/2025,,21102,,,398645,,Pregnancy Test - Milk,2.652,301,21102.0398645.0,7/3/2025,2025,1/2/2025,182,21102.0398645.0_2025_1,1,1,first,Pregnant,Pregnant,,,2,2
1/2/2026,,21102,,,401430,,Pregnancy Test - Milk,0.592,116,21102.0401430.0,1/2/2026,2025,11/19/2025,44,21102.0401430.0_2025_11,1,1,first,Pregnant,Pregnant,,,2,2
2/5/2026,,21102,,,401430,,Pregnancy Test - Milk,0.558,149,21102.0401430.0,2/5/2026,2025,11/19/2025,77,21102.0401430.0_2025_11,1,2,last,Pregnant,Pregnant,,,2,2
12/18/2025,,21106,,,398645,,Pregnancy Test - Milk,0.535,174,21106.0398645.0,12/18/2025,2025,10/8/2025,71,21106.0398645.0_2025_10,1,1,first,Pregnant,Pregnant,,,2,2
4/9/2026,,21106,,,398645,,Pregnancy Test - Milk,1.595,286,21106.0398645.0,4/9/2026,2025,10/8/2025,183,21106.0398645.0_2025_10,1,2,last,Pregnant,Pregnant,,,2,2
4/16/2026,,21106,,,401430,,Pregnancy Test - Milk,-0.005,139,21106.0401430.0,4/16/2026,2026,3/6/2026,41,21106.0401430.0_2026_3,1,1,first,Open,Open,,,2,2
3/5/2026,,21111,,,398645,,Pregnancy Test - Milk,2.727,266,21111.0398645.0,3/5/2026,2025,9/4/2025,182,21111.0398645.0_2025_9,1,1,first,Pregnant,Pregnant,,,2,2
2/20/2026,,21111,,,401430,,Pregnancy Test - Milk,0.789,123,21111.0401430.0,2/20/2026,2025,12/25/2025,57,21111.0401430.0_2025_12,1,1,first,Pregnant,Pregnant,,,2,2
3/12/2026,,21111,,,401430,,Pregnancy Test - Milk,0.463,143,21111.0401430.0,3/12/2026,2025,12/25/2025,77,21111.0401430.0_2025_12,1,2,last,Pregnant,Pregnant,,,2,2
2/5/2026,,21112,,,398645,,Pregnancy Test - Milk,0.501,184,21112.0398645.0,2/5/2026,2025,12/30/2025,37,21112.0398645.0_2025_12,1,1,first,Pregnant,Pregnant,,,2,2
1/30/2026,,21112,,,401430,,Pregnancy Test - Milk,0.114,133,21112.0401430.0,1/30/2026,2025,12/22/2025,39,21112.0401430.0_2025_12,1,1,first,Re-Check,rc_rebred,,,2,2
3/13/2026,,21112,,,401430,,Pregnancy Test - Milk,1.071,175,21112.0401430.0,3/13/2026,2026,2/4/2026,37,21112.0401430.0_2026_2,2,1,first,Pregnant,Pregnant,,,2,2
4/24/2026,,21112,,,401430,,Pregnancy Test - Milk,1.085,217,21112.0401430.0,4/24/2026,2026,2/4/2026,79,21112.0401430.0_2026_2,2,2,last,Pregnant,Pregnant,,,2,2
7/17/2025,,21113,,,398645,,Pregnancy Test - Milk,1.238,329,21113.0398645.0,7/17/2025,2025,1/15/2025,183,21113.0398645.0_2025_1,1,1,first,Pregnant,Pregnant,,,2,2
1/8/2026,,21113,,,401430,,Pregnancy Test - Milk,1.38,105,21113.0401430.0,1/8/2026,2025,12/4/2025,35,21113.0401430.0_2025_12,1,1,first,Pregnant,Pregnant,,,2,2
2/13/2026,,21113,,,401430,,Pregnancy Test - Milk,0.67,141,21113.0401430.0,2/13/2026,2025,12/4/2025,71,21113.0401430.0_2025_12,1,2,last,Pregnant,Pregnant,,,2,2
8/21/2025,,21116,,,398645,,Pregnancy Test - Milk,1.216,359,21116.0398645.0,8/21/2025,2025,3/25/2025,149,21116.0398645.0_2025_3,1,1,first,Pregnant,Pregnant,,,2,2
3/5/2026,,21116,,,401430,,Pregnancy Test - Milk,1.716,121,21116.0401430.0,3/5/2026,2026,1/28/2026,36,21116.0401430.0_2026_1,1,1,first,Pregnant,Pregnant,,,2,2
4/9/2026,,21116,,,401430,,Pregnancy Test - Milk,0.752,156,21116.0401430.0,4/9/2026,2026,1/28/2026,71,21116.0401430.0_2026_1,1,2,last,Pregnant,Pregnant,,,2,2
1/29/2026,,21118,,,398645,,Pregnancy Test - Milk,0.105,156,21118.0398645.0,1/29/2026,2025,11/19/2025,71,21118.0398645.0_2025_11,1,1,first,Re-Check,rc_unresolved,,,2,2
1/15/2026,,21118,,,401430,,Pregnancy Test - Milk,1.153,103,21118.0401430.0,1/15/2026,2025,12/10/2025,36,21118.0401430.0_2025_12,1,1,first,Pregnant,Pregnant,,,2,2
2/20/2026,,21118,,,401430,,Pregnancy Test - Milk,1.297,139,21118.0401430.0,2/20/2026,2025,12/10/2025,72,21118.0401430.0_2025_12,1,2,last,Pregnant,Pregnant,,,2,2
12/4/2025,,21120,,,398645,,Pregnancy Test - Milk,1.105,183,21120.0398645.0,12/4/2025,2025,9/27/2025,68,21120.0398645.0_2025_9,1,1,first,Pregnant,Pregnant,,,2,2
4/2/2026,,21120,,,398645,,Pregnancy Test - Milk,POS,302,21120.0398645.0,4/2/2026,2025,9/27/2025,187,21120.0398645.0_2025_9,1,2,last,Pregnant,Pregnant,,,2,2
1/2/2026,,21120,,,401430,,Pregnancy Test - Milk,1.648,109,21120.0401430.0,1/2/2026,2025,11/26/2025,37,21120.0401430.0_2025_11,1,1,first,Pregnant,Pregnant,,,2,2
2/20/2026,,21120,,,401430,,Pregnancy Test - Milk,1.316,157,21120.0401430.0,2/20/2026,2025,11/26/2025,85,21120.0401430.0_2025_11,1,2,last,Pregnant,Pregnant,,,2,2
3/5/2026,,21121,,,398645,,Pregnancy Test - Milk,POS,257,21121.0398645.0,3/5/2026,2025,9/3/2025,183,21121.0398645.0_2025_9,1,1,first,Pregnant,Pregnant,,,2,2
1/2/2026,,21121,,,401430,,Pregnancy Test - Milk,-0.001,119,21121.0401430.0,1/2/2026,2025,11/19/2025,44,21121.0401430.0_2025_11,1,1,first,Open,Open,,,2,2
3/19/2026,,21121,,,401430,,Pregnancy Test - Milk,0.718,194,21121.0401430.0,3/19/2026,2026,2/10/2026,37,21121.0401430.0_2026_2,2,1,first,Pregnant,Pregnant,,,2,2
4/23/2026,,21121,,,401430,,Pregnancy Test - Milk,0.632,229,21121.0401430.0,4/23/2026,2026,2/10/2026,72,21121.0401430.0_2026_2,2,2,last,Pregnant,Pregnant,,,2,2
8/7/2025,,21123,,,398645,,Pregnancy Test - Milk,0.213,384,21123.0398645.0,8/7/2025,2025,5/10/2025,89,21123.0398645.0_2025_5,1,1,first,Re-Check,rc_unresolved,,,2,2
1/22/2026,,21123,,,401430,,Pregnancy Test - Milk,1.108,101,21123.0401430.0,1/22/2026,2025,12/18/2025,35,21123.0401430.0_2025_12,1,1,first,Pregnant,Pregnant,,,2,2
3/5/2026,,21123,,,401430,,Pregnancy Test - Milk,2.169,143,21123.0401430.0,3/5/2026,2025,12/18/2025,77,21123.0401430.0_2025_12,1,2,last,Pregnant,Pregnant,,,2,2
1/1/2026,,21125,,,398645,,Pregnancy Test - Milk,0.543,209,21125.0398645.0,1/1/2026,2025,10/26/2025,67,21125.0398645.0_2025_10,1,1,first,Pregnant,Pregnant,,,2,2
4/30/2026,,21125,,,398645,,Pregnancy Test - Milk,POS,328,21125.0398645.0,4/30/2026,2025,10/26/2025,186,21125.0398645.0_2025_10,1,2,last,Pregnant,Pregnant,,,2,2
3/5/2026,,21125,,,401430,,Pregnancy Test - Milk,1.408,124,21125.0401430.0,3/5/2026,2026,1/28/2026,35,21125.0401430.0_2026_1,1,1,first,Pregnant,Pregnant,,,2,2
4/16/2026,,21125,,,401430,,Pregnancy Test - Milk,0.489,167,21125.0401430.0,4/16/2026,2026,1/28/2026,78,21125.0401430.0_2026_1,1,2,last,Pregnant,Pregnant,,,2,2
12/25/2025,,21131,,,398645,,Pregnancy Test - Milk,0.022,167,21131.0398645.0,12/25/2025,2025,12/25/2025,0,21131.0398645.0_2025_12,1,1,first,Open,Open,,,2,2
4/9/2026,,21131,,,398645,,Pregnancy Test - Milk,0.921,272,21131.0398645.0,4/9/2026,2026,2/2/2026,66,21131.0398645.0_2026_2,2,1,first,Pregnant,Pregnant,,,2,2
1/8/2026,,21131,,,401430,,Pregnancy Test - Milk,0.254,119,21131.0401430.0,1/8/2026,2025,11/20/2025,49,21131.0401430.0_2025_11,1,1,first,Pregnant,Pregnant,,,2,2
2/13/2026,,21131,,,401430,,Pregnancy Test - Milk,0.96,155,21131.0401430.0,2/13/2026,2025,11/20/2025,85,21131.0401430.0_2025_11,1,2,last,Pregnant,Pregnant,,,2,2
3/19/2026,,21132,,,398645,,Pregnancy Test - Milk,0.318,148,21132.0398645.0,3/19/2026,2026,1/7/2026,71,21132.0398645.0_2026_1,1,1,first,Pregnant,Pregnant,,,2,2
1/2/2026,,21132,,,401430,,Pregnancy Test - Milk,0.051,115,21132.0401430.0,1/2/2026,2025,11/19/2025,44,21132.0401430.0_2025_11,1,1,first,Open,Open,,,2,2
3/26/2026,,21132,,,401430,,Pregnancy Test - Milk,0.829,197,21132.0401430.0,3/26/2026,2026,2/13/2026,41,21132.0401430.0_2026_2,2,1,first,Pregnant,Pregnant,,,2,2
4/30/2026,,21132,,,401430,,Pregnancy Test - Milk,0.554,232,21132.0401430.0,4/30/2026,2026,2/13/2026,76,21132.0401430.0_2026_2,2,2,last,Pregnant,Pregnant,,,2,2
2/19/2026,,21134,,,398645,,Pregnancy Test - Milk,1.538,144,21134.0398645.0,2/19/2026,2025,10/10/2025,132,21134.0398645.0_2025_10,2,1,first,Pregnant,Pregnant,,,2,2
6/26/2025,,21134,,,398645,,Pregnancy Test - Milk,POS,256,21134.0398645.0,6/26/2025,2025,6/12/2025,14,21134.0398645.0_2025_6,1,1,first,Pregnant,preg_loss_rebred,,,2,2
2/20/2026,,21134,,,401430,,Pregnancy Test - Milk,1.956,126,21134.0401430.0,2/20/2026,2026,1/14/2026,37,21134.0401430.0_2026_1,1,1,first,Pregnant,Pregnant,,,2,2
3/26/2026,,21134,,,401430,,Pregnancy Test - Milk,0.54,160,21134.0401430.0,3/26/2026,2026,1/14/2026,71,21134.0401430.0_2026_1,1,2,last,Pregnant,Pregnant,,,2,2
3/19/2026,,21137,,,398645,,Pregnancy Test - Milk,0.456,255,21137.0398645.0,3/19/2026,2026,1/8/2026,70,21137.0398645.0_2026_1,1,1,first,Pregnant,Pregnant,,,2,2
1/8/2026,,21137,,,401430,,Pregnancy Test - Milk,1.465,106,21137.0401430.0,1/8/2026,2025,12/4/2025,35,21137.0401430.0_2025_12,1,1,first,Pregnant,Pregnant,,,2,2
2/20/2026,,21137,,,401430,,Pregnancy Test - Milk,0.562,149,21137.0401430.0,2/20/2026,2025,12/4/2025,78,21137.0401430.0_2025_12,1,2,last,Pregnant,Pregnant,,,2,2
2/5/2026,,21138,,,398645,,Pregnancy Test - Milk,0.183,181,21138.0398645.0,2/5/2026,2025,11/27/2025,70,21138.0398645.0_2025_11,1,1,first,Re-Check,rc_unresolved,,,2,2
2/13/2026,,21138,,,401430,,Pregnancy Test - Milk,0.517,120,21138.0401430.0,2/13/2026,2025,12/25/2025,50,21138.0401430.0_2025_12,1,1,first,Pregnant,Pregnant,,,2,2
3/12/2026,,21138,,,401430,,Pregnancy Test - Milk,0.629,147,21138.0401430.0,3/12/2026,2025,12/25/2025,77,21138.0401430.0_2025_12,1,2,last,Pregnant,Pregnant,,,2,2
9/18/2025,,21142,,,398645,,Pregnancy Test - Milk,POS,415,21142.0398645.0,9/18/2025,2025,4/22/2025,149,21142.0398645.0_2025_4,1,1,first,Pregnant,Pregnant,,,2,2
1/22/2026,,21142,,,401430,,Pregnancy Test - Milk,0.395,101,21142.0401430.0,1/22/2026,2025,12/18/2025,35,21142.0401430.0_2025_12,1,1,first,Pregnant,Pregnant,,,2,2
3/5/2026,,21142,,,401430,,Pregnancy Test - Milk,0.776,143,21142.0401430.0,3/5/2026,2025,12/18/2025,77,21142.0401430.0_2025_12,1,2,last,Pregnant,Pregnant,,,2,2
10/30/2025,,21151,,,398645,,Pregnancy Test - Milk,2.102,460,21151.0398645.0,10/30/2025,2025,6/21/2025,131,21151.0398645.0_2025_6,1,1,first,Pregnant,Pregnant,,,2,2
4/16/2026,,21151,,,401430,,Pregnancy Test - Milk,1.259,104,21151.0401430.0,4/16/2026,2026,3/8/2026,39,21151.0401430.0_2026_3,1,1,first,Pregnant,Pregnant,,,2,2
5/21/2026,,21151,,,401430,,Pregnancy Test - Milk,0.624,138,21151.0401430.0,5/21/2026,2026,3/8/2026,73,21151.0401430.0_2026_3,1,2,last,Pregnant,Pregnant,,,2,2
4/9/2026,,21153,,,398645,,Pregnancy Test - Milk,POS,254,21153.0398645.0,4/9/2026,2025,10/5/2025,186,21153.0398645.0_2025_10,1,1,first,Pregnant,Pregnant,,,2,2
2/20/2026,,21153,,,401430,,Pregnancy Test - Milk,1.128,101,21153.0401430.0,2/20/2026,2026,1/15/2026,36,21153.0401430.0_2026_1,1,1,first,Pregnant,Pregnant,,,2,2
4/2/2026,,21153,,,401430,,Pregnancy Test - Milk,0.644,142,21153.0401430.0,4/2/2026,2026,1/15/2026,77,21153.0401430.0_2026_1,1,2,last,Pregnant,Pregnant,,,2,2
5/29/2025,,21156,,,398645,,Pregnancy Test - Milk,2.783,288,21156.0398645.0,5/29/2025,2024,12/31/2024,149,21156.0398645.0_2024_12,1,1,first,Pregnant,Pregnant,,,2,2
1/22/2026,,21156,,,401430,,Pregnancy Test - Milk,0.528,105,21156.0401430.0,1/22/2026,2025,12/18/2025,35,21156.0401430.0_2025_12,1,1,first,Pregnant,preg_loss_rebred,,,2,2
3/12/2026,,21156,,,401430,,Pregnancy Test - Milk,2.179,154,21156.0401430.0,3/12/2026,2026,2/1/2026,39,21156.0401430.0_2026_2,3,1,first,Pregnant,Pregnant,,,2,2
4/16/2026,,21156,,,401430,,Pregnancy Test - Milk,2.055,190,21156.0401430.0,4/16/2026,2026,1/31/2026,75,21156.0401430.0_2026_1,2,1,first,Pregnant,preg_loss_rebred,,,2,2
1/23/2026,,21165,,,398645,,Pregnancy Test - Milk,0.127,169,21165.0398645.0,1/23/2026,2025,11/12/2025,72,21165.0398645.0_2025_11,1,1,first,Re-Check,rc_unresolved,,,2,2
2/12/2026,,21165,,,401430,,Pregnancy Test - Milk,1.32,120,21165.0401430.0,2/12/2026,2026,1/9/2026,34,21165.0401430.0_2026_1,1,1,first,Pregnant,Pregnant,,,2,2
4/2/2026,,21165,,,401430,,Pregnancy Test - Milk,0.652,169,21165.0401430.0,4/2/2026,2026,1/9/2026,83,21165.0401430.0_2026_1,1,2,last,Pregnant,Pregnant,,,2,2
1/23/2026,,21166,,,398645,,Pregnancy Test - Milk,0.275,217,21166.0398645.0,1/23/2026,2025,11/14/2025,70,21166.0398645.0_2025_11,1,1,first,Pregnant,Pregnant,,,2,2
4/24/2026,,21166,,,401430,,Pregnancy Test - Milk,0.69,108,21166.0401430.0,4/24/2026,2026,3/19/2026,36,21166.0401430.0_2026_3,1,1,first,Pregnant,Pregnant,,,2,2
1/29/2026,,21167,,,398645,,Pregnancy Test - Milk,0.244,212,21167.0398645.0,1/29/2026,2025,11/18/2025,72,21167.0398645.0_2025_11,1,1,first,Re-Check,rc_preg,,,2,2
5/21/2026,,21167,,,398645,,Pregnancy Test - Milk,2.06,324,21167.0398645.0,5/21/2026,2025,11/18/2025,184,21167.0398645.0_2025_11,1,2,last,Pregnant,rc_preg,,,2,2
4/16/2026,,21167,,,401430,,Pregnancy Test - Milk,1.081,172,21167.0401430.0,4/16/2026,2026,3/6/2026,41,21167.0401430.0_2026_3,1,1,first,Pregnant,Pregnant,,,2,2
5/21/2026,,21167,,,401430,,Pregnancy Test - Milk,1.777,206,21167.0401430.0,5/21/2026,2026,3/6/2026,75,21167.0401430.0_2026_3,1,2,last,Pregnant,Pregnant,,,2,2
6/26/2025,,21169,,,398645,,Pregnancy Test - Milk,POS,258,21169.0398645.0,6/26/2025,2025,6/22/2025,4,21169.0398645.0_2025_6,1,1,first,Pregnant,Pregnant,,,2,2
2/13/2026,,21169,,,401430,,Pregnancy Test - Milk,0.356,117,21169.0401430.0,2/13/2026,2025,12/25/2025,50,21169.0401430.0_2025_12,1,1,first,Pregnant,Pregnant,,,2,2
3/12/2026,,21169,,,401430,,Pregnancy Test - Milk,0.623,144,21169.0401430.0,3/12/2026,2025,12/25/2025,77,21169.0401430.0_2025_12,1,2,last,Pregnant,Pregnant,,,2,2
12/18/2025,,21181,,,398645,,Pregnancy Test - Milk,0.256,126,21181.0398645.0,12/18/2025,2025,10/12/2025,67,21181.0398645.0_2025_10,1,1,first,Pregnant,Pregnant,,,2,2
1/15/2026,,21181,,,401430,,Pregnancy Test - Milk,-0.013,102,21181.0401430.0,1/15/2026,2025,12/11/2025,35,21181.0401430.0_2025_12,1,1,first,Open,Open,,,2,2
3/19/2026,,21181,,,401430,,Pregnancy Test - Milk,1.046,165,21181.0401430.0,3/19/2026,2026,2/5/2026,42,21181.0401430.0_2026_2,2,1,first,Pregnant,Pregnant,,,2,2
4/30/2026,,21181,,,401430,,Pregnancy Test - Milk,1.168,207,21181.0401430.0,4/30/2026,2026,2/5/2026,84,21181.0401430.0_2026_2,2,2,last,Pregnant,Pregnant,,,2,2
7/24/2025,,21184,,,398645,,Pregnancy Test - Milk,2.305,317,21184.0398645.0,7/24/2025,2025,1/12/2025,193,21184.0398645.0_2025_1,1,1,first,Pregnant,Pregnant,,,2,2
3/19/2026,,21184,,,401430,,Pregnancy Test - Milk,0.846,116,21184.0401430.0,3/19/2026,2026,2/10/2026,37,21184.0401430.0_2026_2,1,1,first,Pregnant,Pregnant,,,2,2
4/23/2026,,21184,,,401430,,Pregnancy Test - Milk,0.478,151,21184.0401430.0,4/23/2026,2026,2/10/2026,72,21184.0401430.0_2026_2,1,2,last,Pregnant,Pregnant,,,2,2
2/26/2026,,21186,,,398645,,Pregnancy Test - Milk,1.083,148,21186.0398645.0,2/26/2026,2025,12/19/2025,69,21186.0398645.0_2025_12,2,1,first,Pregnant,Pregnant,,,2,2
7/3/2025,,21186,,,398645,,Pregnancy Test - Milk,POS,288,21186.0398645.0,7/3/2025,2024,12/24/2024,191,21186.0398645.0_2024_12,1,1,first,Pregnant,Pregnant,,,2,2
2/26/2026,,21186,,,401430,,Pregnancy Test - Milk,0.743,99,21186.0401430.0,2/26/2026,2026,1/22/2026,35,21186.0401430.0_2026_1,1,1,first,Pregnant,Pregnant,,,2,2
4/9/2026,,21186,,,401430,,Pregnancy Test - Milk,0.333,141,21186.0401430.0,4/9/2026,2026,1/22/2026,77,21186.0401430.0_2026_1,1,2,last,Pregnant,Pregnant,,,2,2
11/20/2025,,21188,,,398645,,Pregnancy Test - Milk,POS,396,21188.0398645.0,11/20/2025,2025,4/4/2025,230,21188.0398645.0_2025_4,1,2,last,Pregnant,Pregnant,,,2,2
8/7/2025,,21188,,,398645,,Pregnancy Test - Milk,0.696,291,21188.0398645.0,8/7/2025,2025,4/4/2025,125,21188.0398645.0_2025_4,1,1,first,Pregnant,Pregnant,,,2,2
5/14/2026,,21188,,,401430,,Pregnancy Test - Milk,0.811,186,21188.0401430.0,5/14/2026,2026,4/3/2026,41,21188.0401430.0_2026_4,1,1,first,Pregnant,Pregnant,,,2,2
5/7/2026,,21191,,,398645,,Pregnancy Test - Milk,1.877,279,21191.0398645.0,5/7/2026,2025,10/14/2025,205,21191.0398645.0_2025_10,2,1,first,Pregnant,Pregnant,,,2,2
6/5/2025,,21191,,,398645,,Pregnancy Test - Milk,2.605,299,21191.0398645.0,6/5/2025,2024,12/4/2024,183,21191.0398645.0_2024_12,1,1,first,Pregnant,Pregnant,,,2,2
4/2/2026,,21191,,,401430,,Pregnancy Test - Milk,0.914,107,21191.0401430.0,4/2/2026,2026,2/23/2026,38,21191.0401430.0_2026_2,1,1,first,Pregnant,Pregant_with_rc,,,2,2
5/14/2026,,21191,,,401430,,Pregnancy Test - Milk,0.193,149,21191.0401430.0,5/14/2026,2026,2/23/2026,80,21191.0401430.0_2026_2,1,3,intermediate,Re-Check,Pregant_with_rc,,,2,2
5/21/2026,,21191,,,401430,,Pregnancy Test - Milk,0.319,156,21191.0401430.0,5/21/2026,2026,2/23/2026,87,21191.0401430.0_2026_2,1,4,last,Pregnant,Pregant_with_rc,,,2,2
5/7/2026,,21191,,,401430,,Pregnancy Test - Milk,0.246,142,21191.0401430.0,5/7/2026,2026,2/23/2026,73,21191.0401430.0_2026_2,1,2,intermediate,Re-Check,Pregant_with_rc,,,2,2
2/19/2026,,21193,,,398645,,Pregnancy Test - Milk,0.505,146,21193.0398645.0,2/19/2026,2025,12/11/2025,70,21193.0398645.0_2025_12,2,1,first,Pregnant,Pregnant,,,2,2
6/19/2025,,21193,,,398645,,Pregnancy Test - Milk,2.372,290,21193.0398645.0,6/19/2025,2025,1/21/2025,149,21193.0398645.0_2025_1,1,1,first,Pregnant,Pregnant,,,2,2
2/26/2026,,21193,,,401430,,Pregnancy Test - Milk,1.224,102,21193.0401430.0,2/26/2026,2026,1/22/2026,35,21193.0401430.0_2026_1,1,1,first,Pregnant,Pregnant,,,2,2
4/9/2026,,21193,,,401430,,Pregnancy Test - Milk,0.531,144,21193.0401430.0,4/9/2026,2026,1/22/2026,77,21193.0401430.0_2026_1,1,2,last,Pregnant,Pregnant,,,2,2
3/5/2026,,21195,,,398645,,Pregnancy Test - Milk,2.393,251,21195.0398645.0,3/5/2026,2026,3/2/2026,3,21195.0398645.0_2026_3,1,1,first,Pregnant,Pregnant,,,2,2
1/22/2026,,21195,,,401430,,Pregnancy Test - Milk,0.894,103,21195.0401430.0,1/22/2026,2025,12/18/2025,35,21195.0401430.0_2025_12,1,1,first,Pregnant,Pregnant,,,2,2
3/5/2026,,21195,,,401430,,Pregnancy Test - Milk,1.008,145,21195.0401430.0,3/5/2026,2025,12/18/2025,77,21195.0401430.0_2025_12,1,2,last,Pregnant,Pregnant,,,2,2
8/7/2025,,21203,,,398645,,Pregnancy Test - Milk,POS,391,21203.0398645.0,8/7/2025,2025,3/4/2025,156,21203.0398645.0_2025_3,1,1,first,Pregnant,Pregnant,,,2,2
2/13/2026,,21203,,,401430,,Pregnancy Test - Milk,-0.023,102,21203.0401430.0,2/13/2026,2026,1/7/2026,37,21203.0401430.0_2026_1,1,1,first,Open,Open,,,2,2
4/2/2026,,21203,,,401430,,Pregnancy Test - Milk,1.199,150,21203.0401430.0,4/2/2026,2026,2/25/2026,36,21203.0401430.0_2026_2,2,1,first,Pregnant,loss_2_open,,,2,2
5/7/2026,,21203,,,401430,,Pregnancy Test - Milk,-0.009,185,21203.0401430.0,5/7/2026,2026,2/25/2026,71,21203.0401430.0_2026_2,2,2,last,Open,loss_2_open,,,2,2
1/8/2026,,21205,,,398645,,Pregnancy Test - Milk,0.15,127,21205.0398645.0,1/8/2026,2025,10/29/2025,71,21205.0398645.0_2025_10,2,1,first,Re-Check,rc_preg,,,2,2
4/30/2026,,21205,,,398645,,Pregnancy Test - Milk,1.286,239,21205.0398645.0,4/30/2026,2025,10/29/2025,183,21205.0398645.0_2025_10,2,2,last,Pregnant,rc_preg,,,2,2
6/5/2025,,21205,,,398645,,Pregnancy Test - Milk,2.162,305,21205.0398645.0,6/5/2025,2025,5/4/2025,32,21205.0398645.0_2025_5,1,1,first,Pregnant,preg_loss_rebred,,,2,2
3/26/2026,,21205,,,401430,,Pregnancy Test - Milk,0.578,97,21205.0401430.0,3/26/2026,2026,2/13/2026,41,21205.0401430.0_2026_2,1,1,first,Pregnant,Pregnant,,,2,2
4/30/2026,,21205,,,401430,,Pregnancy Test - Milk,0.49,132,21205.0401430.0,4/30/2026,2026,2/13/2026,76,21205.0401430.0_2026_2,1,2,last,Pregnant,Pregnant,,,2,2
1/1/2026,,21213,,,398645,,Pregnancy Test - Milk,0.498,147,21213.0398645.0,1/1/2026,2025,10/22/2025,71,21213.0398645.0_2025_10,1,1,first,Pregnant,Pregnant,,,2,2
4/23/2026,,21213,,,398645,,Pregnancy Test - Milk,1.892,259,21213.0398645.0,4/23/2026,2025,10/22/2025,183,21213.0398645.0_2025_10,1,2,last,Pregnant,Pregnant,,,2,2
2/13/2026,,21213,,,401430,,Pregnancy Test - Milk,1.074,102,21213.0401430.0,2/13/2026,2026,1/8/2026,36,21213.0401430.0_2026_1,1,1,first,Pregnant,Pregnant,,,2,2
3/26/2026,,21213,,,401430,,Pregnancy Test - Milk,0.63,143,21213.0401430.0,3/26/2026,2026,1/8/2026,77,21213.0401430.0_2026_1,1,2,last,Pregnant,Pregnant,,,2,2
1/29/2026,,21215,,,398645,,Pregnancy Test - Milk,0.295,184,21215.0398645.0,1/29/2026,2025,11/21/2025,69,21215.0398645.0_2025_11,1,1,first,Pregnant,Pregnant,,,2,2
2/20/2026,,21215,,,401430,,Pregnancy Test - Milk,1.98,124,21215.0401430.0,2/20/2026,2026,1/15/2026,36,21215.0401430.0_2026_1,1,1,first,Pregnant,Pregnant,,,2,2
4/2/2026,,21215,,,401430,,Pregnancy Test - Milk,0.378,165,21215.0401430.0,4/2/2026,2026,1/15/2026,77,21215.0401430.0_2026_1,1,2,last,Pregnant,Pregnant,,,2,2
1/1/2026,,21219,,,398645,,Pregnancy Test - Milk,2.114,513,21219.0398645.0,1/1/2026,2025,6/26/2025,189,21219.0398645.0_2025_6,1,1,first,Pregnant,Pregnant,,,2,2
1/22/2026,,21219,,,401430,,Pregnancy Test - Milk,0.698,103,21219.0401430.0,1/22/2026,2025,12/18/2025,35,21219.0401430.0_2025_12,1,1,first,Pregnant,Pregnant,,,2,2
3/5/2026,,21219,,,401430,,Pregnancy Test - Milk,0.926,145,21219.0401430.0,3/5/2026,2025,12/18/2025,77,21219.0401430.0_2025_12,1,2,last,Pregnant,Pregnant,,,2,2
7/31/2025,,21228,,,398645,,Pregnancy Test - Milk,2.787,331,21228.0398645.0,7/31/2025,2025,1/20/2025,192,21228.0398645.0_2025_1,1,1,first,Pregnant,Pregnant,,,2,2
2/13/2026,,21228,,,401430,,Pregnancy Test - Milk,1.92,100,21228.0401430.0,2/13/2026,2026,1/8/2026,36,21228.0401430.0_2026_1,1,1,first,Pregnant,Pregnant,,,2,2
3/26/2026,,21228,,,401430,,Pregnancy Test - Milk,1.107,141,21228.0401430.0,3/26/2026,2026,1/8/2026,77,21228.0401430.0_2026_1,1,2,last,Pregnant,Pregnant,,,2,2
11/6/2025,,21232,,,398645,,Pregnancy Test - Milk,POS,348,21232.0398645.0,11/6/2025,2025,4/25/2025,195,21232.0398645.0_2025_4,1,2,last,Pregnant,Pregnant,,,2,2
7/3/2025,,21232,,,398645,,Pregnancy Test - Milk,0.883,222,21232.0398645.0,7/3/2025,2025,4/25/2025,69,21232.0398645.0_2025_4,1,1,first,Pregnant,Pregnant,,,2,2
2/13/2026,,21232,,,401430,,Pregnancy Test - Milk,1.383,101,21232.0401430.0,2/13/2026,2026,1/7/2026,37,21232.0401430.0_2026_1,1,1,first,Pregnant,Pregnant,,,2,2
3/19/2026,,21232,,,401430,,Pregnancy Test - Milk,0.486,135,21232.0401430.0,3/19/2026,2026,1/7/2026,71,21232.0401430.0_2026_1,1,2,last,Pregnant,Pregnant,,,2,2
11/27/2025,,21236,,,398645,,Pregnancy Test - Milk,0.359,145,21236.0398645.0,11/27/2025,2025,9/15/2025,73,21236.0398645.0_2025_9,1,1,first,Pregnant,Pregnant,,,2,2
4/2/2026,,21236,,,398645,,Pregnancy Test - Milk,2.688,270,21236.0398645.0,4/2/2026,2025,9/15/2025,199,21236.0398645.0_2025_9,1,2,last,Pregnant,Pregnant,,,2,2
3/26/2026,,21236,,,401430,,Pregnancy Test - Milk,0.673,118,21236.0401430.0,3/26/2026,2026,2/19/2026,35,21236.0401430.0_2026_2,1,1,first,Pregnant,Pregnant,,,2,2
2/26/2026,,21242,,,398645,,Pregnancy Test - Milk,1.096,144,21242.0398645.0,2/26/2026,2025,12/13/2025,75,21242.0398645.0_2025_12,2,1,first,Pregnant,Pregnant,,,2,2
6/26/2025,,21242,,,398645,,Pregnancy Test - Milk,POS,335,21242.0398645.0,6/26/2025,2024,12/25/2024,183,21242.0398645.0_2024_12,1,1,first,Pregnant,Pregnant,,,2,2
1/8/2026,,21242,,,401430,,Pregnancy Test - Milk,1.168,100,21242.0401430.0,1/8/2026,2025,12/4/2025,35,21242.0401430.0_2025_12,1,1,first,Pregnant,preg_loss_rebred,,,2,2
3/26/2026,,21242,,,401430,,Pregnancy Test - Milk,1.292,177,21242.0401430.0,3/26/2026,2026,2/17/2026,37,21242.0401430.0_2026_2,2,1,first,Pregnant,Pregnant,,,2,2
4/30/2026,,21242,,,401430,,Pregnancy Test - Milk,0.549,212,21242.0401430.0,4/30/2026,2026,2/17/2026,72,21242.0401430.0_2026_2,2,2,last,Pregnant,Pregnant,,,2,2
2/19/2026,,21245,,,398645,,Pregnancy Test - Milk,0.611,161,21245.0398645.0,2/19/2026,2025,11/1/2025,110,21245.0398645.0_2025_11,2,1,first,Pregnant,Pregnant,,,2,2
6/5/2025,,21245,,,398645,,Pregnancy Test - Milk,2.238,312,21245.0398645.0,6/5/2025,2024,12/1/2024,186,21245.0398645.0_2024_12,1,1,first,Pregnant,Pregnant,,,2,2
1/2/2026,,21245,,,401430,,Pregnancy Test - Milk,0.998,118,21245.0401430.0,1/2/2026,2025,11/19/2025,44,21245.0401430.0_2025_11,1,1,first,Pregnant,Pregnant,,,2,2
2/5/2026,,21245,,,401430,,Pregnancy Test - Milk,1.138,151,21245.0401430.0,2/5/2026,2025,11/19/2025,77,21245.0401430.0_2025_11,1,2,last,Pregnant,Pregnant,,,2,2
5/7/2026,,21249,,,398645,,Pregnancy Test - Milk,0.422,189,21249.0398645.0,5/7/2026,2026,2/23/2026,73,21249.0398645.0_2026_2,2,1,first,Pregnant,Pregnant,,,2,2
7/24/2025,,21249,,,398645,,Pregnancy Test - Milk,1.996,312,21249.0398645.0,7/24/2025,2025,1/22/2025,183,21249.0398645.0_2025_1,1,1,first,Pregnant,Pregnant,,,2,2
2/20/2026,,21249,,,401430,,Pregnancy Test - Milk,1.592,106,21249.0401430.0,2/20/2026,2026,1/15/2026,36,21249.0401430.0_2026_1,1,1,first,Pregnant,Pregnant,,,2,2
5/7/2026,,21251,,,398645,,Pregnancy Test - Milk,0.227,235,21251.0398645.0,5/7/2026,2026,2/25/2026,71,21251.0398645.0_2026_2,1,1,first,Re-Check,rc_unresolved,,,2,2
1/8/2026,,21251,,,401430,,Pregnancy Test - Milk,-0.013,105,21251.0401430.0,1/8/2026,2025,12/4/2025,35,21251.0401430.0_2025_12,1,1,first,Open,Open,,,2,2
2/26/2026,,21251,,,401430,,Pregnancy Test - Milk,0.57,154,21251.0401430.0,2/26/2026,2026,1/20/2026,37,21251.0401430.0_2026_1,2,1,first,Pregnant,Pregnant,,,2,2
4/2/2026,,21251,,,401430,,Pregnancy Test - Milk,0.496,189,21251.0401430.0,4/2/2026,2026,1/20/2026,72,21251.0401430.0_2026_1,2,2,last,Pregnant,Pregnant,,,2,2
4/2/2026,,21253,,,398645,,Pregnancy Test - Milk,-0.013,266,21253.0398645.0,4/2/2026,2025,9/17/2025,197,21253.0398645.0_2025_9,1,1,first,Open,Open,,,2,2
2/13/2026,,21253,,,401430,,Pregnancy Test - Milk,0.922,115,21253.0401430.0,2/13/2026,2025,12/25/2025,50,21253.0401430.0_2025_12,1,1,first,Pregnant,Pregnant,,,2,2
3/12/2026,,21253,,,401430,,Pregnancy Test - Milk,0.534,142,21253.0401430.0,3/12/2026,2025,12/25/2025,77,21253.0401430.0_2025_12,1,2,last,Pregnant,Pregnant,,,2,2
4/9/2026,,21255,,,398645,,Pregnancy Test - Milk,0.621,206,21255.0398645.0,4/9/2026,2026,1/30/2026,69,21255.0398645.0_2026_1,1,1,first,Pregnant,Pregnant,,,2,2
2/13/2026,,21255,,,401430,,Pregnancy Test - Milk,,119,21255.0401430.0,2/13/2026,2025,12/25/2025,50,21255.0401430.0_2025_12,1,1,first,Not Tested,Not Tested,,,2,2
2/20/2026,,21255,,,401430,,Pregnancy Test - Milk,-0.01,126,21255.0401430.0,2/20/2026,2026,2/20/2026,0,21255.0401430.0_2026_2,2,1,first,Open,open_to_preg,,,2,2
4/2/2026,,21255,,,401430,,Pregnancy Test - Milk,0.714,167,21255.0401430.0,4/2/2026,2026,2/20/2026,41,21255.0401430.0_2026_2,2,2,intermediate,Pregnant,open_to_preg,,,2,2
5/7/2026,,21255,,,401430,,Pregnancy Test - Milk,1.121,202,21255.0401430.0,5/7/2026,2026,2/20/2026,76,21255.0401430.0_2026_2,2,3,last,Pregnant,open_to_preg,,,2,2
7/3/2025,,21258,,,398645,,Pregnancy Test - Milk,POS,342,21258.0398645.0,7/3/2025,2025,2/4/2025,149,21258.0398645.0_2025_2,1,1,first,Pregnant,Pregnant,,,2,2
2/20/2026,,21258,,,401430,,Pregnancy Test - Milk,-0.032,102,21258.0401430.0,2/20/2026,2026,1/15/2026,36,21258.0401430.0_2026_1,1,1,first,Open,Open,,,2,2
5/14/2026,,21258,,,401430,,Pregnancy Test - Milk,0.839,185,21258.0401430.0,5/14/2026,2026,4/3/2026,41,21258.0401430.0_2026_4,2,1,first,Pregnant,Pregnant,,,2,2
7/24/2025,,21263,,,398645,,Pregnancy Test - Milk,POS,342,21263.0398645.0,7/24/2025,2025,1/14/2025,191,21263.0398645.0_2025_1,1,1,first,Pregnant,Pregnant,,,2,2
2/13/2026,,21263,,,401430,,Pregnancy Test - Milk,1.448,106,21263.0401430.0,2/13/2026,2026,1/8/2026,36,21263.0401430.0_2026_1,1,1,first,Pregnant,Pregnant,,,2,2
3/26/2026,,21263,,,401430,,Pregnancy Test - Milk,0.317,147,21263.0401430.0,3/26/2026,2026,1/8/2026,77,21263.0401430.0_2026_1,1,2,last,Pregnant,Pregnant,,,2,2
1/8/2026,,21268,,,398645,,Pregnancy Test - Milk,0.748,174,21268.0398645.0,1/8/2026,2025,10/23/2025,77,21268.0398645.0_2025_10,1,1,first,Pregnant,Pregnant,,,2,2
4/23/2026,,21268,,,398645,,Pregnancy Test - Milk,POS,279,21268.0398645.0,4/23/2026,2025,10/23/2025,182,21268.0398645.0_2025_10,1,2,last,Pregnant,Pregnant,,,2,2
1/22/2026,,21268,,,401430,,Pregnancy Test - Milk,-0.025,101,21268.0401430.0,1/22/2026,2025,12/18/2025,35,21268.0401430.0_2025_12,1,1,first,Open,Open,,,2,2
3/12/2026,,21268,,,401430,,Pregnancy Test - Milk,1.147,150,21268.0401430.0,3/12/2026,2026,2/5/2026,35,21268.0401430.0_2026_2,2,1,first,Pregnant,Pregnant,,,2,2
4/23/2026,,21268,,,401430,,Pregnancy Test - Milk,0.59,192,21268.0401430.0,4/23/2026,2026,2/5/2026,77,21268.0401430.0_2026_2,2,2,last,Pregnant,Pregnant,,,2,2
11/20/2025,,21275,,,398645,,Pregnancy Test - Milk,POS,454,21275.0398645.0,11/20/2025,2025,5/3/2025,201,21275.0398645.0_2025_5,1,2,last,Pregnant,Pregnant,,,2,2
8/7/2025,,21275,,,398645,,Pregnancy Test - Milk,0.504,349,21275.0398645.0,8/7/2025,2025,5/3/2025,96,21275.0398645.0_2025_5,1,1,first,Pregnant,Pregnant,,,2,2
2/13/2026,,21275,,,401430,,Pregnancy Test - Milk,0.71,103,21275.0401430.0,2/13/2026,2026,1/8/2026,36,21275.0401430.0_2026_1,1,1,first,Pregnant,Pregnant,,,2,2
3/26/2026,,21275,,,401430,,Pregnancy Test - Milk,1.027,144,21275.0401430.0,3/26/2026,2026,1/8/2026,77,21275.0401430.0_2026_1,1,2,last,Pregnant,Pregnant,,,2,2
1/23/2026,,21276,,,398645,,Pregnancy Test - Milk,0.209,133,21276.0398645.0,1/23/2026,2025,11/12/2025,72,21276.0398645.0_2025_11,2,1,first,Re-Check,rc_unresolved_>_1_bred,,,2,2
6/5/2025,,21276,,,398645,,Pregnancy Test - Milk,2.616,277,21276.0398645.0,6/5/2025,2025,1/7/2025,149,21276.0398645.0_2025_1,1,1,first,Pregnant,Pregnant,,,2,2
2/13/2026,,21276,,,401430,,Pregnancy Test - Milk,0.884,120,21276.0401430.0,2/13/2026,2025,12/25/2025,50,21276.0401430.0_2025_12,1,1,first,Pregnant,Pregnant,,,2,2
3/12/2026,,21276,,,401430,,Pregnancy Test - Milk,1.763,147,21276.0401430.0,3/12/2026,2025,12/25/2025,77,21276.0401430.0_2025_12,1,2,last,Pregnant,Pregnant,,,2,2
2/5/2026,,21280,,,398645,,Pregnancy Test - Milk,0.099,161,21280.0398645.0,2/5/2026,2025,12/28/2025,39,21280.0398645.0_2025_12,1,1,first,Open,Open,,,2,2
2/20/2026,,21280,,,401430,,Pregnancy Test - Milk,0.568,105,21280.0401430.0,2/20/2026,2026,1/15/2026,36,21280.0401430.0_2026_1,1,1,first,Pregnant,Pregnant,,,2,2
4/2/2026,,21280,,,401430,,Pregnancy Test - Milk,0.393,146,21280.0401430.0,4/2/2026,2026,1/15/2026,77,21280.0401430.0_2026_1,1,2,last,Pregnant,Pregnant,,,2,2
3/5/2026,,21284,,,398645,,Pregnancy Test - Milk,0.495,216,21284.0398645.0,3/5/2026,2025,12/28/2025,67,21284.0398645.0_2025_12,1,1,first,Pregnant,Pregnant,,,2,2
3/26/2026,,21284,,,401430,,Pregnancy Test - Milk,0.032,106,21284.0401430.0,3/26/2026,2026,2/18/2026,36,21284.0401430.0_2026_2,1,1,first,Open,Open,,,2,2
5/14/2026,,21284,,,401430,,Pregnancy Test - Milk,0.905,155,21284.0401430.0,5/14/2026,2026,4/9/2026,35,21284.0401430.0_2026_4,2,1,first,Pregnant,Pregnant,,,2,2
2/19/2026,,21286,,,398645,,Pregnancy Test - Milk,0.649,131,21286.0398645.0,2/19/2026,2025,12/12/2025,69,21286.0398645.0_2025_12,2,1,first,Pregnant,Pregnant,,,2,2
7/17/2025,,21286,,,398645,,Pregnancy Test - Milk,2.12,322,21286.0398645.0,7/17/2025,2025,2/18/2025,149,21286.0398645.0_2025_2,1,1,first,Pregnant,preg_loss_rebred,,,2,2
3/12/2026,,21286,,,401430,,Pregnancy Test - Milk,1.222,105,21286.0401430.0,3/12/2026,2026,2/3/2026,36,21286.0401430.0_2026_2,1,1,first,Pregnant,Pregnant,,,2,2
4/16/2026,,21286,,,401430,,Pregnancy Test - Milk,0.622,141,21286.0401430.0,4/16/2026,2026,2/3/2026,72,21286.0401430.0_2026_2,1,2,last,Pregnant,Pregnant,,,2,2
1/23/2026,,21288,,,398645,,Pregnancy Test - Milk,0.131,144,21288.0398645.0,1/23/2026,2025,11/12/2025,72,21288.0398645.0_2025_11,2,1,first,Re-Check,rc_unresolved_>_1_bred,,,2,2
5/29/2025,,21288,,,398645,,Pregnancy Test - Milk,0.88,251,21288.0398645.0,5/29/2025,2024,12/31/2024,149,21288.0398645.0_2024_12,1,1,first,Pregnant,Pregnant,,,2,2
1/22/2026,,21288,,,401430,,Pregnancy Test - Milk,0.724,99,21288.0401430.0,1/22/2026,2025,12/17/2025,36,21288.0401430.0_2025_12,1,1,first,Pregnant,Pregnant,,,2,2
2/26/2026,,21288,,,401430,,Pregnancy Test - Milk,0.824,134,21288.0401430.0,2/26/2026,2025,12/17/2025,71,21288.0401430.0_2025_12,1,2,last,Pregnant,Pregnant,,,2,2
1/29/2026,,21292,,,398645,,Pregnancy Test - Milk,0.241,150,21292.0398645.0,1/29/2026,2025,11/18/2025,72,21292.0398645.0_2025_11,2,1,first,Re-Check,rc_preg,,,2,2
5/21/2026,,21292,,,398645,,Pregnancy Test - Milk,2.735,262,21292.0398645.0,5/21/2026,2025,11/18/2025,184,21292.0398645.0_2025_11,2,2,last,Pregnant,rc_preg,,,2,2
6/26/2025,,21292,,,398645,,Pregnancy Test - Milk,POS,291,21292.0398645.0,6/26/2025,2025,4/1/2025,86,21292.0398645.0_2025_4,1,1,first,Pregnant,preg_loss_rebred,,,2,2
3/26/2026,,21292,,,401430,,Pregnancy Test - Milk,1.299,117,21292.0401430.0,3/26/2026,2026,2/19/2026,35,21292.0401430.0_2026_2,1,1,first,Pregnant,Pregnant,,,2,2
5/7/2026,,21292,,,401430,,Pregnancy Test - Milk,0.626,159,21292.0401430.0,5/7/2026,2026,2/19/2026,77,21292.0401430.0_2026_2,1,2,last,Pregnant,Pregnant,,,2,2
2/26/2026,,21295,,,398645,,Pregnancy Test - Milk,0.505,217,21295.0398645.0,2/26/2026,2025,12/18/2025,70,21295.0398645.0_2025_12,1,1,first,Pregnant,Pregnant,,,2,2
3/19/2026,,21295,,,401430,,Pregnancy Test - Milk,0.996,102,21295.0401430.0,3/19/2026,2026,2/12/2026,35,21295.0401430.0_2026_2,1,1,first,Pregnant,Pregnant,,,2,2
4/30/2026,,21295,,,401430,,Pregnancy Test - Milk,1.048,144,21295.0401430.0,4/30/2026,2026,2/12/2026,77,21295.0401430.0_2026_2,1,2,last,Pregnant,Pregnant,,,2,2
1/23/2026,,21300,,,398645,,Pregnancy Test - Milk,0.287,179,21300.0398645.0,1/23/2026,2025,11/15/2025,69,21300.0398645.0_2025_11,1,1,first,Pregnant,Pregnant,,,2,2
1/9/2026,,21300,,,401430,,Pregnancy Test - Milk,0.104,101,21300.0401430.0,1/9/2026,2025,12/4/2025,36,21300.0401430.0_2025_12,1,1,first,Re-Check,rc_rebred,,,2,2
2/20/2026,,21300,,,401430,,Pregnancy Test - Milk,-0.016,143,21300.0401430.0,2/20/2026,2026,1/15/2026,36,21300.0401430.0_2026_1,2,1,first,Open,Open,,,2,2
4/10/2026,,21300,,,401430,,Pregnancy Test - Milk,1.057,192,21300.0401430.0,4/10/2026,2026,3/5/2026,36,21300.0401430.0_2026_3,3,1,first,Pregnant,Pregnant,,,2,2
5/22/2026,,21300,,,401430,,Pregnancy Test - Milk,0.986,234,21300.0401430.0,5/22/2026,2026,3/5/2026,78,21300.0401430.0_2026_3,3,2,last,Pregnant,Pregnant,,,2,2
9/4/2025,,21304,,,398645,,Pregnancy Test - Milk,2.14,368,21304.0398645.0,9/4/2025,2025,4/9/2025,148,21304.0398645.0_2025_4,1,1,first,Pregnant,Pregnant,,,2,2
1/15/2026,,21304,,,401430,,Pregnancy Test - Milk,-0.018,101,21304.0401430.0,1/15/2026,2025,12/11/2025,35,21304.0401430.0_2025_12,1,1,first,Open,Open,,,2,2
3/12/2026,,21304,,,401430,,Pregnancy Test - Milk,1.057,157,21304.0401430.0,3/12/2026,2026,2/3/2026,36,21304.0401430.0_2026_2,2,1,first,Pregnant,Pregnant,,,2,2
4/16/2026,,21304,,,401430,,Pregnancy Test - Milk,0.357,193,21304.0401430.0,4/16/2026,2026,2/3/2026,72,21304.0401430.0_2026_2,2,2,last,Pregnant,Pregnant,,,2,2
3/19/2026,,21305,,,398645,,Pregnancy Test - Milk,0.272,171,21305.0398645.0,3/19/2026,2026,1/10/2026,68,21305.0398645.0_2026_1,2,1,first,Pregnant,Pregnant,,,2,2
6/26/2025,,21305,,,398645,,Pregnancy Test - Milk,POS,319,21305.0398645.0,6/26/2025,2025,1/28/2025,149,21305.0398645.0_2025_1,1,1,first,Pregnant,Pregnant,,,2,2
2/13/2026,,21305,,,401430,,Pregnancy Test - Milk,0.665,115,21305.0401430.0,2/13/2026,2025,12/25/2025,50,21305.0401430.0_2025_12,1,1,first,Pregnant,Pregnant,,,2,2
3/12/2026,,21305,,,401430,,Pregnancy Test - Milk,1.01,142,21305.0401430.0,3/12/2026,2025,12/25/2025,77,21305.0401430.0_2025_12,1,2,last,Pregnant,Pregnant,,,2,2
8/7/2025,,21311,,,398645,,Pregnancy Test - Milk,0.13,269,21311.0398645.0,8/7/2025,2025,2/7/2025,181,21311.0398645.0_2025_2,1,1,first,Re-Check,rc_unresolved,,,2,2
5/7/2026,,21311,,,401430,,Pregnancy Test - Milk,0.918,117,21311.0401430.0,5/7/2026,2026,4/1/2026,36,21311.0401430.0_2026_4,1,1,first,Pregnant,Pregnant,,,2,2
2/5/2026,,21313,,,398645,,Pregnancy Test - Milk,1.017,188,21313.0398645.0,2/5/2026,2025,11/26/2025,71,21313.0398645.0_2025_11,1,1,first,Pregnant,Pregnant,,,2,2
2/12/2026,,21313,,,401430,,Pregnancy Test - Milk,0.877,139,21313.0401430.0,2/12/2026,2026,1/5/2026,38,21313.0401430.0_2026_1,1,1,first,Pregnant,preg_loss_rebred,,,2,2
4/2/2026,,21313,,,401430,,Pregnancy Test - Milk,0.457,188,21313.0401430.0,4/2/2026,2026,2/16/2026,44,21313.0401430.0_2026_2,2,1,first,Pregnant,Pregnant,,,2,2
4/29/2026,,21313,,,401430,,Pregnancy Test - Milk,0.643,216,21313.0401430.0,4/29/2026,2026,2/16/2026,72,21313.0401430.0_2026_2,2,2,last,Pregnant,Pregnant,,,2,2
4/30/2026,,21314,,,398645,,Pregnancy Test - Milk,0.534,281,21314.0398645.0,4/30/2026,2026,2/21/2026,68,21314.0398645.0_2026_2,1,1,first,Pregnant,Pregnant,,,2,2
2/20/2026,,21314,,,401430,,Pregnancy Test - Milk,0.27,132,21314.0401430.0,2/20/2026,2026,1/11/2026,40,21314.0401430.0_2026_1,1,1,first,Pregnant,Pregnant,,,2,2
3/26/2026,,21314,,,401430,,Pregnancy Test - Milk,0.637,166,21314.0401430.0,3/26/2026,2026,1/11/2026,74,21314.0401430.0_2026_1,1,2,last,Pregnant,Pregnant,,,2,2
1/23/2026,,21315,,,398645,,Pregnancy Test - Milk,0.113,149,21315.0398645.0,1/23/2026,2025,11/15/2025,69,21315.0398645.0_2025_11,1,1,first,Re-Check,rc_preg,,,2,2
5/21/2026,,21315,,,398645,,Pregnancy Test - Milk,1.148,268,21315.0398645.0,5/21/2026,2025,11/15/2025,187,21315.0398645.0_2025_11,1,2,last,Pregnant,rc_preg,,,2,2
3/12/2026,,21315,,,401430,,Pregnancy Test - Milk,1.137,93,21315.0401430.0,3/12/2026,2026,2/1/2026,38,21315.0401430.0_2026_2,1,1,first,Pregnant,Pregnant,,,2,2
4/16/2026,,21315,,,401430,,Pregnancy Test - Milk,0.324,129,21315.0401430.0,4/16/2026,2026,2/1/2026,74,21315.0401430.0_2026_2,1,2,last,Pregnant,Pregnant,,,2,2
4/2/2026,,21316,,,398645,,Pregnancy Test - Milk,0.319,146,21316.0398645.0,4/2/2026,2026,1/23/2026,69,21316.0398645.0_2026_1,1,1,first,Pregnant,Pregnant,,,2,2
3/12/2026,,21316,,,401430,,Pregnancy Test - Milk,1.206,161,21316.0401430.0,3/12/2026,2026,2/1/2026,38,21316.0401430.0_2026_2,1,1,first,Pregnant,Pregnant,,,2,2
4/16/2026,,21316,,,401430,,Pregnancy Test - Milk,0.308,197,21316.0401430.0,4/16/2026,2026,2/1/2026,74,21316.0401430.0_2026_2,1,2,last,Pregnant,Pregnant,,,2,2
5/7/2026,,21325,,,398645,,Pregnancy Test - Milk,0.982,181,21325.0398645.0,5/7/2026,2026,2/27/2026,69,21325.0398645.0_2026_2,2,1,first,Pregnant,Pregnant,,,2,2
7/24/2025,,21325,,,398645,,Pregnancy Test - Milk,POS,322,21325.0398645.0,7/24/2025,2025,1/22/2025,183,21325.0398645.0_2025_1,1,1,first,Pregnant,Pregnant,,,2,2
2/13/2026,,21325,,,401430,,Pregnancy Test - Milk,0.944,117,21325.0401430.0,2/13/2026,2025,12/25/2025,50,21325.0401430.0_2025_12,1,1,first,Pregnant,Pregnant,,,2,2
3/12/2026,,21325,,,401430,,Pregnancy Test - Milk,0.671,144,21325.0401430.0,3/12/2026,2025,12/25/2025,77,21325.0401430.0_2025_12,1,2,last,Pregnant,Pregnant,,,2,2
7/17/2025,,21326,,,398645,,Pregnancy Test - Milk,0.847,301,21326.0398645.0,7/17/2025,2025,1/13/2025,185,21326.0398645.0_2025_1,1,1,first,Pregnant,Pregnant,,,2,2
2/13/2026,,21326,,,401430,,Pregnancy Test - Milk,0.018,119,21326.0401430.0,2/13/2026,2026,2/13/2026,0,21326.0401430.0_2026_2,1,1,first,Open,Open,,,2,2
4/9/2026,,21326,,,401430,,Pregnancy Test - Milk,0.992,174,21326.0401430.0,4/9/2026,2026,3/5/2026,35,21326.0401430.0_2026_3,2,1,first,Pregnant,,,,2,2
5/21/2026,,21326,,,401430,,Pregnancy Test - Milk,,216,21326.0401430.0,5/21/2026,2026,3/5/2026,77,21326.0401430.0_2026_3,2,2,last,Not Tested,,,,2,2
5/29/2025,,21327,,,398645,,Pregnancy Test - Milk,0.566,298,21327.0398645.0,5/29/2025,2025,3/21/2025,69,21327.0398645.0_2025_3,1,1,first,Pregnant,Pregnant,,,2,2
9/25/2025,,21327,,,398645,,Pregnancy Test - Milk,2.538,417,21327.0398645.0,9/25/2025,2025,3/21/2025,188,21327.0398645.0_2025_3,1,2,last,Pregnant,Pregnant,,,2,2
4/9/2026,,21327,,,401430,,Pregnancy Test - Milk,1.102,119,21327.0401430.0,4/9/2026,2026,3/5/2026,35,21327.0401430.0_2026_3,1,1,first,Pregnant,Pregnant,,,2,2
5/21/2026,,21327,,,401430,,Pregnancy Test - Milk,1.086,161,21327.0401430.0,5/21/2026,2026,3/5/2026,77,21327.0401430.0_2026_3,1,2,last,Pregnant,Pregnant,,,2,2
5/7/2026,,21329,,,398645,,Pregnancy Test - Milk,1.39,265,21329.0398645.0,5/7/2026,2025,11/6/2025,182,21329.0398645.0_2025_11,1,1,first,Pregnant,Pregnant,,,2,2
4/23/2026,,21329,,,401430,,Pregnancy Test - Milk,1.672,135,21329.0401430.0,4/23/2026,2026,3/14/2026,40,21329.0401430.0_2026_3,1,1,first,Pregnant,Pregnant,,,2,2
12/18/2025,,21331,,,398645,,Pregnancy Test - Milk,0.302,141,21331.0398645.0,12/18/2025,2025,12/18/2025,0,21331.0398645.0_2025_12,1,1,first,Pregnant,Pregnant,,,2,2
3/12/2026,,21331,,,401430,,Pregnancy Test - Milk,1.487,92,21331.0401430.0,3/12/2026,2026,2/3/2026,36,21331.0401430.0_2026_2,1,1,first,Pregnant,Pregnant,,,2,2
4/16/2026,,21331,,,401430,,Pregnancy Test - Milk,0.399,128,21331.0401430.0,4/16/2026,2026,2/3/2026,72,21331.0401430.0_2026_2,1,2,last,Pregnant,Pregnant,,,2,2
1/29/2026,,21334,,,398645,,Pregnancy Test - Milk,0.221,143,21334.0398645.0,1/29/2026,2026,1/29/2026,0,21334.0398645.0_2026_1,2,1,first,Re-Check,rc_rebred,,,2,2
5/21/2026,,21334,,,398645,,Pregnancy Test - Milk,1.932,255,21334.0398645.0,5/21/2026,2026,5/21/2026,0,21334.0398645.0_2026_5,3,1,first,Pregnant,Pregnant,,,2,2
6/5/2025,,21334,,,398645,,Pregnancy Test - Milk,1.683,296,21334.0398645.0,6/5/2025,2025,1/7/2025,149,21334.0398645.0_2025_1,1,1,first,Pregnant,Pregnant,,,2,2
3/19/2026,,21334,,,401430,,Pregnancy Test - Milk,1.742,102,21334.0401430.0,3/19/2026,2026,2/10/2026,37,21334.0401430.0_2026_2,1,1,first,Pregnant,Pregnant,,,2,2
4/23/2026,,21334,,,401430,,Pregnancy Test - Milk,0.526,137,21334.0401430.0,4/23/2026,2026,2/10/2026,72,21334.0401430.0_2026_2,1,2,last,Pregnant,Pregnant,,,2,2
6/19/2025,,21337,,,398645,,Pregnancy Test - Milk,0.454,275,21337.0398645.0,6/19/2025,2025,5/13/2025,37,21337.0398645.0_2025_5,1,1,first,Pregnant,Pregnant,,,2,2
4/30/2026,,21337,,,401430,,Pregnancy Test - Milk,0.55,104,21337.0401430.0,4/30/2026,2026,3/24/2026,37,21337.0401430.0_2026_3,1,1,first,Pregnant,Pregnant,,,2,2
1/1/2026,,21343,,,398645,,Pregnancy Test - Milk,0.782,133,21343.0398645.0,1/1/2026,2025,10/17/2025,76,21343.0398645.0_2025_10,1,1,first,Pregnant,Pregnant,,,2,2
4/23/2026,,21343,,,398645,,Pregnancy Test - Milk,POS,245,21343.0398645.0,4/23/2026,2025,10/17/2025,188,21343.0398645.0_2025_10,1,2,last,Pregnant,Pregnant,,,2,2
4/30/2026,,21343,,,401430,,Pregnancy Test - Milk,0.907,192,21343.0401430.0,4/30/2026,2026,3/26/2026,35,21343.0401430.0_2026_3,1,1,first,Pregnant,Pregnant,,,2,2
1/23/2026,,21345,,,398645,,Pregnancy Test - Milk,0.064,154,21345.0398645.0,1/23/2026,2025,11/11/2025,73,21345.0398645.0_2025_11,1,1,first,Open,Open,,,2,2
4/24/2026,,21345,,,401430,,Pregnancy Test - Milk,1.028,115,21345.0401430.0,4/24/2026,2026,3/15/2026,40,21345.0401430.0_2026_3,1,1,first,Pregnant,Pregnant,,,2,2
4/2/2026,,21346,,,398645,,Pregnancy Test - Milk,0.572,191,21346.0398645.0,4/2/2026,2026,2/25/2026,36,21346.0398645.0_2026_2,1,1,first,Pregnant,Pregnant,,,2,2
4/9/2026,,21346,,,401430,,Pregnancy Test - Milk,-0.021,124,21346.0401430.0,4/9/2026,2026,3/5/2026,35,21346.0401430.0_2026_3,1,1,first,Open,Open,,,2,2
3/26/2026,,21348,,,398645,,Pregnancy Test - Milk,0.709,187,21348.0398645.0,3/26/2026,2026,1/24/2026,61,21348.0398645.0_2026_1,2,1,first,Pregnant,Pregnant,,,2,2
6/19/2025,,21348,,,398645,,Pregnancy Test - Milk,2.382,283,21348.0398645.0,6/19/2025,2025,1/23/2025,147,21348.0398645.0_2025_1,1,1,first,Pregnant,Pregnant,,,2,2
4/16/2026,,21348,,,401430,,Pregnancy Test - Milk,2.001,120,21348.0401430.0,4/16/2026,2026,3/11/2026,36,21348.0401430.0_2026_3,1,1,first,Pregnant,Pregnant,,,2,2
2/26/2026,,21355,,,398645,,Pregnancy Test - Milk,0.359,124,21355.0398645.0,2/26/2026,2025,12/22/2025,66,21355.0398645.0_2025_12,2,1,first,Pregnant,Pregnant,,,2,2
7/17/2025,,21355,,,398645,,Pregnancy Test - Milk,POS,315,21355.0398645.0,7/17/2025,2025,2/18/2025,149,21355.0398645.0_2025_2,1,1,first,Pregnant,Pregnant,,,2,2
2/13/2026,,21355,,,401430,,Pregnancy Test - Milk,1.18,112,21355.0401430.0,2/13/2026,2025,12/31/2025,44,21355.0401430.0_2025_12,1,1,first,Pregnant,Pregnant,,,2,2
3/12/2026,,21355,,,401430,,Pregnancy Test - Milk,0.407,139,21355.0401430.0,3/12/2026,2025,12/31/2025,71,21355.0401430.0_2025_12,1,2,last,Pregnant,Pregnant,,,2,2
12/25/2025,,21356,,,398645,,Pregnancy Test - Milk,0.612,142,21356.0398645.0,12/25/2025,2025,10/18/2025,68,21356.0398645.0_2025_10,1,1,first,Pregnant,Pregnant,,,2,2
4/23/2026,,21356,,,398645,,Pregnancy Test - Milk,2.505,261,21356.0398645.0,4/23/2026,2025,10/18/2025,187,21356.0398645.0_2025_10,1,2,last,Pregnant,Pregnant,,,2,2
2/13/2026,,21356,,,401430,,Pregnancy Test - Milk,0.672,101,21356.0401430.0,2/13/2026,2026,1/8/2026,36,21356.0401430.0_2026_1,1,1,first,Pregnant,preg_loss_rebred,,,2,2
4/2/2026,,21356,,,401430,,Pregnancy Test - Milk,0.987,149,21356.0401430.0,4/2/2026,2026,2/24/2026,37,21356.0401430.0_2026_2,2,1,first,Pregnant,Pregnant,,,2,2
5/7/2026,,21356,,,401430,,Pregnancy Test - Milk,0.532,184,21356.0401430.0,5/7/2026,2026,2/24/2026,72,21356.0401430.0_2026_2,2,2,last,Pregnant,Pregnant,,,2,2
6/26/2025,,21358,,,398645,,Pregnancy Test - Milk,POS,261,21358.0398645.0,6/26/2025,2024,12/24/2024,184,21358.0398645.0_2024_12,1,1,first,Pregnant,Pregnant,,,2,2
4/30/2026,,21358,,,401430,,Pregnancy Test - Milk,0.882,129,21358.0401430.0,4/30/2026,2026,3/18/2026,43,21358.0401430.0_2026_3,1,1,first,Pregnant,Pregnant,,,2,2
5/7/2026,,21359,,,398645,,Pregnancy Test - Milk,2.262,267,21359.0398645.0,5/7/2026,2026,2/2/2026,94,21359.0398645.0_2026_2,1,1,first,Pregnant,Pregnant,,,2,2
4/10/2026,,21359,,,401430,,Pregnancy Test - Milk,0.612,114,21359.0401430.0,4/10/2026,2026,2/28/2026,41,21359.0401430.0_2026_2,1,1,first,Pregnant,Pregnant,,,2,2
5/22/2026,,21359,,,401430,,Pregnancy Test - Milk,0.404,156,21359.0401430.0,5/22/2026,2026,2/28/2026,83,21359.0401430.0_2026_2,1,2,last,Pregnant,Pregnant,,,2,2
1/8/2026,,21360,,,398645,,Pregnancy Test - Milk,0.312,166,21360.0398645.0,1/8/2026,2025,10/21/2025,79,21360.0398645.0_2025_10,1,1,first,Pregnant,Pregnant,,,2,2
4/23/2026,,21360,,,398645,,Pregnancy Test - Milk,POS,271,21360.0398645.0,4/23/2026,2025,10/21/2025,184,21360.0398645.0_2025_10,1,2,last,Pregnant,Pregnant,,,2,2
2/20/2026,,21360,,,401430,,Pregnancy Test - Milk,-0.034,101,21360.0401430.0,2/20/2026,2026,1/15/2026,36,21360.0401430.0_2026_1,1,1,first,Open,Open,,,2,2
2/5/2026,,21370,,,398645,,Pregnancy Test - Milk,0.442,128,21370.0398645.0,2/5/2026,2025,11/29/2025,68,21370.0398645.0_2025_11,2,1,first,Pregnant,Pregnant,,,2,2
6/26/2025,,21370,,,398645,,Pregnancy Test - Milk,2.499,263,21370.0398645.0,6/26/2025,2025,4/15/2025,72,21370.0398645.0_2025_4,1,1,first,Pregnant,preg_loss_rebred,,,2,2
1/22/2026,,21370,,,401430,,Pregnancy Test - Milk,0.002,111,21370.0401430.0,1/22/2026,2025,12/11/2025,42,21370.0401430.0_2025_12,1,1,first,Open,Open,,,2,2
4/9/2026,,21370,,,401430,,Pregnancy Test - Milk,0.766,188,21370.0401430.0,4/9/2026,2026,2/27/2026,41,21370.0401430.0_2026_2,2,1,first,Pregnant,Pregnant,,,2,2
5/14/2026,,21370,,,401430,,Pregnancy Test - Milk,0.481,223,21370.0401430.0,5/14/2026,2026,2/27/2026,76,21370.0401430.0_2026_2,2,2,last,Pregnant,Pregnant,,,2,2
10/23/2025,,21371,,,398645,,Pregnancy Test - Milk,2.205,346,21371.0398645.0,10/23/2025,2025,5/27/2025,149,21371.0398645.0_2025_5,1,2,last,Pregnant,Pregnant,,,2,2
7/3/2025,,21371,,,398645,,Pregnancy Test - Milk,0.528,234,21371.0398645.0,7/3/2025,2025,5/27/2025,37,21371.0398645.0_2025_5,1,1,first,Pregnant,Pregnant,,,2,2
3/19/2026,,21371,,,401430,,Pregnancy Test - Milk,1.82,112,21371.0401430.0,3/19/2026,2026,2/10/2026,37,21371.0401430.0_2026_2,1,1,first,Pregnant,Pregnant,,,2,2
4/23/2026,,21371,,,401430,,Pregnancy Test - Milk,0.485,147,21371.0401430.0,4/23/2026,2026,2/10/2026,72,21371.0401430.0_2026_2,1,2,last,Pregnant,Pregnant,,,2,2
1/23/2026,,21372,,,398645,,Pregnancy Test - Milk,0.668,179,21372.0398645.0,1/23/2026,2025,11/14/2025,70,21372.0398645.0_2025_11,1,1,first,Pregnant,Pregnant,,,2,2
4/30/2026,,21372,,,401430,,Pregnancy Test - Milk,0.994,134,21372.0401430.0,4/30/2026,2026,3/15/2026,46,21372.0401430.0_2026_3,1,1,first,Pregnant,Pregnant,,,2,2
3/19/2026,,21373,,,398645,,Pregnancy Test - Milk,0.251,186,21373.0398645.0,3/19/2026,2025,12/26/2025,83,21373.0398645.0_2025_12,2,1,first,Pregnant,Pregnant,,,2,2
6/5/2025,,21373,,,398645,,Pregnancy Test - Milk,1.726,293,21373.0398645.0,6/5/2025,2024,12/5/2024,182,21373.0398645.0_2024_12,1,1,first,Pregnant,Pregnant,,,2,2
3/26/2026,,21373,,,401430,,Pregnancy Test - Milk,1.04,104,21373.0401430.0,3/26/2026,2026,2/16/2026,38,21373.0401430.0_2026_2,1,1,first,Pregnant,Pregnant,,,2,2
4/30/2026,,21373,,,401430,,Pregnancy Test - Milk,0.737,139,21373.0401430.0,4/30/2026,2026,2/16/2026,73,21373.0401430.0_2026_2,1,2,last,Pregnant,Pregnant,,,2,2
5/21/2026,,21380,,,398645,,Pregnancy Test - Milk,1.043,171,21380.0398645.0,5/21/2026,2025,12/24/2025,148,21380.0398645.0_2025_12,2,1,first,Pregnant,Pregnant,,,2,2
8/28/2025,,21380,,,398645,,Pregnancy Test - Milk,1.959,325,21380.0398645.0,8/28/2025,2025,4/2/2025,148,21380.0398645.0_2025_4,1,1,first,Pregnant,preg_loss_rebred,,,2,2
4/9/2026,,21380,,,401430,,Pregnancy Test - Milk,1.654,121,21380.0401430.0,4/9/2026,2026,3/5/2026,35,21380.0401430.0_2026_3,1,1,first,Pregnant,Pregnant,,,2,2
5/21/2026,,21380,,,401430,,Pregnancy Test - Milk,1.155,163,21380.0401430.0,5/21/2026,2026,3/5/2026,77,21380.0401430.0_2026_3,1,2,last,Pregnant,Pregnant,,,2,2
5/7/2026,,21382,,,398645,,Pregnancy Test - Milk,2.076,256,21382.0398645.0,5/7/2026,2025,10/29/2025,190,21382.0398645.0_2025_10,1,1,first,Pregnant,Pregnant,,,2,2
2/13/2026,,21382,,,401430,,Pregnancy Test - Milk,0,104,21382.0401430.0,2/13/2026,2026,1/8/2026,36,21382.0401430.0_2026_1,1,1,first,Open,Open,,,2,2
12/25/2025,,21383,,,398645,,Pregnancy Test - Milk,0.431,128,21383.0398645.0,12/25/2025,2025,10/20/2025,66,21383.0398645.0_2025_10,1,1,first,Pregnant,Pregnant,,,2,2
4/23/2026,,21383,,,398645,,Pregnancy Test - Milk,1.533,247,21383.0398645.0,4/23/2026,2025,10/20/2025,185,21383.0398645.0_2025_10,1,2,last,Pregnant,Pregnant,,,2,2
1/22/2026,,21383,,,401430,,Pregnancy Test - Milk,0.84,102,21383.0401430.0,1/22/2026,2025,12/18/2025,35,21383.0401430.0_2025_12,1,1,first,Pregnant,Pregnant,,,2,2
3/5/2026,,21383,,,401430,,Pregnancy Test - Milk,0.882,144,21383.0401430.0,3/5/2026,2025,12/18/2025,77,21383.0401430.0_2025_12,1,2,last,Pregnant,Pregnant,,,2,2
3/26/2026,,21387,,,398645,,Pregnancy Test - Milk,0.54,163,21387.0398645.0,3/26/2026,2026,1/17/2026,68,21387.0398645.0_2026_1,1,1,first,Pregnant,Pregnant,,,2,2
1/15/2026,,21387,,,401430,,Pregnancy Test - Milk,1.004,103,21387.0401430.0,1/15/2026,2025,12/11/2025,35,21387.0401430.0_2025_12,1,1,first,Pregnant,Pregnant,,,2,2
2/20/2026,,21387,,,401430,,Pregnancy Test - Milk,1.486,139,21387.0401430.0,2/20/2026,2025,12/11/2025,71,21387.0401430.0_2025_12,1,2,last,Pregnant,Pregnant,,,2,2
2/26/2026,,21390,,,398645,,Pregnancy Test - Milk,0.685,147,21390.0398645.0,2/26/2026,2026,2/26/2026,0,21390.0398645.0_2026_2,2,1,first,Pregnant,Pregnant,,,2,2
6/19/2025,,21390,,,398645,,Pregnancy Test - Milk,2.419,276,21390.0398645.0,6/19/2025,2024,12/19/2024,182,21390.0398645.0_2024_12,1,1,first,Pregnant,Pregnant,,,2,2
4/23/2026,,21390,,,401430,,Pregnancy Test - Milk,0.945,111,21390.0401430.0,4/23/2026,2026,3/13/2026,41,21390.0401430.0_2026_3,1,1,first,Pregnant,Pregnant,,,2,2
1/8/2026,,21394,,,398645,,Pregnancy Test - Milk,0.227,156,21394.0398645.0,1/8/2026,2025,11/1/2025,68,21394.0398645.0_2025_11,1,1,first,Re-Check,rc_preg,,,2,2
5/7/2026,,21394,,,398645,,Pregnancy Test - Milk,0.755,275,21394.0398645.0,5/7/2026,2025,11/1/2025,187,21394.0398645.0_2025_11,1,2,last,Pregnant,rc_preg,,,2,2
4/9/2026,,21394,,,401430,,Pregnancy Test - Milk,0.374,126,21394.0401430.0,4/9/2026,2026,3/3/2026,37,21394.0401430.0_2026_3,1,1,first,Pregnant,Pregant_with_rc,,,2,2
5/14/2026,,21394,,,401430,,Pregnancy Test - Milk,0.128,161,21394.0401430.0,5/14/2026,2026,3/3/2026,72,21394.0401430.0_2026_3,1,2,intermediate,Re-Check,Pregant_with_rc,,,2,2
5/21/2026,,21394,,,401430,,Pregnancy Test - Milk,0.318,168,21394.0401430.0,5/21/2026,2026,3/3/2026,79,21394.0401430.0_2026_3,1,3,last,Pregnant,Pregant_with_rc,,,2,2
4/9/2026,,21395,,,398645,,Pregnancy Test - Milk,0.424,133,21395.0398645.0,4/9/2026,2026,1/31/2026,68,21395.0398645.0_2026_1,2,1,first,Pregnant,Pregnant,,,2,2
8/21/2025,,21395,,,398645,,Pregnancy Test - Milk,POS,299,21395.0398645.0,8/21/2025,2025,3/26/2025,148,21395.0398645.0_2025_3,1,1,first,Pregnant,Pregnant,,,2,2
4/16/2026,,21395,,,401430,,Pregnancy Test - Milk,0.912,110,21395.0401430.0,4/16/2026,2026,3/8/2026,39,21395.0401430.0_2026_3,1,1,first,Pregnant,Pregnant,,,2,2
3/5/2026,,21396,,,398645,,Pregnancy Test - Milk,POS,253,21396.0398645.0,3/5/2026,2025,9/2/2025,184,21396.0398645.0_2025_9,1,1,first,Pregnant,Pregnant,,,2,2
4/30/2026,,21396,,,401430,,Pregnancy Test - Milk,0.907,136,21396.0401430.0,4/30/2026,2026,3/26/2026,35,21396.0401430.0_2026_3,1,1,first,Pregnant,Pregnant,,,2,2
7/31/2025,,21397,,,398645,,Pregnancy Test - Milk,POS,310,21397.0398645.0,7/31/2025,2025,3/4/2025,149,21397.0398645.0_2025_3,1,1,first,Pregnant,Pregnant,,,2,2
3/12/2026,,21397,,,401430,,Pregnancy Test - Milk,1.504,122,21397.0401430.0,3/12/2026,2026,2/3/2026,36,21397.0401430.0_2026_2,1,1,first,Pregnant,Pregnant,,,2,2
4/16/2026,,21397,,,401430,,Pregnancy Test - Milk,0.599,158,21397.0401430.0,4/16/2026,2026,2/3/2026,72,21397.0401430.0_2026_2,1,2,last,Pregnant,Pregnant,,,2,2
12/4/2025,,21399,,,398645,,Pregnancy Test - Milk,2.597,423,21399.0398645.0,12/4/2025,2025,6/4/2025,183,21399.0398645.0_2025_6,1,1,first,Pregnant,Pregnant,,,2,2
5/14/2026,,21399,,,401430,,Pregnancy Test - Milk,0.578,150,21399.0401430.0,5/14/2026,2026,4/3/2026,41,21399.0401430.0_2026_4,1,1,first,Pregnant,Pregnant,,,2,2
8/21/2025,,21400,,,398645,,Pregnancy Test - Milk,1.926,357,21400.0398645.0,8/21/2025,2025,3/25/2025,149,21400.0398645.0_2025_3,1,1,first,Pregnant,Pregnant,,,2,2
2/13/2026,,21400,,,401430,,Pregnancy Test - Milk,-0.04,127,21400.0401430.0,2/13/2026,2026,1/8/2026,36,21400.0401430.0_2026_1,1,1,first,Open,Open,,,2,2
4/24/2026,,21400,,,401430,,Pregnancy Test - Milk,1.049,197,21400.0401430.0,4/24/2026,2026,3/17/2026,38,21400.0401430.0_2026_3,2,1,first,Pregnant,Pregnant,,,2,2
1/8/2026,,21402,,,398645,,Pregnancy Test - Milk,0.42,147,21402.0398645.0,1/8/2026,2025,11/2/2025,67,21402.0398645.0_2025_11,1,1,first,Pregnant,Pregnant,,,2,2
5/21/2026,,21402,,,398645,,Pregnancy Test - Milk,POS,281,21402.0398645.0,5/21/2026,2025,11/2/2025,200,21402.0398645.0_2025_11,1,2,last,Pregnant,Pregnant,,,2,2
3/19/2026,,21402,,,401430,,Pregnancy Test - Milk,1.002,108,21402.0401430.0,3/19/2026,2026,2/9/2026,38,21402.0401430.0_2026_2,1,1,first,Pregnant,Pregnant,,,2,2
4/23/2026,,21402,,,401430,,Pregnancy Test - Milk,0.92,143,21402.0401430.0,4/23/2026,2026,2/9/2026,73,21402.0401430.0_2026_2,1,2,last,Pregnant,Pregnant,,,2,2
1/29/2026,,21406,,,398645,,Pregnancy Test - Milk,0.911,163,21406.0398645.0,1/29/2026,2025,11/17/2025,73,21406.0398645.0_2025_11,1,1,first,Pregnant,preg_loss_rebred,,,2,2
5/21/2026,,21406,,,398645,,Pregnancy Test - Milk,2.193,275,21406.0398645.0,5/21/2026,2026,4/17/2026,34,21406.0398645.0_2026_4,2,1,first,Pregnant,Pregnant,,,2,2
4/2/2026,,21406,,,401430,,Pregnancy Test - Milk,1.013,114,21406.0401430.0,4/2/2026,2026,2/25/2026,36,21406.0401430.0_2026_2,1,1,first,Pregnant,Pregnant,,,2,2
5/7/2026,,21406,,,401430,,Pregnancy Test - Milk,0.587,149,21406.0401430.0,5/7/2026,2026,2/25/2026,71,21406.0401430.0_2026_2,1,2,last,Pregnant,Pregnant,,,2,2
4/2/2026,,21408,,,398645,,Pregnancy Test - Milk,0.745,132,21408.0398645.0,4/2/2026,2026,1/20/2026,72,21408.0398645.0_2026_1,2,1,first,Pregnant,Pregnant,,,2,2
8/28/2025,,21408,,,398645,,Pregnancy Test - Milk,2.211,295,21408.0398645.0,8/28/2025,2025,3/25/2025,156,21408.0398645.0_2025_3,1,1,first,Pregnant,Pregnant,,,2,2
2/13/2026,,21408,,,401430,,Pregnancy Test - Milk,1.303,103,21408.0401430.0,2/13/2026,2026,1/7/2026,37,21408.0401430.0_2026_1,1,1,first,Pregnant,Pregnant,,,2,2
3/19/2026,,21408,,,401430,,Pregnancy Test - Milk,0.898,137,21408.0401430.0,3/19/2026,2026,1/7/2026,71,21408.0401430.0_2026_1,1,2,last,Pregnant,Pregnant,,,2,2
7/24/2025,,21413,,,398645,,Pregnancy Test - Milk,2.244,305,21413.0398645.0,7/24/2025,2025,1/18/2025,187,21413.0398645.0_2025_1,1,1,first,Pregnant,Pregnant,,,2,2
2/13/2026,,21413,,,401430,,Pregnancy Test - Milk,0.001,101,21413.0401430.0,2/13/2026,2026,1/8/2026,36,21413.0401430.0_2026_1,1,1,first,Open,Open,,,2,2
4/2/2026,,21413,,,401430,,Pregnancy Test - Milk,1.316,149,21413.0401430.0,4/2/2026,2026,2/23/2026,38,21413.0401430.0_2026_2,2,1,first,Pregnant,Pregnant,,,2,2
5/7/2026,,21413,,,401430,,Pregnancy Test - Milk,0.631,184,21413.0401430.0,5/7/2026,2026,2/23/2026,73,21413.0401430.0_2026_2,2,2,last,Pregnant,Pregnant,,,2,2
2/19/2026,,21414,,,398645,,Pregnancy Test - Milk,0.342,146,21414.0398645.0,2/19/2026,2025,12/15/2025,66,21414.0398645.0_2025_12,2,1,first,Pregnant,Pregnant,,,2,2
6/19/2025,,21414,,,398645,,Pregnancy Test - Milk,1.734,286,21414.0398645.0,6/19/2025,2024,12/20/2024,181,21414.0398645.0_2024_12,1,1,first,Pregnant,Pregnant,,,2,2
2/13/2026,,21414,,,401430,,Pregnancy Test - Milk,0.095,105,21414.0401430.0,2/13/2026,2026,1/8/2026,36,21414.0401430.0_2026_1,1,1,first,Open,Open,,,2,2
5/14/2026,,21414,,,401430,,Pregnancy Test - Milk,0.676,195,21414.0401430.0,5/14/2026,2026,4/6/2026,38,21414.0401430.0_2026_4,2,1,first,Pregnant,Pregnant,,,2,2
2/19/2026,,21415,,,398645,,Pregnancy Test - Milk,0.213,151,21415.0398645.0,2/19/2026,2026,2/19/2026,0,21415.0398645.0_2026_2,1,1,first,Re-Check,rc_unresolved,,,2,2
3/19/2026,,21415,,,401430,,Pregnancy Test - Milk,0.021,117,21415.0401430.0,3/19/2026,2026,2/10/2026,37,21415.0401430.0_2026_2,1,1,first,Open,Open,,,2,2
5/7/2026,,21415,,,401430,,Pregnancy Test - Milk,1.971,166,21415.0401430.0,5/7/2026,2026,4/2/2026,35,21415.0401430.0_2026_4,2,1,first,Pregnant,Pregnant,,,2,2
4/9/2026,,21419,,,398645,,Pregnancy Test - Milk,0.698,240,21419.0398645.0,4/9/2026,2026,2/2/2026,66,21419.0398645.0_2026_2,1,1,first,Pregnant,Pregnant,,,2,2
4/23/2026,,21419,,,401430,,Pregnancy Test - Milk,1.026,132,21419.0401430.0,4/23/2026,2026,3/15/2026,39,21419.0401430.0_2026_3,1,1,first,Pregnant,Pregnant,,,2,2
2/5/2026,,21420,,,398645,,Pregnancy Test - Milk,0.183,152,21420.0398645.0,2/5/2026,2025,12/1/2025,66,21420.0398645.0_2025_12,1,1,first,Re-Check,rc_unresolved,,,2,2
2/20/2026,,21420,,,401430,,Pregnancy Test - Milk,0.225,102,21420.0401430.0,2/20/2026,2026,1/15/2026,36,21420.0401430.0_2026_1,1,1,first,Re-Check,rc_open,,,2,2
2/26/2026,,21420,,,401430,,Pregnancy Test - Milk,0.028,108,21420.0401430.0,2/26/2026,2026,1/15/2026,42,21420.0401430.0_2026_1,1,2,last,Open,rc_open,,,2,2
4/23/2026,,21420,,,401430,,Pregnancy Test - Milk,1.014,164,21420.0401430.0,4/23/2026,2026,3/19/2026,35,21420.0401430.0_2026_3,2,1,first,Pregnant,Pregnant,,,2,2
2/5/2026,,21423,,,398645,,Pregnancy Test - Milk,0.238,130,21423.0398645.0,2/5/2026,2025,11/27/2025,70,21423.0398645.0_2025_11,2,1,first,Re-Check,rc_unresolved_>_1_bred,,,2,2
6/19/2025,,21423,,,398645,,Pregnancy Test - Milk,1.405,289,21423.0398645.0,6/19/2025,2025,1/21/2025,149,21423.0398645.0_2025_1,1,1,first,Pregnant,Pregnant,,,2,2
2/13/2026,,21423,,,401430,,Pregnancy Test - Milk,0.915,101,21423.0401430.0,2/13/2026,2026,1/8/2026,36,21423.0401430.0_2026_1,1,1,first,Pregnant,Pregnant,,,2,2
3/26/2026,,21423,,,401430,,Pregnancy Test - Milk,0.601,142,21423.0401430.0,3/26/2026,2026,1/8/2026,77,21423.0401430.0_2026_1,1,2,last,Pregnant,Pregnant,,,2,2
10/2/2025,,21425,,,398645,,Pregnancy Test - Milk,POS,366,21425.0398645.0,10/2/2025,2025,3/13/2025,203,21425.0398645.0_2025_3,1,1,first,Pregnant,Pregnant,,,2,2
5/7/2026,,21425,,,398645,,Pregnancy Test - Milk,0.523,146,21425.0398645.0,5/7/2026,2026,2/26/2026,70,21425.0398645.0_2026_2,2,1,first,Pregnant,Pregnant,,,2,2
4/30/2026,,21425,,,401430,,Pregnancy Test - Milk,1.185,170,21425.0401430.0,4/30/2026,2026,3/26/2026,35,21425.0401430.0_2026_3,1,1,first,Pregnant,Pregnant,,,2,2
4/23/2026,,21426,,,398645,,Pregnancy Test - Milk,1.587,244,21426.0398645.0,4/23/2026,2025,10/23/2025,182,21426.0398645.0_2025_10,1,1,first,Pregnant,Pregnant,,,2,2
1/15/2026,,21426,,,401430,,Pregnancy Test - Milk,1.3,105,21426.0401430.0,1/15/2026,2025,12/11/2025,35,21426.0401430.0_2025_12,1,1,first,Pregnant,Pregnant,,,2,2
2/20/2026,,21426,,,401430,,Pregnancy Test - Milk,0.908,141,21426.0401430.0,2/20/2026,2025,12/11/2025,71,21426.0401430.0_2025_12,1,2,last,Pregnant,Pregnant,,,2,2
4/2/2026,,21428,,,398645,,Pregnancy Test - Milk,POS,270,21428.0398645.0,4/2/2026,2025,8/5/2025,240,21428.0398645.0_2025_8,1,1,first,Pregnant,Pregnant,,,2,2
4/2/2026,,21428,,,401430,,Pregnancy Test - Milk,1.318,114,21428.0401430.0,4/2/2026,2026,2/24/2026,37,21428.0401430.0_2026_2,1,1,first,Pregnant,Pregnant,,,2,2
5/7/2026,,21428,,,401430,,Pregnancy Test - Milk,0.651,149,21428.0401430.0,5/7/2026,2026,2/24/2026,72,21428.0401430.0_2026_2,1,2,last,Pregnant,Pregnant,,,2,2
2/19/2026,,21430,,,398645,,Pregnancy Test - Milk,1.633,142,21430.0398645.0,2/19/2026,2026,1/20/2026,30,21430.0398645.0_2026_1,2,1,first,Pregnant,Pregnant,,,2,2
6/19/2025,,21430,,,398645,,Pregnancy Test - Milk,2.351,284,21430.0398645.0,6/19/2025,2025,1/22/2025,148,21430.0398645.0_2025_1,1,1,first,Pregnant,Pregnant,,,2,2
2/13/2026,,21430,,,401430,,Pregnancy Test - Milk,1.425,103,21430.0401430.0,2/13/2026,2026,1/8/2026,36,21430.0401430.0_2026_1,1,1,first,Pregnant,Pregnant,,,2,2
3/26/2026,,21430,,,401430,,Pregnancy Test - Milk,0.691,144,21430.0401430.0,3/26/2026,2026,1/8/2026,77,21430.0401430.0_2026_1,1,2,last,Pregnant,Pregnant,,,2,2
7/24/2025,,21434,,,398645,,Pregnancy Test - Milk,2.724,301,21434.0398645.0,7/24/2025,2025,6/28/2025,26,21434.0398645.0_2025_6,1,1,first,Pregnant,Pregnant,,,2,2
2/13/2026,,21434,,,401430,,Pregnancy Test - Milk,1.35,103,21434.0401430.0,2/13/2026,2026,1/8/2026,36,21434.0401430.0_2026_1,1,1,first,Pregnant,Pregnant,,,2,2
3/26/2026,,21434,,,401430,,Pregnancy Test - Milk,0.901,144,21434.0401430.0,3/26/2026,2026,1/8/2026,77,21434.0401430.0_2026_1,1,2,last,Pregnant,Pregnant,,,2,2
3/19/2026,,21440,,,398645,,Pregnancy Test - Milk,0.501,140,21440.0398645.0,3/19/2026,2026,2/10/2026,37,21440.0398645.0_2026_2,2,1,first,Pregnant,Pregnant,,,2,2
7/24/2025,,21440,,,398645,,Pregnancy Test - Milk,1.717,276,21440.0398645.0,7/24/2025,2025,2/26/2025,148,21440.0398645.0_2025_2,1,1,first,Pregnant,Pregnant,,,2,2
3/12/2026,,21440,,,401430,,Pregnancy Test - Milk,1.386,93,21440.0401430.0,3/12/2026,2026,2/1/2026,39,21440.0401430.0_2026_2,2,1,first,Pregnant,Pregnant,,,2,2
4/16/2026,,21440,,,401430,,Pregnancy Test - Milk,0.487,129,21440.0401430.0,4/16/2026,2026,1/31/2026,75,21440.0401430.0_2026_1,1,1,first,Pregnant,preg_loss_rebred,,,2,2
5/7/2026,,21442,,,398645,,Pregnancy Test - Milk,0.156,148,21442.0398645.0,5/7/2026,2026,3/28/2026,40,21442.0398645.0_2026_3,1,1,first,Re-Check,rc_unresolved,,,2,2
2/13/2026,,21442,,,401430,,Pregnancy Test - Milk,-0.049,92,21442.0401430.0,2/13/2026,2026,1/5/2026,39,21442.0401430.0_2026_1,1,1,first,Open,Open,,,2,2
5/21/2026,,21442,,,401430,,Pregnancy Test - Milk,1.309,189,21442.0401430.0,5/21/2026,2026,4/13/2026,38,21442.0401430.0_2026_4,2,1,first,Pregnant,Pregnant,,,2,2
6/19/2025,,21444,,,398645,,Pregnancy Test - Milk,0.317,156,21444.0398645.0,6/19/2025,2025,4/11/2025,69,21444.0398645.0_2025_4,1,1,first,Pregnant,Pregnant,,,2,2
2/13/2026,,21444,,,401430,,Pregnancy Test - Milk,1.35,106,21444.0401430.0,2/13/2026,2026,1/8/2026,36,21444.0401430.0_2026_1,1,1,first,Pregnant,Pregnant,,,2,2
9/4/2025,,21447,,,398645,,Pregnancy Test - Milk,2.09,331,21447.0398645.0,9/4/2025,2025,3/2/2025,186,21447.0398645.0_2025_3,1,1,first,Pregnant,Pregnant,,,2,2
4/30/2026,,21447,,,401430,,Pregnancy Test - Milk,1.65,120,21447.0401430.0,4/30/2026,2026,3/20/2026,41,21447.0401430.0_2026_3,1,1,first,Pregnant,Pregnant,,,2,2
12/25/2025,,21453,,,398645,,Pregnancy Test - Milk,0.498,125,21453.0398645.0,12/25/2025,2025,10/19/2025,67,21453.0398645.0_2025_10,1,1,first,Pregnant,Pregnant,,,2,2
4/23/2026,,21453,,,398645,,Pregnancy Test - Milk,POS,244,21453.0398645.0,4/23/2026,2025,10/19/2025,186,21453.0398645.0_2025_10,1,2,last,Pregnant,Pregnant,,,2,2
2/26/2026,,21453,,,401430,,Pregnancy Test - Milk,1.167,101,21453.0401430.0,2/26/2026,2026,1/22/2026,35,21453.0401430.0_2026_1,1,1,first,Pregnant,Pregnant,,,2,2
4/9/2026,,21453,,,401430,,Pregnancy Test - Milk,0.632,143,21453.0401430.0,4/9/2026,2026,1/22/2026,77,21453.0401430.0_2026_1,1,2,last,Pregnant,Pregnant,,,2,2
7/31/2025,,21455,,,398645,,Pregnancy Test - Milk,2.84,305,21455.0398645.0,7/31/2025,2025,3/4/2025,149,21455.0398645.0_2025_3,1,1,first,Pregnant,Pregnant,,,2,2
5/14/2026,,21455,,,401430,,Pregnancy Test - Milk,0.018,115,21455.0401430.0,5/14/2026,2026,4/5/2026,39,21455.0401430.0_2026_4,1,1,first,Open,Open,,,2,2
5/21/2026,,21460,,,398645,,Pregnancy Test - Milk,0.595,166,21460.0398645.0,5/21/2026,2026,3/15/2026,67,21460.0398645.0_2026_3,2,1,first,Pregnant,Pregnant,,,2,2
9/4/2025,,21460,,,398645,,Pregnancy Test - Milk,2.239,365,21460.0398645.0,9/4/2025,2025,4/8/2025,149,21460.0398645.0_2025_4,1,1,first,Pregnant,Pregnant,,,2,2
5/8/2026,,21460,,,401430,,Pregnancy Test - Milk,0.775,130,21460.0401430.0,5/8/2026,2026,3/28/2026,41,21460.0401430.0_2026_3,1,1,first,Pregnant,Pregnant,,,2,2
2/26/2026,,21462,,,398645,,Pregnancy Test - Milk,0.517,147,21462.0398645.0,2/26/2026,2025,12/13/2025,75,21462.0398645.0_2025_12,2,1,first,Pregnant,Pregnant,,,2,2
6/26/2025,,21462,,,398645,,Pregnancy Test - Milk,2.756,263,21462.0398645.0,6/26/2025,2024,12/24/2024,184,21462.0398645.0_2024_12,1,1,first,Pregnant,Pregnant,,,2,2
4/9/2026,,21462,,,401430,,Pregnancy Test - Milk,0.576,118,21462.0401430.0,4/9/2026,2026,3/5/2026,35,21462.0401430.0_2026_3,1,1,first,Pregnant,Pregnant,,,2,2
5/21/2026,,21462,,,401430,,Pregnancy Test - Milk,0.581,160,21462.0401430.0,5/21/2026,2026,3/5/2026,77,21462.0401430.0_2026_3,1,2,last,Pregnant,Pregnant,,,2,2
2/19/2026,,21472,,,398645,,Pregnancy Test - Milk,0.985,153,21472.0398645.0,2/19/2026,2025,12/2/2025,79,21472.0398645.0_2025_12,2,1,first,Pregnant,Pregnant,,,2,2
6/19/2025,,21472,,,398645,,Pregnancy Test - Milk,POS,283,21472.0398645.0,6/19/2025,2025,1/22/2025,148,21472.0398645.0_2025_1,1,1,first,Pregnant,Pregnant,,,2,2
3/26/2026,,21472,,,401430,,Pregnancy Test - Milk,1.504,119,21472.0401430.0,3/26/2026,2026,2/18/2026,36,21472.0401430.0_2026_2,1,1,first,Pregnant,Pregnant,,,2,2
4/30/2026,,21472,,,401430,,Pregnancy Test - Milk,0.312,154,21472.0401430.0,4/30/2026,2026,2/18/2026,71,21472.0401430.0_2026_2,1,2,last,Pregnant,Pregnant,,,2,2
11/20/2025,,21476,,,398645,,Pregnancy Test - Milk,POS,431,21476.0398645.0,11/20/2025,2025,5/2/2025,202,21476.0398645.0_2025_5,1,2,last,Pregnant,Pregnant,,,2,2
7/31/2025,,21476,,,398645,,Pregnancy Test - Milk,1.697,319,21476.0398645.0,7/31/2025,2025,5/2/2025,90,21476.0398645.0_2025_5,1,1,first,Pregnant,Pregnant,,,2,2
2/13/2026,,21476,,,401430,,Pregnancy Test - Milk,-0.02,91,21476.0401430.0,2/13/2026,2026,1/5/2026,39,21476.0401430.0_2026_1,1,1,first,Open,Open,,,2,2
4/2/2026,,21476,,,401430,,Pregnancy Test - Milk,1.43,139,21476.0401430.0,4/2/2026,2026,2/26/2026,35,21476.0401430.0_2026_2,2,1,first,Pregnant,Pregnant,,,2,2
5/14/2026,,21476,,,401430,,Pregnancy Test - Milk,0.779,181,21476.0401430.0,5/14/2026,2026,2/26/2026,77,21476.0401430.0_2026_2,2,2,last,Pregnant,Pregnant,,,2,2
4/23/2026,,21478,,,398645,,Pregnancy Test - Milk,0.362,145,21478.0398645.0,4/23/2026,2026,2/14/2026,68,21478.0398645.0_2026_2,2,1,first,Pregnant,Pregnant,,,2,2
8/21/2025,,21478,,,398645,,Pregnancy Test - Milk,1.965,305,21478.0398645.0,8/21/2025,2025,3/25/2025,149,21478.0398645.0_2025_3,1,1,first,Pregnant,Pregnant,,,2,2
4/9/2026,,21478,,,401430,,Pregnancy Test - Milk,0.834,170,21478.0401430.0,4/9/2026,2026,3/4/2026,36,21478.0401430.0_2026_3,1,1,first,Pregnant,Pregnant,,,2,2
5/14/2026,,21478,,,401430,,Pregnancy Test - Milk,0.745,205,21478.0401430.0,5/14/2026,2026,3/4/2026,71,21478.0401430.0_2026_3,1,2,last,Pregnant,Pregnant,,,2,2
7/24/2025,,21482,,,398645,,Pregnancy Test - Milk,0.636,274,21482.0398645.0,7/24/2025,2025,1/24/2025,181,21482.0398645.0_2025_1,1,1,first,Pregnant,Pregnant,,,2,2
2/26/2026,,21482,,,401430,,Pregnancy Test - Milk,1.159,99,21482.0401430.0,2/26/2026,2026,1/22/2026,35,21482.0401430.0_2026_1,1,1,first,Pregnant,Pregnant,,,2,2
4/9/2026,,21482,,,401430,,Pregnancy Test - Milk,0.39,141,21482.0401430.0,4/9/2026,2026,1/22/2026,77,21482.0401430.0_2026_1,1,2,last,Pregnant,Pregnant,,,2,2
3/26/2026,,21488,,,398645,,Pregnancy Test - Milk,0.641,142,21488.0398645.0,3/26/2026,2026,1/15/2026,70,21488.0398645.0_2026_1,2,1,first,Pregnant,Pregnant,,,2,2
7/24/2025,,21488,,,398645,,Pregnancy Test - Milk,1.805,292,21488.0398645.0,7/24/2025,2025,1/21/2025,184,21488.0398645.0_2025_1,1,1,first,Pregnant,Pregnant,,,2,2
2/26/2026,,21488,,,401430,,Pregnancy Test - Milk,0.379,105,21488.0401430.0,2/26/2026,2026,1/22/2026,35,21488.0401430.0_2026_1,1,1,first,Pregnant,Pregnant,,,2,2
4/23/2026,,21490,,,398645,,Pregnancy Test - Milk,0.244,184,21490.0398645.0,4/23/2026,2026,2/9/2026,73,21490.0398645.0_2026_2,1,1,first,Re-Check,rc_unresolved,,,2,2
4/30/2026,,21490,,,401430,,Pregnancy Test - Milk,1.261,189,21490.0401430.0,4/30/2026,2026,3/23/2026,38,21490.0401430.0_2026_3,1,1,first,Pregnant,Pregnant,,,2,2
5/7/2026,,21496,,,398645,,Pregnancy Test - Milk,0.486,153,21496.0398645.0,5/7/2026,2026,2/26/2026,70,21496.0398645.0_2026_2,1,1,first,Pregnant,Pregnant,,,2,2
2/20/2026,,21496,,,401430,,Pregnancy Test - Milk,0.95,122,21496.0401430.0,2/20/2026,2026,1/15/2026,36,21496.0401430.0_2026_1,1,1,first,Pregnant,Pregnant,,,2,2
4/2/2026,,21496,,,401430,,Pregnancy Test - Milk,0.728,163,21496.0401430.0,4/2/2026,2026,1/15/2026,77,21496.0401430.0_2026_1,1,2,last,Pregnant,Pregnant,,,2,2
5/29/2025,,21497,,,398645,,Pregnancy Test - Milk,0.704,157,21497.0398645.0,5/29/2025,2025,5/29/2025,0,21497.0398645.0_2025_5,1,1,first,Pregnant,preg_loss_rebred,,,2,2
9/18/2025,,21497,,,398645,,Pregnancy Test - Milk,2.729,269,21497.0398645.0,9/18/2025,2025,9/18/2025,0,21497.0398645.0_2025_9,2,1,first,Pregnant,Pregnant,,,2,2
4/23/2026,,21497,,,401430,,Pregnancy Test - Milk,1.138,175,21497.0401430.0,4/23/2026,2026,3/18/2026,36,21497.0401430.0_2026_3,1,1,first,Pregnant,Pregnant,,,2,2
3/26/2026,,21500,,,398645,,Pregnancy Test - Milk,0.656,142,21500.0398645.0,3/26/2026,2026,1/17/2026,68,21500.0398645.0_2026_1,2,1,first,Pregnant,Pregnant,,,2,2
7/31/2025,,21500,,,398645,,Pregnancy Test - Milk,2.365,319,21500.0398645.0,7/31/2025,2025,3/4/2025,149,21500.0398645.0_2025_3,1,1,first,Pregnant,Pregnant,,,2,2
4/16/2026,,21500,,,401430,,Pregnancy Test - Milk,-0.021,120,21500.0401430.0,4/16/2026,2026,3/11/2026,36,21500.0401430.0_2026_3,1,1,first,Open,Open,,,2,2
11/6/2025,,21504,,,398645,,Pregnancy Test - Milk,2.442,276,21504.0398645.0,11/6/2025,2025,9/30/2025,37,21504.0398645.0_2025_9,1,1,first,Pregnant,Pregnant,,,2,2
3/19/2026,,21504,,,401430,,Pregnancy Test - Milk,1.089,107,21504.0401430.0,3/19/2026,2026,2/9/2026,38,21504.0401430.0_2026_2,1,1,first,Pregnant,Pregnant,,,2,2
4/23/2026,,21504,,,401430,,Pregnancy Test - Milk,0.35,142,21504.0401430.0,4/23/2026,2026,2/9/2026,73,21504.0401430.0_2026_2,1,2,last,Pregnant,Pregnant,,,2,2
8/21/2025,,21506,,,398645,,Pregnancy Test - Milk,2.256,271,21506.0398645.0,8/21/2025,2025,3/26/2025,148,21506.0398645.0_2025_3,1,1,first,Pregnant,Pregnant,,,2,2
3/26/2026,,21506,,,401430,,Pregnancy Test - Milk,1.36,109,21506.0401430.0,3/26/2026,2026,2/17/2026,37,21506.0401430.0_2026_2,1,1,first,Pregnant,Pregnant,,,2,2
4/30/2026,,21506,,,401430,,Pregnancy Test - Milk,0.691,144,21506.0401430.0,4/30/2026,2026,2/17/2026,72,21506.0401430.0_2026_2,1,2,last,Pregnant,Pregnant,,,2,2
4/9/2026,,21509,,,398645,,Pregnancy Test - Milk,0.573,190,21509.0398645.0,4/9/2026,2026,2/1/2026,67,21509.0398645.0_2026_2,1,1,first,Pregnant,Pregnant,,,2,2
5/14/2026,,21509,,,401430,,Pregnancy Test - Milk,0.806,163,21509.0401430.0,5/14/2026,2026,4/4/2026,40,21509.0401430.0_2026_4,1,1,first,Pregnant,Pregnant,,,2,2
6/26/2025,,21514,,,398645,,Pregnancy Test - Milk,0.523,243,21514.0398645.0,6/26/2025,2025,4/17/2025,70,21514.0398645.0_2025_4,1,1,first,Pregnant,Pregnant,,,2,2
5/21/2026,,21514,,,401430,,Pregnancy Test - Milk,0.995,119,21514.0401430.0,5/21/2026,2026,4/16/2026,35,21514.0401430.0_2026_4,1,1,first,Pregnant,Pregnant,,,2,2
2/5/2026,,21516,,,398645,,Pregnancy Test - Milk,0.332,138,21516.0398645.0,2/5/2026,2025,11/25/2025,72,21516.0398645.0_2025_11,1,1,first,Pregnant,Pregnant,,,2,2
3/26/2026,,21516,,,401430,,Pregnancy Test - Milk,1.223,118,21516.0401430.0,3/26/2026,2026,2/19/2026,35,21516.0401430.0_2026_2,1,1,first,Pregnant,Pregnant,,,2,2
5/7/2026,,21516,,,401430,,Pregnancy Test - Milk,0.827,160,21516.0401430.0,5/7/2026,2026,2/19/2026,77,21516.0401430.0_2026_2,1,2,last,Pregnant,Pregnant,,,2,2
2/5/2026,,21517,,,398645,,Pregnancy Test - Milk,0.406,138,21517.0398645.0,2/5/2026,2025,11/30/2025,67,21517.0398645.0_2025_11,1,1,first,Pregnant,Pregnant,,,2,2
4/16/2026,,21517,,,401430,,Pregnancy Test - Milk,0.603,94,21517.0401430.0,4/16/2026,2026,3/6/2026,41,21517.0401430.0_2026_3,1,1,first,Pregnant,Pregnant,,,2,2
5/21/2026,,21517,,,401430,,Pregnancy Test - Milk,0.682,128,21517.0401430.0,5/21/2026,2026,3/6/2026,75,21517.0401430.0_2026_3,1,2,last,Pregnant,Pregnant,,,2,2
5/7/2026,,21518,,,398645,,Pregnancy Test - Milk,0.201,161,21518.0398645.0,5/7/2026,2026,2/27/2026,69,21518.0398645.0_2026_2,2,1,first,Re-Check,rc_unresolved_>_1_bred,,,2,2
8/21/2025,,21518,,,398645,,Pregnancy Test - Milk,POS,332,21518.0398645.0,8/21/2025,2025,3/25/2025,149,21518.0398645.0_2025_3,1,1,first,Pregnant,Pregnant,,,2,2
2/13/2026,,21518,,,401430,,Pregnancy Test - Milk,0.51,114,21518.0401430.0,2/13/2026,2025,12/25/2025,50,21518.0401430.0_2025_12,1,1,first,Pregnant,Pregnant,,,2,2
3/12/2026,,21518,,,401430,,Pregnancy Test - Milk,0.6,141,21518.0401430.0,3/12/2026,2025,12/25/2025,77,21518.0401430.0_2025_12,1,2,last,Pregnant,Pregnant,,,2,2
2/5/2026,,21519,,,398645,,Pregnancy Test - Milk,0.711,123,21519.0398645.0,2/5/2026,2025,11/28/2025,69,21519.0398645.0_2025_11,2,1,first,Pregnant,Pregnant,,,2,2
7/3/2025,,21519,,,398645,,Pregnancy Test - Milk,POS,275,21519.0398645.0,7/3/2025,2025,2/4/2025,149,21519.0398645.0_2025_2,1,1,first,Pregnant,preg_loss_rebred,,,2,2
3/19/2026,,21519,,,401430,,Pregnancy Test - Milk,0.878,105,21519.0401430.0,3/19/2026,2026,2/7/2026,40,21519.0401430.0_2026_2,1,1,first,Pregnant,Pregnant,,,2,2
4/23/2026,,21519,,,401430,,Pregnancy Test - Milk,0.569,140,21519.0401430.0,4/23/2026,2026,2/7/2026,75,21519.0401430.0_2026_2,1,2,last,Pregnant,Pregnant,,,2,2
2/19/2026,,21520,,,398645,,Pregnancy Test - Milk,0.819,139,21520.0398645.0,2/19/2026,2025,12/9/2025,72,21520.0398645.0_2025_12,2,1,first,Pregnant,Pregnant,,,2,2
6/26/2025,,21520,,,398645,,Pregnancy Test - Milk,2.796,261,21520.0398645.0,6/26/2025,2025,2/25/2025,121,21520.0398645.0_2025_2,1,1,first,Pregnant,preg_loss_rebred,,,2,2
5/1/2026,,21520,,,401430,,Pregnancy Test - Milk,-0.055,126,21520.0401430.0,5/1/2026,2026,3/27/2026,35,21520.0401430.0_2026_3,1,1,first,Open,Open,,,2,2
2/19/2026,,21522,,,398645,,Pregnancy Test - Milk,0.394,153,21522.0398645.0,2/19/2026,2025,12/11/2025,70,21522.0398645.0_2025_12,1,1,first,Pregnant,Pregnant,,,2,2
4/22/2026,,21522,,,401430,,Pregnancy Test - Milk,0.666,103,21522.0401430.0,4/22/2026,2026,3/15/2026,38,21522.0401430.0_2026_3,1,1,first,Pregnant,Pregnant,,,2,2
7/17/2025,,21526,,,398645,,Pregnancy Test - Milk,2.341,302,21526.0398645.0,7/17/2025,2025,2/18/2025,149,21526.0398645.0_2025_2,1,1,first,Pregnant,Pregnant,,,2,2
4/16/2026,,21526,,,401430,,Pregnancy Test - Milk,1.551,117,21526.0401430.0,4/16/2026,2026,3/8/2026,39,21526.0401430.0_2026_3,1,1,first,Pregnant,Pregnant,,,2,2
7/24/2025,,21527,,,398645,,Pregnancy Test - Milk,0.476,305,21527.0398645.0,7/24/2025,2025,5/15/2025,70,21527.0398645.0_2025_5,1,1,first,Pregnant,Pregnant,,,2,2
2/13/2026,,21527,,,401430,,Pregnancy Test - Milk,1.973,103,21527.0401430.0,2/13/2026,2026,1/7/2026,37,21527.0401430.0_2026_1,1,1,first,Pregnant,preg_loss_rebred,,,2,2
3/26/2026,,21527,,,401430,,Pregnancy Test - Milk,-0.015,144,21527.0401430.0,3/26/2026,2026,2/14/2026,40,21527.0401430.0_2026_2,2,1,first,Open,Open,,,2,2
1/29/2026,,21528,,,398645,,Pregnancy Test - Milk,0.232,145,21528.0398645.0,1/29/2026,2026,1/29/2026,0,21528.0398645.0_2026_1,2,1,first,Re-Check,rc_rebred,,,2,2
5/21/2026,,21528,,,398645,,Pregnancy Test - Milk,2.606,257,21528.0398645.0,5/21/2026,2026,5/17/2026,4,21528.0398645.0_2026_5,3,1,first,Pregnant,Pregnant,,,2,2
5/29/2025,,21528,,,398645,,Pregnancy Test - Milk,POS,254,21528.0398645.0,5/29/2025,2025,5/8/2025,21,21528.0398645.0_2025_5,1,1,first,Pregnant,preg_loss_rebred,,,2,2
5/7/2026,,21528,,,401430,,Pregnancy Test - Milk,1.058,135,21528.0401430.0,5/7/2026,2026,3/28/2026,40,21528.0401430.0_2026_3,1,1,first,Pregnant,Pregnant,,,2,2
9/4/2025,,21531,,,398645,,Pregnancy Test - Milk,1.018,300,21531.0398645.0,9/4/2025,2025,3/6/2025,182,21531.0398645.0_2025_3,1,1,first,Pregnant,Pregnant,,,2,2
3/19/2026,,21531,,,401430,,Pregnancy Test - Milk,0.93,91,21531.0401430.0,3/19/2026,2026,2/9/2026,38,21531.0401430.0_2026_2,1,1,first,Pregnant,Pregnant,,,2,2
4/23/2026,,21531,,,401430,,Pregnancy Test - Milk,0.448,126,21531.0401430.0,4/23/2026,2026,2/9/2026,73,21531.0401430.0_2026_2,1,2,last,Pregnant,Pregnant,,,2,2
10/30/2025,,21532,,,398645,,Pregnancy Test - Milk,0.424,325,21532.0398645.0,10/30/2025,2025,8/20/2025,71,21532.0398645.0_2025_8,1,1,first,Pregnant,Pregnant,,,2,2
2/19/2026,,21532,,,398645,,Pregnancy Test - Milk,POS,437,21532.0398645.0,2/19/2026,2025,8/20/2025,183,21532.0398645.0_2025_8,1,2,last,Pregnant,Pregnant,,,2,2
3/26/2026,,21532,,,401430,,Pregnancy Test - Milk,1.473,120,21532.0401430.0,3/26/2026,2026,2/19/2026,35,21532.0401430.0_2026_2,1,1,first,Pregnant,Pregnant,,,2,2
5/7/2026,,21532,,,401430,,Pregnancy Test - Milk,1.191,162,21532.0401430.0,5/7/2026,2026,2/19/2026,77,21532.0401430.0_2026_2,1,2,last,Pregnant,Pregnant,,,2,2
8/21/2025,,21540,,,398645,,Pregnancy Test - Milk,POS,306,21540.0398645.0,8/21/2025,2025,2/20/2025,182,21540.0398645.0_2025_2,1,1,first,Pregnant,Pregnant,,,2,2
5/7/2026,,21540,,,401430,,Pregnancy Test - Milk,0.616,149,21540.0401430.0,5/7/2026,2026,4/1/2026,36,21540.0401430.0_2026_4,1,1,first,Pregnant,Pregnant,,,2,2
5/29/2025,,21544,,,398645,,Pregnancy Test - Milk,0.974,177,21544.0398645.0,5/29/2025,2025,4/29/2025,30,21544.0398645.0_2025_4,1,1,first,Pregnant,Pregnant,,,2,2
4/7/2026,,21544,,,401430,,Pregnancy Test - Milk,0.713,104,21544.0401430.0,4/7/2026,2026,2/28/2026,38,21544.0401430.0_2026_2,1,1,first,Pregnant,preg_loss_rebred,,,2,2
5/14/2026,,21544,,,401430,,Pregnancy Test - Milk,0.445,140,21544.0401430.0,5/14/2026,2026,3/1/2026,74,21544.0401430.0_2026_3,2,1,first,Pregnant,Pregnant,,,2,2
4/23/2026,,21548,,,398645,,Pregnancy Test - Milk,0.749,194,21548.0398645.0,4/23/2026,2026,2/11/2026,71,21548.0398645.0_2026_2,1,1,first,Pregnant,Pregnant,,,2,2
5/15/2026,,21548,,,401430,,Pregnancy Test - Milk,0.505,135,21548.0401430.0,5/15/2026,2026,4/10/2026,35,21548.0401430.0_2026_4,1,1,first,Pregnant,Pregnant,,,2,2
3/26/2026,,21550,,,398645,,Pregnancy Test - Milk,0.36,147,21550.0398645.0,3/26/2026,2026,1/17/2026,68,21550.0398645.0_2026_1,2,1,first,Pregnant,Pregnant,,,2,2
7/17/2025,,21550,,,398645,,Pregnancy Test - Milk,1.794,293,21550.0398645.0,7/17/2025,2025,2/18/2025,149,21550.0398645.0_2025_2,1,1,first,Pregnant,Pregnant,,,2,2
2/13/2026,,21550,,,401430,,Pregnancy Test - Milk,0.412,119,21550.0401430.0,2/13/2026,2025,12/25/2025,50,21550.0401430.0_2025_12,1,1,first,Pregnant,Pregnant,,,2,2
3/12/2026,,21550,,,401430,,Pregnancy Test - Milk,0.449,146,21550.0401430.0,3/12/2026,2025,12/25/2025,77,21550.0401430.0_2025_12,1,2,last,Pregnant,Pregnant,,,2,2
3/19/2026,,21554,,,398645,,Pregnancy Test - Milk,0.21,144,21554.0398645.0,3/19/2026,2026,1/10/2026,68,21554.0398645.0_2026_1,2,1,first,Re-Check,rc_unresolved_>_1_bred,,,2,2
7/24/2025,,21554,,,398645,,Pregnancy Test - Milk,2.187,308,21554.0398645.0,7/24/2025,2025,2/25/2025,149,21554.0398645.0_2025_2,1,1,first,Pregnant,Pregnant,,,2,2
4/16/2026,,21554,,,401430,,Pregnancy Test - Milk,0.346,128,21554.0401430.0,4/16/2026,2026,2/23/2026,52,21554.0401430.0_2026_2,1,3,intermediate,Pregnant,rc_preg,,,2,2
4/2/2026,,21554,,,401430,,Pregnancy Test - Milk,0.242,113,21554.0401430.0,4/2/2026,2026,2/23/2026,37,21554.0401430.0_2026_2,1,1,first,Re-Check,rc_preg,,,2,2
4/9/2026,,21554,,,401430,,Pregnancy Test - Milk,0.148,120,21554.0401430.0,4/9/2026,2026,2/23/2026,44,21554.0401430.0_2026_2,1,2,intermediate,Re-Check,rc_preg,,,2,2
5/7/2026,,21554,,,401430,,Pregnancy Test - Milk,0.407,148,21554.0401430.0,5/7/2026,2026,2/23/2026,72,21554.0401430.0_2026_2,1,4,last,Pregnant,rc_preg,,,2,2
6/26/2025,,21555,,,398645,,Pregnancy Test - Milk,1.945,267,21555.0398645.0,6/26/2025,2025,2/4/2025,142,21555.0398645.0_2025_2,1,1,first,Pregnant,Pregnant,,,2,2
4/23/2026,,21555,,,401430,,Pregnancy Test - Milk,0.653,134,21555.0401430.0,4/23/2026,2026,3/18/2026,36,21555.0401430.0_2026_3,1,1,first,Pregnant,Pregnant,,,2,2
6/26/2025,,21556,,,398645,,Pregnancy Test - Milk,POS,272,21556.0398645.0,6/26/2025,2025,4/10/2025,77,21556.0398645.0_2025_4,1,1,first,Pregnant,Pregnant,,,2,2
3/26/2026,,21556,,,401430,,Pregnancy Test - Milk,1.277,121,21556.0401430.0,3/26/2026,2026,2/19/2026,35,21556.0401430.0_2026_2,1,1,first,Pregnant,Pregnant,,,2,2
5/7/2026,,21556,,,401430,,Pregnancy Test - Milk,0.594,163,21556.0401430.0,5/7/2026,2026,2/19/2026,77,21556.0401430.0_2026_2,1,2,last,Pregnant,Pregnant,,,2,2
4/9/2026,,21563,,,398645,,Pregnancy Test - Milk,0.339,126,21563.0398645.0,4/9/2026,2026,2/2/2026,66,21563.0398645.0_2026_2,1,1,first,Pregnant,Pregnant,,,2,2
3/26/2026,,21563,,,401430,,Pregnancy Test - Milk,1.104,96,21563.0401430.0,3/26/2026,2026,2/13/2026,41,21563.0401430.0_2026_2,1,1,first,Pregnant,Pregnant,,,2,2
4/30/2026,,21563,,,401430,,Pregnancy Test - Milk,0.326,131,21563.0401430.0,4/30/2026,2026,2/13/2026,76,21563.0401430.0_2026_2,1,2,last,Pregnant,Pregnant,,,2,2
5/7/2026,,21569,,,398645,,Pregnancy Test - Milk,0.792,193,21569.0398645.0,5/7/2026,2026,3/31/2026,37,21569.0398645.0_2026_3,2,1,first,Pregnant,Pregnant,,,2,2
7/31/2025,,21569,,,398645,,Pregnancy Test - Milk,POS,268,21569.0398645.0,7/31/2025,2025,2/25/2025,156,21569.0398645.0_2025_2,1,1,first,Pregnant,Pregnant,,,2,2
4/9/2026,,21569,,,401430,,Pregnancy Test - Milk,0.839,140,21569.0401430.0,4/9/2026,2026,3/3/2026,37,21569.0401430.0_2026_3,1,1,first,Pregnant,Pregnant,,,2,2
5/14/2026,,21569,,,401430,,Pregnancy Test - Milk,0.442,175,21569.0401430.0,5/14/2026,2026,3/3/2026,72,21569.0401430.0_2026_3,1,2,last,Pregnant,Pregnant,,,2,2
4/2/2026,,21574,,,398645,,Pregnancy Test - Milk,0.362,166,21574.0398645.0,4/2/2026,2025,12/9/2025,114,21574.0398645.0_2025_12,1,1,first,Pregnant,Pregnant,,,2,2
5/7/2026,,21574,,,401430,,Pregnancy Test - Milk,0.003,152,21574.0401430.0,5/7/2026,2026,4/1/2026,36,21574.0401430.0_2026_4,1,1,first,Open,Open,,,2,2
10/2/2025,,21575,,,398645,,Pregnancy Test - Milk,1.619,358,21575.0398645.0,10/2/2025,2025,2/17/2025,227,21575.0398645.0_2025_2,1,1,first,Pregnant,Pregnant,,,2,2
4/9/2026,,21575,,,401430,,Pregnancy Test - Milk,0.353,162,21575.0401430.0,4/9/2026,2026,3/1/2026,39,21575.0401430.0_2026_3,1,1,first,Pregnant,Pregnant,,,2,2
4/30/2026,,21580,,,398645,,Pregnancy Test - Milk,0.471,190,21580.0398645.0,4/30/2026,2026,2/3/2026,86,21580.0398645.0_2026_2,2,1,first,Pregnant,Pregnant,,,2,2
7/24/2025,,21580,,,398645,,Pregnancy Test - Milk,2.29,291,21580.0398645.0,7/24/2025,2025,2/25/2025,149,21580.0398645.0_2025_2,1,1,first,Pregnant,Pregnant,,,2,2
4/29/2026,,21580,,,401430,,Pregnancy Test - Milk,1.157,108,21580.0401430.0,4/29/2026,2026,3/25/2026,35,21580.0401430.0_2026_3,1,1,first,Pregnant,Pregnant,,,2,2
3/26/2026,,21581,,,398645,,Pregnancy Test - Milk,0.712,128,21581.0398645.0,3/26/2026,2026,1/15/2026,70,21581.0398645.0_2026_1,1,1,first,Pregnant,Pregnant,,,2,2
3/19/2026,,21581,,,401430,,Pregnancy Test - Milk,1.437,94,21581.0401430.0,3/19/2026,2026,2/8/2026,39,21581.0401430.0_2026_2,1,1,first,Pregnant,Pregnant,,,2,2
4/23/2026,,21581,,,401430,,Pregnancy Test - Milk,1.238,129,21581.0401430.0,4/23/2026,2026,2/8/2026,74,21581.0401430.0_2026_2,1,2,last,Pregnant,Pregnant,,,2,2
5/21/2026,,21588,,,398645,,Pregnancy Test - Milk,0.35,154,21588.0398645.0,5/21/2026,2026,3/16/2026,66,21588.0398645.0_2026_3,2,1,first,Pregnant,Pregnant,,,2,2
5/29/2025,,21588,,,398645,,Pregnancy Test - Milk,0.414,220,21588.0398645.0,5/29/2025,2025,2/12/2025,106,21588.0398645.0_2025_2,1,1,first,Pregnant,Pregnant,,,2,2
9/25/2025,,21588,,,398645,,Pregnancy Test - Milk,1.801,339,21588.0398645.0,9/25/2025,2025,2/12/2025,225,21588.0398645.0_2025_2,1,2,last,Pregnant,Pregnant,,,2,2
3/19/2026,,21588,,,401430,,Pregnancy Test - Milk,1.147,147,21588.0401430.0,3/19/2026,2026,2/12/2026,35,21588.0401430.0_2026_2,1,1,first,Pregnant,Pregnant,,,2,2
4/30/2026,,21588,,,401430,,Pregnancy Test - Milk,0.714,189,21588.0401430.0,4/30/2026,2026,2/12/2026,77,21588.0401430.0_2026_2,1,2,last,Pregnant,Pregnant,,,2,2
6/5/2025,,21590,,,398645,,Pregnancy Test - Milk,0.315,239,21590.0398645.0,6/5/2025,2025,4/29/2025,37,21590.0398645.0_2025_4,1,1,first,Pregnant,Pregnant,,,2,2
9/25/2025,,21590,,,398645,,Pregnancy Test - Milk,2.481,351,21590.0398645.0,9/25/2025,2025,4/29/2025,149,21590.0398645.0_2025_4,1,2,last,Pregnant,Pregnant,,,2,2
4/23/2026,,21590,,,401430,,Pregnancy Test - Milk,0.763,92,21590.0401430.0,4/23/2026,2026,3/19/2026,35,21590.0401430.0_2026_3,1,1,first,Pregnant,Pregnant,,,2,2
3/5/2026,,21591,,,398645,,Pregnancy Test - Milk,0.569,137,21591.0398645.0,3/5/2026,2025,12/26/2025,69,21591.0398645.0_2025_12,2,1,first,Pregnant,Pregnant,,,2,2
7/24/2025,,21591,,,398645,,Pregnancy Test - Milk,2.686,284,21591.0398645.0,7/24/2025,2025,2/18/2025,156,21591.0398645.0_2025_2,1,1,first,Pregnant,Pregnant,,,2,2
4/30/2026,,21591,,,401430,,Pregnancy Test - Milk,1.056,116,21591.0401430.0,4/30/2026,2026,3/21/2026,40,21591.0401430.0_2026_3,1,1,first,Pregnant,Pregnant,,,2,2
7/24/2025,,21593,,,398645,,Pregnancy Test - Milk,POS,272,21593.0398645.0,7/24/2025,2025,2/25/2025,149,21593.0398645.0_2025_2,1,1,first,Pregnant,Pregnant,,,2,2
4/30/2026,,21593,,,401430,,Pregnancy Test - Milk,0.983,93,21593.0401430.0,4/30/2026,2026,3/24/2026,37,21593.0401430.0_2026_3,1,1,first,Pregnant,Pregnant,,,2,2
2/26/2026,,21595,,,398645,,Pregnancy Test - Milk,0.199,155,21595.0398645.0,2/26/2026,2025,12/13/2025,75,21595.0398645.0_2025_12,2,1,first,Re-Check,rc_unresolved_>_1_bred,,,2,2
6/26/2025,,21595,,,398645,,Pregnancy Test - Milk,POS,255,21595.0398645.0,6/26/2025,2024,12/22/2024,186,21595.0398645.0_2024_12,1,1,first,Pregnant,Pregnant,,,2,2
4/9/2026,,21595,,,401430,,Pregnancy Test - Milk,0.796,105,21595.0401430.0,4/9/2026,2026,3/2/2026,38,21595.0401430.0_2026_3,1,1,first,Pregnant,Pregnant,,,2,2
5/14/2026,,21595,,,401430,,Pregnancy Test - Milk,0.588,140,21595.0401430.0,5/14/2026,2026,3/2/2026,73,21595.0401430.0_2026_3,1,2,last,Pregnant,Pregnant,,,2,2
7/17/2025,,21600,,,398645,,Pregnancy Test - Milk,1.113,282,21600.0398645.0,7/17/2025,2025,1/15/2025,183,21600.0398645.0_2025_1,1,1,first,Pregnant,Pregnant,,,2,2
4/16/2026,,21600,,,401430,,Pregnancy Test - Milk,0.827,105,21600.0401430.0,4/16/2026,2026,3/6/2026,41,21600.0401430.0_2026_3,1,1,first,Pregnant,Pregnant,,,2,2
5/21/2026,,21600,,,401430,,Pregnancy Test - Milk,1.071,139,21600.0401430.0,5/21/2026,2026,3/6/2026,75,21600.0401430.0_2026_3,1,2,last,Pregnant,Pregnant,,,2,2
10/9/2025,,21607,,,398645,,Pregnancy Test - Milk,2.223,354,21607.0398645.0,10/9/2025,2025,3/28/2025,195,21607.0398645.0_2025_3,1,2,last,Pregnant,Pregnant,,,2,2
6/5/2025,,21607,,,398645,,Pregnancy Test - Milk,0.418,228,21607.0398645.0,6/5/2025,2025,3/28/2025,69,21607.0398645.0_2025_3,1,1,first,Pregnant,Pregnant,,,2,2
5/22/2026,,21607,,,401430,,Pregnancy Test - Milk,0.927,103,21607.0401430.0,5/22/2026,2026,4/14/2026,38,21607.0401430.0_2026_4,1,1,first,Pregnant,Pregnant,,,2,2
6/26/2025,,21612,,,398645,,Pregnancy Test - Milk,1.992,257,21612.0398645.0,6/26/2025,2024,12/27/2024,181,21612.0398645.0_2024_12,1,1,first,Pregnant,Pregnant,,,2,2
4/3/2026,,21612,,,401430,,Pregnancy Test - Milk,1.288,142,21612.0401430.0,4/3/2026,2026,2/25/2026,37,21612.0401430.0_2026_2,1,1,first,Pregnant,Pregnant,,,2,2
5/15/2026,,21612,,,401430,,Pregnancy Test - Milk,0.282,184,21612.0401430.0,5/15/2026,2026,2/25/2026,79,21612.0401430.0_2026_2,1,2,last,Pregnant,Pregnant,,,2,2
8/21/2025,,21616,,,398645,,Pregnancy Test - Milk,2.787,329,21616.0398645.0,8/21/2025,2025,3/25/2025,149,21616.0398645.0_2025_3,1,1,first,Pregnant,Pregnant,,,2,2
5/14/2026,,21616,,,401430,,Pregnancy Test - Milk,0.606,160,21616.0401430.0,5/14/2026,2026,4/3/2026,41,21616.0401430.0_2026_4,1,1,first,Pregnant,Pregnant,,,2,2
10/23/2025,,21619,,,398645,,Pregnancy Test - Milk,1.67,346,21619.0398645.0,10/23/2025,2025,5/27/2025,149,21619.0398645.0_2025_5,1,1,first,Pregnant,Pregnant,,,2,2
5/14/2026,,21619,,,401430,,Pregnancy Test - Milk,1.235,163,21619.0401430.0,5/14/2026,2026,4/9/2026,35,21619.0401430.0_2026_4,1,1,first,Pregnant,Pregnant,,,2,2
10/2/2025,,21620,,,398645,,Pregnancy Test - Milk,2.165,340,21620.0398645.0,10/2/2025,2025,5/6/2025,149,21620.0398645.0_2025_5,1,2,last,Pregnant,Pregnant,,,2,2
6/5/2025,,21620,,,398645,,Pregnancy Test - Milk,0.529,221,21620.0398645.0,6/5/2025,2025,5/6/2025,30,21620.0398645.0_2025_5,1,1,first,Pregnant,Pregnant,,,2,2
3/26/2026,,21620,,,401430,,Pregnancy Test - Milk,1.424,114,21620.0401430.0,3/26/2026,2026,2/13/2026,41,21620.0401430.0_2026_2,1,1,first,Pregnant,Pregnant,,,2,2
4/30/2026,,21620,,,401430,,Pregnancy Test - Milk,0.755,149,21620.0401430.0,4/30/2026,2026,2/13/2026,76,21620.0401430.0_2026_2,1,2,last,Pregnant,Pregnant,,,2,2
7/3/2025,,21624,,,398645,,Pregnancy Test - Milk,1.826,259,21624.0398645.0,7/3/2025,2024,12/22/2024,193,21624.0398645.0_2024_12,1,1,first,Pregnant,Pregnant,,,2,2
3/19/2026,,21624,,,401430,,Pregnancy Test - Milk,1.069,93,21624.0401430.0,3/19/2026,2026,2/9/2026,38,21624.0401430.0_2026_2,1,1,first,Pregnant,Pregnant,,,2,2
4/23/2026,,21624,,,401430,,Pregnancy Test - Milk,0.257,128,21624.0401430.0,4/23/2026,2026,2/9/2026,73,21624.0401430.0_2026_2,1,2,last,Pregnant,Pregnant,,,2,2
8/28/2025,,21626,,,398645,,Pregnancy Test - Milk,1.257,286,21626.0398645.0,8/28/2025,2025,4/1/2025,149,21626.0398645.0_2025_4,1,1,first,Pregnant,Pregnant,,,2,2
3/5/2026,,21626,,,401430,,Pregnancy Test - Milk,2.15,121,21626.0401430.0,3/5/2026,2026,1/29/2026,35,21626.0401430.0_2026_1,1,1,first,Pregnant,Pregnant,,,2,2
4/30/2026,,21626,,,401430,,Pregnancy Test - Milk,1.857,177,21626.0401430.0,4/30/2026,2026,1/29/2026,91,21626.0401430.0_2026_1,1,2,last,Pregnant,Pregnant,,,2,2
7/24/2025,,21627,,,398645,,Pregnancy Test - Milk,2.316,257,21627.0398645.0,7/24/2025,2025,1/22/2025,183,21627.0398645.0_2025_1,1,1,first,Pregnant,Pregnant,,,2,2
4/23/2026,,21627,,,401430,,Pregnancy Test - Milk,1.488,105,21627.0401430.0,4/23/2026,2026,3/16/2026,38,21627.0401430.0_2026_3,1,1,first,Pregnant,Pregnant,,,2,2
4/2/2026,,21628,,,398645,,Pregnancy Test - Milk,0.948,143,21628.0398645.0,4/2/2026,2026,1/21/2026,71,21628.0398645.0_2026_1,2,1,first,Pregnant,Pregnant,,,2,2
8/7/2025,,21628,,,398645,,Pregnancy Test - Milk,1.318,292,21628.0398645.0,8/7/2025,2024,12/24/2024,226,21628.0398645.0_2024_12,1,1,first,Pregnant,Pregnant,,,2,2
4/29/2026,,21628,,,401430,,Pregnancy Test - Milk,0.399,111,21628.0401430.0,4/29/2026,2026,3/22/2026,38,21628.0401430.0_2026_3,1,1,first,Pregnant,Pregnant,,,2,2
8/28/2025,,21629,,,398645,,Pregnancy Test - Milk,0.126,269,21629.0398645.0,8/28/2025,2025,5/29/2025,91,21629.0398645.0_2025_5,1,1,first,Re-Check,rc_unresolved,,,2,2
3/12/2026,,21629,,,401430,,Pregnancy Test - Milk,1.627,123,21629.0401430.0,3/12/2026,2026,2/1/2026,38,21629.0401430.0_2026_2,1,1,first,Pregnant,Pregnant,,,2,2
4/16/2026,,21629,,,401430,,Pregnancy Test - Milk,0.583,159,21629.0401430.0,4/16/2026,2026,2/1/2026,74,21629.0401430.0_2026_2,1,2,last,Pregnant,Pregnant,,,2,2
4/30/2026,,21630,,,398645,,Pregnancy Test - Milk,1.565,168,21630.0398645.0,4/30/2026,2026,2/19/2026,70,21630.0398645.0_2026_2,2,1,first,Pregnant,Pregnant,,,2,2
8/7/2025,,21630,,,398645,,Pregnancy Test - Milk,POS,266,21630.0398645.0,8/7/2025,2025,1/21/2025,198,21630.0398645.0_2025_1,1,1,first,Pregnant,Pregnant,,,2,2
3/19/2026,,21630,,,401430,,Pregnancy Test - Milk,1.101,104,21630.0401430.0,3/19/2026,2026,2/8/2026,39,21630.0401430.0_2026_2,1,1,first,Pregnant,Pregnant,,,2,2
4/23/2026,,21630,,,401430,,Pregnancy Test - Milk,0.556,139,21630.0401430.0,4/23/2026,2026,2/8/2026,74,21630.0401430.0_2026_2,1,2,last,Pregnant,Pregnant,,,2,2
10/30/2025,,21631,,,398645,,Pregnancy Test - Milk,2.199,355,21631.0398645.0,10/30/2025,2025,5/2/2025,181,21631.0398645.0_2025_5,1,1,first,Pregnant,Pregnant,,,2,2
4/16/2026,,21631,,,401430,,Pregnancy Test - Milk,0.929,121,21631.0401430.0,4/16/2026,2026,3/7/2026,40,21631.0401430.0_2026_3,1,1,first,Pregnant,Pregnant,,,2,2
4/9/2026,,21632,,,398645,,Pregnancy Test - Milk,0.26,157,21632.0398645.0,4/9/2026,2026,2/2/2026,66,21632.0398645.0_2026_2,2,1,first,Pregnant,Pregnant,,,2,2
7/31/2025,,21632,,,398645,,Pregnancy Test - Milk,2.5,281,21632.0398645.0,7/31/2025,2025,2/25/2025,156,21632.0398645.0_2025_2,1,1,first,Pregnant,Pregnant,,,2,2
5/21/2026,,21632,,,401430,,Pregnancy Test - Milk,1.38,133,21632.0401430.0,5/21/2026,2026,4/10/2026,41,21632.0401430.0_2026_4,1,1,first,Pregnant,Pregnant,,,2,2
4/2/2026,,21633,,,398645,,Pregnancy Test - Milk,0.111,142,21633.0398645.0,4/2/2026,2026,4/2/2026,0,21633.0398645.0_2026_4,2,1,first,Re-Check,rc_unresolved_>_1_bred,,,2,2
8/7/2025,,21633,,,398645,,Pregnancy Test - Milk,0.637,272,21633.0398645.0,8/7/2025,2025,3/11/2025,149,21633.0398645.0_2025_3,1,1,first,Pregnant,Pregnant,,,2,2
4/2/2026,,21633,,,401430,,Pregnancy Test - Milk,1.401,107,21633.0401430.0,4/2/2026,2026,2/23/2026,38,21633.0401430.0_2026_2,1,1,first,Pregnant,Pregnant,,,2,2
5/7/2026,,21633,,,401430,,Pregnancy Test - Milk,0.544,142,21633.0401430.0,5/7/2026,2026,2/23/2026,73,21633.0401430.0_2026_2,1,2,last,Pregnant,Pregnant,,,2,2
5/7/2026,,21635,,,398645,,Pregnancy Test - Milk,0.709,193,21635.0398645.0,5/7/2026,2026,2/27/2026,69,21635.0398645.0_2026_2,2,1,first,Pregnant,Pregnant,,,2,2
7/24/2025,,21635,,,398645,,Pregnancy Test - Milk,1.99,280,21635.0398645.0,7/24/2025,2025,1/18/2025,187,21635.0398645.0_2025_1,1,1,first,Pregnant,Pregnant,,,2,2
3/5/2026,,21635,,,401430,,Pregnancy Test - Milk,0.958,90,21635.0401430.0,3/5/2026,2026,1/27/2026,37,21635.0401430.0_2026_1,1,1,first,Pregnant,Pregnant,,,2,2
4/9/2026,,21635,,,401430,,Pregnancy Test - Milk,0.396,125,21635.0401430.0,4/9/2026,2026,1/27/2026,72,21635.0401430.0_2026_1,1,2,last,Pregnant,Pregnant,,,2,2
3/5/2026,,21640,,,398645,,Pregnancy Test - Milk,0.954,140,21640.0398645.0,3/5/2026,2025,12/19/2025,76,21640.0398645.0_2025_12,1,1,first,Pregnant,Pregnant,,,2,2
3/26/2026,,21640,,,401430,,Pregnancy Test - Milk,0.085,101,21640.0401430.0,3/26/2026,2026,2/15/2026,39,21640.0401430.0_2026_2,1,1,first,Open,Open,,,2,2
12/25/2025,,21642,,,398645,,Pregnancy Test - Milk,2.053,338,21642.0398645.0,12/25/2025,2025,7/29/2025,149,21642.0398645.0_2025_7,1,2,last,Pregnant,Pregnant,,,2,2
8/28/2025,,21642,,,398645,,Pregnancy Test - Milk,0.386,219,21642.0398645.0,8/28/2025,2025,7/29/2025,30,21642.0398645.0_2025_7,1,1,first,Pregnant,Pregnant,,,2,2
4/30/2026,,21642,,,401430,,Pregnancy Test - Milk,0.691,147,21642.0401430.0,4/30/2026,2026,3/26/2026,35,21642.0401430.0_2026_3,1,1,first,Pregnant,Pregnant,,,2,2
10/23/2025,,21645,,,398645,,Pregnancy Test - Milk,2.176,334,21645.0398645.0,10/23/2025,2025,3/13/2025,224,21645.0398645.0_2025_3,1,2,last,Pregnant,rc_preg,,,2,2
7/3/2025,,21645,,,398645,,Pregnancy Test - Milk,0.246,222,21645.0398645.0,7/3/2025,2025,3/13/2025,112,21645.0398645.0_2025_3,1,1,first,Re-Check,rc_preg,,,2,2
5/8/2026,,21645,,,401430,,Pregnancy Test - Milk,1.084,136,21645.0401430.0,5/8/2026,2026,4/2/2026,36,21645.0401430.0_2026_4,1,1,first,Pregnant,Pregnant,,,2,2
8/21/2025,,21646,,,398645,,Pregnancy Test - Milk,2.865,267,21646.0398645.0,8/21/2025,2025,3/26/2025,148,21646.0398645.0_2025_3,1,1,first,Pregnant,Pregnant,,,2,2
2/20/2026,,21646,,,401430,,Pregnancy Test - Milk,0.666,95,21646.0401430.0,2/20/2026,2026,1/11/2026,40,21646.0401430.0_2026_1,1,1,first,Pregnant,Pregnant,,,2,2
3/26/2026,,21646,,,401430,,Pregnancy Test - Milk,0.719,129,21646.0401430.0,3/26/2026,2026,1/11/2026,74,21646.0401430.0_2026_1,1,2,last,Pregnant,Pregnant,,,2,2
2/26/2026,,21653,,,398645,,Pregnancy Test - Milk,0.953,132,21653.0398645.0,2/26/2026,2025,12/16/2025,72,21653.0398645.0_2025_12,1,1,first,Pregnant,Pregnant,,,2,2
4/16/2026,,21653,,,401430,,Pregnancy Test - Milk,0.897,133,21653.0401430.0,4/16/2026,2026,3/6/2026,41,21653.0401430.0_2026_3,1,1,first,Pregnant,Pregnant,,,2,2
5/21/2026,,21653,,,401430,,Pregnancy Test - Milk,0.764,167,21653.0401430.0,5/21/2026,2026,3/6/2026,75,21653.0401430.0_2026_3,1,2,last,Pregnant,Pregnant,,,2,2
7/24/2025,,21654,,,398645,,Pregnancy Test - Milk,0.942,266,21654.0398645.0,7/24/2025,2024,12/26/2024,210,21654.0398645.0_2024_12,1,1,first,Pregnant,Pregnant,,,2,2
2/20/2026,,21654,,,401430,,Pregnancy Test - Milk,1.076,102,21654.0401430.0,2/20/2026,2026,1/15/2026,36,21654.0401430.0_2026_1,1,1,first,Pregnant,Pregnant,,,2,2
4/2/2026,,21654,,,401430,,Pregnancy Test - Milk,0.62,143,21654.0401430.0,4/2/2026,2026,1/15/2026,77,21654.0401430.0_2026_1,1,2,last,Pregnant,Pregnant,,,2,2
7/24/2025,,21657,,,398645,,Pregnancy Test - Milk,POS,276,21657.0398645.0,7/24/2025,2025,7/16/2025,8,21657.0398645.0_2025_7,1,1,first,Pregnant,Pregnant,,,2,2
5/14/2026,,21657,,,401430,,Pregnancy Test - Milk,1.156,120,21657.0401430.0,5/14/2026,2026,4/9/2026,35,21657.0401430.0_2026_4,1,1,first,Pregnant,Pregnant,,,2,2
8/28/2025,,21664,,,398645,,Pregnancy Test - Milk,2.229,295,21664.0398645.0,8/28/2025,2025,4/1/2025,149,21664.0398645.0_2025_4,1,1,first,Pregnant,Pregnant,,,2,2
4/16/2026,,21664,,,401430,,Pregnancy Test - Milk,1.617,120,21664.0401430.0,4/16/2026,2026,3/11/2026,36,21664.0401430.0_2026_3,1,1,first,Pregnant,Pregnant,,,2,2
7/24/2025,,21668,,,398645,,Pregnancy Test - Milk,2.463,264,21668.0398645.0,7/24/2025,2025,1/22/2025,183,21668.0398645.0_2025_1,1,1,first,Pregnant,Pregnant,,,2,2
4/2/2026,,21668,,,401430,,Pregnancy Test - Milk,1.052,121,21668.0401430.0,4/2/2026,2026,2/25/2026,36,21668.0401430.0_2026_2,1,1,first,Pregnant,Pregnant,,,2,2
5/7/2026,,21668,,,401430,,Pregnancy Test - Milk,0.604,156,21668.0401430.0,5/7/2026,2026,2/25/2026,71,21668.0401430.0_2026_2,1,2,last,Pregnant,Pregnant,,,2,2
4/9/2026,,21672,,,398645,,Pregnancy Test - Milk,0.057,156,21672.0398645.0,4/9/2026,2026,2/2/2026,66,21672.0398645.0_2026_2,2,1,first,Open,Open,,,2,2
8/7/2025,,21672,,,398645,,Pregnancy Test - Milk,1.963,268,21672.0398645.0,8/7/2025,2025,1/21/2025,198,21672.0398645.0_2025_1,1,1,first,Pregnant,Pregnant,,,2,2
4/23/2026,,21672,,,401430,,Pregnancy Test - Milk,POS,92,21672.0401430.0,4/23/2026,2026,3/15/2026,39,21672.0401430.0_2026_3,1,1,first,Pregnant,Pregnant,,,2,2
10/2/2025,,21673,,,398645,,Pregnancy Test - Milk,1.793,336,21673.0398645.0,10/2/2025,2025,5/6/2025,149,21673.0398645.0_2025_5,1,1,first,Pregnant,Pregnant,,,2,2
4/16/2026,,21673,,,401430,,Pregnancy Test - Milk,1.164,121,21673.0401430.0,4/16/2026,2026,3/11/2026,36,21673.0401430.0_2026_3,1,1,first,Pregnant,Pregnant,,,2,2
3/26/2026,,21674,,,398645,,Pregnancy Test - Milk,0.698,142,21674.0398645.0,3/26/2026,2025,12/18/2025,98,21674.0398645.0_2025_12,2,1,first,Pregnant,Pregnant,,,2,2
7/24/2025,,21674,,,398645,,Pregnancy Test - Milk,1.495,263,21674.0398645.0,7/24/2025,2025,4/20/2025,95,21674.0398645.0_2025_4,1,1,first,Pregnant,preg_loss_rebred,,,2,2
5/14/2026,,21674,,,401430,,Pregnancy Test - Milk,0.781,103,21674.0401430.0,5/14/2026,2026,4/7/2026,37,21674.0401430.0_2026_4,1,1,first,Pregnant,Pregnant,,,2,2
4/30/2026,,21679,,,398645,,Pregnancy Test - Milk,0.207,178,21679.0398645.0,4/30/2026,2026,2/23/2026,66,21679.0398645.0_2026_2,2,1,first,Re-Check,rc_unresolved_>_1_bred,,,2,2
7/24/2025,,21679,,,398645,,Pregnancy Test - Milk,1.628,267,21679.0398645.0,7/24/2025,2025,1/8/2025,197,21679.0398645.0_2025_1,1,1,first,Pregnant,Pregnant,,,2,2
5/21/2026,,21679,,,401430,,Pregnancy Test - Milk,0.791,112,21679.0401430.0,5/21/2026,2026,4/10/2026,41,21679.0401430.0_2026_4,1,1,first,Pregnant,Pregnant,,,2,2
1/1/2026,,21687,,,398645,,Pregnancy Test - Milk,2.353,423,21687.0398645.0,1/1/2026,2025,7/4/2025,181,21687.0398645.0_2025_7,1,1,first,Pregnant,Pregnant,,,2,2
3/19/2026,,21687,,,401430,,Pregnancy Test - Milk,0.871,106,21687.0401430.0,3/19/2026,2026,2/11/2026,36,21687.0401430.0_2026_2,1,1,first,Pregnant,Pregnant,,,2,2
4/23/2026,,21687,,,401430,,Pregnancy Test - Milk,0.534,141,21687.0401430.0,4/23/2026,2026,2/11/2026,71,21687.0401430.0_2026_2,1,2,last,Pregnant,Pregnant,,,2,2
7/24/2025,,21696,,,398645,,Pregnancy Test - Milk,2.522,272,21696.0398645.0,7/24/2025,2025,2/25/2025,149,21696.0398645.0_2025_2,1,1,first,Pregnant,Pregnant,,,2,2
5/7/2026,,21696,,,401430,,Pregnancy Test - Milk,1.651,122,21696.0401430.0,5/7/2026,2026,4/2/2026,35,21696.0401430.0_2026_4,1,1,first,Pregnant,Pregnant,,,2,2
9/18/2025,,21699,,,398645,,Pregnancy Test - Milk,POS,313,21699.0398645.0,9/18/2025,2025,4/22/2025,149,21699.0398645.0_2025_4,1,1,first,Pregnant,Pregnant,,,2,2
4/16/2026,,21699,,,401430,,Pregnancy Test - Milk,0.488,93,21699.0401430.0,4/16/2026,2026,3/9/2026,38,21699.0401430.0_2026_3,1,1,first,Pregnant,loss_2_open,,,2,2
5/21/2026,,21699,,,401430,,Pregnancy Test - Milk,-0.021,127,21699.0401430.0,5/21/2026,2026,3/9/2026,72,21699.0401430.0_2026_3,1,2,last,Open,loss_2_open,,,2,2
5/29/2025,,21701,,,398645,,Pregnancy Test - Milk,0.608,203,21701.0398645.0,5/29/2025,2025,4/22/2025,37,21701.0398645.0_2025_4,1,1,first,Pregnant,Pregnant,,,2,2
9/18/2025,,21701,,,398645,,Pregnancy Test - Milk,1.917,315,21701.0398645.0,9/18/2025,2025,4/22/2025,149,21701.0398645.0_2025_4,1,2,last,Pregnant,Pregnant,,,2,2
4/9/2026,,21701,,,401430,,Pregnancy Test - Milk,0.442,92,21701.0401430.0,4/9/2026,2026,2/28/2026,40,21701.0401430.0_2026_2,1,1,first,Pregnant,loss_2_open,,,2,2
5/14/2026,,21701,,,401430,,Pregnancy Test - Milk,-0.003,127,21701.0401430.0,5/14/2026,2026,2/28/2026,75,21701.0401430.0_2026_2,1,2,last,Open,loss_2_open,,,2,2
4/9/2026,,21707,,,398645,,Pregnancy Test - Milk,0.823,148,21707.0398645.0,4/9/2026,2026,2/1/2026,67,21707.0398645.0_2026_2,2,1,first,Pregnant,Pregnant,,,2,2
8/7/2025,,21707,,,398645,,Pregnancy Test - Milk,1.409,273,21707.0398645.0,8/7/2025,2025,5/8/2025,91,21707.0398645.0_2025_5,1,1,first,Pregnant,preg_loss_rebred,,,2,2
5/14/2026,,21707,,,401430,,Pregnancy Test - Milk,-0.004,119,21707.0401430.0,5/14/2026,2026,4/9/2026,35,21707.0401430.0_2026_4,1,1,first,Open,Open,,,2,2
12/18/2025,,21713,,,398645,,Pregnancy Test - Milk,2.67,298,21713.0398645.0,12/18/2025,2025,6/7/2025,194,21713.0398645.0_2025_6,1,1,first,Pregnant,Pregnant,,,2,2
4/16/2026,,21713,,,401430,,Pregnancy Test - Milk,1.505,119,21713.0401430.0,4/16/2026,2026,3/11/2026,36,21713.0401430.0_2026_3,1,1,first,Pregnant,Pregnant,,,2,2
5/7/2026,,21714,,,398645,,Pregnancy Test - Milk,0.174,126,21714.0398645.0,5/7/2026,2026,2/25/2026,71,21714.0398645.0_2026_2,2,1,first,Re-Check,rc_unresolved_>_1_bred,,,2,2
9/25/2025,,21714,,,398645,,Pregnancy Test - Milk,2.073,313,21714.0398645.0,9/25/2025,2025,3/27/2025,182,21714.0398645.0_2025_3,1,1,first,Pregnant,Pregnant,,,2,2
4/24/2026,,21714,,,401430,,Pregnancy Test - Milk,0.272,141,21714.0401430.0,4/24/2026,2026,3/14/2026,41,21714.0401430.0_2026_3,1,1,first,Pregnant,Pregnant,,,2,2
5/7/2026,,21716,,,398645,,Pregnancy Test - Milk,0.271,139,21716.0398645.0,5/7/2026,2026,2/27/2026,69,21716.0398645.0_2026_2,2,1,first,Pregnant,Pregnant,,,2,2
9/4/2025,,21716,,,398645,,Pregnancy Test - Milk,1.353,265,21716.0398645.0,9/4/2025,2025,4/8/2025,149,21716.0398645.0_2025_4,1,1,first,Pregnant,Pregnant,,,2,2
4/9/2026,,21716,,,401430,,Pregnancy Test - Milk,0.778,117,21716.0401430.0,4/9/2026,2026,3/4/2026,36,21716.0401430.0_2026_3,1,1,first,Pregnant,Pregnant,,,2,2
5/14/2026,,21716,,,401430,,Pregnancy Test - Milk,0.64,152,21716.0401430.0,5/14/2026,2026,3/4/2026,71,21716.0401430.0_2026_3,1,2,last,Pregnant,Pregnant,,,2,2
5/29/2025,,21721,,,398645,,Pregnancy Test - Milk,0.79,155,21721.0398645.0,5/29/2025,2025,2/5/2025,113,21721.0398645.0_2025_2,1,1,first,Pregnant,Pregnant,,,2,2
9/18/2025,,21721,,,398645,,Pregnancy Test - Milk,1.744,267,21721.0398645.0,9/18/2025,2025,2/5/2025,225,21721.0398645.0_2025_2,1,2,last,Pregnant,Pregnant,,,2,2
4/9/2026,,21721,,,401430,,Pregnancy Test - Milk,0.963,118,21721.0401430.0,4/9/2026,2026,3/4/2026,36,21721.0401430.0_2026_3,1,1,first,Pregnant,Pregnant,,,2,2
5/14/2026,,21721,,,401430,,Pregnancy Test - Milk,0.721,153,21721.0401430.0,5/14/2026,2026,3/4/2026,71,21721.0401430.0_2026_3,1,2,last,Pregnant,Pregnant,,,2,2
10/9/2025,,21723,,,398645,,Pregnancy Test - Milk,2.591,339,21723.0398645.0,10/9/2025,2025,4/7/2025,185,21723.0398645.0_2025_4,1,1,first,Pregnant,Pregnant,,,2,2
4/23/2026,,21723,,,401430,,Pregnancy Test - Milk,0.95,104,21723.0401430.0,4/23/2026,2026,3/16/2026,38,21723.0401430.0_2026_3,1,1,first,Pregnant,Pregnant,,,2,2
7/24/2025,,21724,,,398645,,Pregnancy Test - Milk,0.953,262,21724.0398645.0,7/24/2025,2025,1/22/2025,183,21724.0398645.0_2025_1,1,1,first,Pregnant,Pregnant,,,2,2
5/21/2026,,21724,,,401430,,Pregnancy Test - Milk,-0.019,117,21724.0401430.0,5/21/2026,2026,4/16/2026,35,21724.0401430.0_2026_4,1,1,first,Open,Open,,,2,2
6/26/2025,,21726,,,398645,,Pregnancy Test - Milk,1.51,235,21726.0398645.0,6/26/2025,2025,5/27/2025,30,21726.0398645.0_2025_5,1,1,first,Pregnant,Pregnant,,,2,2
4/30/2026,,21726,,,401430,,Pregnancy Test - Milk,-0.01,106,21726.0401430.0,4/30/2026,2026,3/22/2026,39,21726.0401430.0_2026_3,1,1,first,Open,Open,,,2,2
10/2/2025,,21728,,,398645,,Pregnancy Test - Milk,1.654,299,21728.0398645.0,10/2/2025,2025,5/6/2025,149,21728.0398645.0_2025_5,1,2,last,Pregnant,Pregnant,,,2,2
6/5/2025,,21728,,,398645,,Pregnancy Test - Milk,0.553,180,21728.0398645.0,6/5/2025,2025,5/6/2025,30,21728.0398645.0_2025_5,1,1,first,Pregnant,Pregnant,,,2,2
4/16/2026,,21728,,,401430,,Pregnancy Test - Milk,0.882,124,21728.0401430.0,4/16/2026,2026,3/11/2026,36,21728.0401430.0_2026_3,1,1,first,Pregnant,Pregnant,,,2,2
11/6/2025,,21729,,,398645,,Pregnancy Test - Milk,0.684,279,21729.0398645.0,11/6/2025,2025,8/31/2025,67,21729.0398645.0_2025_8,1,1,first,Pregnant,Pregnant,,,2,2
3/5/2026,,21729,,,398645,,Pregnancy Test - Milk,2.241,398,21729.0398645.0,3/5/2026,2025,8/31/2025,186,21729.0398645.0_2025_8,1,2,last,Pregnant,Pregnant,,,2,2
4/3/2026,,21729,,,401430,,Pregnancy Test - Milk,1.271,101,21729.0401430.0,4/3/2026,2026,2/25/2026,37,21729.0401430.0_2026_2,1,1,first,Pregnant,Pregnant,,,2,2
5/15/2026,,21729,,,401430,,Pregnancy Test - Milk,0.392,143,21729.0401430.0,5/15/2026,2026,2/25/2026,79,21729.0401430.0_2026_2,1,2,last,Pregnant,Pregnant,,,2,2
7/17/2025,,21731,,,398645,,Pregnancy Test - Milk,0.558,225,21731.0398645.0,7/17/2025,2025,6/10/2025,37,21731.0398645.0_2025_6,1,1,first,Pregnant,Pregnant,,,2,2
4/23/2026,,21731,,,401430,,Pregnancy Test - Milk,1.139,106,21731.0401430.0,4/23/2026,2026,3/16/2026,38,21731.0401430.0_2026_3,1,1,first,Pregnant,Pregnant,,,2,2
10/2/2025,,21732,,,398645,,Pregnancy Test - Milk,1.828,335,21732.0398645.0,10/2/2025,2025,4/4/2025,181,21732.0398645.0_2025_4,1,1,first,Pregnant,Pregnant,,,2,2
4/30/2026,,21732,,,401430,,Pregnancy Test - Milk,1.055,101,21732.0401430.0,4/30/2026,2026,3/23/2026,38,21732.0401430.0_2026_3,1,1,first,Pregnant,Pregnant,,,2,2
10/2/2025,,21735,,,398645,,Pregnancy Test - Milk,POS,324,21735.0398645.0,10/2/2025,2025,3/13/2025,203,21735.0398645.0_2025_3,1,1,first,Pregnant,Pregnant,,,2,2
5/7/2026,,21735,,,401430,,Pregnancy Test - Milk,1.632,114,21735.0401430.0,5/7/2026,2026,3/27/2026,41,21735.0401430.0_2026_3,1,1,first,Pregnant,Pregnant,,,2,2
4/30/2026,,21736,,,398645,,Pregnancy Test - Milk,0.489,167,21736.0398645.0,4/30/2026,2026,2/20/2026,69,21736.0398645.0_2026_2,2,1,first,Pregnant,Pregnant,,,2,2
8/7/2025,,21736,,,398645,,Pregnancy Test - Milk,1.194,272,21736.0398645.0,8/7/2025,2025,2/7/2025,181,21736.0398645.0_2025_2,1,1,first,Pregnant,Pregnant,,,2,2
5/14/2026,,21736,,,401430,,Pregnancy Test - Milk,0.349,124,21736.0401430.0,5/14/2026,2026,4/8/2026,36,21736.0401430.0_2026_4,1,1,first,Pregnant,Pregnant,,,2,2
5/29/2025,,21740,,,398645,,Pregnancy Test - Milk,0.3,200,21740.0398645.0,5/29/2025,2025,3/19/2025,71,21740.0398645.0_2025_3,1,1,first,Pregnant,Pregnant,,,2,2
5/7/2026,,21740,,,401430,,Pregnancy Test - Milk,0.015,105,21740.0401430.0,5/7/2026,2026,3/30/2026,38,21740.0401430.0_2026_3,1,1,first,Open,Open,,,2,2
10/23/2025,,21745,,,398645,,Pregnancy Test - Milk,1.952,323,21745.0398645.0,10/23/2025,2025,5/27/2025,149,21745.0398645.0_2025_5,1,2,last,Pregnant,Pregnant,,,2,2
6/26/2025,,21745,,,398645,,Pregnancy Test - Milk,0.292,204,21745.0398645.0,6/26/2025,2025,5/27/2025,30,21745.0398645.0_2025_5,1,1,first,Pregnant,Pregnant,,,2,2
4/9/2026,,21745,,,401430,,Pregnancy Test - Milk,1.085,93,21745.0401430.0,4/9/2026,2026,3/1/2026,39,21745.0401430.0_2026_3,1,1,first,Pregnant,Pregnant,,,2,2
5/14/2026,,21745,,,401430,,Pregnancy Test - Milk,0.602,128,21745.0401430.0,5/14/2026,2026,3/1/2026,74,21745.0401430.0_2026_3,1,2,last,Pregnant,Pregnant,,,2,2
10/23/2025,,21757,,,398645,,Pregnancy Test - Milk,2.085,298,21757.0398645.0,10/23/2025,2025,5/27/2025,149,21757.0398645.0_2025_5,1,2,last,Pregnant,Pregnant,,,2,2
6/26/2025,,21757,,,398645,,Pregnancy Test - Milk,0.746,179,21757.0398645.0,6/26/2025,2025,5/27/2025,30,21757.0398645.0_2025_5,1,1,first,Pregnant,Pregnant,,,2,2
4/17/2026,,21757,,,401430,,Pregnancy Test - Milk,0.614,120,21757.0401430.0,4/17/2026,2026,3/12/2026,36,21757.0401430.0_2026_3,1,1,first,Pregnant,Pregnant,,,2,2
11/20/2025,,21762,,,398645,,Pregnancy Test - Milk,2.732,332,21762.0398645.0,11/20/2025,2025,5/23/2025,181,21762.0398645.0_2025_5,1,2,last,Pregnant,Pregnant,,,2,2
7/31/2025,,21762,,,398645,,Pregnancy Test - Milk,0.57,220,21762.0398645.0,7/31/2025,2025,5/23/2025,69,21762.0398645.0_2025_5,1,1,first,Pregnant,Pregnant,,,2,2
4/30/2026,,21762,,,401430,,Pregnancy Test - Milk,1.296,114,21762.0401430.0,4/30/2026,2026,3/24/2026,37,21762.0401430.0_2026_3,1,1,first,Pregnant,Pregnant,,,2,2
7/24/2025,,21764,,,398645,,Pregnancy Test - Milk,1.329,195,21764.0398645.0,7/24/2025,2025,6/17/2025,37,21764.0398645.0_2025_6,1,1,first,Pregnant,Pregnant,,,2,2
5/14/2026,,21764,,,401430,,Pregnancy Test - Milk,0.002,121,21764.0401430.0,5/14/2026,2026,4/5/2026,39,21764.0401430.0_2026_4,1,1,first,Open,Open,,,2,2
10/23/2025,,21765,,,398645,,Pregnancy Test - Milk,2.174,271,21765.0398645.0,10/23/2025,2025,3/23/2025,214,21765.0398645.0_2025_3,1,2,last,Pregnant,Pregnant,,,2,2
7/3/2025,,21765,,,398645,,Pregnancy Test - Milk,0.598,159,21765.0398645.0,7/3/2025,2025,3/23/2025,102,21765.0398645.0_2025_3,1,1,first,Pregnant,Pregnant,,,2,2
4/22/2026,,21765,,,401430,,Pregnancy Test - Milk,0.316,95,21765.0401430.0,4/22/2026,2026,3/17/2026,36,21765.0401430.0_2026_3,1,1,first,Pregnant,Pregnant,,,2,2
8/28/2025,,21783,,,398645,,Pregnancy Test - Milk,1.8,266,21783.0398645.0,8/28/2025,2025,2/11/2025,198,21783.0398645.0_2025_2,1,1,first,Pregnant,Pregnant,,,2,2
3/19/2026,,21783,,,401430,,Pregnancy Test - Milk,1.075,85,21783.0401430.0,3/19/2026,2026,2/12/2026,34,21783.0401430.0_2026_2,1,1,first,Pregnant,Pregant_with_rc,,,2,2
4/29/2026,,21783,,,401430,,Pregnancy Test - Milk,0.246,127,21783.0401430.0,4/29/2026,2026,2/12/2026,76,21783.0401430.0_2026_2,1,2,intermediate,Re-Check,Pregant_with_rc,,,2,2
5/7/2026,,21783,,,401430,,Pregnancy Test - Milk,0.314,134,21783.0401430.0,5/7/2026,2026,2/12/2026,83,21783.0401430.0_2026_2,1,3,last,Pregnant,Pregant_with_rc,,,2,2
8/21/2025,,21788,,,398645,,Pregnancy Test - Milk,1.67,266,21788.0398645.0,8/21/2025,2025,6/23/2025,59,21788.0398645.0_2025_6,1,1,first,Pregnant,Pregnant,,,2,2
4/17/2026,,21788,,,401430,,Pregnancy Test - Milk,1.272,113,21788.0401430.0,4/17/2026,2026,3/11/2026,37,21788.0401430.0_2026_3,1,1,first,Pregnant,Pregnant,,,2,2
11/6/2025,,21802,,,398645,,Pregnancy Test - Milk,0.725,266,21802.0398645.0,11/6/2025,2025,4/4/2025,216,21802.0398645.0_2025_4,1,2,last,Pregnant,Pregnant,,,2,2
7/17/2025,,21802,,,398645,,Pregnancy Test - Milk,0.27,154,21802.0398645.0,7/17/2025,2025,4/4/2025,104,21802.0398645.0_2025_4,1,1,first,Pregnant,Pregnant,,,2,2
4/10/2026,,21802,,,401430,,Pregnancy Test - Milk,0.943,93,21802.0401430.0,4/10/2026,2026,3/2/2026,39,21802.0401430.0_2026_3,1,1,first,Pregnant,Pregnant,,,2,2
5/22/2026,,21802,,,401430,,Pregnancy Test - Milk,0.441,135,21802.0401430.0,5/22/2026,2026,3/2/2026,81,21802.0401430.0_2026_3,1,2,last,Pregnant,Pregnant,,,2,2
8/28/2025,,21805,,,398645,,Pregnancy Test - Milk,1.927,268,21805.0398645.0,8/28/2025,2025,4/1/2025,149,21805.0398645.0_2025_4,1,1,first,Pregnant,Pregnant,,,2,2
5/7/2026,,21805,,,401430,,Pregnancy Test - Milk,0.469,110,21805.0401430.0,5/7/2026,2026,3/30/2026,38,21805.0401430.0_2026_3,1,1,first,Pregnant,Pregnant,,,2,2
7/24/2025,,21808,,,398645,,Pregnancy Test - Milk,0.624,221,21808.0398645.0,7/24/2025,2025,6/17/2025,37,21808.0398645.0_2025_6,1,1,first,Pregnant,Pregnant,,,2,2
4/30/2026,,21808,,,401430,,Pregnancy Test - Milk,1.386,102,21808.0401430.0,4/30/2026,2026,3/26/2026,35,21808.0401430.0_2026_3,1,1,first,Pregnant,Pregnant,,,2,2
8/28/2025,,21814,,,398645,,Pregnancy Test - Milk,1.665,268,21814.0398645.0,8/28/2025,2025,6/21/2025,68,21814.0398645.0_2025_6,1,1,first,Pregnant,Pregnant,,,2,2
5/21/2026,,21814,,,401430,,Pregnancy Test - Milk,1.213,130,21814.0401430.0,5/21/2026,2026,4/13/2026,38,21814.0401430.0_2026_4,1,1,first,Pregnant,Pregnant,,,2,2
10/2/2025,,21816,,,398645,,Pregnancy Test - Milk,1.749,264,21816.0398645.0,10/2/2025,2025,3/29/2025,187,21816.0398645.0_2025_3,1,2,last,Pregnant,Pregnant,,,2,2
6/5/2025,,21816,,,398645,,Pregnancy Test - Milk,0.335,145,21816.0398645.0,6/5/2025,2025,3/29/2025,68,21816.0398645.0_2025_3,1,1,first,Pregnant,Pregnant,,,2,2
5/14/2026,,21816,,,401430,,Pregnancy Test - Milk,2.514,120,21816.0401430.0,5/14/2026,2026,4/7/2026,37,21816.0401430.0_2026_4,1,1,first,Pregnant,Pregnant,,,2,2
4/9/2026,,21820,,,398645,,Pregnancy Test - Milk,0.245,126,21820.0398645.0,4/9/2026,2026,1/30/2026,69,21820.0398645.0_2026_1,2,1,first,Re-Check,rc_unresolved_>_1_bred,,,2,2
8/28/2025,,21820,,,398645,,Pregnancy Test - Milk,0.911,265,21820.0398645.0,8/28/2025,2025,2/11/2025,198,21820.0398645.0_2025_2,1,1,first,Pregnant,Pregnant,,,2,2
4/10/2026,,21820,,,401430,,Pregnancy Test - Milk,0.795,114,21820.0401430.0,4/10/2026,2026,3/1/2026,40,21820.0401430.0_2026_3,1,1,first,Pregnant,Pregnant,,,2,2
5/22/2026,,21820,,,401430,,Pregnancy Test - Milk,0.528,156,21820.0401430.0,5/22/2026,2026,3/1/2026,82,21820.0401430.0_2026_3,1,2,last,Pregnant,Pregnant,,,2,2
4/30/2026,,21822,,,398645,,Pregnancy Test - Milk,0.362,143,21822.0398645.0,4/30/2026,2026,2/18/2026,71,21822.0398645.0_2026_2,2,1,first,Pregnant,Pregnant,,,2,2
9/4/2025,,21822,,,398645,,Pregnancy Test - Milk,2.53,278,21822.0398645.0,9/4/2025,2025,3/6/2025,182,21822.0398645.0_2025_3,1,1,first,Pregnant,Pregnant,,,2,2
4/2/2026,,21822,,,401430,,Pregnancy Test - Milk,0.903,97,21822.0401430.0,4/2/2026,2026,2/15/2026,45,21822.0401430.0_2026_2,1,1,first,Pregnant,Pregnant,,,2,2
4/29/2026,,21822,,,401430,,Pregnancy Test - Milk,0.294,125,21822.0401430.0,4/29/2026,2026,2/15/2026,73,21822.0401430.0_2026_2,1,2,last,Pregnant,Pregnant,,,2,2
8/28/2025,,21828,,,398645,,Pregnancy Test - Milk,2.613,265,21828.0398645.0,8/28/2025,2025,4/22/2025,128,21828.0398645.0_2025_4,1,1,first,Pregnant,Pregnant,,,2,2
5/21/2026,,21828,,,401430,,Pregnancy Test - Milk,1.421,112,21828.0401430.0,5/21/2026,2026,4/12/2026,39,21828.0401430.0_2026_4,1,1,first,Pregnant,Pregnant,,,2,2
10/9/2025,,21830,,,398645,,Pregnancy Test - Milk,2.801,284,21830.0398645.0,10/9/2025,2025,5/13/2025,149,21830.0398645.0_2025_5,1,2,last,Pregnant,Pregnant,,,2,2
6/19/2025,,21830,,,398645,,Pregnancy Test - Milk,0.272,172,21830.0398645.0,6/19/2025,2025,5/13/2025,37,21830.0398645.0_2025_5,1,1,first,Pregnant,Pregnant,,,2,2
5/7/2026,,21830,,,401430,,Pregnancy Test - Milk,0.755,111,21830.0401430.0,5/7/2026,2026,3/29/2026,39,21830.0401430.0_2026_3,1,1,first,Pregnant,Pregnant,,,2,2
10/2/2025,,21832,,,398645,,Pregnancy Test - Milk,POS,310,21832.0398645.0,10/2/2025,2025,9/4/2025,28,21832.0398645.0_2025_9,2,1,first,Pregnant,Pregnant,,,2,2
6/19/2025,,21832,,,398645,,Pregnancy Test - Milk,0.621,205,21832.0398645.0,6/19/2025,2025,4/4/2025,76,21832.0398645.0_2025_4,1,1,first,Pregnant,preg_loss_rebred,,,2,2
4/16/2026,,21832,,,401430,,Pregnancy Test - Milk,0.742,116,21832.0401430.0,4/16/2026,2026,3/5/2026,42,21832.0401430.0_2026_3,1,1,first,Pregnant,Pregnant,,,2,2
10/2/2025,,21834,,,398645,,Pregnancy Test - Milk,1.645,296,21834.0398645.0,10/2/2025,2025,3/28/2025,188,21834.0398645.0_2025_3,1,2,last,Pregnant,Pregnant,,,2,2
6/5/2025,,21834,,,398645,,Pregnancy Test - Milk,0.278,177,21834.0398645.0,6/5/2025,2025,3/28/2025,69,21834.0398645.0_2025_3,1,1,first,Pregnant,Pregnant,,,2,2
5/7/2026,,21834,,,401430,,Pregnancy Test - Milk,0.901,121,21834.0401430.0,5/7/2026,2026,4/2/2026,35,21834.0401430.0_2026_4,1,1,first,Pregnant,Pregnant,,,2,2
9/4/2025,,21848,,,398645,,Pregnancy Test - Milk,0.918,267,21848.0398645.0,9/4/2025,2024,12/12/2024,266,21848.0398645.0_2024_12,1,1,first,Pregnant,Pregnant,,,2,2
4/16/2026,,21848,,,401430,,Pregnancy Test - Milk,2.525,119,21848.0401430.0,4/16/2026,2026,3/6/2026,41,21848.0401430.0_2026_3,1,1,first,Pregnant,Pregnant,,,2,2
5/21/2026,,21848,,,401430,,Pregnancy Test - Milk,2.056,153,21848.0401430.0,5/21/2026,2026,3/6/2026,75,21848.0401430.0_2026_3,1,2,last,Pregnant,Pregnant,,,2,2
8/7/2025,,21852,,,398645,,Pregnancy Test - Milk,0.709,195,21852.0398645.0,8/7/2025,2025,5/28/2025,71,21852.0398645.0_2025_5,1,1,first,Pregnant,Pregnant,,,2,2
5/21/2026,,21852,,,401430,,Pregnancy Test - Milk,1.085,129,21852.0401430.0,5/21/2026,2026,4/13/2026,38,21852.0401430.0_2026_4,1,1,first,Pregnant,Pregnant,,,2,2
12/18/2025,,21856,,,398645,,Pregnancy Test - Milk,POS,334,21856.0398645.0,12/18/2025,2025,7/15/2025,156,21856.0398645.0_2025_7,1,1,first,Pregnant,Pregnant,,,2,2
4/23/2026,,21856,,,401430,,Pregnancy Test - Milk,1.271,94,21856.0401430.0,4/23/2026,2026,3/14/2026,40,21856.0401430.0_2026_3,1,1,first,Pregnant,Pregnant,,,2,2
10/2/2025,,21871,,,398645,,Pregnancy Test - Milk,2.649,299,21871.0398645.0,10/2/2025,2025,6/4/2025,120,21871.0398645.0_2025_6,1,2,last,Pregnant,Pregnant,,,2,2
6/5/2025,,21871,,,398645,,Pregnancy Test - Milk,0.596,180,21871.0398645.0,6/5/2025,2025,6/4/2025,1,21871.0398645.0_2025_6,1,1,first,Pregnant,Pregnant,,,2,2
5/21/2026,,21871,,,401430,,Pregnancy Test - Milk,0.009,121,21871.0401430.0,5/21/2026,2026,4/16/2026,35,21871.0401430.0_2026_4,1,1,first,Open,Open,,,2,2
10/23/2025,,21878,,,398645,,Pregnancy Test - Milk,2.189,269,21878.0398645.0,10/23/2025,2025,8/28/2025,56,21878.0398645.0_2025_8,1,1,first,Pregnant,preg_loss_rebred,,,2,2
2/19/2026,,21878,,,398645,,Pregnancy Test - Milk,POS,388,21878.0398645.0,2/19/2026,2025,11/11/2025,100,21878.0398645.0_2025_11,2,1,first,Pregnant,Pregnant,,,2,2
5/14/2026,,21878,,,401430,,Pregnancy Test - Milk,0.861,89,21878.0401430.0,5/14/2026,2026,4/7/2026,37,21878.0401430.0_2026_4,1,1,first,Pregnant,Pregnant,,,2,2
7/17/2025,,21881,,,398645,,Pregnancy Test - Milk,0.573,207,21881.0398645.0,7/17/2025,2025,5/12/2025,66,21881.0398645.0_2025_5,1,1,first,Pregnant,Pregnant,,,2,2
5/14/2026,,21881,,,401430,,Pregnancy Test - Milk,1.279,96,21881.0401430.0,5/14/2026,2026,4/9/2026,35,21881.0401430.0_2026_4,1,1,first,Pregnant,Pregnant,,,2,2
10/23/2025,,21887,,,398645,,Pregnancy Test - Milk,2.39,269,21887.0398645.0,10/23/2025,2025,9/12/2025,41,21887.0398645.0_2025_9,2,1,first,Pregnant,Pregnant,,,2,2
7/3/2025,,21887,,,398645,,Pregnancy Test - Milk,0.403,157,21887.0398645.0,7/3/2025,2025,5/27/2025,37,21887.0398645.0_2025_5,1,1,first,Pregnant,preg_loss_rebred,,,2,2
5/1/2026,,21887,,,401430,,Pregnancy Test - Milk,-0.067,119,21887.0401430.0,5/1/2026,2026,3/26/2026,36,21887.0401430.0_2026_3,1,1,first,Open,Open,,,2,2
1/1/2026,,21888,,,398645,,Pregnancy Test - Milk,2.102,308,21888.0398645.0,1/1/2026,2025,7/22/2025,163,21888.0398645.0_2025_7,1,2,last,Pregnant,Pregnant,,,2,2
8/28/2025,,21888,,,398645,,Pregnancy Test - Milk,0.456,182,21888.0398645.0,8/28/2025,2025,7/22/2025,37,21888.0398645.0_2025_7,1,1,first,Pregnant,Pregnant,,,2,2
4/16/2026,,21888,,,401430,,Pregnancy Test - Milk,1.553,91,21888.0401430.0,4/16/2026,2026,3/6/2026,41,21888.0401430.0_2026_3,1,1,first,Pregnant,Pregnant,,,2,2
5/21/2026,,21888,,,401430,,Pregnancy Test - Milk,1.034,125,21888.0401430.0,5/21/2026,2026,3/6/2026,75,21888.0401430.0_2026_3,1,2,last,Pregnant,Pregnant,,,2,2
6/5/2025,,21898,,,398645,,Pregnancy Test - Milk,0.207,179,21898.0398645.0,6/5/2025,2025,4/29/2025,37,21898.0398645.0_2025_4,1,1,first,Re-Check,rc_preg,,,2,2
9/25/2025,,21898,,,398645,,Pregnancy Test - Milk,1.798,291,21898.0398645.0,9/25/2025,2025,4/29/2025,149,21898.0398645.0_2025_4,1,2,last,Pregnant,rc_preg,,,2,2
5/7/2026,,21898,,,401430,,Pregnancy Test - Milk,0.633,123,21898.0401430.0,5/7/2026,2026,3/28/2026,40,21898.0401430.0_2026_3,1,1,first,Pregnant,Pregnant,,,2,2
10/23/2025,,21901,,,398645,,Pregnancy Test - Milk,0.528,302,21901.0398645.0,10/23/2025,2025,8/14/2025,70,21901.0398645.0_2025_8,2,1,first,Pregnant,Pregnant,,,2,2
2/19/2026,,21901,,,398645,,Pregnancy Test - Milk,2.727,421,21901.0398645.0,2/19/2026,2025,8/14/2025,189,21901.0398645.0_2025_8,2,2,last,Pregnant,Pregnant,,,2,2
5/29/2025,,21901,,,398645,,Pregnancy Test - Milk,0.017,155,21901.0398645.0,5/29/2025,2025,5/26/2025,3,21901.0398645.0_2025_5,1,1,first,Open,Open,,,2,2
5/8/2026,,21901,,,401430,,Pregnancy Test - Milk,1.299,89,21901.0401430.0,5/8/2026,2026,3/30/2026,39,21901.0401430.0_2026_3,1,1,first,Pregnant,Pregnant,,,2,2
9/25/2025,,21911,,,398645,,Pregnancy Test - Milk,0.452,281,21911.0398645.0,9/25/2025,2025,7/15/2025,72,21911.0398645.0_2025_7,1,1,first,Pregnant,Pregnant,,,2,2
5/22/2026,,21911,,,401430,,Pregnancy Test - Milk,1.002,110,21911.0401430.0,5/22/2026,2026,4/13/2026,39,21911.0401430.0_2026_4,1,1,first,Pregnant,Pregnant,,,2,2
11/6/2025,,21918,,,398645,,Pregnancy Test - Milk,1.565,264,21918.0398645.0,11/6/2025,2025,10/1/2025,36,21918.0398645.0_2025_10,2,1,first,Pregnant,Pregnant,,,2,2
7/17/2025,,21918,,,398645,,Pregnancy Test - Milk,0.31,152,21918.0398645.0,7/17/2025,2025,4/8/2025,100,21918.0398645.0_2025_4,1,1,first,Pregnant,preg_loss_rebred,,,2,2
5/7/2026,,21918,,,401430,,Pregnancy Test - Milk,0.769,126,21918.0401430.0,5/7/2026,2026,3/28/2026,40,21918.0401430.0_2026_3,1,1,first,Pregnant,Pregnant,,,2,2
11/27/2025,,21920,,,398645,,Pregnancy Test - Milk,2.077,296,21920.0398645.0,11/27/2025,2025,5/24/2025,187,21920.0398645.0_2025_5,1,2,last,Pregnant,Pregnant,,,2,2
7/31/2025,,21920,,,398645,,Pregnancy Test - Milk,0.66,176,21920.0398645.0,7/31/2025,2025,5/24/2025,68,21920.0398645.0_2025_5,1,1,first,Pregnant,Pregnant,,,2,2
5/21/2026,,21920,,,401430,,Pregnancy Test - Milk,1.841,108,21920.0401430.0,5/21/2026,2026,4/13/2026,38,21920.0401430.0_2026_4,1,1,first,Pregnant,Pregnant,,,2,2
10/9/2025,,21927,,,398645,,Pregnancy Test - Milk,1.809,296,21927.0398645.0,10/9/2025,2025,5/13/2025,149,21927.0398645.0_2025_5,1,2,last,Pregnant,rc_preg,,,2,2
6/19/2025,,21927,,,398645,,Pregnancy Test - Milk,0.245,184,21927.0398645.0,6/19/2025,2025,5/13/2025,37,21927.0398645.0_2025_5,1,1,first,Re-Check,rc_preg,,,2,2
5/7/2026,,21927,,,401430,,Pregnancy Test - Milk,-0.01,118,21927.0401430.0,5/7/2026,2026,4/2/2026,35,21927.0401430.0_2026_4,1,1,first,Open,Open,,,2,2
10/23/2025,,21933,,,398645,,Pregnancy Test - Milk,2.631,270,21933.0398645.0,10/23/2025,2025,4/25/2025,181,21933.0398645.0_2025_4,1,2,last,Pregnant,Pregnant,,,2,2
7/3/2025,,21933,,,398645,,Pregnancy Test - Milk,0.351,158,21933.0398645.0,7/3/2025,2025,4/25/2025,69,21933.0398645.0_2025_4,1,1,first,Pregnant,Pregnant,,,2,2
5/14/2026,,21933,,,401430,,Pregnancy Test - Milk,1.543,96,21933.0401430.0,5/14/2026,2026,4/7/2026,37,21933.0401430.0_2026_4,1,1,first,Pregnant,Pregnant,,,2,2
10/23/2025,,21944,,,398645,,Pregnancy Test - Milk,1.398,289,21944.0398645.0,10/23/2025,2025,4/24/2025,182,21944.0398645.0_2025_4,1,2,last,Pregnant,Pregnant,,,2,2
7/3/2025,,21944,,,398645,,Pregnancy Test - Milk,0.361,177,21944.0398645.0,7/3/2025,2025,4/24/2025,70,21944.0398645.0_2025_4,1,1,first,Pregnant,Pregnant,,,2,2
5/21/2026,,21944,,,401430,,Pregnancy Test - Milk,1.37,93,21944.0401430.0,5/21/2026,2026,4/15/2026,36,21944.0401430.0_2026_4,1,1,first,Pregnant,Pregnant,,,2,2
11/20/2025,,21947,,,398645,,Pregnancy Test - Milk,1.668,320,21947.0398645.0,11/20/2025,2025,5/16/2025,188,21947.0398645.0_2025_5,1,2,last,Pregnant,Pregnant,,,2,2
7/31/2025,,21947,,,398645,,Pregnancy Test - Milk,0.476,208,21947.0398645.0,7/31/2025,2025,5/16/2025,76,21947.0398645.0_2025_5,1,1,first,Pregnant,Pregnant,,,2,2
4/23/2026,,21947,,,401430,,Pregnancy Test - Milk,2.082,92,21947.0401430.0,4/23/2026,2026,3/16/2026,38,21947.0401430.0_2026_3,1,1,first,Pregnant,Pregnant,,,2,2
10/30/2025,,21951,,,398645,,Pregnancy Test - Milk,2.682,296,21951.0398645.0,10/30/2025,2025,4/24/2025,189,21951.0398645.0_2025_4,1,2,last,Pregnant,Pregnant,,,2,2
7/3/2025,,21951,,,398645,,Pregnancy Test - Milk,0.996,177,21951.0398645.0,7/3/2025,2025,4/24/2025,70,21951.0398645.0_2025_4,1,1,first,Pregnant,Pregnant,,,2,2
5/21/2026,,21951,,,401430,,Pregnancy Test - Milk,1.437,110,21951.0401430.0,5/21/2026,2026,4/13/2026,38,21951.0401430.0_2026_4,1,1,first,Pregnant,Pregnant,,,2,2
11/27/2025,,21952,,,398645,,Pregnancy Test - Milk,0.412,327,21952.0398645.0,11/27/2025,2025,9/18/2025,70,21952.0398645.0_2025_9,2,1,first,Pregnant,Pregnant,,,2,2
3/19/2026,,21952,,,398645,,Pregnancy Test - Milk,2.114,438,21952.0398645.0,3/19/2026,2025,9/18/2025,182,21952.0398645.0_2025_9,2,2,last,Pregnant,Pregnant,,,2,2
8/21/2025,,21952,,,398645,,Pregnancy Test - Milk,0.112,228,21952.0398645.0,8/21/2025,2025,6/13/2025,69,21952.0398645.0_2025_6,1,1,first,Re-Check,rc_rebred,,,2,2
4/23/2026,,21952,,,401430,,Pregnancy Test - Milk,1.258,109,21952.0401430.0,4/23/2026,2026,3/15/2026,39,21952.0401430.0_2026_3,1,1,first,Pregnant,Pregnant,,,2,2
11/20/2025,,21956,,,398645,,Pregnancy Test - Milk,0.848,261,21956.0398645.0,11/20/2025,2025,5/6/2025,198,21956.0398645.0_2025_5,1,2,last,Pregnant,Pregnant,,,2,2
8/7/2025,,21956,,,398645,,Pregnancy Test - Milk,0.434,156,21956.0398645.0,8/7/2025,2025,5/6/2025,93,21956.0398645.0_2025_5,1,1,first,Pregnant,Pregnant,,,2,2
5/14/2026,,21956,,,401430,,Pregnancy Test - Milk,0.692,109,21956.0401430.0,5/14/2026,2026,4/3/2026,41,21956.0401430.0_2026_4,1,1,first,Pregnant,Pregnant,,,2,2
12/18/2025,,21958,,,398645,,Pregnancy Test - Milk,POS,341,21958.0398645.0,12/18/2025,2025,6/16/2025,185,21958.0398645.0_2025_6,1,2,last,Pregnant,Pregnant,,,2,2
8/28/2025,,21958,,,398645,,Pregnancy Test - Milk,0.306,229,21958.0398645.0,8/28/2025,2025,6/16/2025,73,21958.0398645.0_2025_6,1,1,first,Pregnant,Pregnant,,,2,2
5/21/2026,,21958,,,401430,,Pregnancy Test - Milk,1.3,94,21958.0401430.0,5/21/2026,2026,4/16/2026,35,21958.0401430.0_2026_4,1,1,first,Pregnant,Pregnant,,,2,2
12/4/2025,,21959,,,398645,,Pregnancy Test - Milk,POS,338,21959.0398645.0,12/4/2025,2025,5/31/2025,187,21959.0398645.0_2025_5,1,2,last,Pregnant,Pregnant,,,2,2
8/7/2025,,21959,,,398645,,Pregnancy Test - Milk,0.848,219,21959.0398645.0,8/7/2025,2025,5/31/2025,68,21959.0398645.0_2025_5,1,1,first,Pregnant,Pregnant,,,2,2
4/23/2026,,21959,,,401430,,Pregnancy Test - Milk,0.718,103,21959.0401430.0,4/23/2026,2026,3/15/2026,39,21959.0401430.0_2026_3,1,1,first,Pregnant,Pregnant,,,2,2
11/6/2025,,21965,,,398645,,Pregnancy Test - Milk,1.7,299,21965.0398645.0,11/6/2025,2025,5/9/2025,181,21965.0398645.0_2025_5,1,2,last,Pregnant,Pregnant,,,2,2
7/17/2025,,21965,,,398645,,Pregnancy Test - Milk,0.638,187,21965.0398645.0,7/17/2025,2025,5/9/2025,69,21965.0398645.0_2025_5,1,1,first,Pregnant,Pregnant,,,2,2
5/7/2026,,21965,,,401430,,Pregnancy Test - Milk,0.436,96,21965.0401430.0,5/7/2026,2026,3/30/2026,38,21965.0401430.0_2026_3,1,1,first,Pregnant,Pregnant,,,2,2
8/21/2025,,21971,,,398645,,Pregnancy Test - Milk,0.211,219,21971.0398645.0,8/21/2025,2025,6/15/2025,67,21971.0398645.0_2025_6,1,1,first,Re-Check,rc_unresolved,,,2,2
5/14/2026,,21971,,,401430,,Pregnancy Test - Milk,0.386,91,21971.0401430.0,5/14/2026,2026,4/7/2026,37,21971.0401430.0_2026_4,1,1,first,Pregnant,Pregnant,,,2,2
4/2/2026,,21977,,,398645,,Pregnancy Test - Milk,POS,441,21977.0398645.0,4/2/2026,2025,10/3/2025,181,21977.0398645.0_2025_10,1,1,first,Pregnant,Pregnant,,,2,2
5/15/2026,,21977,,,401430,,Pregnancy Test - Milk,0.924,103,21977.0401430.0,5/15/2026,2026,4/9/2026,36,21977.0401430.0_2026_4,1,1,first,Pregnant,Pregnant,,,2,2
12/4/2025,,22003,,,398645,,Pregnancy Test - Milk,2.839,314,22003.0398645.0,12/4/2025,2025,6/1/2025,186,22003.0398645.0_2025_6,1,2,last,Pregnant,Pregnant,,,2,2
8/7/2025,,22003,,,398645,,Pregnancy Test - Milk,0.767,195,22003.0398645.0,8/7/2025,2025,6/1/2025,67,22003.0398645.0_2025_6,1,1,first,Pregnant,Pregnant,,,2,2
5/14/2026,,22003,,,401430,,Pregnancy Test - Milk,0.024,108,22003.0401430.0,5/14/2026,2026,4/6/2026,38,22003.0401430.0_2026_4,1,1,first,Open,Open,,,2,2
1/1/2026,,22070,,,398645,,Pregnancy Test - Milk,POS,294,22070.0398645.0,1/1/2026,2025,8/17/2025,137,22070.0398645.0_2025_8,1,2,last,Pregnant,Pregnant,,,2,2
9/4/2025,,22070,,,398645,,Pregnancy Test - Milk,0.508,175,22070.0398645.0,9/4/2025,2025,8/17/2025,18,22070.0398645.0_2025_8,1,1,first,Pregnant,Pregnant,,,2,2
5/14/2026,,22070,,,401430,,Pregnancy Test - Milk,0.961,109,22070.0401430.0,5/14/2026,2026,4/7/2026,37,22070.0401430.0_2026_4,1,1,first,Pregnant,Pregnant,,,2,2
1/8/2026,,22084,,,398645,,Pregnancy Test - Milk,1.684,270,22084.0398645.0,1/8/2026,2025,8/5/2025,156,22084.0398645.0_2025_8,1,1,first,Pregnant,Pregnant,,,2,2
5/22/2026,,22084,,,401430,,Pregnancy Test - Milk,1.155,95,22084.0401430.0,5/22/2026,2026,4/11/2026,41,22084.0401430.0_2026_4,1,1,first,Pregnant,Pregnant,,,2,2
12/4/2025,,22170,,,398645,,Pregnancy Test - Milk,POS,267,22170.0398645.0,12/4/2025,2025,5/10/2025,208,22170.0398645.0_2025_5,1,1,first,Pregnant,Pregnant,,,2,2
5/21/2026,,22170,,,401430,,Pregnancy Test - Milk,1.797,102,22170.0401430.0,5/21/2026,2026,4/16/2026,35,22170.0401430.0_2026_4,1,1,first,Pregnant,Pregnant,,,2,2
1/23/2026,,22200,,,398645,,Pregnancy Test - Milk,1.59,307,22200.0398645.0,1/23/2026,2026,1/23/2026,0,22200.0398645.0_2026_1,2,1,first,Pregnant,Pregnant,,,2,2
10/2/2025,,22200,,,398645,,Pregnancy Test - Milk,0.686,194,22200.0398645.0,10/2/2025,2025,8/27/2025,36,22200.0398645.0_2025_8,1,1,first,Pregnant,preg_loss_rebred,,,2,2
5/22/2026,,22200,,,401430,,Pregnancy Test - Milk,0.812,115,22200.0401430.0,5/22/2026,2026,4/12/2026,40,22200.0401430.0_2026_4,1,1,first,Pregnant,Pregnant,,,2,2
11/6/2025,,3480,,,398645,,Pregnancy Test - Milk,0.353,201,3480.0398645.0,11/6/2025,2025,8/24/2025,74,3480.0398645.0_2025_8,1,1,first,Pregnant,Pregnant,,,2,2
10/23/2025,,3480,,,401430,,Pregnancy Test - Milk,0.376,173,3480.0401430.0,10/23/2025,2025,9/5/2025,48,3480.0401430.0_2025_9_2,2,1,first,Pregnant,rc_unresolved_>_1_bred,,,2,2
11/20/2025,,3480,,,401430,,Pregnancy Test - Milk,0.236,201,3480.0401430.0,11/20/2025,2025,9/5/2025,76,3480.0401430.0_2025_9_2,2,2,last,Re-Check,rc_unresolved_>_1_bred,,,2,2
11/27/2025,,3480,,,401430,,Pregnancy Test - Milk,0.411,212,3480.0401430.0,11/27/2025,2025,9/1/2025,87,3480.0401430.0_2025_9_1,1,1,first,Pregnant,preg_loss_rebred,,,2,2
2/19/2026,,7649,,,398645,,Pregnancy Test - Milk,0.513,239,7649.0398645.0,2/19/2026,2025,9/2/2025,170,7649.0398645.0_2025_9,1,1,first,Pregnant,Pregnant,,,2,2
10/23/2025,,7649,,,401430,,Pregnancy Test - Milk,0.483,190,7649.0401430.0,10/23/2025,2025,9/9/2025,44,7649.0401430.0_2025_9,2,1,first,Pregnant,loss,,,2,2
11/20/2025,,7649,,,401430,,Pregnancy Test - Milk,0.199,218,7649.0401430.0,11/20/2025,2025,9/9/2025,72,7649.0401430.0_2025_9,2,2,intermediate,Re-Check,loss,,,2,2
12/4/2025,,7649,,,401430,,Pregnancy Test - Milk,0.012,232,7649.0401430.0,12/4/2025,2025,9/9/2025,86,7649.0401430.0_2025_9,2,3,last,Open,loss,,,2,2
2/13/2026,,7649,,,401430,,Pregnancy Test - Milk,0.594,303,7649.0401430.0,2/13/2026,2026,1/7/2026,37,7649.0401430.0_2026_1,3,1,first,Pregnant,Pregant_with_rc,,,2,2
3/19/2026,,7649,,,401430,,Pregnancy Test - Milk,0.212,337,7649.0401430.0,3/19/2026,2026,1/7/2026,71,7649.0401430.0_2026_1,3,2,intermediate,Re-Check,Pregant_with_rc,,,2,2
3/26/2026,,7649,,,401430,,Pregnancy Test - Milk,0.268,344,7649.0401430.0,3/26/2026,2026,1/7/2026,78,7649.0401430.0_2026_1,3,3,last,Pregnant,Pregant_with_rc,,,2,2
8/7/2025,,7649,,,401430,,Pregnancy Test - Milk,0.071,113,7649.0401430.0,8/7/2025,2025,7/3/2025,35,7649.0401430.0_2025_7,1,1,first,Open,Open,,,2,2
1/23/2026,,9829,,,398645,,Pregnancy Test - Milk,0.673,381,9829.0398645.0,1/23/2026,2025,8/27/2025,149,9829.0398645.0_2025_8,1,2,last,Pregnant,Pregnant,,,2,2
10/2/2025,,9829,,,398645,,Pregnancy Test - Milk,0.303,268,9829.0398645.0,10/2/2025,2025,8/27/2025,36,9829.0398645.0_2025_8,1,1,first,Pregnant,Pregnant,,,2,2
10/16/2025,,9829,,,401430,,Pregnancy Test - Milk,0.65,163,9829.0401430.0,10/16/2025,2025,9/11/2025,35,9829.0401430.0_2025_9,1,1,first,Pregnant,loss_2_open,,,2,2
11/20/2025,,9829,,,401430,,Pregnancy Test - Milk,0.246,198,9829.0401430.0,11/20/2025,2025,9/11/2025,70,9829.0401430.0_2025_9,1,2,intermediate,Re-Check,loss_2_open,,,2,2
11/26/2025,,9829,,,401430,,Pregnancy Test - Milk,0.226,204,9829.0401430.0,11/26/2025,2025,9/11/2025,76,9829.0401430.0_2025_9,1,3,intermediate,Re-Check,loss_2_open,,,2,2
12/11/2025,,9829,,,401430,,Pregnancy Test - Milk,0.042,219,9829.0401430.0,12/11/2025,2025,9/11/2025,91,9829.0401430.0_2025_9,1,5,last,Open,loss_2_open,,,2,2
12/4/2025,,9829,,,401430,,Pregnancy Test - Milk,0.143,212,9829.0401430.0,12/4/2025,2025,9/11/2025,84,9829.0401430.0_2025_9,1,4,intermediate,Re-Check,loss_2_open,,,2,2
