Date Collected,Date Received,CowID,Date Sent,Date Approved,ClientID,ProjectNo,Test,S-N Value,DIM,combined_cow,date_collected,year,adj_final_breeding,DSLB,breed_event_id,ai_id,sample_id,sample_class,Result,final_resolved,first_sample_rc,rc_resolved_open,breeding_date,raw_gap_to_next_breeding_days,is_2_3_day_pair_start
12/31/2025,,10126,,,401430,,Pregnancy Test - Milk,0.489,150,10126.0401430.0,12/31/2025,2025,10/13/2025,79,10126.0401430.0_2025_10_1,1,1,first,Pregnant,preg_loss_rebred,,,10/13/2025,3.0,yes
11/20/2025,,10126,,,401430,,Pregnancy Test - Milk,0.711,106,10126.0401430.0,11/20/2025,2025,10/16/2025,35,10126.0401430.0_2025_10_2,2,1,first,Pregnant,Pregnant,,,10/16/2025,,
12/23/2025,,10126,,,401430,,Pregnancy Test - Milk,0.29,139,10126.0401430.0,12/23/2025,2025,10/16/2025,68,10126.0401430.0_2025_10_2,2,2,last,Pregnant,Pregnant,,,10/16/2025,,
8/28/2025,,10159,,,401430,,Pregnancy Test - Milk,0.585,150,10159.0401430.0,8/28/2025,2025,7/19/2025,40,10159.0401430.0_2025_7_1,1,1,first,Pregnant,preg_loss_rebred,,,7/19/2025,2.0,yes
10/2/2025,,10159,,,401430,,Pregnancy Test - Milk,0.617,183,10159.0401430.0,10/2/2025,2025,7/21/2025,73,10159.0401430.0_2025_7_2,2,1,first,Pregnant,Pregnant,,,7/21/2025,,
12/31/2025,,10374,,,401430,,Pregnancy Test - Milk,0.304,109,10374.0401430.0,12/31/2025,2025,11/24/2025,37,10374.0401430.0_2025_11_1,1,1,first,Pregnant,preg_loss_rebred,,,11/24/2025,3.0,yes
2/5/2026,,10374,,,401430,,Pregnancy Test - Milk,0.119,142,10374.0401430.0,2/5/2026,2025,11/27/2025,70,10374.0401430.0_2025_11_2,2,1,first,Re-Check,rc_preg,,,11/27/2025,,
2/12/2026,,10374,,,401430,,Pregnancy Test - Milk,0.3,149,10374.0401430.0,2/12/2026,2025,11/27/2025,77,10374.0401430.0_2025_11_2,2,2,last,Pregnant,rc_preg,,,11/27/2025,,
4/7/2026,,10393,,,401430,,Pregnancy Test - Milk,0.317,187,10393.0401430.0,4/7/2026,2026,1/26/2026,71,10393.0401430.0_2026_1_1,1,1,first,Pregnant,preg_loss_rebred,,,1/26/2026,2.0,yes
3/5/2026,,10393,,,401430,,Pregnancy Test - Milk,0.923,152,10393.0401430.0,3/5/2026,2026,1/28/2026,36,10393.0401430.0_2026_1_2,2,1,first,Pregnant,Pregnant,,,1/28/2026,,
1/15/2026,,10808,,,401430,,Pregnancy Test - Milk,0.069,106,10808.0401430.0,1/15/2026,2025,12/11/2025,35,10808.0401430.0_2025_12,1,1,first,Open,Open,,,12/11/2025,46.0,
4/7/2026,,10808,,,401430,,Pregnancy Test - Milk,0.349,190,10808.0401430.0,4/7/2026,2026,1/26/2026,71,10808.0401430.0_2026_1_1,2,1,first,Pregnant,preg_loss_rebred,,,1/26/2026,2.0,yes
3/5/2026,,10808,,,401430,,Pregnancy Test - Milk,0.716,155,10808.0401430.0,3/5/2026,2026,1/28/2026,36,10808.0401430.0_2026_1_2,3,1,first,Pregnant,Pregnant,,,1/28/2026,,
12/18/2025,,11206,,,401430,,Pregnancy Test - Milk,0.518,105,11206.0401430.0,12/18/2025,2025,11/13/2025,35,11206.0401430.0_2025_11,1,1,first,Pregnant,rc_preg_loss_rebred,,,11/13/2025,74.0,
1/22/2026,,11206,,,401430,,Pregnancy Test - Milk,0.133,140,11206.0401430.0,1/22/2026,2025,11/13/2025,70,11206.0401430.0_2025_11,1,2,last,Re-Check,rc_preg_loss_rebred,,,11/13/2025,74.0,
4/7/2026,,11206,,,401430,,Pregnancy Test - Milk,1.177,217,11206.0401430.0,4/7/2026,2026,1/26/2026,71,11206.0401430.0_2026_1_1,2,1,first,Pregnant,preg_loss_rebred,,,1/26/2026,2.0,yes
3/5/2026,,11206,,,401430,,Pregnancy Test - Milk,1.091,182,11206.0401430.0,3/5/2026,2026,1/28/2026,36,11206.0401430.0_2026_1_2,3,1,first,Pregnant,Pregnant,,,1/28/2026,,
12/31/2025,,11303,,,401430,,Pregnancy Test - Milk,0.281,150,11303.0401430.0,12/31/2025,2025,10/13/2025,79,11303.0401430.0_2025_10_1,1,1,first,Pregnant,preg_loss_rebred,,,10/13/2025,3.0,yes
11/20/2025,,11303,,,401430,,Pregnancy Test - Milk,0.746,106,11303.0401430.0,11/20/2025,2025,10/16/2025,35,11303.0401430.0_2025_10_2,2,1,first,Pregnant,Pregnant,,,10/16/2025,,
12/23/2025,,11303,,,401430,,Pregnancy Test - Milk,0.256,139,11303.0401430.0,12/23/2025,2025,10/16/2025,68,11303.0401430.0_2025_10_2,2,2,last,Pregnant,Pregnant,,,10/16/2025,,
1/23/2026,,11693,,,401430,,Pregnancy Test - Milk,0.152,161,11693.0401430.0,1/23/2026,2025,10/27/2025,88,11693.0401430.0_2025_10_1,1,1,first,Re-Check,rc_rebred,,,10/27/2025,3.0,yes
12/5/2025,,11693,,,401430,,Pregnancy Test - Milk,0.474,109,11693.0401430.0,12/5/2025,2025,10/30/2025,36,11693.0401430.0_2025_10_2,2,1,first,Pregnant,Pregant_with_rc,,,10/30/2025,,
1/16/2026,,11693,,,401430,,Pregnancy Test - Milk,0.156,151,11693.0401430.0,1/16/2026,2025,10/30/2025,78,11693.0401430.0_2025_10_2,2,2,intermediate,Re-Check,Pregant_with_rc,,,10/30/2025,,
1/30/2026,,11693,,,401430,,Pregnancy Test - Milk,0.154,165,11693.0401430.0,1/30/2026,2025,10/30/2025,92,11693.0401430.0_2025_10_2,2,3,intermediate,Re-Check,Pregant_with_rc,,,10/30/2025,,
2/6/2026,,11693,,,401430,,Pregnancy Test - Milk,0.314,172,11693.0401430.0,2/6/2026,2025,10/30/2025,99,11693.0401430.0_2025_10_2,2,4,last,Pregnant,Pregant_with_rc,,,10/30/2025,,
9/4/2025,,12053,,,401430,,Pregnancy Test - Milk,0.232,132,12053.0401430.0,9/4/2025,2025,7/26/2025,40,12053.0401430.0_2025_7,1,1,first,Re-Check,rc_open,,,7/26/2025,85.0,
9/11/2025,,12053,,,401430,,Pregnancy Test - Milk,0.112,139,12053.0401430.0,9/11/2025,2025,7/26/2025,47,12053.0401430.0_2025_7,1,2,intermediate,Re-Check,rc_open,,,7/26/2025,85.0,
9/18/2025,,12053,,,401430,,Pregnancy Test - Milk,-0.003,146,12053.0401430.0,9/18/2025,2025,7/26/2025,54,12053.0401430.0_2025_7,1,3,last,Open,rc_open,,,7/26/2025,85.0,
11/26/2025,,12053,,,401430,,Pregnancy Test - Milk,0.448,215,12053.0401430.0,11/26/2025,2025,10/19/2025,38,12053.0401430.0_2025_10,2,1,first,Pregnant,preg_loss_rebred,,,10/19/2025,72.0,
12/31/2025,,12053,,,401430,,Pregnancy Test - Milk,-0.019,253,12053.0401430.0,12/31/2025,2025,12/30/2025,1,12053.0401430.0_2025_12,3,1,first,Open,Open,,,12/30/2025,3.0,yes
2/5/2026,,12053,,,401430,,Pregnancy Test - Milk,0.959,286,12053.0401430.0,2/5/2026,2026,1/2/2026,34,12053.0401430.0_2026_1,4,1,first,Pregnant,Pregnant,,,1/2/2026,,
3/19/2026,,12053,,,401430,,Pregnancy Test - Milk,0.331,328,12053.0401430.0,3/19/2026,2026,1/2/2026,76,12053.0401430.0_2026_1,4,2,last,Pregnant,Pregnant,,,1/2/2026,,
12/31/2025,,12122,,,401430,,Pregnancy Test - Milk,0.625,145,12122.0401430.0,12/31/2025,2025,10/20/2025,72,12122.0401430.0_2025_10_1,1,1,first,Pregnant,preg_loss_rebred,,,10/20/2025,3.0,yes
11/26/2025,,12122,,,401430,,Pregnancy Test - Milk,1.169,107,12122.0401430.0,11/26/2025,2025,10/23/2025,34,12122.0401430.0_2025_10_2,2,1,first,Pregnant,Pregnant,,,10/23/2025,,
1/23/2026,,12344,,,401430,,Pregnancy Test - Milk,0.521,107,12344.0401430.0,1/23/2026,2025,12/15/2025,39,12344.0401430.0_2025_12_1,1,1,first,Pregnant,preg_loss_rebred,,,12/15/2025,3.0,yes
3/6/2026,,12344,,,401430,,Pregnancy Test - Milk,0.327,146,12344.0401430.0,3/6/2026,2025,12/18/2025,78,12344.0401430.0_2025_12_2,2,1,first,Pregnant,Pregnant,,,12/18/2025,,
12/31/2025,,12351,,,401430,,Pregnancy Test - Milk,0.521,108,12351.0401430.0,12/31/2025,2025,11/24/2025,37,12351.0401430.0_2025_11_1,1,1,first,Pregnant,preg_loss_rebred,,,11/24/2025,3.0,yes
2/5/2026,,12351,,,401430,,Pregnancy Test - Milk,0.387,141,12351.0401430.0,2/5/2026,2025,11/27/2025,70,12351.0401430.0_2025_11_2,2,1,first,Pregnant,Pregnant,,,11/27/2025,,
12/31/2025,,12401,,,401430,,Pregnancy Test - Milk,0.298,171,12401.0401430.0,12/31/2025,2025,10/16/2025,76,12401.0401430.0_2025_10_1,1,1,first,Pregnant,preg_loss_rebred,,,10/16/2025,3.0,yes
11/26/2025,,12401,,,401430,,Pregnancy Test - Milk,0.423,133,12401.0401430.0,11/26/2025,2025,10/19/2025,38,12401.0401430.0_2025_10_2,2,1,first,Pregnant,Pregnant,,,10/19/2025,,
12/31/2025,,12421,,,401430,,Pregnancy Test - Milk,0.301,192,12421.0401430.0,12/31/2025,2025,10/20/2025,72,12421.0401430.0_2025_10_1,1,1,first,Pregnant,preg_loss_rebred,,,10/20/2025,3.0,yes
11/26/2025,,12421,,,401430,,Pregnancy Test - Milk,0.56,154,12421.0401430.0,11/26/2025,2025,10/23/2025,34,12421.0401430.0_2025_10_2,2,1,first,Pregnant,Pregnant,,,10/23/2025,,
12/31/2025,,12487,,,401430,,Pregnancy Test - Milk,0.861,108,12487.0401430.0,12/31/2025,2025,11/24/2025,37,12487.0401430.0_2025_11_1,1,1,first,Pregnant,preg_loss_rebred,,,11/24/2025,3.0,yes
2/5/2026,,12487,,,401430,,Pregnancy Test - Milk,0.397,141,12487.0401430.0,2/5/2026,2025,11/27/2025,70,12487.0401430.0_2025_11_2,2,1,first,Pregnant,Pregnant,,,11/27/2025,,
12/31/2025,,12499,,,401430,,Pregnancy Test - Milk,0.198,142,12499.0401430.0,12/31/2025,2025,11/13/2025,48,12499.0401430.0_2025_11_1,1,1,first,Re-Check,rc_rebred,,,11/13/2025,3.0,yes
12/23/2025,,12499,,,401430,,Pregnancy Test - Milk,0.228,131,12499.0401430.0,12/23/2025,2025,11/16/2025,37,12499.0401430.0_2025_11_2,2,1,first,Re-Check,rc_preg,,,11/16/2025,,
1/8/2026,,12499,,,401430,,Pregnancy Test - Milk,0.429,147,12499.0401430.0,1/8/2026,2025,11/16/2025,53,12499.0401430.0_2025_11_2,2,2,intermediate,Pregnant,rc_preg,,,11/16/2025,,
1/29/2026,,12499,,,401430,,Pregnancy Test - Milk,0.427,168,12499.0401430.0,1/29/2026,2025,11/16/2025,74,12499.0401430.0_2025_11_2,2,3,last,Pregnant,rc_preg,,,11/16/2025,,
12/31/2025,,12517,,,401430,,Pregnancy Test - Milk,0.433,152,12517.0401430.0,12/31/2025,2025,10/13/2025,79,12517.0401430.0_2025_10_1,1,1,first,Pregnant,preg_loss_rebred,,,10/13/2025,3.0,yes
11/20/2025,,12517,,,401430,,Pregnancy Test - Milk,0.441,108,12517.0401430.0,11/20/2025,2025,10/16/2025,35,12517.0401430.0_2025_10_2,2,1,first,Pregnant,Pregnant,,,10/16/2025,,
12/23/2025,,12517,,,401430,,Pregnancy Test - Milk,0.416,141,12517.0401430.0,12/23/2025,2025,10/16/2025,68,12517.0401430.0_2025_10_2,2,2,last,Pregnant,Pregnant,,,10/16/2025,,
12/31/2025,,12539,,,401430,,Pregnancy Test - Milk,0.175,173,12539.0401430.0,12/31/2025,2025,10/18/2025,74,12539.0401430.0_2025_10_1,1,1,first,Re-Check,rc_rebred,,,10/18/2025,3.0,yes
11/26/2025,,12539,,,401430,,Pregnancy Test - Milk,0.447,135,12539.0401430.0,11/26/2025,2025,10/21/2025,36,12539.0401430.0_2025_10_2,2,1,first,Pregnant,Pregnant,,,10/21/2025,,
1/8/2026,,12539,,,401430,,Pregnancy Test - Milk,0.282,178,12539.0401430.0,1/8/2026,2025,10/21/2025,79,12539.0401430.0_2025_10_2,2,2,last,Pregnant,Pregnant,,,10/21/2025,,
8/29/2025,,12540,,,401430,,Pregnancy Test - Milk,0.294,111,12540.0401430.0,8/29/2025,2025,7/23/2025,37,12540.0401430.0_2025_7,1,1,first,Pregnant,preg_loss_rebred,,,7/23/2025,92.0,
1/23/2026,,12540,,,401430,,Pregnancy Test - Milk,0.508,261,12540.0401430.0,1/23/2026,2025,10/23/2025,92,12540.0401430.0_2025_10_1,2,1,first,Pregnant,preg_loss_rebred,,,10/23/2025,3.0,yes
12/5/2025,,12540,,,401430,,Pregnancy Test - Milk,0.442,209,12540.0401430.0,12/5/2025,2025,10/26/2025,40,12540.0401430.0_2025_10_2,3,1,first,Pregnant,rc_unresolved_>_1_bred,,,10/26/2025,,
1/16/2026,,12540,,,401430,,Pregnancy Test - Milk,0.205,251,12540.0401430.0,1/16/2026,2025,10/26/2025,82,12540.0401430.0_2025_10_2,3,2,last,Re-Check,rc_unresolved_>_1_bred,,,10/26/2025,,
7/10/2025,,12577,,,401430,,Pregnancy Test - Milk,0.008,203,12577.0401430.0,7/10/2025,2025,6/5/2025,35,12577.0401430.0_2025_6,1,1,first,Open,Open,,,6/5/2025,47.0,
8/28/2025,,12577,,,401430,,Pregnancy Test - Milk,1.385,254,12577.0401430.0,8/28/2025,2025,7/22/2025,37,12577.0401430.0_2025_7_1,2,1,first,Pregnant,preg_loss_rebred,,,7/22/2025,2.0,yes
10/9/2025,,12577,,,401430,,Pregnancy Test - Milk,0.456,294,12577.0401430.0,10/9/2025,2025,7/24/2025,77,12577.0401430.0_2025_7_2,3,1,first,Pregnant,Pregnant,,,7/24/2025,,
1/23/2026,,12594,,,401430,,Pregnancy Test - Milk,0.183,141,12594.0401430.0,1/23/2026,2025,12/10/2025,44,12594.0401430.0_2025_12_1,1,1,first,Re-Check,rc_rebred,,,12/10/2025,3.0,yes
1/30/2026,,12594,,,401430,,Pregnancy Test - Milk,0.122,145,12594.0401430.0,1/30/2026,2025,12/13/2025,48,12594.0401430.0_2025_12_2,2,1,first,Re-Check,rc_preg,,,12/13/2025,,
2/6/2026,,12594,,,401430,,Pregnancy Test - Milk,0.281,152,12594.0401430.0,2/6/2026,2025,12/13/2025,55,12594.0401430.0_2025_12_2,2,2,intermediate,Pregnant,rc_preg,,,12/13/2025,,
3/6/2026,,12594,,,401430,,Pregnancy Test - Milk,0.33,180,12594.0401430.0,3/6/2026,2025,12/13/2025,83,12594.0401430.0_2025_12_2,2,3,last,Pregnant,rc_preg,,,12/13/2025,,
4/7/2026,,12595,,,401430,,Pregnancy Test - Milk,0.354,138,12595.0401430.0,4/7/2026,2026,1/24/2026,73,12595.0401430.0_2026_1_1,1,1,first,Pregnant,preg_loss_rebred,,,1/24/2026,2.0,yes
3/5/2026,,12595,,,401430,,Pregnancy Test - Milk,0.681,103,12595.0401430.0,3/5/2026,2026,1/26/2026,38,12595.0401430.0_2026_1_2,2,1,first,Pregnant,Pregnant,,,1/26/2026,,
12/31/2025,,12652,,,401430,,Pregnancy Test - Milk,0.674,176,12652.0401430.0,12/31/2025,2025,10/16/2025,76,12652.0401430.0_2025_10_1,1,1,first,Pregnant,preg_loss_rebred,,,10/16/2025,3.0,yes
11/26/2025,,12652,,,401430,,Pregnancy Test - Milk,0.525,138,12652.0401430.0,11/26/2025,2025,10/19/2025,38,12652.0401430.0_2025_10_2,2,1,first,Pregnant,Pregnant,,,10/19/2025,,
12/31/2025,,12660,,,401430,,Pregnancy Test - Milk,0.271,134,12660.0401430.0,12/31/2025,2025,11/19/2025,42,12660.0401430.0_2025_11_1,1,1,first,Pregnant,preg_loss_rebred,,,11/19/2025,3.0,yes
2/5/2026,,12660,,,401430,,Pregnancy Test - Milk,0.481,167,12660.0401430.0,2/5/2026,2025,11/22/2025,75,12660.0401430.0_2025_11_2,2,1,first,Pregnant,Pregnant,,,11/22/2025,,
4/7/2026,,12707,,,401430,,Pregnancy Test - Milk,0.269,165,12707.0401430.0,4/7/2026,2025,12/30/2025,98,12707.0401430.0_2025_12,1,1,first,Pregnant,preg_loss_rebred,,,12/30/2025,2.0,yes
2/5/2026,,12707,,,401430,,Pregnancy Test - Milk,0.421,102,12707.0401430.0,2/5/2026,2026,1/1/2026,35,12707.0401430.0_2026_1,2,1,first,Pregnant,rc_unresolved_>_1_bred,,,1/1/2026,,
3/12/2026,,12707,,,401430,,Pregnancy Test - Milk,0.119,137,12707.0401430.0,3/12/2026,2026,1/1/2026,70,12707.0401430.0_2026_1,2,2,intermediate,Re-Check,rc_unresolved_>_1_bred,,,1/1/2026,,
3/19/2026,,12707,,,401430,,Pregnancy Test - Milk,0.155,144,12707.0401430.0,3/19/2026,2026,1/1/2026,77,12707.0401430.0_2026_1,2,3,intermediate,Re-Check,rc_unresolved_>_1_bred,,,1/1/2026,,
4/2/2026,,12707,,,401430,,Pregnancy Test - Milk,0.246,158,12707.0401430.0,4/2/2026,2026,1/1/2026,91,12707.0401430.0_2026_1,2,4,last,Re-Check,rc_unresolved_>_1_bred,,,1/1/2026,,
4/7/2026,,12812,,,401430,,Pregnancy Test - Milk,0.43,154,12812.0401430.0,4/7/2026,2026,1/13/2026,84,12812.0401430.0_2026_1_1,1,1,first,Pregnant,preg_loss_rebred,,,1/13/2026,2.0,yes
2/19/2026,,12812,,,401430,,Pregnancy Test - Milk,1.066,105,12812.0401430.0,2/19/2026,2026,1/15/2026,35,12812.0401430.0_2026_1_2,2,1,first,Pregnant,,,,1/15/2026,,
4/2/2026,,12812,,,401430,,Pregnancy Test - Milk,,147,12812.0401430.0,4/2/2026,2026,1/15/2026,77,12812.0401430.0_2026_1_2,2,2,last,Not Tested,,,,1/15/2026,,
8/28/2025,,12902,,,401430,,Pregnancy Test - Milk,1.026,329,12902.0401430.0,8/28/2025,2025,7/22/2025,37,12902.0401430.0_2025_7_1,1,1,first,Pregnant,preg_loss_rebred,,,7/22/2025,2.0,yes
10/9/2025,,12902,,,401430,,Pregnancy Test - Milk,0.578,369,12902.0401430.0,10/9/2025,2025,7/24/2025,77,12902.0401430.0_2025_7_2,2,1,first,Pregnant,Pregnant,,,7/24/2025,,
6/5/2025,,12913,,,401430,,Pregnancy Test - Milk,-0.207,151,12913.0401430.0,6/5/2025,2025,4/30/2025,36,12913.0401430.0_2025_4,1,1,first,Open,Open,,,4/30/2025,49.0,
7/24/2025,,12913,,,401430,,Pregnancy Test - Milk,0.057,201,12913.0401430.0,7/24/2025,2025,6/18/2025,36,12913.0401430.0_2025_6,2,1,first,Open,Open,,,6/18/2025,36.0,
9/5/2025,,12913,,,401430,,Pregnancy Test - Milk,0.001,244,12913.0401430.0,9/5/2025,2025,7/24/2025,43,12913.0401430.0_2025_7,3,2,last,Open,Open,,,7/24/2025,1.0,
9/4/2025,,12913,,,401430,,Pregnancy Test - Milk,,242,12913.0401430.0,9/4/2025,2025,7/24/2025,41,12913.0401430.0_2025_7,3,1,first,Not Tested,Open,,,7/25/2025,82.0,
11/27/2025,,12913,,,401430,,Pregnancy Test - Milk,0.262,330,12913.0401430.0,11/27/2025,2025,10/15/2025,43,12913.0401430.0_2025_10_1,4,1,first,Pregnant,preg_loss_rebred,,,10/15/2025,3.0,yes
1/2/2026,,12913,,,401430,,Pregnancy Test - Milk,0.195,363,12913.0401430.0,1/2/2026,2025,10/18/2025,76,12913.0401430.0_2025_10_2,5,1,first,Re-Check,rc_preg,,,10/18/2025,1.0,
1/30/2026,,12913,,,401430,,Pregnancy Test - Milk,,391,12913.0401430.0,1/30/2026,2025,10/18/2025,104,12913.0401430.0_2025_10_2,5,5,intermediate,Not Tested,rc_preg,,,10/18/2025,1.0,
1/8/2026,,12913,,,401430,,Pregnancy Test - Milk,0.219,368,12913.0401430.0,1/8/2026,2025,10/18/2025,81,12913.0401430.0_2025_10_2,5,2,intermediate,Re-Check,rc_preg,,,10/19/2025,,
1/15/2026,,12913,,,401430,,Pregnancy Test - Milk,0.224,375,12913.0401430.0,1/15/2026,2025,10/18/2025,88,12913.0401430.0_2025_10_2,5,3,intermediate,Re-Check,rc_preg,,,10/19/2025,,
1/22/2026,,12913,,,401430,,Pregnancy Test - Milk,0.22,382,12913.0401430.0,1/22/2026,2025,10/18/2025,95,12913.0401430.0_2025_10_2,5,4,intermediate,Re-Check,rc_preg,,,10/19/2025,,
2/5/2026,,12913,,,401430,,Pregnancy Test - Milk,0.412,396,12913.0401430.0,2/5/2026,2025,10/18/2025,109,12913.0401430.0_2025_10_2,5,6,last,Pregnant,rc_preg,,,10/19/2025,,
2/5/2026,,12913,,,401430,,Pregnancy Test - Milk,0.667,396,12913.0401430.0,2/5/2026,2025,10/18/2025,109,12913.0401430.0_2025_10_2,5,6,last,Pregnant,rc_preg,,,10/19/2025,,
4/7/2026,,12939,,,401430,,Pregnancy Test - Milk,0.024,136,12939.0401430.0,4/7/2026,2026,2/17/2026,49,12939.0401430.0_2026_2_1,1,1,first,Open,Open,,,2/17/2026,2.0,yes
4/2/2026,,12939,,,401430,,Pregnancy Test - Milk,0.163,129,12939.0401430.0,4/2/2026,2026,2/19/2026,42,12939.0401430.0_2026_2_2,2,1,first,Re-Check,rc_rebred,,,2/19/2026,48.0,
5/14/2026,,12939,,,401430,,Pregnancy Test - Milk,-0.007,172,12939.0401430.0,5/14/2026,2026,4/8/2026,36,12939.0401430.0_2026_4,3,1,first,Open,Open,,,4/8/2026,,
9/11/2025,,13034,,,401430,,Pregnancy Test - Milk,0.195,136,13034.0401430.0,9/11/2025,2025,8/4/2025,38,13034.0401430.0_2025_8,1,1,first,Re-Check,loss,,,8/4/2025,107.0,
9/18/2025,,13034,,,401430,,Pregnancy Test - Milk,0.306,143,13034.0401430.0,9/18/2025,2025,8/4/2025,45,13034.0401430.0_2025_8,1,2,intermediate,Pregnant,loss,,,8/4/2025,107.0,
10/16/2025,,13034,,,401430,,Pregnancy Test - Milk,0.026,171,13034.0401430.0,10/16/2025,2025,8/4/2025,73,13034.0401430.0_2025_8,1,3,last,Open,loss,,,8/4/2025,107.0,
12/31/2025,,13034,,,401430,,Pregnancy Test - Milk,0.567,250,13034.0401430.0,12/31/2025,2025,11/19/2025,42,13034.0401430.0_2025_11_1,2,1,first,Pregnant,preg_loss_rebred,,,11/19/2025,3.0,yes
2/5/2026,,13034,,,401430,,Pregnancy Test - Milk,0.082,283,13034.0401430.0,2/5/2026,2025,11/22/2025,75,13034.0401430.0_2025_11_2,3,1,first,Open,Open,,,11/22/2025,,
2/5/2026,,13089,,,401430,,Pregnancy Test - Milk,0.005,123,13089.0401430.0,2/5/2026,2026,1/1/2026,35,13089.0401430.0_2026_1,1,1,first,Open,Open,,,1/1/2026,54.0,
4/7/2026,,13089,,,401430,,Pregnancy Test - Milk,0.427,186,13089.0401430.0,4/7/2026,2026,2/24/2026,42,13089.0401430.0_2026_2_1,2,1,first,Pregnant,preg_loss_rebred,,,2/24/2026,2.0,yes
4/2/2026,,13089,,,401430,,Pregnancy Test - Milk,,179,13089.0401430.0,4/2/2026,2026,2/26/2026,35,13089.0401430.0_2026_2_2,3,1,first,Not Tested,,,,2/26/2026,,
5/7/2026,,13089,,,401430,,Pregnancy Test - Milk,0.442,214,13089.0401430.0,5/7/2026,2026,2/26/2026,70,13089.0401430.0_2026_2_2,3,2,last,Pregnant,,,,2/26/2026,,
8/28/2025,,13194,,,401430,,Pregnancy Test - Milk,1.026,143,13194.0401430.0,8/28/2025,2025,7/19/2025,40,13194.0401430.0_2025_7_1,1,1,first,Pregnant,preg_loss_rebred,,,7/19/2025,2.0,yes
10/2/2025,,13194,,,401430,,Pregnancy Test - Milk,0.645,176,13194.0401430.0,10/2/2025,2025,7/21/2025,73,13194.0401430.0_2025_7_2,2,1,first,Pregnant,Pregnant,,,7/21/2025,,
8/28/2025,,13275,,,401430,,Pregnancy Test - Milk,0.962,111,13275.0401430.0,8/28/2025,2025,7/22/2025,37,13275.0401430.0_2025_7_1,1,1,first,Pregnant,preg_loss_rebred,,,7/22/2025,2.0,yes
10/9/2025,,13275,,,401430,,Pregnancy Test - Milk,1.047,151,13275.0401430.0,10/9/2025,2025,7/24/2025,77,13275.0401430.0_2025_7_2,2,1,first,Pregnant,Pregnant,,,7/24/2025,,
12/31/2025,,13358,,,401430,,Pregnancy Test - Milk,0.494,148,13358.0401430.0,12/31/2025,2025,10/20/2025,72,13358.0401430.0_2025_10_1,1,1,first,Pregnant,preg_loss_rebred,,,10/20/2025,3.0,yes
11/26/2025,,13358,,,401430,,Pregnancy Test - Milk,0.774,110,13358.0401430.0,11/26/2025,2025,10/23/2025,34,13358.0401430.0_2025_10_2,2,1,first,Pregnant,Pregnant,,,10/23/2025,,
4/7/2026,,13375,,,401430,,Pregnancy Test - Milk,0.477,139,13375.0401430.0,4/7/2026,2026,1/22/2026,75,13375.0401430.0_2026_1_1,1,1,first,Pregnant,preg_loss_rebred,,,1/22/2026,2.0,yes
3/5/2026,,13375,,,401430,,Pregnancy Test - Milk,1.15,104,13375.0401430.0,3/5/2026,2026,1/24/2026,40,13375.0401430.0_2026_1_2,2,1,first,Pregnant,Pregnant,,,1/24/2026,,
12/31/2025,,13384,,,401430,,Pregnancy Test - Milk,0.55,105,13384.0401430.0,12/31/2025,2025,11/24/2025,37,13384.0401430.0_2025_11_1,1,1,first,Pregnant,preg_loss_rebred,,,11/24/2025,3.0,yes
2/5/2026,,13384,,,401430,,Pregnancy Test - Milk,0.031,138,13384.0401430.0,2/5/2026,2025,11/27/2025,70,13384.0401430.0_2025_11_2,2,1,first,Open,Open,,,11/27/2025,,
11/20/2025,,13421,,,401430,,Pregnancy Test - Milk,0.458,105,13421.0401430.0,11/20/2025,2025,10/16/2025,35,13421.0401430.0_2025_10,1,1,first,Pregnant,loss,,,10/16/2025,84.0,
12/23/2025,,13421,,,401430,,Pregnancy Test - Milk,0.018,138,13421.0401430.0,12/23/2025,2025,10/16/2025,68,13421.0401430.0_2025_10,1,2,last,Open,loss,,,10/16/2025,84.0,
2/12/2026,,13421,,,401430,,Pregnancy Test - Milk,0.047,189,13421.0401430.0,2/12/2026,2026,1/8/2026,35,13421.0401430.0_2026_1,2,1,first,Open,Open,,,1/8/2026,55.0,
4/7/2026,,13421,,,401430,,Pregnancy Test - Milk,0.538,245,13421.0401430.0,4/7/2026,2026,3/4/2026,34,13421.0401430.0_2026_3_1,3,1,first,Pregnant,preg_loss_rebred,,,3/4/2026,2.0,yes
5/21/2026,,13421,,,401430,,Pregnancy Test - Milk,0.377,287,13421.0401430.0,5/21/2026,2026,3/6/2026,76,13421.0401430.0_2026_3_2,4,1,first,Pregnant,Pregnant,,,3/6/2026,,
8/28/2025,,13465,,,401430,,Pregnancy Test - Milk,0.318,143,13465.0401430.0,8/28/2025,2025,7/18/2025,41,13465.0401430.0_2025_7_1,1,1,first,Pregnant,preg_loss_rebred,,,7/18/2025,2.0,yes
10/2/2025,,13465,,,401430,,Pregnancy Test - Milk,0.411,176,13465.0401430.0,10/2/2025,2025,7/20/2025,74,13465.0401430.0_2025_7_2,2,1,first,Pregnant,Pregnant,,,7/20/2025,,
9/18/2025,,13472,,,401430,,Pregnancy Test - Milk,0.596,108,13472.0401430.0,9/18/2025,2025,8/14/2025,35,13472.0401430.0_2025_8,1,1,first,Pregnant,preg_loss_rebred,,,8/14/2025,64.0,
12/31/2025,,13472,,,401430,,Pregnancy Test - Milk,1.016,215,13472.0401430.0,12/31/2025,2025,10/17/2025,75,13472.0401430.0_2025_10_1,2,1,first,Pregnant,preg_loss_rebred,,,10/17/2025,3.0,yes
11/26/2025,,13472,,,401430,,Pregnancy Test - Milk,0.861,177,13472.0401430.0,11/26/2025,2025,10/20/2025,37,13472.0401430.0_2025_10_2,3,1,first,Pregnant,Pregnant,,,10/20/2025,,
10/2/2025,,13474,,,401430,,Pregnancy Test - Milk,0.039,109,13474.0401430.0,10/2/2025,2025,8/28/2025,35,13474.0401430.0_2025_8,1,1,first,Open,Open,,,8/28/2025,46.0,
12/31/2025,,13474,,,401430,,Pregnancy Test - Milk,0.307,202,13474.0401430.0,12/31/2025,2025,10/13/2025,79,13474.0401430.0_2025_10_1,2,1,first,Pregnant,preg_loss_rebred,,,10/13/2025,3.0,yes
11/20/2025,,13474,,,401430,,Pregnancy Test - Milk,1.123,158,13474.0401430.0,11/20/2025,2025,10/16/2025,35,13474.0401430.0_2025_10_2,3,1,first,Pregnant,Pregnant,,,10/16/2025,,
12/23/2025,,13474,,,401430,,Pregnancy Test - Milk,0.306,191,13474.0401430.0,12/23/2025,2025,10/16/2025,68,13474.0401430.0_2025_10_2,3,2,last,Pregnant,Pregnant,,,10/16/2025,,
4/7/2026,,13481,,,401430,,Pregnancy Test - Milk,0.255,122,13481.0401430.0,4/7/2026,2026,2/18/2026,48,13481.0401430.0_2026_2_1,1,1,first,Pregnant,preg_loss_rebred,,,2/18/2026,2.0,yes
4/2/2026,,13481,,,401430,,Pregnancy Test - Milk,,115,13481.0401430.0,4/2/2026,2026,2/20/2026,41,13481.0401430.0_2026_2_2,2,1,first,Not Tested,,,,2/20/2026,,
5/7/2026,,13481,,,401430,,Pregnancy Test - Milk,0.29,150,13481.0401430.0,5/7/2026,2026,2/20/2026,76,13481.0401430.0_2026_2_2,2,2,last,Pregnant,,,,2/20/2026,,
10/30/2025,,13542,,,401430,,Pregnancy Test - Milk,0.477,232,13542.0401430.0,10/30/2025,2025,9/24/2025,36,13542.0401430.0_2025_9,1,1,first,Pregnant,preg_loss_rebred,,,9/24/2025,61.0,
12/31/2025,,13542,,,401430,,Pregnancy Test - Milk,1.412,297,13542.0401430.0,12/31/2025,2025,11/24/2025,37,13542.0401430.0_2025_11_1,2,1,first,Pregnant,preg_loss_rebred,,,11/24/2025,3.0,yes
2/5/2026,,13542,,,401430,,Pregnancy Test - Milk,1,330,13542.0401430.0,2/5/2026,2025,11/27/2025,70,13542.0401430.0_2025_11_2,3,1,first,Pregnant,Pregnant,,,11/27/2025,,
8/28/2025,,13713,,,401430,,Pregnancy Test - Milk,1.598,110,13713.0401430.0,8/28/2025,2025,7/22/2025,37,13713.0401430.0_2025_7_1,1,1,first,Pregnant,preg_loss_rebred,,,7/22/2025,2.0,yes
10/9/2025,,13713,,,401430,,Pregnancy Test - Milk,1.401,150,13713.0401430.0,10/9/2025,2025,7/24/2025,77,13713.0401430.0_2025_7_2,2,1,first,Pregnant,Pregnant,,,7/24/2025,,
12/11/2025,,13906,,,401430,,Pregnancy Test - Milk,0.063,106,13906.0401430.0,12/11/2025,2025,11/6/2025,35,13906.0401430.0_2025_11,1,1,first,Open,Open,,,11/6/2025,44.0,
1/29/2026,,13906,,,401430,,Pregnancy Test - Milk,0.1,155,13906.0401430.0,1/29/2026,2025,12/20/2025,40,13906.0401430.0_2025_12,2,1,first,Re-Check,rc_rebred,,,12/20/2025,64.0,
4/7/2026,,13906,,,401430,,Pregnancy Test - Milk,0.268,225,13906.0401430.0,4/7/2026,2026,2/22/2026,44,13906.0401430.0_2026_2_1,3,1,first,Pregnant,preg_loss_rebred,,,2/22/2026,2.0,yes
5/7/2026,,13906,,,401430,,Pregnancy Test - Milk,0.706,253,13906.0401430.0,5/7/2026,2026,2/24/2026,72,13906.0401430.0_2026_2_2,4,1,first,Pregnant,Pregnant,,,2/24/2026,,
12/31/2025,,13912,,,401430,,Pregnancy Test - Milk,0.34,143,13912.0401430.0,12/31/2025,2025,10/20/2025,72,13912.0401430.0_2025_10_1,1,1,first,Pregnant,preg_loss_rebred,,,10/20/2025,3.0,yes
11/26/2025,,13912,,,401430,,Pregnancy Test - Milk,1.197,105,13912.0401430.0,11/26/2025,2025,10/23/2025,34,13912.0401430.0_2025_10_2,2,1,first,Pregnant,Pregnant,,,10/23/2025,,
12/31/2025,,13940,,,401430,,Pregnancy Test - Milk,0.233,148,13940.0401430.0,12/31/2025,2025,11/19/2025,42,13940.0401430.0_2025_11_1,1,1,first,Re-Check,rc_rebred,,,11/19/2025,3.0,yes
1/8/2026,,13940,,,401430,,Pregnancy Test - Milk,0.192,153,13940.0401430.0,1/8/2026,2025,11/22/2025,47,13940.0401430.0_2025_11_2,2,1,first,Re-Check,rc_open,,,11/22/2025,,
1/15/2026,,13940,,,401430,,Pregnancy Test - Milk,0.184,160,13940.0401430.0,1/15/2026,2025,11/22/2025,54,13940.0401430.0_2025_11_2,2,2,intermediate,Re-Check,rc_open,,,11/22/2025,,
1/22/2026,,13940,,,401430,,Pregnancy Test - Milk,0.095,167,13940.0401430.0,1/22/2026,2025,11/22/2025,61,13940.0401430.0_2025_11_2,2,3,last,Open,rc_open,,,11/22/2025,,
11/27/2025,,13986,,,401430,,Pregnancy Test - Milk,0.443,168,13986.0401430.0,11/27/2025,2025,10/17/2025,41,13986.0401430.0_2025_10_1,1,1,first,Pregnant,preg_loss_rebred,,,10/17/2025,3.0,yes
1/2/2026,,13986,,,401430,,Pregnancy Test - Milk,0.169,201,13986.0401430.0,1/2/2026,2025,10/20/2025,74,13986.0401430.0_2025_10_2,2,1,first,Re-Check,rc_preg,,,10/20/2025,1.0,
1/8/2026,,13986,,,401430,,Pregnancy Test - Milk,0.262,206,13986.0401430.0,1/8/2026,2025,10/20/2025,79,13986.0401430.0_2025_10_2,2,2,last,Pregnant,rc_preg,,,10/21/2025,,
12/31/2025,,13993,,,401430,,Pregnancy Test - Milk,0.781,151,13993.0401430.0,12/31/2025,2025,10/13/2025,79,13993.0401430.0_2025_10_1,1,1,first,Pregnant,preg_loss_rebred,,,10/13/2025,3.0,yes
11/20/2025,,13993,,,401430,,Pregnancy Test - Milk,1.176,107,13993.0401430.0,11/20/2025,2025,10/16/2025,35,13993.0401430.0_2025_10_2,2,1,first,Pregnant,Pregnant,,,10/16/2025,,
12/23/2025,,13993,,,401430,,Pregnancy Test - Milk,0.657,140,13993.0401430.0,12/23/2025,2025,10/16/2025,68,13993.0401430.0_2025_10_2,2,2,last,Pregnant,Pregnant,,,10/16/2025,,
4/7/2026,,14066,,,401430,,Pregnancy Test - Milk,0.455,213,14066.0401430.0,4/7/2026,2026,1/25/2026,72,14066.0401430.0_2026_1_1,1,1,first,Pregnant,preg_loss_rebred,,,1/25/2026,2.0,yes
3/5/2026,,14066,,,401430,,Pregnancy Test - Milk,1.284,178,14066.0401430.0,3/5/2026,2026,1/27/2026,37,14066.0401430.0_2026_1_2,2,1,first,Pregnant,Pregnant,,,1/27/2026,,
12/31/2025,,14071,,,401430,,Pregnancy Test - Milk,0.145,146,14071.0401430.0,12/31/2025,2025,10/20/2025,72,14071.0401430.0_2025_10_1,1,1,first,Re-Check,rc_rebred,,,10/20/2025,3.0,yes
11/26/2025,,14071,,,401430,,Pregnancy Test - Milk,0.559,108,14071.0401430.0,11/26/2025,2025,10/23/2025,34,14071.0401430.0_2025_10_2,2,1,first,Pregnant,loss,,,10/23/2025,128.0,
1/8/2026,,14071,,,401430,,Pregnancy Test - Milk,0.098,151,14071.0401430.0,1/8/2026,2025,10/23/2025,77,14071.0401430.0_2025_10_2,2,2,last,Open,loss,,,10/23/2025,128.0,
4/7/2026,,14071,,,401430,,Pregnancy Test - Milk,0.45,242,14071.0401430.0,4/7/2026,2026,2/28/2026,38,14071.0401430.0_2026_2,3,1,first,Pregnant,preg_loss_rebred,,,2/28/2026,1.0,
5/14/2026,,14071,,,401430,,Pregnancy Test - Milk,0.529,278,14071.0401430.0,5/14/2026,2026,3/1/2026,74,14071.0401430.0_2026_3,4,1,first,Pregnant,Pregnant,,,3/1/2026,,
12/31/2025,,14075,,,401430,,Pregnancy Test - Milk,0.133,144,14075.0401430.0,12/31/2025,2025,10/20/2025,72,14075.0401430.0_2025_10_1,1,1,first,Re-Check,rc_rebred,,,10/20/2025,3.0,yes
11/26/2025,,14075,,,401430,,Pregnancy Test - Milk,0.44,106,14075.0401430.0,11/26/2025,2025,10/23/2025,34,14075.0401430.0_2025_10_2,2,1,first,Pregnant,Pregant_with_rc,,,10/23/2025,,
1/8/2026,,14075,,,401430,,Pregnancy Test - Milk,0.216,149,14075.0401430.0,1/8/2026,2025,10/23/2025,77,14075.0401430.0_2025_10_2,2,2,intermediate,Re-Check,Pregant_with_rc,,,10/23/2025,,
1/15/2026,,14075,,,401430,,Pregnancy Test - Milk,0.282,156,14075.0401430.0,1/15/2026,2025,10/23/2025,84,14075.0401430.0_2025_10_2,2,3,last,Pregnant,Pregant_with_rc,,,10/23/2025,,
12/31/2025,,14105,,,401430,,Pregnancy Test - Milk,0.238,146,14105.0401430.0,12/31/2025,2025,10/20/2025,72,14105.0401430.0_2025_10_1,1,1,first,Re-Check,rc_rebred,,,10/20/2025,3.0,yes
11/26/2025,,14105,,,401430,,Pregnancy Test - Milk,0.402,108,14105.0401430.0,11/26/2025,2025,10/23/2025,34,14105.0401430.0_2025_10_2,2,1,first,Pregnant,Pregant_with_rc,,,10/23/2025,,
1/8/2026,,14105,,,401430,,Pregnancy Test - Milk,0.233,151,14105.0401430.0,1/8/2026,2025,10/23/2025,77,14105.0401430.0_2025_10_2,2,2,intermediate,Re-Check,Pregant_with_rc,,,10/23/2025,,
1/15/2026,,14105,,,401430,,Pregnancy Test - Milk,0.415,158,14105.0401430.0,1/15/2026,2025,10/23/2025,84,14105.0401430.0_2025_10_2,2,3,last,Pregnant,Pregant_with_rc,,,10/23/2025,,
12/31/2025,,14106,,,401430,,Pregnancy Test - Milk,-0.013,178,14106.0401430.0,12/31/2025,2025,10/18/2025,74,14106.0401430.0_2025_10_1,1,1,first,Open,Open,,,10/18/2025,3.0,yes
11/26/2025,,14106,,,401430,,Pregnancy Test - Milk,1.049,140,14106.0401430.0,11/26/2025,2025,10/21/2025,36,14106.0401430.0_2025_10_2,2,1,first,Pregnant,preg_loss_rebred,,,10/21/2025,153.0,
4/29/2026,,14106,,,401430,,Pregnancy Test - Milk,0.952,295,14106.0401430.0,4/29/2026,2026,3/23/2026,37,14106.0401430.0_2026_3,3,1,first,Pregnant,Pregnant,,,3/23/2026,,
12/31/2025,,14145,,,401430,,Pregnancy Test - Milk,0.814,102,14145.0401430.0,12/31/2025,2025,11/24/2025,37,14145.0401430.0_2025_11_1,1,1,first,Pregnant,preg_loss_rebred,,,11/24/2025,3.0,yes
2/5/2026,,14145,,,401430,,Pregnancy Test - Milk,0.236,135,14145.0401430.0,2/5/2026,2025,11/27/2025,70,14145.0401430.0_2025_11_2,2,1,first,Re-Check,rc_preg,,,11/27/2025,,
2/12/2026,,14145,,,401430,,Pregnancy Test - Milk,0.561,142,14145.0401430.0,2/12/2026,2025,11/27/2025,77,14145.0401430.0_2025_11_2,2,2,last,Pregnant,rc_preg,,,11/27/2025,,
8/28/2025,,14231,,,401430,,Pregnancy Test - Milk,0.749,109,14231.0401430.0,8/28/2025,2025,7/22/2025,37,14231.0401430.0_2025_7_1,1,1,first,Pregnant,preg_loss_rebred,,,7/22/2025,2.0,yes
10/9/2025,,14231,,,401430,,Pregnancy Test - Milk,0.407,149,14231.0401430.0,10/9/2025,2025,7/24/2025,77,14231.0401430.0_2025_7_2,2,1,first,Pregnant,Pregnant,,,7/24/2025,,
8/28/2025,,14333,,,401430,,Pregnancy Test - Milk,0.897,113,14333.0401430.0,8/28/2025,2025,7/22/2025,37,14333.0401430.0_2025_7_1,1,1,first,Pregnant,preg_loss_rebred,,,7/22/2025,2.0,yes
10/9/2025,,14333,,,401430,,Pregnancy Test - Milk,0.499,153,14333.0401430.0,10/9/2025,2025,7/24/2025,77,14333.0401430.0_2025_7_2,2,1,first,Pregnant,Pregnant,,,7/24/2025,,
12/5/2025,,14339,,,401430,,Pregnancy Test - Milk,0.003,106,14339.0401430.0,12/5/2025,2025,10/30/2025,36,14339.0401430.0_2025_10,1,1,first,Open,Open,,,10/30/2025,46.0,
1/23/2026,,14339,,,401430,,Pregnancy Test - Milk,0.326,158,14339.0401430.0,1/23/2026,2025,12/15/2025,39,14339.0401430.0_2025_12_1,2,1,first,Pregnant,preg_loss_rebred,,,12/15/2025,3.0,yes
3/6/2026,,14339,,,401430,,Pregnancy Test - Milk,0.619,197,14339.0401430.0,3/6/2026,2025,12/18/2025,78,14339.0401430.0_2025_12_2,3,1,first,Pregnant,Pregnant,,,12/18/2025,,
12/31/2025,,14365,,,401430,,Pregnancy Test - Milk,0.337,145,14365.0401430.0,12/31/2025,2025,10/20/2025,72,14365.0401430.0_2025_10_1,1,1,first,Pregnant,preg_loss_rebred,,,10/20/2025,3.0,yes
11/26/2025,,14365,,,401430,,Pregnancy Test - Milk,0.954,107,14365.0401430.0,11/26/2025,2025,10/23/2025,34,14365.0401430.0_2025_10_2,2,1,first,Pregnant,Pregnant,,,10/23/2025,,
12/31/2025,,14470,,,401430,,Pregnancy Test - Milk,0.211,143,14470.0401430.0,12/31/2025,2025,10/20/2025,72,14470.0401430.0_2025_10_1,1,1,first,Re-Check,rc_rebred,,,10/20/2025,3.0,yes
11/26/2025,,14470,,,401430,,Pregnancy Test - Milk,0.1,105,14470.0401430.0,11/26/2025,2025,10/23/2025,34,14470.0401430.0_2025_10_2,2,1,first,Re-Check,rc_preg,,,10/23/2025,,
12/4/2025,,14470,,,401430,,Pregnancy Test - Milk,0.513,113,14470.0401430.0,12/4/2025,2025,10/23/2025,42,14470.0401430.0_2025_10_2,2,2,intermediate,Pregnant,rc_preg,,,10/23/2025,,
1/8/2026,,14470,,,401430,,Pregnancy Test - Milk,0.245,148,14470.0401430.0,1/8/2026,2025,10/23/2025,77,14470.0401430.0_2025_10_2,2,3,intermediate,Re-Check,rc_preg,,,10/23/2025,,
1/15/2026,,14470,,,401430,,Pregnancy Test - Milk,0.365,155,14470.0401430.0,1/15/2026,2025,10/23/2025,84,14470.0401430.0_2025_10_2,2,4,last,Pregnant,rc_preg,,,10/23/2025,,
11/20/2025,,14503,,,401430,,Pregnancy Test - Milk,0.289,110,14503.0401430.0,11/20/2025,2025,10/16/2025,35,14503.0401430.0_2025_10,1,1,first,Pregnant,preg_loss_rebred,,,10/16/2025,39.0,
12/31/2025,,14503,,,401430,,Pregnancy Test - Milk,0.836,154,14503.0401430.0,12/31/2025,2025,11/24/2025,37,14503.0401430.0_2025_11_1,2,1,first,Pregnant,preg_loss_rebred,,,11/24/2025,3.0,yes
2/5/2026,,14503,,,401430,,Pregnancy Test - Milk,0.24,187,14503.0401430.0,2/5/2026,2025,11/27/2025,70,14503.0401430.0_2025_11_2,3,1,first,Re-Check,rc_preg,,,11/27/2025,,
2/12/2026,,14503,,,401430,,Pregnancy Test - Milk,0.44,194,14503.0401430.0,2/12/2026,2025,11/27/2025,77,14503.0401430.0_2025_11_2,3,2,last,Pregnant,rc_preg,,,11/27/2025,,
12/31/2025,,14511,,,401430,,Pregnancy Test - Milk,0.345,104,14511.0401430.0,12/31/2025,2025,11/24/2025,37,14511.0401430.0_2025_11_1,1,1,first,Pregnant,preg_loss_rebred,,,11/24/2025,3.0,yes
2/5/2026,,14511,,,401430,,Pregnancy Test - Milk,0.12,137,14511.0401430.0,2/5/2026,2025,11/27/2025,70,14511.0401430.0_2025_11_2,2,1,first,Re-Check,rc_preg,,,11/27/2025,,
2/12/2026,,14511,,,401430,,Pregnancy Test - Milk,0.396,144,14511.0401430.0,2/12/2026,2025,11/27/2025,77,14511.0401430.0_2025_11_2,2,2,last,Pregnant,rc_preg,,,11/27/2025,,
1/23/2026,,14560,,,401430,,Pregnancy Test - Milk,0.286,205,14560.0401430.0,1/23/2026,2025,11/3/2025,81,14560.0401430.0_2025_11_1,1,1,first,Pregnant,preg_loss_rebred,,,11/3/2025,3.0,yes
12/12/2025,,14560,,,401430,,Pregnancy Test - Milk,0.451,160,14560.0401430.0,12/12/2025,2025,11/6/2025,36,14560.0401430.0_2025_11_2,2,1,first,Pregnant,Pregnant,,,11/6/2025,,
1/23/2026,,14587,,,401430,,Pregnancy Test - Milk,0.446,107,14587.0401430.0,1/23/2026,2025,12/15/2025,39,14587.0401430.0_2025_12_1,1,1,first,Pregnant,preg_loss_rebred,,,12/15/2025,3.0,yes
3/6/2026,,14587,,,401430,,Pregnancy Test - Milk,0.164,146,14587.0401430.0,3/6/2026,2025,12/18/2025,78,14587.0401430.0_2025_12_2,2,1,first,Re-Check,rc_preg,,,12/18/2025,,
3/13/2026,,14587,,,401430,,Pregnancy Test - Milk,0.222,153,14587.0401430.0,3/13/2026,2025,12/18/2025,85,14587.0401430.0_2025_12_2,2,2,intermediate,Re-Check,rc_preg,,,12/18/2025,,
3/20/2026,,14587,,,401430,,Pregnancy Test - Milk,0.303,160,14587.0401430.0,3/20/2026,2025,12/18/2025,92,14587.0401430.0_2025_12_2,2,3,last,Pregnant,rc_preg,,,12/18/2025,,
12/31/2025,,14609,,,401430,,Pregnancy Test - Milk,0.528,144,14609.0401430.0,12/31/2025,2025,10/20/2025,72,14609.0401430.0_2025_10_1,1,1,first,Pregnant,preg_loss_rebred,,,10/20/2025,3.0,yes
11/26/2025,,14609,,,401430,,Pregnancy Test - Milk,0.954,106,14609.0401430.0,11/26/2025,2025,10/23/2025,34,14609.0401430.0_2025_10_2,2,1,first,Pregnant,Pregnant,,,10/23/2025,,
12/31/2025,,14721,,,401430,,Pregnancy Test - Milk,0.227,147,14721.0401430.0,12/31/2025,2025,10/20/2025,72,14721.0401430.0_2025_10_1,1,1,first,Re-Check,rc_rebred,,,10/20/2025,3.0,yes
11/26/2025,,14721,,,401430,,Pregnancy Test - Milk,0.631,109,14721.0401430.0,11/26/2025,2025,10/23/2025,34,14721.0401430.0_2025_10_2,2,1,first,Pregnant,Pregnant,,,10/23/2025,,
1/8/2026,,14721,,,401430,,Pregnancy Test - Milk,0.401,152,14721.0401430.0,1/8/2026,2025,10/23/2025,77,14721.0401430.0_2025_10_2,2,2,last,Pregnant,Pregnant,,,10/23/2025,,
11/27/2025,,14738,,,401430,,Pregnancy Test - Milk,0.639,159,14738.0401430.0,11/27/2025,2025,10/15/2025,43,14738.0401430.0_2025_10_1,1,1,first,Pregnant,preg_loss_rebred,,,10/15/2025,3.0,yes
1/2/2026,,14738,,,401430,,Pregnancy Test - Milk,0.278,192,14738.0401430.0,1/2/2026,2025,10/18/2025,76,14738.0401430.0_2025_10_2,2,1,first,Pregnant,Pregnant,,,10/18/2025,,
12/31/2025,,14827,,,401430,,Pregnancy Test - Milk,0.765,107,14827.0401430.0,12/31/2025,2025,11/24/2025,37,14827.0401430.0_2025_11_1,1,1,first,Pregnant,preg_loss_rebred,,,11/24/2025,3.0,yes
2/5/2026,,14827,,,401430,,Pregnancy Test - Milk,0.211,140,14827.0401430.0,2/5/2026,2025,11/27/2025,70,14827.0401430.0_2025_11_2,2,1,first,Re-Check,rc_preg,,,11/27/2025,,
2/12/2026,,14827,,,401430,,Pregnancy Test - Milk,0.383,147,14827.0401430.0,2/12/2026,2025,11/27/2025,77,14827.0401430.0_2025_11_2,2,2,last,Pregnant,rc_preg,,,11/27/2025,,
12/31/2025,,14840,,,401430,,Pregnancy Test - Milk,0.634,103,14840.0401430.0,12/31/2025,2025,11/24/2025,37,14840.0401430.0_2025_11_1,1,1,first,Pregnant,preg_loss_rebred,,,11/24/2025,3.0,yes
2/5/2026,,14840,,,401430,,Pregnancy Test - Milk,0.178,136,14840.0401430.0,2/5/2026,2025,11/27/2025,70,14840.0401430.0_2025_11_2,2,1,first,Re-Check,rc_preg,,,11/27/2025,,
2/12/2026,,14840,,,401430,,Pregnancy Test - Milk,0.308,143,14840.0401430.0,2/12/2026,2025,11/27/2025,77,14840.0401430.0_2025_11_2,2,2,last,Pregnant,rc_preg,,,11/27/2025,,
2/5/2026,,14843,,,401430,,Pregnancy Test - Milk,0.337,104,14843.0401430.0,2/5/2026,2026,1/1/2026,35,14843.0401430.0_2026_1,1,1,first,Pregnant,preg_loss_rebred,,,1/1/2026,62.0,
4/7/2026,,14843,,,401430,,Pregnancy Test - Milk,0.519,167,14843.0401430.0,4/7/2026,2026,3/4/2026,34,14843.0401430.0_2026_3_1,2,1,first,Pregnant,preg_loss_rebred,,,3/4/2026,2.0,yes
5/21/2026,,14843,,,401430,,Pregnancy Test - Milk,0.518,209,14843.0401430.0,5/21/2026,2026,3/6/2026,76,14843.0401430.0_2026_3_2,3,1,first,Pregnant,Pregnant,,,3/6/2026,,
6/5/2025,,14983,,,401430,,Pregnancy Test - Milk,0.32,286,14983.0401430.0,6/5/2025,2025,3/24/2025,73,14983.0401430.0_2025_3,1,1,first,Pregnant,Pregnant,,,3/24/2025,345.0,
4/7/2026,,14983,,,401430,,Pregnancy Test - Milk,0.961,121,14983.0401430.0,4/7/2026,2026,3/4/2026,34,14983.0401430.0_2026_3_1,2,1,first,Pregnant,preg_loss_rebred,,,3/4/2026,2.0,yes
5/21/2026,,14983,,,401430,,Pregnancy Test - Milk,0.608,163,14983.0401430.0,5/21/2026,2026,3/6/2026,76,14983.0401430.0_2026_3_2,3,1,first,Pregnant,Pregnant,,,3/6/2026,,
1/23/2026,,14990,,,401430,,Pregnancy Test - Milk,0.342,109,14990.0401430.0,1/23/2026,2025,12/15/2025,39,14990.0401430.0_2025_12_1,1,1,first,Pregnant,preg_loss_rebred,,,12/15/2025,3.0,yes
3/6/2026,,14990,,,401430,,Pregnancy Test - Milk,0.551,148,14990.0401430.0,3/6/2026,2025,12/18/2025,78,14990.0401430.0_2025_12_2,2,1,first,Pregnant,Pregnant,,,12/18/2025,,
7/25/2025,,14996,,,401430,,Pregnancy Test - Milk,0.008,116,14996.0401430.0,7/25/2025,2025,6/19/2025,36,14996.0401430.0_2025_6,1,1,first,Open,Open,,,6/19/2025,89.0,
10/24/2025,,14996,,,401430,,Pregnancy Test - Milk,0.008,207,14996.0401430.0,10/24/2025,2025,9/16/2025,38,14996.0401430.0_2025_9,2,1,first,Open,Open,,,9/16/2025,42.0,
1/23/2026,,14996,,,401430,,Pregnancy Test - Milk,0.815,301,14996.0401430.0,1/23/2026,2025,10/28/2025,87,14996.0401430.0_2025_10_1,3,1,first,Pregnant,preg_loss_rebred,,,10/28/2025,3.0,yes
12/5/2025,,14996,,,401430,,Pregnancy Test - Milk,0.724,249,14996.0401430.0,12/5/2025,2025,10/31/2025,35,14996.0401430.0_2025_10_2,4,1,first,Pregnant,Pregnant,,,10/31/2025,,
12/23/2025,,15011,,,401430,,Pregnancy Test - Milk,-0.001,107,15011.0401430.0,12/23/2025,2025,11/20/2025,33,15011.0401430.0_2025_11,1,1,first,Open,Open,,,11/20/2025,68.0,
4/7/2026,,15011,,,401430,,Pregnancy Test - Milk,0.259,214,15011.0401430.0,4/7/2026,2026,1/27/2026,70,15011.0401430.0_2026_1_1,2,1,first,Pregnant,preg_loss_rebred,,,1/27/2026,2.0,yes
3/5/2026,,15011,,,401430,,Pregnancy Test - Milk,1.602,179,15011.0401430.0,3/5/2026,2026,1/29/2026,35,15011.0401430.0_2026_1_2,3,1,first,Pregnant,Pregnant,,,1/29/2026,,
4/7/2026,,15051,,,401430,,Pregnancy Test - Milk,0.33,126,15051.0401430.0,4/7/2026,2026,1/22/2026,75,15051.0401430.0_2026_1_1,1,1,first,Pregnant,preg_loss_rebred,,,1/22/2026,2.0,yes
3/5/2026,,15051,,,401430,,Pregnancy Test - Milk,0.763,91,15051.0401430.0,3/5/2026,2026,1/24/2026,40,15051.0401430.0_2026_1_2,2,1,first,Pregnant,Pregnant,,,1/24/2026,,
4/7/2026,,15289,,,401430,,Pregnancy Test - Milk,0.489,140,15289.0401430.0,4/7/2026,2026,1/10/2026,87,15289.0401430.0_2026_1_1,1,1,first,Pregnant,preg_loss_rebred,,,1/10/2026,2.0,yes
2/19/2026,,15289,,,401430,,Pregnancy Test - Milk,0.329,91,15289.0401430.0,2/19/2026,2026,1/12/2026,38,15289.0401430.0_2026_1_2,2,1,first,Pregnant,rc_unresolved_>_1_bred,,,1/12/2026,,
4/2/2026,,15289,,,401430,,Pregnancy Test - Milk,0.247,133,15289.0401430.0,4/2/2026,2026,1/12/2026,80,15289.0401430.0_2026_1_2,2,2,last,Re-Check,rc_unresolved_>_1_bred,,,1/12/2026,,
8/15/2025,,15311,,,401430,,Pregnancy Test - Milk,0.027,115,15311.0401430.0,8/15/2025,2025,7/10/2025,36,15311.0401430.0_2025_7,1,1,first,Open,Open,,,7/10/2025,110.0,
1/23/2026,,15311,,,401430,,Pregnancy Test - Milk,0.493,279,15311.0401430.0,1/23/2026,2025,10/28/2025,87,15311.0401430.0_2025_10_1,2,1,first,Pregnant,preg_loss_rebred,,,10/28/2025,3.0,yes
12/5/2025,,15311,,,401430,,Pregnancy Test - Milk,0.846,227,15311.0401430.0,12/5/2025,2025,10/31/2025,35,15311.0401430.0_2025_10_2,3,1,first,Pregnant,Pregnant,,,10/31/2025,,
8/28/2025,,15343,,,401430,,Pregnancy Test - Milk,0.983,297,15343.0401430.0,8/28/2025,2025,7/20/2025,39,15343.0401430.0_2025_7_1,1,1,first,Pregnant,preg_loss_rebred,,,7/20/2025,2.0,yes
10/2/2025,,15343,,,401430,,Pregnancy Test - Milk,0.545,330,15343.0401430.0,10/2/2025,2025,7/22/2025,72,15343.0401430.0_2025_7_2,2,1,first,Pregnant,Pregnant,,,7/22/2025,,
10/16/2025,,15383,,,401430,,Pregnancy Test - Milk,0.189,106,15383.0401430.0,10/16/2025,2025,9/11/2025,35,15383.0401430.0_2025_9,1,1,first,Re-Check,rc_rebred,,,9/11/2025,34.0,
12/31/2025,,15383,,,401430,,Pregnancy Test - Milk,0.234,185,15383.0401430.0,12/31/2025,2025,10/15/2025,77,15383.0401430.0_2025_10_1,2,1,first,Re-Check,rc_rebred,,,10/15/2025,3.0,yes
11/26/2025,,15383,,,401430,,Pregnancy Test - Milk,0.342,147,15383.0401430.0,11/26/2025,2025,10/18/2025,39,15383.0401430.0_2025_10_2,3,1,first,Pregnant,Pregnant,,,10/18/2025,,
1/8/2026,,15383,,,401430,,Pregnancy Test - Milk,0.335,190,15383.0401430.0,1/8/2026,2025,10/18/2025,82,15383.0401430.0_2025_10_2,3,2,last,Pregnant,Pregnant,,,10/18/2025,,
6/19/2025,,15400,,,401430,,Pregnancy Test - Milk,0.145,244,15400.0401430.0,6/19/2025,2025,3/27/2025,84,15400.0401430.0_2025_3,1,1,first,Re-Check,rc_rebred,,,3/27/2025,7.0,
7/3/2025,,15400,,,401430,,Pregnancy Test - Milk,0.089,251,15400.0401430.0,7/3/2025,2025,4/3/2025,91,15400.0401430.0_2025_4,2,1,first,Open,Open,,,4/3/2025,109.0,
8/28/2025,,15400,,,401430,,Pregnancy Test - Milk,1.07,309,15400.0401430.0,8/28/2025,2025,7/21/2025,38,15400.0401430.0_2025_7_1,3,1,first,Pregnant,preg_loss_rebred,,,7/21/2025,2.0,yes
10/2/2025,,15400,,,401430,,Pregnancy Test - Milk,0.727,342,15400.0401430.0,10/2/2025,2025,7/23/2025,71,15400.0401430.0_2025_7_2,4,1,first,Pregnant,Pregnant,,,7/23/2025,,
1/23/2026,,15436,,,401430,,Pregnancy Test - Milk,0.321,106,15436.0401430.0,1/23/2026,2025,12/15/2025,39,15436.0401430.0_2025_12_1,1,1,first,Pregnant,preg_loss_rebred,,,12/15/2025,3.0,yes
3/6/2026,,15436,,,401430,,Pregnancy Test - Milk,-0.002,145,15436.0401430.0,3/6/2026,2025,12/18/2025,78,15436.0401430.0_2025_12_2,2,1,first,Open,Open,,,12/18/2025,105.0,
5/8/2026,,15436,,,401430,,Pregnancy Test - Milk,0.289,208,15436.0401430.0,5/8/2026,2026,4/2/2026,36,15436.0401430.0_2026_4,3,1,first,Pregnant,Pregnant,,,4/2/2026,,
8/28/2025,,15459,,,401430,,Pregnancy Test - Milk,0.738,112,15459.0401430.0,8/28/2025,2025,7/22/2025,37,15459.0401430.0_2025_7_1,1,1,first,Pregnant,preg_loss_rebred,,,7/22/2025,2.0,yes
10/9/2025,,15459,,,401430,,Pregnancy Test - Milk,0.56,152,15459.0401430.0,10/9/2025,2025,7/24/2025,77,15459.0401430.0_2025_7_2,2,1,first,Pregnant,Pregnant,,,7/24/2025,,
10/17/2025,,15510,,,401430,,Pregnancy Test - Milk,-0.008,108,15510.0401430.0,10/17/2025,2025,9/11/2025,36,15510.0401430.0_2025_9,1,1,first,Open,Open,,,9/11/2025,48.0,
12/5/2025,,15510,,,401430,,Pregnancy Test - Milk,-0.009,157,15510.0401430.0,12/5/2025,2025,10/29/2025,37,15510.0401430.0_2025_10,2,1,first,Open,Open,,,10/29/2025,47.0,
1/23/2026,,15510,,,401430,,Pregnancy Test - Milk,0.574,209,15510.0401430.0,1/23/2026,2025,12/15/2025,39,15510.0401430.0_2025_12_1,3,1,first,Pregnant,preg_loss_rebred,,,12/15/2025,3.0,yes
3/6/2026,,15510,,,401430,,Pregnancy Test - Milk,0.547,248,15510.0401430.0,3/6/2026,2025,12/18/2025,78,15510.0401430.0_2025_12_2,4,1,first,Pregnant,Pregnant,,,12/18/2025,,
12/31/2025,,15525,,,401430,,Pregnancy Test - Milk,0.221,151,15525.0401430.0,12/31/2025,2025,10/13/2025,79,15525.0401430.0_2025_10_1,1,1,first,Re-Check,rc_rebred,,,10/13/2025,3.0,yes
11/20/2025,,15525,,,401430,,Pregnancy Test - Milk,0.642,107,15525.0401430.0,11/20/2025,2025,10/16/2025,35,15525.0401430.0_2025_10_2,2,1,first,Pregnant,Pregant_with_rc,,,10/16/2025,,
12/23/2025,,15525,,,401430,,Pregnancy Test - Milk,0.21,140,15525.0401430.0,12/23/2025,2025,10/16/2025,68,15525.0401430.0_2025_10_2,2,2,intermediate,Re-Check,Pregant_with_rc,,,10/16/2025,,
1/8/2026,,15525,,,401430,,Pregnancy Test - Milk,0.349,156,15525.0401430.0,1/8/2026,2025,10/16/2025,84,15525.0401430.0_2025_10_2,2,3,last,Pregnant,Pregant_with_rc,,,10/16/2025,,
12/31/2025,,15577,,,401430,,Pregnancy Test - Milk,0.624,128,15577.0401430.0,12/31/2025,2025,11/22/2025,39,15577.0401430.0_2025_11_1,1,1,first,Pregnant,preg_loss_rebred,,,11/22/2025,3.0,yes
2/5/2026,,15577,,,401430,,Pregnancy Test - Milk,0.65,161,15577.0401430.0,2/5/2026,2025,11/25/2025,72,15577.0401430.0_2025_11_2,2,1,first,Pregnant,Pregnant,,,11/25/2025,,
1/23/2026,,15579,,,401430,,Pregnancy Test - Milk,0.558,154,15579.0401430.0,1/23/2026,2025,11/3/2025,81,15579.0401430.0_2025_11_1,1,1,first,Pregnant,preg_loss_rebred,,,11/3/2025,3.0,yes
12/12/2025,,15579,,,401430,,Pregnancy Test - Milk,0.918,109,15579.0401430.0,12/12/2025,2025,11/6/2025,36,15579.0401430.0_2025_11_2,2,1,first,Pregnant,Pregnant,,,11/6/2025,,
11/26/2025,,15619,,,401430,,Pregnancy Test - Milk,0.004,108,15619.0401430.0,11/26/2025,2025,10/23/2025,34,15619.0401430.0_2025_10,1,1,first,Open,Open,,,10/23/2025,96.0,
4/7/2026,,15619,,,401430,,Pregnancy Test - Milk,0.249,242,15619.0401430.0,4/7/2026,2026,1/27/2026,70,15619.0401430.0_2026_1_1,2,1,first,Re-Check,rc_rebred,,,1/27/2026,2.0,yes
3/5/2026,,15619,,,401430,,Pregnancy Test - Milk,1.392,207,15619.0401430.0,3/5/2026,2026,1/29/2026,35,15619.0401430.0_2026_1_2,3,1,first,Pregnant,Pregnant,,,1/29/2026,,
4/16/2026,,15619,,,401430,,Pregnancy Test - Milk,0.434,249,15619.0401430.0,4/16/2026,2026,1/29/2026,77,15619.0401430.0_2026_1_2,3,2,last,Pregnant,Pregnant,,,1/29/2026,,
11/27/2025,,15653,,,401430,,Pregnancy Test - Milk,1.024,186,15653.0401430.0,11/27/2025,2025,10/17/2025,41,15653.0401430.0_2025_10_1,1,1,first,Pregnant,preg_loss_rebred,,,10/17/2025,3.0,yes
1/2/2026,,15653,,,401430,,Pregnancy Test - Milk,0.355,219,15653.0401430.0,1/2/2026,2025,10/20/2025,74,15653.0401430.0_2025_10_2,2,1,first,Pregnant,Pregnant,,,10/20/2025,,
7/2/2025,,15689,,,401430,,Pregnancy Test - Milk,0.179,149,15689.0401430.0,7/2/2025,2025,4/14/2025,79,15689.0401430.0_2025_4,1,1,first,Re-Check,rc_preg_loss_rebred,,,4/14/2025,199.0,
7/11/2025,,15689,,,401430,,Pregnancy Test - Milk,0.424,158,15689.0401430.0,7/11/2025,2025,4/14/2025,88,15689.0401430.0_2025_4,1,2,last,Pregnant,rc_preg_loss_rebred,,,4/14/2025,199.0,
1/23/2026,,15689,,,401430,,Pregnancy Test - Milk,0.241,357,15689.0401430.0,1/23/2026,2025,10/30/2025,85,15689.0401430.0_2025_10,2,1,first,Re-Check,rc_rebred,,,10/30/2025,3.0,yes
12/12/2025,,15689,,,401430,,Pregnancy Test - Milk,0.238,312,15689.0401430.0,12/12/2025,2025,11/2/2025,40,15689.0401430.0_2025_11,3,1,first,Re-Check,rc_preg,,,11/2/2025,,
12/19/2025,,15689,,,401430,,Pregnancy Test - Milk,0.623,319,15689.0401430.0,12/19/2025,2025,11/2/2025,47,15689.0401430.0_2025_11,3,2,intermediate,Pregnant,rc_preg,,,11/2/2025,,
1/30/2026,,15689,,,401430,,Pregnancy Test - Milk,0.276,361,15689.0401430.0,1/30/2026,2025,11/2/2025,89,15689.0401430.0_2025_11,3,3,last,Pregnant,rc_preg,,,11/2/2025,,
11/12/2025,,15740,,,401430,,Pregnancy Test - Milk,0.009,108,15740.0401430.0,11/12/2025,2025,10/8/2025,35,15740.0401430.0_2025_10,1,1,first,Open,Open,,,10/8/2025,47.0,
12/31/2025,,15740,,,401430,,Pregnancy Test - Milk,0.719,159,15740.0401430.0,12/31/2025,2025,11/24/2025,37,15740.0401430.0_2025_11_1,2,1,first,Pregnant,preg_loss_rebred,,,11/24/2025,3.0,yes
2/5/2026,,15740,,,401430,,Pregnancy Test - Milk,0.374,192,15740.0401430.0,2/5/2026,2025,11/27/2025,70,15740.0401430.0_2025_11_2,3,1,first,Pregnant,Pregnant,,,11/27/2025,,
11/27/2025,,15761,,,401430,,Pregnancy Test - Milk,2.684,155,15761.0401430.0,11/27/2025,2025,10/16/2025,42,15761.0401430.0_2025_10_1,1,1,first,Pregnant,preg_loss_rebred,,,10/16/2025,3.0,yes
1/2/2026,,15761,,,401430,,Pregnancy Test - Milk,1.05,188,15761.0401430.0,1/2/2026,2025,10/19/2025,75,15761.0401430.0_2025_10_2,2,1,first,Pregnant,Pregnant,,,10/19/2025,,
8/28/2025,,15845,,,401430,,Pregnancy Test - Milk,1.288,107,15845.0401430.0,8/28/2025,2025,7/22/2025,37,15845.0401430.0_2025_7_1,1,1,first,Pregnant,preg_loss_rebred,,,7/22/2025,2.0,yes
10/9/2025,,15845,,,401430,,Pregnancy Test - Milk,0.472,147,15845.0401430.0,10/9/2025,2025,7/24/2025,77,15845.0401430.0_2025_7_2,2,1,first,Pregnant,Pregnant,,,7/24/2025,,
9/11/2025,,15869,,,401430,,Pregnancy Test - Milk,0.029,105,15869.0401430.0,9/11/2025,2025,8/7/2025,35,15869.0401430.0_2025_8,1,1,first,Open,Open,,,8/7/2025,57.0,
12/31/2025,,15869,,,401430,,Pregnancy Test - Milk,0.361,219,15869.0401430.0,12/31/2025,2025,10/3/2025,89,15869.0401430.0_2025_10_1,2,1,first,Pregnant,preg_loss_rebred,,,10/3/2025,2.0,yes
11/12/2025,,15869,,,401430,,Pregnancy Test - Milk,1.325,168,15869.0401430.0,11/12/2025,2025,10/5/2025,38,15869.0401430.0_2025_10_2,3,1,first,Pregnant,rc_unresolved_>_1_bred,,,10/5/2025,1.0,
12/18/2025,,15869,,,401430,,Pregnancy Test - Milk,0.218,203,15869.0401430.0,12/18/2025,2025,10/5/2025,73,15869.0401430.0_2025_10_2,3,2,intermediate,Re-Check,rc_unresolved_>_1_bred,,,10/6/2025,,
12/23/2025,,15869,,,401430,,Pregnancy Test - Milk,0.204,208,15869.0401430.0,12/23/2025,2025,10/5/2025,78,15869.0401430.0_2025_10_2,3,3,last,Re-Check,rc_unresolved_>_1_bred,,,10/6/2025,,
9/25/2025,,15872,,,401430,,Pregnancy Test - Milk,0.015,105,15872.0401430.0,9/25/2025,2025,8/21/2025,35,15872.0401430.0_2025_8,1,1,first,Open,Open,,,8/21/2025,48.0,
11/12/2025,,15872,,,401430,,Pregnancy Test - Milk,0.029,154,15872.0401430.0,11/12/2025,2025,10/8/2025,35,15872.0401430.0_2025_10,2,1,first,Open,Open,,,10/8/2025,37.0,
12/18/2025,,15872,,,401430,,Pregnancy Test - Milk,-0.001,189,15872.0401430.0,12/18/2025,2025,11/14/2025,34,15872.0401430.0_2025_11,3,1,first,Open,Open,,,11/14/2025,73.0,
4/7/2026,,15872,,,401430,,Pregnancy Test - Milk,0.305,301,15872.0401430.0,4/7/2026,2026,1/26/2026,71,15872.0401430.0_2026_1_1,4,1,first,Pregnant,preg_loss_rebred,,,1/26/2026,2.0,yes
3/5/2026,,15872,,,401430,,Pregnancy Test - Milk,0.772,266,15872.0401430.0,3/5/2026,2026,1/28/2026,36,15872.0401430.0_2026_1_2,5,1,first,Pregnant,Pregnant,,,1/28/2026,,
11/27/2025,,15952,,,401430,,Pregnancy Test - Milk,0.788,159,15952.0401430.0,11/27/2025,2025,10/16/2025,42,15952.0401430.0_2025_10_1,1,1,first,Pregnant,preg_loss_rebred,,,10/16/2025,3.0,yes
1/2/2026,,15952,,,401430,,Pregnancy Test - Milk,0.26,192,15952.0401430.0,1/2/2026,2025,10/19/2025,75,15952.0401430.0_2025_10_2,2,1,first,Pregnant,Pregnant,,,10/19/2025,,
12/31/2025,,15975,,,401430,,Pregnancy Test - Milk,0.642,129,15975.0401430.0,12/31/2025,2025,11/26/2025,35,15975.0401430.0_2025_11_1,1,1,first,Pregnant,preg_loss_rebred,,,11/26/2025,3.0,yes
2/12/2026,,15975,,,401430,,Pregnancy Test - Milk,0.521,169,15975.0401430.0,2/12/2026,2025,11/29/2025,75,15975.0401430.0_2025_11_2,2,1,first,Pregnant,Pregnant,,,11/29/2025,,
12/31/2025,,15991,,,401430,,Pregnancy Test - Milk,0.845,105,15991.0401430.0,12/31/2025,2025,11/24/2025,37,15991.0401430.0_2025_11_1,1,1,first,Pregnant,preg_loss_rebred,,,11/24/2025,3.0,yes
2/5/2026,,15991,,,401430,,Pregnancy Test - Milk,0.601,138,15991.0401430.0,2/5/2026,2025,11/27/2025,70,15991.0401430.0_2025_11_2,2,1,first,Pregnant,Pregnant,,,11/27/2025,,
8/28/2025,,15998,,,401430,,Pregnancy Test - Milk,1.016,112,15998.0401430.0,8/28/2025,2025,7/22/2025,37,15998.0401430.0_2025_7_1,1,1,first,Pregnant,preg_loss_rebred,,,7/22/2025,2.0,yes
10/9/2025,,15998,,,401430,,Pregnancy Test - Milk,1.415,152,15998.0401430.0,10/9/2025,2025,7/24/2025,77,15998.0401430.0_2025_7_2,2,1,first,Pregnant,Pregnant,,,7/24/2025,,
12/31/2025,,16027,,,401430,,Pregnancy Test - Milk,0.167,142,16027.0401430.0,12/31/2025,2025,10/20/2025,72,16027.0401430.0_2025_10_1,1,1,first,Re-Check,rc_rebred,,,10/20/2025,3.0,yes
11/26/2025,,16027,,,401430,,Pregnancy Test - Milk,0.585,104,16027.0401430.0,11/26/2025,2025,10/23/2025,34,16027.0401430.0_2025_10_2,2,1,first,Pregnant,Pregnant,,,10/23/2025,,
1/8/2026,,16027,,,401430,,Pregnancy Test - Milk,0.311,147,16027.0401430.0,1/8/2026,2025,10/23/2025,77,16027.0401430.0_2025_10_2,2,2,last,Pregnant,Pregnant,,,10/23/2025,,
1/15/2026,,16053,,,401430,,Pregnancy Test - Milk,0.01,139,16053.0401430.0,1/15/2026,2025,12/7/2025,39,16053.0401430.0_2025_12,1,1,first,Open,Open,,,12/7/2025,50.0,
4/7/2026,,16053,,,401430,,Pregnancy Test - Milk,0.021,223,16053.0401430.0,4/7/2026,2026,1/26/2026,71,16053.0401430.0_2026_1_1,2,1,first,Open,Open,,,1/26/2026,2.0,yes
3/5/2026,,16053,,,401430,,Pregnancy Test - Milk,2.818,188,16053.0401430.0,3/5/2026,2026,1/28/2026,36,16053.0401430.0_2026_1_2,3,1,first,Pregnant,Pregnant,,,1/28/2026,,
12/31/2025,,16067,,,401430,,Pregnancy Test - Milk,0.254,175,16067.0401430.0,12/31/2025,2025,10/15/2025,77,16067.0401430.0_2025_10_1,1,1,first,Pregnant,preg_loss_rebred,,,10/15/2025,3.0,yes
11/26/2025,,16067,,,401430,,Pregnancy Test - Milk,0.202,137,16067.0401430.0,11/26/2025,2025,10/18/2025,39,16067.0401430.0_2025_10_2,2,1,first,Re-Check,rc_preg,,,10/18/2025,,
12/4/2025,,16067,,,401430,,Pregnancy Test - Milk,0.265,145,16067.0401430.0,12/4/2025,2025,10/18/2025,47,16067.0401430.0_2025_10_2,2,2,last,Pregnant,rc_preg,,,10/18/2025,,
12/31/2025,,16078,,,401430,,Pregnancy Test - Milk,-0.021,148,16078.0401430.0,12/31/2025,2025,10/20/2025,72,16078.0401430.0_2025_10_1,1,1,first,Open,Open,,,10/20/2025,3.0,yes
11/26/2025,,16078,,,401430,,Pregnancy Test - Milk,0.268,110,16078.0401430.0,11/26/2025,2025,10/23/2025,34,16078.0401430.0_2025_10_2,2,1,first,Pregnant,preg_loss_rebred,,,10/23/2025,83.0,
2/19/2026,,16078,,,401430,,Pregnancy Test - Milk,2.488,195,16078.0401430.0,2/19/2026,2026,1/14/2026,36,16078.0401430.0_2026_1,3,1,first,Pregnant,Pregnant,,,1/14/2026,,
4/2/2026,,16078,,,401430,,Pregnancy Test - Milk,0.908,237,16078.0401430.0,4/2/2026,2026,1/14/2026,78,16078.0401430.0_2026_1,3,2,last,Pregnant,Pregnant,,,1/14/2026,,
11/27/2025,,16092,,,401430,,Pregnancy Test - Milk,0.734,109,16092.0401430.0,11/27/2025,2025,10/19/2025,39,16092.0401430.0_2025_10_1,1,1,first,Pregnant,preg_loss_rebred,,,10/19/2025,3.0,yes
1/2/2026,,16092,,,401430,,Pregnancy Test - Milk,0.171,142,16092.0401430.0,1/2/2026,2025,10/22/2025,72,16092.0401430.0_2025_10_2,2,1,first,Re-Check,rc_preg,,,10/22/2025,1.0,
1/8/2026,,16092,,,401430,,Pregnancy Test - Milk,0.197,147,16092.0401430.0,1/8/2026,2025,10/22/2025,77,16092.0401430.0_2025_10_2,2,2,intermediate,Re-Check,rc_preg,,,10/23/2025,,
1/15/2026,,16092,,,401430,,Pregnancy Test - Milk,0.33,154,16092.0401430.0,1/15/2026,2025,10/22/2025,84,16092.0401430.0_2025_10_2,2,3,last,Pregnant,rc_preg,,,10/23/2025,,
10/9/2025,,16108,,,401430,,Pregnancy Test - Milk,0.021,107,16108.0401430.0,10/9/2025,2025,9/4/2025,35,16108.0401430.0_2025_9,1,1,first,Open,Open,,,9/4/2025,44.0,
11/27/2025,,16108,,,401430,,Pregnancy Test - Milk,0.856,160,16108.0401430.0,11/27/2025,2025,10/18/2025,40,16108.0401430.0_2025_10_1,2,1,first,Pregnant,preg_loss_rebred,,,10/18/2025,3.0,yes
1/2/2026,,16108,,,401430,,Pregnancy Test - Milk,0.377,193,16108.0401430.0,1/2/2026,2025,10/21/2025,73,16108.0401430.0_2025_10_2,3,1,first,Pregnant,Pregnant,,,10/21/2025,,
9/5/2025,,16159,,,401430,,Pregnancy Test - Milk,0.107,108,16159.0401430.0,9/5/2025,2025,7/30/2025,37,16159.0401430.0_2025_7,1,1,first,Re-Check,rc_rebred,,,7/30/2025,78.0,
11/27/2025,,16159,,,401430,,Pregnancy Test - Milk,0.375,194,16159.0401430.0,11/27/2025,2025,10/16/2025,42,16159.0401430.0_2025_10_1,2,1,first,Pregnant,preg_loss_rebred,,,10/16/2025,3.0,yes
1/2/2026,,16159,,,401430,,Pregnancy Test - Milk,0.356,227,16159.0401430.0,1/2/2026,2025,10/19/2025,75,16159.0401430.0_2025_10_2,3,1,first,Pregnant,Pregnant,,,10/19/2025,,
4/7/2026,,16176,,,401430,,Pregnancy Test - Milk,0.616,136,16176.0401430.0,4/7/2026,2026,1/21/2026,76,16176.0401430.0_2026_1_1,1,1,first,Pregnant,preg_loss_rebred,,,1/21/2026,2.0,yes
2/26/2026,,16176,,,401430,,Pregnancy Test - Milk,1.944,94,16176.0401430.0,2/26/2026,2026,1/23/2026,34,16176.0401430.0_2026_1_2,2,1,first,Pregnant,Pregnant,,,1/23/2026,,
11/27/2025,,16216,,,401430,,Pregnancy Test - Milk,0.367,163,16216.0401430.0,11/27/2025,2025,10/15/2025,43,16216.0401430.0_2025_10_1,1,1,first,Pregnant,preg_loss_rebred,,,10/15/2025,3.0,yes
1/2/2026,,16216,,,401430,,Pregnancy Test - Milk,0.159,196,16216.0401430.0,1/2/2026,2025,10/18/2025,76,16216.0401430.0_2025_10_2,2,1,first,Re-Check,rc_preg,,,10/18/2025,1.0,
1/8/2026,,16216,,,401430,,Pregnancy Test - Milk,0.29,201,16216.0401430.0,1/8/2026,2025,10/18/2025,81,16216.0401430.0_2025_10_2,2,2,last,Pregnant,rc_preg,,,10/19/2025,,
12/31/2025,,16289,,,401430,,Pregnancy Test - Milk,0.253,176,16289.0401430.0,12/31/2025,2025,10/18/2025,74,16289.0401430.0_2025_10_1,1,1,first,Pregnant,preg_loss_rebred,,,10/18/2025,3.0,yes
11/26/2025,,16289,,,401430,,Pregnancy Test - Milk,0.492,138,16289.0401430.0,11/26/2025,2025,10/21/2025,36,16289.0401430.0_2025_10_2,2,1,first,Pregnant,Pregnant,,,10/21/2025,,
12/31/2025,,16308,,,401430,,Pregnancy Test - Milk,0.003,144,16308.0401430.0,12/31/2025,2025,10/20/2025,72,16308.0401430.0_2025_10_1,1,1,first,Open,Open,,,10/20/2025,3.0,yes
11/26/2025,,16308,,,401430,,Pregnancy Test - Milk,0.989,106,16308.0401430.0,11/26/2025,2025,10/23/2025,34,16308.0401430.0_2025_10_2,2,1,first,Pregnant,preg_loss_rebred,,,10/23/2025,115.0,
4/29/2026,,16308,,,401430,,Pregnancy Test - Milk,0.488,261,16308.0401430.0,4/29/2026,2026,2/15/2026,73,16308.0401430.0_2026_2,3,2,last,Pregnant,Pregnant,,,2/15/2026,1.0,
4/2/2026,,16308,,,401430,,Pregnancy Test - Milk,0.391,233,16308.0401430.0,4/2/2026,2026,2/15/2026,45,16308.0401430.0_2026_2,3,1,first,Pregnant,Pregnant,,,2/16/2026,,
10/10/2025,,16320,,,401430,,Pregnancy Test - Milk,0.02,138,16320.0401430.0,10/10/2025,2025,8/30/2025,41,16320.0401430.0_2025_8,1,1,first,Open,Open,,,8/30/2025,65.0,
1/23/2026,,16320,,,401430,,Pregnancy Test - Milk,0.215,246,16320.0401430.0,1/23/2026,2025,11/3/2025,81,16320.0401430.0_2025_11_1,2,1,first,Re-Check,rc_rebred,,,11/3/2025,3.0,yes
12/12/2025,,16320,,,401430,,Pregnancy Test - Milk,1.109,201,16320.0401430.0,12/12/2025,2025,11/6/2025,36,16320.0401430.0_2025_11_2,3,1,first,Pregnant,Pregant_with_rc,,,11/6/2025,,
1/30/2026,,16320,,,401430,,Pregnancy Test - Milk,0.192,250,16320.0401430.0,1/30/2026,2025,11/6/2025,85,16320.0401430.0_2025_11_2,3,2,intermediate,Re-Check,Pregant_with_rc,,,11/6/2025,,
2/6/2026,,16320,,,401430,,Pregnancy Test - Milk,0.484,257,16320.0401430.0,2/6/2026,2025,11/6/2025,92,16320.0401430.0_2025_11_2,3,3,last,Pregnant,Pregant_with_rc,,,11/6/2025,,
4/7/2026,,16325,,,401430,,Pregnancy Test - Milk,0.15,144,16325.0401430.0,4/7/2026,2026,1/20/2026,77,16325.0401430.0_2026_1_1,1,1,first,Re-Check,rc_rebred,,,1/20/2026,2.0,yes
2/26/2026,,16325,,,401430,,Pregnancy Test - Milk,0.59,102,16325.0401430.0,2/26/2026,2026,1/22/2026,35,16325.0401430.0_2026_1_2,2,1,first,Pregnant,Pregant_with_rc,,,1/22/2026,,
4/2/2026,,16325,,,401430,,Pregnancy Test - Milk,0.154,137,16325.0401430.0,4/2/2026,2026,1/22/2026,70,16325.0401430.0_2026_1_2,2,2,intermediate,Re-Check,Pregant_with_rc,,,1/22/2026,,
4/16/2026,,16325,,,401430,,Pregnancy Test - Milk,0.257,151,16325.0401430.0,4/16/2026,2026,1/22/2026,84,16325.0401430.0_2026_1_2,2,3,last,Pregnant,Pregant_with_rc,,,1/22/2026,,
12/31/2025,,16451,,,401430,,Pregnancy Test - Milk,0.311,145,16451.0401430.0,12/31/2025,2025,10/20/2025,72,16451.0401430.0_2025_10_1,1,1,first,Pregnant,preg_loss_rebred,,,10/20/2025,3.0,yes
11/26/2025,,16451,,,401430,,Pregnancy Test - Milk,0.767,107,16451.0401430.0,11/26/2025,2025,10/23/2025,34,16451.0401430.0_2025_10_2,2,1,first,Pregnant,Pregnant,,,10/23/2025,,
5/29/2025,,16454,,,401430,,Pregnancy Test - Milk,0.263,213,16454.0401430.0,5/29/2025,2025,4/22/2025,37,16454.0401430.0_2025_4,1,1,first,Pregnant,preg_loss_rebred,,,4/22/2025,87.0,
8/28/2025,,16454,,,401430,,Pregnancy Test - Milk,0.578,306,16454.0401430.0,8/28/2025,2025,7/18/2025,41,16454.0401430.0_2025_7_1,2,1,first,Pregnant,preg_loss_rebred,,,7/18/2025,2.0,yes
10/2/2025,,16454,,,401430,,Pregnancy Test - Milk,0.535,339,16454.0401430.0,10/2/2025,2025,7/20/2025,74,16454.0401430.0_2025_7_2,3,1,first,Pregnant,Pregnant,,,7/20/2025,,
4/7/2026,,16455,,,401430,,Pregnancy Test - Milk,0.533,144,16455.0401430.0,4/7/2026,2026,1/20/2026,77,16455.0401430.0_2026_1_1,1,1,first,Pregnant,preg_loss_rebred,,,1/20/2026,2.0,yes
2/26/2026,,16455,,,401430,,Pregnancy Test - Milk,1.767,102,16455.0401430.0,2/26/2026,2026,1/22/2026,35,16455.0401430.0_2026_1_2,2,1,first,Pregnant,Pregnant,,,1/22/2026,,
12/31/2025,,16470,,,401430,,Pregnancy Test - Milk,0.703,176,16470.0401430.0,12/31/2025,2025,10/18/2025,74,16470.0401430.0_2025_10_1,1,1,first,Pregnant,preg_loss_rebred,,,10/18/2025,3.0,yes
11/26/2025,,16470,,,401430,,Pregnancy Test - Milk,1.047,138,16470.0401430.0,11/26/2025,2025,10/21/2025,36,16470.0401430.0_2025_10_2,2,1,first,Pregnant,Pregnant,,,10/21/2025,,
12/31/2025,,16523,,,401430,,Pregnancy Test - Milk,0.703,145,16523.0401430.0,12/31/2025,2025,10/20/2025,72,16523.0401430.0_2025_10_1,1,1,first,Pregnant,preg_loss_rebred,,,10/20/2025,3.0,yes
11/26/2025,,16523,,,401430,,Pregnancy Test - Milk,1.509,107,16523.0401430.0,11/26/2025,2025,10/23/2025,34,16523.0401430.0_2025_10_2,2,1,first,Pregnant,Pregnant,,,10/23/2025,,
1/15/2026,,16600,,,401430,,Pregnancy Test - Milk,0.02,105,16600.0401430.0,1/15/2026,2025,12/11/2025,35,16600.0401430.0_2025_12,1,1,first,Open,Open,,,12/11/2025,47.0,
4/7/2026,,16600,,,401430,,Pregnancy Test - Milk,0.807,189,16600.0401430.0,4/7/2026,2026,1/27/2026,70,16600.0401430.0_2026_1_1,2,1,first,Pregnant,preg_loss_rebred,,,1/27/2026,2.0,yes
3/5/2026,,16600,,,401430,,Pregnancy Test - Milk,2.174,154,16600.0401430.0,3/5/2026,2026,1/29/2026,35,16600.0401430.0_2026_1_2,3,1,first,Pregnant,Pregnant,,,1/29/2026,,
1/23/2026,,1667,,,401430,,Pregnancy Test - Milk,0.319,161,1667.0401430.0,1/23/2026,2025,10/27/2025,88,1667.0401430.0_2025_10_1,1,1,first,Pregnant,preg_loss_rebred,,,10/27/2025,3.0,yes
12/5/2025,,1667,,,401430,,Pregnancy Test - Milk,0.336,109,1667.0401430.0,12/5/2025,2025,10/30/2025,36,1667.0401430.0_2025_10_2,2,1,first,Pregnant,rc_unresolved_>_1_bred,,,10/30/2025,,
1/16/2026,,1667,,,401430,,Pregnancy Test - Milk,0.226,151,1667.0401430.0,1/16/2026,2025,10/30/2025,78,1667.0401430.0_2025_10_2,2,2,last,Re-Check,rc_unresolved_>_1_bred,,,10/30/2025,,
12/31/2025,,16707,,,401430,,Pregnancy Test - Milk,1.284,174,16707.0401430.0,12/31/2025,2025,10/12/2025,80,16707.0401430.0_2025_10_1,1,1,first,Pregnant,preg_loss_rebred,,,10/12/2025,3.0,yes
11/20/2025,,16707,,,401430,,Pregnancy Test - Milk,1.635,130,16707.0401430.0,11/20/2025,2025,10/15/2025,36,16707.0401430.0_2025_10_2,2,1,first,Pregnant,Pregnant,,,10/15/2025,,
12/23/2025,,16707,,,401430,,Pregnancy Test - Milk,1.175,163,16707.0401430.0,12/23/2025,2025,10/15/2025,69,16707.0401430.0_2025_10_2,2,2,last,Pregnant,Pregnant,,,10/15/2025,,
4/7/2026,,16729,,,401430,,Pregnancy Test - Milk,0.479,163,16729.0401430.0,4/7/2026,2026,1/22/2026,75,16729.0401430.0_2026_1_1,1,1,first,Pregnant,preg_loss_rebred,,,1/22/2026,2.0,yes
3/5/2026,,16729,,,401430,,Pregnancy Test - Milk,1.181,128,16729.0401430.0,3/5/2026,2026,1/24/2026,40,16729.0401430.0_2026_1_2,2,1,first,Pregnant,Pregnant,,,1/24/2026,,
4/7/2026,,16774,,,401430,,Pregnancy Test - Milk,0.729,125,16774.0401430.0,4/7/2026,2026,1/25/2026,72,16774.0401430.0_2026_1_1,1,1,first,Pregnant,preg_loss_rebred,,,1/25/2026,2.0,yes
3/5/2026,,16774,,,401430,,Pregnancy Test - Milk,2.224,90,16774.0401430.0,3/5/2026,2026,1/27/2026,37,16774.0401430.0_2026_1_2,2,1,first,Pregnant,Pregnant,,,1/27/2026,,
1/23/2026,,16826,,,401430,,Pregnancy Test - Milk,0.47,103,16826.0401430.0,1/23/2026,2025,12/14/2025,40,16826.0401430.0_2025_12_1,1,1,first,Pregnant,preg_loss_rebred,,,12/14/2025,3.0,yes
3/6/2026,,16826,,,401430,,Pregnancy Test - Milk,0.229,142,16826.0401430.0,3/6/2026,2025,12/17/2025,79,16826.0401430.0_2025_12_2,2,1,first,Re-Check,rc_preg,,,12/17/2025,,
3/13/2026,,16826,,,401430,,Pregnancy Test - Milk,0.237,149,16826.0401430.0,3/13/2026,2025,12/17/2025,86,16826.0401430.0_2025_12_2,2,2,intermediate,Re-Check,rc_preg,,,12/17/2025,,
3/20/2026,,16826,,,401430,,Pregnancy Test - Milk,0.322,156,16826.0401430.0,3/20/2026,2025,12/17/2025,93,16826.0401430.0_2025_12_2,2,3,last,Pregnant,rc_preg,,,12/17/2025,,
4/7/2026,,16874,,,401430,,Pregnancy Test - Milk,0.582,212,16874.0401430.0,4/7/2026,2026,1/27/2026,70,16874.0401430.0_2026_1_1,1,1,first,Pregnant,preg_loss_rebred,,,1/27/2026,2.0,yes
3/5/2026,,16874,,,401430,,Pregnancy Test - Milk,2.352,177,16874.0401430.0,3/5/2026,2026,1/29/2026,35,16874.0401430.0_2026_1_2,2,1,first,Pregnant,Pregnant,,,1/29/2026,,
4/7/2026,,16882,,,401430,,Pregnancy Test - Milk,0.305,155,16882.0401430.0,4/7/2026,2026,1/27/2026,70,16882.0401430.0_2026_1_1,1,1,first,Pregnant,preg_loss_rebred,,,1/27/2026,2.0,yes
3/5/2026,,16882,,,401430,,Pregnancy Test - Milk,1.259,120,16882.0401430.0,3/5/2026,2026,1/29/2026,35,16882.0401430.0_2026_1_2,2,1,first,Pregnant,Pregnant,,,1/29/2026,,
12/31/2025,,16918,,,401430,,Pregnancy Test - Milk,1.139,103,16918.0401430.0,12/31/2025,2025,11/24/2025,37,16918.0401430.0_2025_11_1,1,1,first,Pregnant,preg_loss_rebred,,,11/24/2025,3.0,yes
2/5/2026,,16918,,,401430,,Pregnancy Test - Milk,0.214,136,16918.0401430.0,2/5/2026,2025,11/27/2025,70,16918.0401430.0_2025_11_2,2,1,first,Re-Check,rc_preg,,,11/27/2025,,
2/12/2026,,16918,,,401430,,Pregnancy Test - Milk,0.587,143,16918.0401430.0,2/12/2026,2025,11/27/2025,77,16918.0401430.0_2025_11_2,2,2,last,Pregnant,rc_preg,,,11/27/2025,,
4/7/2026,,16968,,,401430,,Pregnancy Test - Milk,0.252,126,16968.0401430.0,4/7/2026,2026,1/26/2026,71,16968.0401430.0_2026_1_1,1,1,first,Pregnant,preg_loss_rebred,,,1/26/2026,2.0,yes
3/5/2026,,16968,,,401430,,Pregnancy Test - Milk,0.641,91,16968.0401430.0,3/5/2026,2026,1/28/2026,36,16968.0401430.0_2026_1_2,2,1,first,Pregnant,Pregnant,,,1/28/2026,,
4/7/2026,,17026,,,401430,,Pregnancy Test - Milk,0.322,131,17026.0401430.0,4/7/2026,2026,1/23/2026,74,17026.0401430.0_2026_1_1,1,1,first,Pregnant,preg_loss_rebred,,,1/23/2026,2.0,yes
3/5/2026,,17026,,,401430,,Pregnancy Test - Milk,0.332,96,17026.0401430.0,3/5/2026,2026,1/25/2026,39,17026.0401430.0_2026_1_2,2,1,first,Pregnant,Pregnant,,,1/25/2026,,
4/7/2026,,17093,,,401430,,Pregnancy Test - Milk,0.271,163,17093.0401430.0,4/7/2026,2025,12/30/2025,98,17093.0401430.0_2025_12,1,1,first,Pregnant,preg_loss_rebred,,,12/30/2025,2.0,yes
2/5/2026,,17093,,,401430,,Pregnancy Test - Milk,0.459,100,17093.0401430.0,2/5/2026,2026,1/1/2026,35,17093.0401430.0_2026_1,2,1,first,Pregnant,rc_unresolved_>_1_bred,,,1/1/2026,,
3/12/2026,,17093,,,401430,,Pregnancy Test - Milk,0.169,135,17093.0401430.0,3/12/2026,2026,1/1/2026,70,17093.0401430.0_2026_1,2,2,intermediate,Re-Check,rc_unresolved_>_1_bred,,,1/1/2026,,
3/19/2026,,17093,,,401430,,Pregnancy Test - Milk,0.148,142,17093.0401430.0,3/19/2026,2026,1/1/2026,77,17093.0401430.0_2026_1,2,3,intermediate,Re-Check,rc_unresolved_>_1_bred,,,1/1/2026,,
4/2/2026,,17093,,,401430,,Pregnancy Test - Milk,0.218,156,17093.0401430.0,4/2/2026,2026,1/1/2026,91,17093.0401430.0_2026_1,2,4,last,Re-Check,rc_unresolved_>_1_bred,,,1/1/2026,,
5/29/2025,,17158,,,401430,,Pregnancy Test - Milk,0.526,219,17158.0401430.0,5/29/2025,2025,3/15/2025,75,17158.0401430.0_2025_3,1,1,first,Pregnant,preg_loss_rebred,,,3/15/2025,124.0,
8/28/2025,,17158,,,401430,,Pregnancy Test - Milk,0.819,312,17158.0401430.0,8/28/2025,2025,7/17/2025,42,17158.0401430.0_2025_7_1,2,1,first,Pregnant,preg_loss_rebred,,,7/17/2025,2.0,yes
10/2/2025,,17158,,,401430,,Pregnancy Test - Milk,0.689,345,17158.0401430.0,10/2/2025,2025,7/19/2025,75,17158.0401430.0_2025_7_2,3,1,first,Pregnant,Pregnant,,,7/19/2025,,
4/7/2026,,17183,,,401430,,Pregnancy Test - Milk,0.2,127,17183.0401430.0,4/7/2026,2026,1/25/2026,72,17183.0401430.0_2026_1_1,1,1,first,Re-Check,rc_rebred,,,1/25/2026,2.0,yes
3/5/2026,,17183,,,401430,,Pregnancy Test - Milk,0.829,92,17183.0401430.0,3/5/2026,2026,1/27/2026,37,17183.0401430.0_2026_1_2,2,1,first,Pregnant,Pregnant,,,1/27/2026,,
4/16/2026,,17183,,,401430,,Pregnancy Test - Milk,0.52,134,17183.0401430.0,4/16/2026,2026,1/27/2026,79,17183.0401430.0_2026_1_2,2,2,last,Pregnant,Pregnant,,,1/27/2026,,
4/7/2026,,17193,,,401430,,Pregnancy Test - Milk,0.639,125,17193.0401430.0,4/7/2026,2026,1/25/2026,72,17193.0401430.0_2026_1_1,1,1,first,Pregnant,preg_loss_rebred,,,1/25/2026,2.0,yes
3/5/2026,,17193,,,401430,,Pregnancy Test - Milk,2.249,90,17193.0401430.0,3/5/2026,2026,1/27/2026,37,17193.0401430.0_2026_1_2,2,1,first,Pregnant,Pregnant,,,1/27/2026,,
6/26/2025,,17253,,,401430,,Pregnancy Test - Milk,0.163,193,17253.0401430.0,6/26/2025,2025,5/19/2025,38,17253.0401430.0_2025_5,1,1,first,Re-Check,rc_rebred,,,5/19/2025,60.0,
8/28/2025,,17253,,,401430,,Pregnancy Test - Milk,0.554,258,17253.0401430.0,8/28/2025,2025,7/18/2025,41,17253.0401430.0_2025_7_1,2,1,first,Pregnant,preg_loss_rebred,,,7/18/2025,2.0,yes
10/9/2025,,17253,,,401430,,Pregnancy Test - Milk,0.84,298,17253.0401430.0,10/9/2025,2025,7/20/2025,81,17253.0401430.0_2025_7_2,3,1,first,Pregnant,Pregnant,,,7/20/2025,,
4/7/2026,,17260,,,401430,,Pregnancy Test - Milk,0.286,126,17260.0401430.0,4/7/2026,2026,1/25/2026,72,17260.0401430.0_2026_1_1,1,1,first,Pregnant,preg_loss_rebred,,,1/25/2026,2.0,yes
3/5/2026,,17260,,,401430,,Pregnancy Test - Milk,0.575,91,17260.0401430.0,3/5/2026,2026,1/27/2026,37,17260.0401430.0_2026_1_2,2,1,first,Pregnant,Pregnant,,,1/27/2026,,
5/29/2025,,17339,,,401430,,Pregnancy Test - Milk,0.485,186,17339.0401430.0,5/29/2025,2025,3/15/2025,75,17339.0401430.0_2025_3,1,1,first,Pregnant,Pregnant,,,3/15/2025,353.0,
4/7/2026,,17339,,,401430,,Pregnancy Test - Milk,0.718,114,17339.0401430.0,4/7/2026,2026,3/3/2026,35,17339.0401430.0_2026_3_1,2,1,first,Pregnant,preg_loss_rebred,,,3/3/2026,2.0,yes
5/21/2026,,17339,,,401430,,Pregnancy Test - Milk,0.606,156,17339.0401430.0,5/21/2026,2026,3/5/2026,77,17339.0401430.0_2026_3_2,3,1,first,Pregnant,Pregnant,,,3/5/2026,,
6/4/2025,,17344,,,401430,,Pregnancy Test - Milk,0.541,120,17344.0401430.0,6/4/2025,2025,4/30/2025,35,17344.0401430.0_2025_4,1,1,first,Pregnant,preg_loss_rebred,,,4/30/2025,154.0,
11/5/2025,,17344,,,401430,,Pregnancy Test - Milk,0.706,274,17344.0401430.0,11/5/2025,2025,10/1/2025,35,17344.0401430.0_2025_10,2,1,first,Pregnant,preg_loss_rebred,,,10/1/2025,55.0,
12/31/2025,,17344,,,401430,,Pregnancy Test - Milk,0.635,332,17344.0401430.0,12/31/2025,2025,11/25/2025,36,17344.0401430.0_2025_11_1,3,1,first,Pregnant,preg_loss_rebred,,,11/25/2025,3.0,yes
2/12/2026,,17344,,,401430,,Pregnancy Test - Milk,1.004,372,17344.0401430.0,2/12/2026,2025,11/28/2025,76,17344.0401430.0_2025_11_2,4,1,first,Pregnant,Pregnant,,,11/28/2025,,
1/23/2026,,17359,,,401430,,Pregnancy Test - Milk,0.373,105,17359.0401430.0,1/23/2026,2025,12/15/2025,39,17359.0401430.0_2025_12_1,1,1,first,Pregnant,preg_loss_rebred,,,12/15/2025,3.0,yes
3/6/2026,,17359,,,401430,,Pregnancy Test - Milk,0.426,144,17359.0401430.0,3/6/2026,2025,12/18/2025,78,17359.0401430.0_2025_12_2,2,1,first,Pregnant,Pregnant,,,12/18/2025,,
12/31/2025,,17381,,,401430,,Pregnancy Test - Milk,0.377,108,17381.0401430.0,12/31/2025,2025,11/24/2025,37,17381.0401430.0_2025_11_1,1,1,first,Pregnant,preg_loss_rebred,,,11/24/2025,3.0,yes
2/5/2026,,17381,,,401430,,Pregnancy Test - Milk,0.162,141,17381.0401430.0,2/5/2026,2025,11/27/2025,70,17381.0401430.0_2025_11_2,2,1,first,Re-Check,rc_preg,,,11/27/2025,,
2/12/2026,,17381,,,401430,,Pregnancy Test - Milk,0.349,148,17381.0401430.0,2/12/2026,2025,11/27/2025,77,17381.0401430.0_2025_11_2,2,2,last,Pregnant,rc_preg,,,11/27/2025,,
6/26/2025,,17412,,,401430,,Pregnancy Test - Milk,0.132,119,17412.0401430.0,6/26/2025,2025,5/22/2025,35,17412.0401430.0_2025_5,1,1,first,Re-Check,rc_rebred,,,5/22/2025,57.0,
8/28/2025,,17412,,,401430,,Pregnancy Test - Milk,1.534,184,17412.0401430.0,8/28/2025,2025,7/18/2025,41,17412.0401430.0_2025_7_1,2,1,first,Pregnant,preg_loss_rebred,,,7/18/2025,2.0,yes
10/2/2025,,17412,,,401430,,Pregnancy Test - Milk,0.419,217,17412.0401430.0,10/2/2025,2025,7/20/2025,74,17412.0401430.0_2025_7_2,3,1,first,Pregnant,Pregnant,,,7/20/2025,,
8/27/2025,,17455,,,401430,,Pregnancy Test - Milk,0.504,105,17455.0401430.0,8/27/2025,2025,8/27/2025,0,17455.0401430.0_2025_8,1,1,first,Pregnant,preg_loss_rebred,,,8/27/2025,85.0,
12/31/2025,,17455,,,401430,,Pregnancy Test - Milk,0.971,233,17455.0401430.0,12/31/2025,2025,11/20/2025,41,17455.0401430.0_2025_11_1,2,1,first,Pregnant,preg_loss_rebred,,,11/20/2025,3.0,yes
2/5/2026,,17455,,,401430,,Pregnancy Test - Milk,0.423,266,17455.0401430.0,2/5/2026,2025,11/23/2025,74,17455.0401430.0_2025_11_2,3,1,first,Pregnant,Pregnant,,,11/23/2025,,
12/31/2025,,17462,,,401430,,Pregnancy Test - Milk,0.323,184,17462.0401430.0,12/31/2025,2025,9/30/2025,92,17462.0401430.0_2025_9,1,1,first,Pregnant,preg_loss_rebred,,,9/30/2025,2.0,yes
11/5/2025,,17462,,,401430,,Pregnancy Test - Milk,0.566,126,17462.0401430.0,11/5/2025,2025,10/2/2025,34,17462.0401430.0_2025_10,2,1,first,Pregnant,rc_unresolved_>_1_bred,,,10/2/2025,1.0,
12/18/2025,,17462,,,401430,,Pregnancy Test - Milk,0.209,168,17462.0401430.0,12/18/2025,2025,10/2/2025,76,17462.0401430.0_2025_10,2,2,intermediate,Re-Check,rc_unresolved_>_1_bred,,,10/3/2025,,
12/23/2025,,17462,,,401430,,Pregnancy Test - Milk,0.222,173,17462.0401430.0,12/23/2025,2025,10/2/2025,81,17462.0401430.0_2025_10,2,3,last,Re-Check,rc_unresolved_>_1_bred,,,10/3/2025,,
6/4/2025,,17500,,,401430,,Pregnancy Test - Milk,0.472,161,17500.0401430.0,6/4/2025,2025,3/25/2025,71,17500.0401430.0_2025_3,1,1,first,Pregnant,Pregnant,,,3/25/2025,305.0,
4/7/2026,,17500,,,401430,,Pregnancy Test - Milk,0.384,124,17500.0401430.0,4/7/2026,2026,1/24/2026,73,17500.0401430.0_2026_1_1,2,1,first,Pregnant,preg_loss_rebred,,,1/24/2026,2.0,yes
3/5/2026,,17500,,,401430,,Pregnancy Test - Milk,0.276,89,17500.0401430.0,3/5/2026,2026,1/26/2026,38,17500.0401430.0_2026_1_2,3,1,first,Pregnant,Pregnant,,,1/26/2026,,
8/28/2025,,17668,,,401430,,Pregnancy Test - Milk,0.369,139,17668.0401430.0,8/28/2025,2025,7/21/2025,38,17668.0401430.0_2025_7_1,1,1,first,Pregnant,preg_loss_rebred,,,7/21/2025,2.0,yes
10/2/2025,,17668,,,401430,,Pregnancy Test - Milk,0.182,172,17668.0401430.0,10/2/2025,2025,7/23/2025,71,17668.0401430.0_2025_7_2,2,1,first,Re-Check,rc_preg,,,7/23/2025,,
10/9/2025,,17668,,,401430,,Pregnancy Test - Milk,0.34,179,17668.0401430.0,10/9/2025,2025,7/23/2025,78,17668.0401430.0_2025_7_2,2,2,last,Pregnant,rc_preg,,,7/23/2025,,
10/9/2025,,17673,,,401430,,Pregnancy Test - Milk,0.027,109,17673.0401430.0,10/9/2025,2025,9/4/2025,35,17673.0401430.0_2025_9,1,1,first,Open,Open,,,9/4/2025,45.0,
11/27/2025,,17673,,,401430,,Pregnancy Test - Milk,1.035,162,17673.0401430.0,11/27/2025,2025,10/19/2025,39,17673.0401430.0_2025_10_1,2,1,first,Pregnant,preg_loss_rebred,,,10/19/2025,3.0,yes
1/2/2026,,17673,,,401430,,Pregnancy Test - Milk,0.16,195,17673.0401430.0,1/2/2026,2025,10/22/2025,72,17673.0401430.0_2025_10_2,3,1,first,Re-Check,rc_preg,,,10/22/2025,1.0,
1/8/2026,,17673,,,401430,,Pregnancy Test - Milk,0.363,200,17673.0401430.0,1/8/2026,2025,10/22/2025,77,17673.0401430.0_2025_10_2,3,2,last,Pregnant,rc_preg,,,10/23/2025,,
8/15/2025,,17723,,,401430,,Pregnancy Test - Milk,0.007,140,17723.0401430.0,8/15/2025,2025,7/10/2025,36,17723.0401430.0_2025_7,1,1,first,Open,Open,,,7/10/2025,157.0,
1/23/2026,,17723,,,401430,,Pregnancy Test - Milk,0.522,304,17723.0401430.0,1/23/2026,2025,12/14/2025,40,17723.0401430.0_2025_12_1,2,1,first,Pregnant,preg_loss_rebred,,,12/14/2025,3.0,yes
3/6/2026,,17723,,,401430,,Pregnancy Test - Milk,0.604,343,17723.0401430.0,3/6/2026,2025,12/17/2025,79,17723.0401430.0_2025_12_2,3,1,first,Pregnant,Pregnant,,,12/17/2025,,
8/28/2025,,17729,,,401430,,Pregnancy Test - Milk,1.325,208,17729.0401430.0,8/28/2025,2025,7/22/2025,37,17729.0401430.0_2025_7_1,1,1,first,Pregnant,preg_loss_rebred,,,7/22/2025,2.0,yes
10/9/2025,,17729,,,401430,,Pregnancy Test - Milk,0.865,248,17729.0401430.0,10/9/2025,2025,7/24/2025,77,17729.0401430.0_2025_7_2,2,1,first,Pregnant,Pregnant,,,7/24/2025,,
7/3/2025,,17731,,,401430,,Pregnancy Test - Milk,0.534,122,17731.0401430.0,7/3/2025,2025,5/29/2025,35,17731.0401430.0_2025_5,1,1,first,Pregnant,preg_loss_rebred,,,5/29/2025,137.0,
11/27/2025,,17731,,,401430,,Pregnancy Test - Milk,0.901,273,17731.0401430.0,11/27/2025,2025,10/13/2025,45,17731.0401430.0_2025_10_1,2,1,first,Pregnant,preg_loss_rebred,,,10/13/2025,3.0,yes
1/2/2026,,17731,,,401430,,Pregnancy Test - Milk,0.336,306,17731.0401430.0,1/2/2026,2025,10/16/2025,78,17731.0401430.0_2025_10_2,3,1,first,Pregnant,Pregnant,,,10/16/2025,,
6/19/2025,,17912,,,401430,,Pregnancy Test - Milk,0.063,128,17912.0401430.0,6/19/2025,2025,6/18/2025,1,17912.0401430.0_2025_6,1,1,first,Open,Open,,,6/18/2025,30.0,
8/28/2025,,17912,,,401430,,Pregnancy Test - Milk,1.081,193,17912.0401430.0,8/28/2025,2025,7/18/2025,41,17912.0401430.0_2025_7_1,2,1,first,Pregnant,preg_loss_rebred,,,7/18/2025,2.0,yes
10/2/2025,,17912,,,401430,,Pregnancy Test - Milk,1.073,226,17912.0401430.0,10/2/2025,2025,7/20/2025,74,17912.0401430.0_2025_7_2,3,1,first,Pregnant,Pregnant,,,7/20/2025,,
8/29/2025,,17949,,,401430,,Pregnancy Test - Milk,-0.006,112,17949.0401430.0,8/29/2025,2025,7/24/2025,36,17949.0401430.0_2025_7,1,1,first,Open,Open,,,7/24/2025,49.0,
10/17/2025,,17949,,,401430,,Pregnancy Test - Milk,-0.011,161,17949.0401430.0,10/17/2025,2025,9/11/2025,36,17949.0401430.0_2025_9,2,1,first,Open,Open,,,9/11/2025,50.0,
1/23/2026,,17949,,,401430,,Pregnancy Test - Milk,0.65,262,17949.0401430.0,1/23/2026,2025,10/31/2025,84,17949.0401430.0_2025_10,3,1,first,Pregnant,preg_loss_rebred,,,10/31/2025,3.0,yes
12/12/2025,,17949,,,401430,,Pregnancy Test - Milk,0.802,217,17949.0401430.0,12/12/2025,2025,11/3/2025,39,17949.0401430.0_2025_11,4,1,first,Pregnant,Pregnant,,,11/3/2025,,
8/7/2025,,17955,,,401430,,Pregnancy Test - Milk,0.473,115,17955.0401430.0,8/7/2025,2025,7/3/2025,35,17955.0401430.0_2025_7,1,1,first,Pregnant,loss,,,7/3/2025,107.0,
9/19/2025,,17955,,,401430,,Pregnancy Test - Milk,-0.001,158,17955.0401430.0,9/19/2025,2025,7/3/2025,78,17955.0401430.0_2025_7,1,2,last,Open,loss,,,7/3/2025,107.0,
11/27/2025,,17955,,,401430,,Pregnancy Test - Milk,0.894,231,17955.0401430.0,11/27/2025,2025,10/18/2025,40,17955.0401430.0_2025_10_1,2,1,first,Pregnant,preg_loss_rebred,,,10/18/2025,3.0,yes
1/2/2026,,17955,,,401430,,Pregnancy Test - Milk,0.224,264,17955.0401430.0,1/2/2026,2025,10/21/2025,73,17955.0401430.0_2025_10_2,3,1,first,Re-Check,rc_preg,,,10/21/2025,1.0,
1/8/2026,,17955,,,401430,,Pregnancy Test - Milk,0.36,269,17955.0401430.0,1/8/2026,2025,10/21/2025,78,17955.0401430.0_2025_10_2,3,2,last,Pregnant,rc_preg,,,10/22/2025,,
12/18/2025,,18041,,,401430,,Pregnancy Test - Milk,0.059,126,18041.0401430.0,12/18/2025,2025,11/10/2025,38,18041.0401430.0_2025_11,1,1,first,Open,Open,,,11/10/2025,72.0,
4/7/2026,,18041,,,401430,,Pregnancy Test - Milk,0.414,238,18041.0401430.0,4/7/2026,2026,1/21/2026,76,18041.0401430.0_2026_1_1,2,1,first,Pregnant,preg_loss_rebred,,,1/21/2026,2.0,yes
2/26/2026,,18041,,,401430,,Pregnancy Test - Milk,1.362,196,18041.0401430.0,2/26/2026,2026,1/23/2026,34,18041.0401430.0_2026_1_2,3,1,first,Pregnant,Pregnant,,,1/23/2026,,
8/28/2025,,18043,,,401430,,Pregnancy Test - Milk,0.867,138,18043.0401430.0,8/28/2025,2025,7/22/2025,37,18043.0401430.0_2025_7_1,1,1,first,Pregnant,preg_loss_rebred,,,7/22/2025,2.0,yes
10/9/2025,,18043,,,401430,,Pregnancy Test - Milk,0.373,178,18043.0401430.0,10/9/2025,2025,7/24/2025,77,18043.0401430.0_2025_7_2,2,1,first,Pregnant,Pregnant,,,7/24/2025,,
8/14/2025,,18157,,,401430,,Pregnancy Test - Milk,0.066,107,18157.0401430.0,8/14/2025,2025,7/10/2025,35,18157.0401430.0_2025_7,1,1,first,Open,Open,,,7/10/2025,95.0,
11/27/2025,,18157,,,401430,,Pregnancy Test - Milk,0.752,216,18157.0401430.0,11/27/2025,2025,10/13/2025,45,18157.0401430.0_2025_10_1,2,1,first,Pregnant,preg_loss_rebred,,,10/13/2025,3.0,yes
1/2/2026,,18157,,,401430,,Pregnancy Test - Milk,0.227,249,18157.0401430.0,1/2/2026,2025,10/16/2025,78,18157.0401430.0_2025_10_2,3,1,first,Re-Check,rc_preg,,,10/16/2025,1.0,
1/8/2026,,18157,,,401430,,Pregnancy Test - Milk,0.485,254,18157.0401430.0,1/8/2026,2025,10/16/2025,83,18157.0401430.0_2025_10_2,3,2,last,Pregnant,rc_preg,,,10/17/2025,,
7/10/2025,,18173,,,401430,,Pregnancy Test - Milk,-0.001,118,18173.0401430.0,7/10/2025,2025,6/5/2025,35,18173.0401430.0_2025_6,1,1,first,Open,Open,,,6/5/2025,47.0,
8/28/2025,,18173,,,401430,,Pregnancy Test - Milk,1.594,169,18173.0401430.0,8/28/2025,2025,7/22/2025,37,18173.0401430.0_2025_7_1,2,1,first,Pregnant,preg_loss_rebred,,,7/22/2025,2.0,yes
10/9/2025,,18173,,,401430,,Pregnancy Test - Milk,0.876,209,18173.0401430.0,10/9/2025,2025,7/24/2025,77,18173.0401430.0_2025_7_2,3,1,first,Pregnant,Pregnant,,,7/24/2025,,
12/31/2025,,18268,,,401430,,Pregnancy Test - Milk,0.346,144,18268.0401430.0,12/31/2025,2025,10/20/2025,72,18268.0401430.0_2025_10_1,1,1,first,Pregnant,preg_loss_rebred,,,10/20/2025,3.0,yes
11/26/2025,,18268,,,401430,,Pregnancy Test - Milk,1.361,106,18268.0401430.0,11/26/2025,2025,10/23/2025,34,18268.0401430.0_2025_10_2,2,1,first,Pregnant,Pregnant,,,10/23/2025,,
12/31/2025,,18273,,,401430,,Pregnancy Test - Milk,0.551,182,18273.0401430.0,12/31/2025,2025,11/23/2025,38,18273.0401430.0_2025_11_1,1,1,first,Pregnant,preg_loss_rebred,,,11/23/2025,3.0,yes
2/5/2026,,18273,,,401430,,Pregnancy Test - Milk,0.107,215,18273.0401430.0,2/5/2026,2025,11/26/2025,71,18273.0401430.0_2025_11_2,2,1,first,Re-Check,rc_preg,,,11/26/2025,,
2/12/2026,,18273,,,401430,,Pregnancy Test - Milk,0.348,222,18273.0401430.0,2/12/2026,2025,11/26/2025,78,18273.0401430.0_2025_11_2,2,2,last,Pregnant,rc_preg,,,11/26/2025,,
8/14/2025,,18298,,,401430,,Pregnancy Test - Milk,0.35,114,18298.0401430.0,8/14/2025,2025,7/10/2025,35,18298.0401430.0_2025_7,1,1,first,Pregnant,loss,,,7/10/2025,100.0,
9/19/2025,,18298,,,401430,,Pregnancy Test - Milk,0.012,150,18298.0401430.0,9/19/2025,2025,7/10/2025,71,18298.0401430.0_2025_7,1,2,last,Open,loss,,,7/10/2025,100.0,
11/27/2025,,18298,,,401430,,Pregnancy Test - Milk,0.981,223,18298.0401430.0,11/27/2025,2025,10/18/2025,40,18298.0401430.0_2025_10_1,2,1,first,Pregnant,preg_loss_rebred,,,10/18/2025,3.0,yes
1/2/2026,,18298,,,401430,,Pregnancy Test - Milk,0.435,256,18298.0401430.0,1/2/2026,2025,10/21/2025,73,18298.0401430.0_2025_10_2,3,1,first,Pregnant,Pregnant,,,10/21/2025,,
8/28/2025,,18304,,,401430,,Pregnancy Test - Milk,0.04,111,18304.0401430.0,8/28/2025,2025,8/27/2025,1,18304.0401430.0_2025_8_1,1,1,first,Open,Open,,,8/27/2025,2.0,yes
10/9/2025,,18304,,,401430,,Pregnancy Test - Milk,0.751,151,18304.0401430.0,10/9/2025,2025,8/29/2025,41,18304.0401430.0_2025_8_2,2,1,first,Pregnant,Pregnant,,,8/29/2025,,
11/13/2025,,18304,,,401430,,Pregnancy Test - Milk,0.677,186,18304.0401430.0,11/13/2025,2025,8/29/2025,76,18304.0401430.0_2025_8_2,2,2,last,Pregnant,Pregnant,,,8/29/2025,,
12/31/2025,,18308,,,401430,,Pregnancy Test - Milk,0.344,194,18308.0401430.0,12/31/2025,2025,10/13/2025,79,18308.0401430.0_2025_10_1,1,1,first,Pregnant,preg_loss_rebred,,,10/13/2025,3.0,yes
11/20/2025,,18308,,,401430,,Pregnancy Test - Milk,1.275,150,18308.0401430.0,11/20/2025,2025,10/16/2025,35,18308.0401430.0_2025_10_2,2,1,first,Pregnant,Pregnant,,,10/16/2025,,
12/23/2025,,18308,,,401430,,Pregnancy Test - Milk,0.282,183,18308.0401430.0,12/23/2025,2025,10/16/2025,68,18308.0401430.0_2025_10_2,2,2,last,Pregnant,Pregnant,,,10/16/2025,,
11/27/2025,,18327,,,401430,,Pregnancy Test - Milk,0.825,140,18327.0401430.0,11/27/2025,2025,10/16/2025,42,18327.0401430.0_2025_10_1,1,1,first,Pregnant,preg_loss_rebred,,,10/16/2025,3.0,yes
1/2/2026,,18327,,,401430,,Pregnancy Test - Milk,0.181,173,18327.0401430.0,1/2/2026,2025,10/19/2025,75,18327.0401430.0_2025_10_2,2,1,first,Re-Check,rc_preg,,,10/19/2025,1.0,
1/8/2026,,18327,,,401430,,Pregnancy Test - Milk,0.294,178,18327.0401430.0,1/8/2026,2025,10/19/2025,80,18327.0401430.0_2025_10_2,2,2,last,Pregnant,rc_preg,,,10/20/2025,,
11/20/2025,,18398,,,401430,,Pregnancy Test - Milk,0.198,149,18398.0401430.0,11/20/2025,2025,10/15/2025,36,18398.0401430.0_2025_10,1,1,first,Re-Check,rc_rebred,,,10/15/2025,40.0,
11/27/2025,,18398,,,401430,,Pregnancy Test - Milk,0.044,160,18398.0401430.0,11/27/2025,2025,11/24/2025,3,18398.0401430.0_2025_11_1,2,1,first,Open,Open,,,11/24/2025,3.0,yes
1/2/2026,,18398,,,401430,,Pregnancy Test - Milk,0.626,193,18398.0401430.0,1/2/2026,2025,11/27/2025,36,18398.0401430.0_2025_11_2,3,1,first,Pregnant,Pregnant,,,11/27/2025,1.0,
2/13/2026,,18398,,,401430,,Pregnancy Test - Milk,0.496,234,18398.0401430.0,2/13/2026,2025,11/27/2025,77,18398.0401430.0_2025_11_2,3,2,last,Pregnant,Pregnant,,,11/28/2025,,
9/5/2025,,18409,,,401430,,Pregnancy Test - Milk,-0.007,113,18409.0401430.0,9/5/2025,2025,7/30/2025,37,18409.0401430.0_2025_7,1,1,first,Open,Open,,,7/30/2025,79.0,
11/27/2025,,18409,,,401430,,Pregnancy Test - Milk,1.376,199,18409.0401430.0,11/27/2025,2025,10/17/2025,41,18409.0401430.0_2025_10_1,2,1,first,Pregnant,preg_loss_rebred,,,10/17/2025,3.0,yes
1/2/2026,,18409,,,401430,,Pregnancy Test - Milk,1.103,232,18409.0401430.0,1/2/2026,2025,10/20/2025,74,18409.0401430.0_2025_10_2,3,1,first,Pregnant,Pregnant,,,10/20/2025,,
12/31/2025,,18427,,,401430,,Pregnancy Test - Milk,0.614,143,18427.0401430.0,12/31/2025,2025,10/20/2025,72,18427.0401430.0_2025_10_1,1,1,first,Pregnant,preg_loss_rebred,,,10/20/2025,3.0,yes
11/26/2025,,18427,,,401430,,Pregnancy Test - Milk,1.197,105,18427.0401430.0,11/26/2025,2025,10/23/2025,34,18427.0401430.0_2025_10_2,2,1,first,Pregnant,Pregnant,,,10/23/2025,,
1/23/2026,,18455,,,401430,,Pregnancy Test - Milk,0.447,108,18455.0401430.0,1/23/2026,2025,12/15/2025,39,18455.0401430.0_2025_12_1,1,1,first,Pregnant,preg_loss_rebred,,,12/15/2025,3.0,yes
3/6/2026,,18455,,,401430,,Pregnancy Test - Milk,0.313,147,18455.0401430.0,3/6/2026,2025,12/18/2025,78,18455.0401430.0_2025_12_2,2,1,first,Pregnant,Pregnant,,,12/18/2025,,
12/31/2025,,18468,,,401430,,Pregnancy Test - Milk,1.428,139,18468.0401430.0,12/31/2025,2025,11/26/2025,35,18468.0401430.0_2025_11_1,1,1,first,Pregnant,preg_loss_rebred,,,11/26/2025,3.0,yes
2/12/2026,,18468,,,401430,,Pregnancy Test - Milk,1.101,179,18468.0401430.0,2/12/2026,2025,11/29/2025,75,18468.0401430.0_2025_11_2,2,1,first,Pregnant,Pregnant,,,11/29/2025,,
12/31/2025,,18492,,,401430,,Pregnancy Test - Milk,0.408,142,18492.0401430.0,12/31/2025,2025,10/20/2025,72,18492.0401430.0_2025_10_1,1,1,first,Pregnant,preg_loss_rebred,,,10/20/2025,3.0,yes
11/26/2025,,18492,,,401430,,Pregnancy Test - Milk,1.119,104,18492.0401430.0,11/26/2025,2025,10/23/2025,34,18492.0401430.0_2025_10_2,2,1,first,Pregnant,Pregnant,,,10/23/2025,,
10/2/2025,,18500,,,401430,,Pregnancy Test - Milk,0.141,105,18500.0401430.0,10/2/2025,2025,8/28/2025,35,18500.0401430.0_2025_8,1,1,first,Re-Check,rc_rebred,,,8/28/2025,36.0,
12/31/2025,,18500,,,401430,,Pregnancy Test - Milk,0.208,198,18500.0401430.0,12/31/2025,2025,10/3/2025,89,18500.0401430.0_2025_10_1,2,1,first,Re-Check,rc_rebred,,,10/3/2025,3.0,yes
11/13/2025,,18500,,,401430,,Pregnancy Test - Milk,0.257,147,18500.0401430.0,11/13/2025,2025,10/6/2025,38,18500.0401430.0_2025_10_2,3,1,first,Pregnant,Pregant_with_rc,,,10/6/2025,,
12/18/2025,,18500,,,401430,,Pregnancy Test - Milk,0.217,182,18500.0401430.0,12/18/2025,2025,10/6/2025,73,18500.0401430.0_2025_10_2,3,2,intermediate,Re-Check,Pregant_with_rc,,,10/6/2025,,
12/23/2025,,18500,,,401430,,Pregnancy Test - Milk,0.195,187,18500.0401430.0,12/23/2025,2025,10/6/2025,78,18500.0401430.0_2025_10_2,3,3,intermediate,Re-Check,Pregant_with_rc,,,10/6/2025,,
1/8/2026,,18500,,,401430,,Pregnancy Test - Milk,0.278,203,18500.0401430.0,1/8/2026,2025,10/6/2025,94,18500.0401430.0_2025_10_2,3,4,last,Pregnant,Pregant_with_rc,,,10/6/2025,,
4/7/2026,,18521,,,401430,,Pregnancy Test - Milk,0.688,253,18521.0401430.0,4/7/2026,2026,3/4/2026,34,18521.0401430.0_2026_3_1,1,1,first,Pregnant,preg_loss_rebred,,,3/4/2026,2.0,yes
5/21/2026,,18521,,,401430,,Pregnancy Test - Milk,0.399,295,18521.0401430.0,5/21/2026,2026,3/6/2026,76,18521.0401430.0_2026_3_2,2,1,first,Pregnant,Pregnant,,,3/6/2026,,
12/31/2025,,18572,,,401430,,Pregnancy Test - Milk,0.169,155,18572.0401430.0,12/31/2025,2025,10/13/2025,79,18572.0401430.0_2025_10_1,1,1,first,Re-Check,rc_rebred,,,10/13/2025,3.0,yes
11/20/2025,,18572,,,401430,,Pregnancy Test - Milk,0.661,111,18572.0401430.0,11/20/2025,2025,10/16/2025,35,18572.0401430.0_2025_10_2,2,1,first,Pregnant,Pregant_with_rc,,,10/16/2025,,
12/23/2025,,18572,,,401430,,Pregnancy Test - Milk,0.139,144,18572.0401430.0,12/23/2025,2025,10/16/2025,68,18572.0401430.0_2025_10_2,2,2,intermediate,Re-Check,Pregant_with_rc,,,10/16/2025,,
1/8/2026,,18572,,,401430,,Pregnancy Test - Milk,0.309,160,18572.0401430.0,1/8/2026,2025,10/16/2025,84,18572.0401430.0_2025_10_2,2,3,last,Pregnant,Pregant_with_rc,,,10/16/2025,,
1/23/2026,,18684,,,401430,,Pregnancy Test - Milk,0.171,153,18684.0401430.0,1/23/2026,2025,12/16/2025,38,18684.0401430.0_2025_12_1,1,1,first,Re-Check,rc_rebred,,,12/16/2025,3.0,yes
1/30/2026,,18684,,,401430,,Pregnancy Test - Milk,0.196,157,18684.0401430.0,1/30/2026,2025,12/19/2025,42,18684.0401430.0_2025_12_2,2,1,first,Re-Check,rc_preg,,,12/19/2025,,
2/6/2026,,18684,,,401430,,Pregnancy Test - Milk,0.175,164,18684.0401430.0,2/6/2026,2025,12/19/2025,49,18684.0401430.0_2025_12_2,2,2,intermediate,Re-Check,rc_preg,,,12/19/2025,,
2/13/2026,,18684,,,401430,,Pregnancy Test - Milk,0.136,171,18684.0401430.0,2/13/2026,2025,12/19/2025,56,18684.0401430.0_2025_12_2,2,3,intermediate,Re-Check,rc_preg,,,12/19/2025,,
2/20/2026,,18684,,,401430,,Pregnancy Test - Milk,1.357,178,18684.0401430.0,2/20/2026,2025,12/19/2025,63,18684.0401430.0_2025_12_2,2,4,intermediate,Pregnant,rc_preg,,,12/19/2025,,
3/13/2026,,18684,,,401430,,Pregnancy Test - Milk,1.33,199,18684.0401430.0,3/13/2026,2025,12/19/2025,84,18684.0401430.0_2025_12_2,2,5,last,Pregnant,rc_preg,,,12/19/2025,,
11/27/2025,,18695,,,401430,,Pregnancy Test - Milk,0.845,173,18695.0401430.0,11/27/2025,2025,10/14/2025,44,18695.0401430.0_2025_10_1,1,1,first,Pregnant,preg_loss_rebred,,,10/14/2025,3.0,yes
1/2/2026,,18695,,,401430,,Pregnancy Test - Milk,0.821,206,18695.0401430.0,1/2/2026,2025,10/17/2025,77,18695.0401430.0_2025_10_2,2,1,first,Pregnant,Pregnant,,,10/17/2025,,
12/31/2025,,18715,,,401430,,Pregnancy Test - Milk,0.433,181,18715.0401430.0,12/31/2025,2025,10/15/2025,77,18715.0401430.0_2025_10_1,1,1,first,Pregnant,preg_loss_rebred,,,10/15/2025,3.0,yes
11/26/2025,,18715,,,401430,,Pregnancy Test - Milk,0.536,143,18715.0401430.0,11/26/2025,2025,10/18/2025,39,18715.0401430.0_2025_10_2,2,1,first,Pregnant,Pregnant,,,10/18/2025,,
12/31/2025,,18725,,,401430,,Pregnancy Test - Milk,0.661,154,18725.0401430.0,12/31/2025,2025,10/13/2025,79,18725.0401430.0_2025_10_1,1,1,first,Pregnant,preg_loss_rebred,,,10/13/2025,3.0,yes
11/20/2025,,18725,,,401430,,Pregnancy Test - Milk,1.542,110,18725.0401430.0,11/20/2025,2025,10/16/2025,35,18725.0401430.0_2025_10_2,2,1,first,Pregnant,Pregnant,,,10/16/2025,,
12/23/2025,,18725,,,401430,,Pregnancy Test - Milk,0.544,143,18725.0401430.0,12/23/2025,2025,10/16/2025,68,18725.0401430.0_2025_10_2,2,2,last,Pregnant,Pregnant,,,10/16/2025,,
1/23/2026,,18734,,,401430,,Pregnancy Test - Milk,0.195,153,18734.0401430.0,1/23/2026,2025,11/3/2025,81,18734.0401430.0_2025_11_1,1,1,first,Re-Check,rc_rebred,,,11/3/2025,3.0,yes
12/12/2025,,18734,,,401430,,Pregnancy Test - Milk,0.389,108,18734.0401430.0,12/12/2025,2025,11/6/2025,36,18734.0401430.0_2025_11_2,2,1,first,Pregnant,Pregant_with_rc,,,11/6/2025,,
1/30/2026,,18734,,,401430,,Pregnancy Test - Milk,0.208,157,18734.0401430.0,1/30/2026,2025,11/6/2025,85,18734.0401430.0_2025_11_2,2,2,intermediate,Re-Check,Pregant_with_rc,,,11/6/2025,,
2/6/2026,,18734,,,401430,,Pregnancy Test - Milk,0.41,164,18734.0401430.0,2/6/2026,2025,11/6/2025,92,18734.0401430.0_2025_11_2,2,3,last,Pregnant,Pregant_with_rc,,,11/6/2025,,
7/10/2025,,1876,,,401430,,Pregnancy Test - Milk,0.026,117,1876.0401430.0,7/10/2025,2025,6/5/2025,35,1876.0401430.0_2025_6,1,1,first,Open,Open,,,6/5/2025,47.0,
8/28/2025,,1876,,,401430,,Pregnancy Test - Milk,0.798,168,1876.0401430.0,8/28/2025,2025,7/22/2025,37,1876.0401430.0_2025_7_1,2,1,first,Pregnant,preg_loss_rebred,,,7/22/2025,2.0,yes
10/9/2025,,1876,,,401430,,Pregnancy Test - Milk,0.446,208,1876.0401430.0,10/9/2025,2025,7/24/2025,77,1876.0401430.0_2025_7_2,3,1,first,Pregnant,Pregnant,,,7/24/2025,,
4/7/2026,,18812,,,401430,,Pregnancy Test - Milk,0.288,148,18812.0401430.0,4/7/2026,2026,1/13/2026,84,18812.0401430.0_2026_1_1,1,1,first,Pregnant,preg_loss_rebred,,,1/13/2026,2.0,yes
2/19/2026,,18812,,,401430,,Pregnancy Test - Milk,0.672,99,18812.0401430.0,2/19/2026,2026,1/15/2026,35,18812.0401430.0_2026_1_2,2,1,first,Pregnant,rc_unresolved_>_1_bred,,,1/15/2026,,
4/2/2026,,18812,,,401430,,Pregnancy Test - Milk,0.23,141,18812.0401430.0,4/2/2026,2026,1/15/2026,77,18812.0401430.0_2026_1_2,2,2,last,Re-Check,rc_unresolved_>_1_bred,,,1/15/2026,,
11/27/2025,,18874,,,401430,,Pregnancy Test - Milk,0.795,111,18874.0401430.0,11/27/2025,2025,10/17/2025,41,18874.0401430.0_2025_10_1,1,1,first,Pregnant,preg_loss_rebred,,,10/17/2025,3.0,yes
1/2/2026,,18874,,,401430,,Pregnancy Test - Milk,0.373,144,18874.0401430.0,1/2/2026,2025,10/20/2025,74,18874.0401430.0_2025_10_2,2,1,first,Pregnant,Pregnant,,,10/20/2025,,
11/27/2025,,18881,,,401430,,Pregnancy Test - Milk,0.756,136,18881.0401430.0,11/27/2025,2025,10/19/2025,39,18881.0401430.0_2025_10_1,1,1,first,Pregnant,preg_loss_rebred,,,10/19/2025,3.0,yes
1/2/2026,,18881,,,401430,,Pregnancy Test - Milk,0.056,169,18881.0401430.0,1/2/2026,2025,10/22/2025,72,18881.0401430.0_2025_10_2,2,1,first,Open,Open,,,10/22/2025,125.0,
4/2/2026,,18881,,,401430,,Pregnancy Test - Milk,0.972,258,18881.0401430.0,4/2/2026,2026,2/24/2026,37,18881.0401430.0_2026_2,3,1,first,Pregnant,Pregnant,,,2/24/2026,,
1/16/2026,,18888,,,401430,,Pregnancy Test - Milk,0.117,102,18888.0401430.0,1/16/2026,2025,12/11/2025,36,18888.0401430.0_2025_12,1,1,first,Re-Check,rc_rebred,,,12/11/2025,42.0,
1/23/2026,,18888,,,401430,,Pregnancy Test - Milk,0.043,112,18888.0401430.0,1/23/2026,2026,1/22/2026,1,18888.0401430.0_2026_1_1,2,1,first,Open,Open,,,1/22/2026,3.0,yes
3/6/2026,,18888,,,401430,,Pregnancy Test - Milk,0.173,151,18888.0401430.0,3/6/2026,2026,1/25/2026,40,18888.0401430.0_2026_1_2,3,1,first,Re-Check,rc_open,,,1/25/2026,81.0,
3/13/2026,,18888,,,401430,,Pregnancy Test - Milk,0.02,158,18888.0401430.0,3/13/2026,2026,1/25/2026,47,18888.0401430.0_2026_1_2,3,2,last,Open,rc_open,,,1/25/2026,81.0,
5/22/2026,,18888,,,401430,,Pregnancy Test - Milk,0.442,228,18888.0401430.0,5/22/2026,2026,4/16/2026,36,18888.0401430.0_2026_4,4,1,first,Pregnant,Pregnant,,,4/16/2026,,
11/27/2025,,18911,,,401430,,Pregnancy Test - Milk,0.641,115,18911.0401430.0,11/27/2025,2025,10/19/2025,39,18911.0401430.0_2025_10_1,1,1,first,Pregnant,preg_loss_rebred,,,10/19/2025,3.0,yes
1/2/2026,,18911,,,401430,,Pregnancy Test - Milk,0.416,148,18911.0401430.0,1/2/2026,2025,10/22/2025,72,18911.0401430.0_2025_10_2,2,1,first,Pregnant,Pregnant,,,10/22/2025,,
12/31/2025,,18916,,,401430,,Pregnancy Test - Milk,0.617,143,18916.0401430.0,12/31/2025,2025,10/20/2025,72,18916.0401430.0_2025_10_1,1,1,first,Pregnant,preg_loss_rebred,,,10/20/2025,3.0,yes
11/26/2025,,18916,,,401430,,Pregnancy Test - Milk,1.063,105,18916.0401430.0,11/26/2025,2025,10/23/2025,34,18916.0401430.0_2025_10_2,2,1,first,Pregnant,Pregnant,,,10/23/2025,,
11/13/2025,,18923,,,401430,,Pregnancy Test - Milk,-0.034,106,18923.0401430.0,11/13/2025,2025,10/9/2025,35,18923.0401430.0_2025_10,1,1,first,Open,Open,,,10/9/2025,46.0,
12/31/2025,,18923,,,401430,,Pregnancy Test - Milk,0.618,157,18923.0401430.0,12/31/2025,2025,11/24/2025,37,18923.0401430.0_2025_11_1,2,1,first,Pregnant,preg_loss_rebred,,,11/24/2025,3.0,yes
2/5/2026,,18923,,,401430,,Pregnancy Test - Milk,0.201,190,18923.0401430.0,2/5/2026,2025,11/27/2025,70,18923.0401430.0_2025_11_2,3,1,first,Re-Check,rc_preg,,,11/27/2025,,
2/12/2026,,18923,,,401430,,Pregnancy Test - Milk,0.429,197,18923.0401430.0,2/12/2026,2025,11/27/2025,77,18923.0401430.0_2025_11_2,3,2,last,Pregnant,rc_preg,,,11/27/2025,,
11/27/2025,,18970,,,401430,,Pregnancy Test - Milk,1.355,113,18970.0401430.0,11/27/2025,2025,10/19/2025,39,18970.0401430.0_2025_10_1,1,1,first,Pregnant,preg_loss_rebred,,,10/19/2025,3.0,yes
1/2/2026,,18970,,,401430,,Pregnancy Test - Milk,0.442,146,18970.0401430.0,1/2/2026,2025,10/22/2025,72,18970.0401430.0_2025_10_2,2,1,first,Pregnant,Pregnant,,,10/22/2025,,
11/13/2025,,19017,,,401430,,Pregnancy Test - Milk,0.006,105,19017.0401430.0,11/13/2025,2025,10/9/2025,35,19017.0401430.0_2025_10,1,1,first,Open,Open,,,10/9/2025,46.0,
12/31/2025,,19017,,,401430,,Pregnancy Test - Milk,2.796,156,19017.0401430.0,12/31/2025,2025,11/24/2025,37,19017.0401430.0_2025_11_1,2,1,first,Pregnant,preg_loss_rebred,,,11/24/2025,3.0,yes
2/5/2026,,19017,,,401430,,Pregnancy Test - Milk,1.667,189,19017.0401430.0,2/5/2026,2025,11/27/2025,70,19017.0401430.0_2025_11_2,3,1,first,Pregnant,Pregnant,,,11/27/2025,,
12/31/2025,,19024,,,401430,,Pregnancy Test - Milk,0.306,152,19024.0401430.0,12/31/2025,2025,10/13/2025,79,19024.0401430.0_2025_10_1,1,1,first,Pregnant,preg_loss_rebred,,,10/13/2025,3.0,yes
11/20/2025,,19024,,,401430,,Pregnancy Test - Milk,1.18,108,19024.0401430.0,11/20/2025,2025,10/16/2025,35,19024.0401430.0_2025_10_2,2,1,first,Pregnant,Pregnant,,,10/16/2025,,
12/23/2025,,19024,,,401430,,Pregnancy Test - Milk,0.287,141,19024.0401430.0,12/23/2025,2025,10/16/2025,68,19024.0401430.0_2025_10_2,2,2,last,Pregnant,Pregnant,,,10/16/2025,,
1/23/2026,,19084,,,401430,,Pregnancy Test - Milk,0.12,153,19084.0401430.0,1/23/2026,2025,11/3/2025,81,19084.0401430.0_2025_11_1,1,1,first,Re-Check,rc_rebred,,,11/3/2025,3.0,yes
12/12/2025,,19084,,,401430,,Pregnancy Test - Milk,0.873,108,19084.0401430.0,12/12/2025,2025,11/6/2025,36,19084.0401430.0_2025_11_2,2,1,first,Pregnant,Pregant_with_rc,,,11/6/2025,,
1/30/2026,,19084,,,401430,,Pregnancy Test - Milk,0.173,157,19084.0401430.0,1/30/2026,2025,11/6/2025,85,19084.0401430.0_2025_11_2,2,2,intermediate,Re-Check,Pregant_with_rc,,,11/6/2025,,
2/6/2026,,19084,,,401430,,Pregnancy Test - Milk,0.295,164,19084.0401430.0,2/6/2026,2025,11/6/2025,92,19084.0401430.0_2025_11_2,2,3,last,Pregnant,Pregant_with_rc,,,11/6/2025,,
1/23/2026,,19091,,,401430,,Pregnancy Test - Milk,0.925,109,19091.0401430.0,1/23/2026,2025,12/15/2025,39,19091.0401430.0_2025_12_1,1,1,first,Pregnant,preg_loss_rebred,,,12/15/2025,3.0,yes
3/13/2026,,19091,,,401430,,Pregnancy Test - Milk,1.334,155,19091.0401430.0,3/13/2026,2025,12/18/2025,85,19091.0401430.0_2025_12_2,2,1,first,Pregnant,Pregnant,,,12/18/2025,,
11/27/2025,,19098,,,401430,,Pregnancy Test - Milk,0.79,115,19098.0401430.0,11/27/2025,2025,10/19/2025,39,19098.0401430.0_2025_10_1,1,1,first,Pregnant,preg_loss_rebred,,,10/19/2025,3.0,yes
1/2/2026,,19098,,,401430,,Pregnancy Test - Milk,0.319,148,19098.0401430.0,1/2/2026,2025,10/22/2025,72,19098.0401430.0_2025_10_2,2,1,first,Pregnant,Pregnant,,,10/22/2025,,
1/23/2026,,19238,,,401430,,Pregnancy Test - Milk,0.218,155,19238.0401430.0,1/23/2026,2025,11/3/2025,81,19238.0401430.0_2025_11_1,1,1,first,Re-Check,rc_rebred,,,11/3/2025,3.0,yes
12/12/2025,,19238,,,401430,,Pregnancy Test - Milk,0.549,110,19238.0401430.0,12/12/2025,2025,11/6/2025,36,19238.0401430.0_2025_11_2,2,1,first,Pregnant,Pregnant,,,11/6/2025,,
1/30/2026,,19238,,,401430,,Pregnancy Test - Milk,0.31,159,19238.0401430.0,1/30/2026,2025,11/6/2025,85,19238.0401430.0_2025_11_2,2,2,last,Pregnant,Pregnant,,,11/6/2025,,
1/23/2026,,19429,,,401430,,Pregnancy Test - Milk,0.344,104,19429.0401430.0,1/23/2026,2025,12/15/2025,39,19429.0401430.0_2025_12_1,1,1,first,Pregnant,preg_loss_rebred,,,12/15/2025,3.0,yes
3/6/2026,,19429,,,401430,,Pregnancy Test - Milk,0.048,143,19429.0401430.0,3/6/2026,2025,12/18/2025,78,19429.0401430.0_2025_12_2,2,1,first,Open,Open,,,12/18/2025,105.0,
5/8/2026,,19429,,,401430,,Pregnancy Test - Milk,0.448,206,19429.0401430.0,5/8/2026,2026,4/2/2026,36,19429.0401430.0_2026_4,3,1,first,Pregnant,Pregnant,,,4/2/2026,,
8/28/2025,,19753,,,401430,,Pregnancy Test - Milk,0.356,161,19753.0401430.0,8/28/2025,2025,7/22/2025,37,19753.0401430.0_2025_7_1,1,1,first,Pregnant,preg_loss_rebred,,,7/22/2025,2.0,yes
10/9/2025,,19753,,,401430,,Pregnancy Test - Milk,0.711,201,19753.0401430.0,10/9/2025,2025,7/24/2025,77,19753.0401430.0_2025_7_2,2,1,first,Pregnant,Pregnant,,,7/24/2025,,
8/28/2025,,19950,,,401430,,Pregnancy Test - Milk,0.951,177,19950.0401430.0,8/28/2025,2025,7/17/2025,42,19950.0401430.0_2025_7_1,1,1,first,Pregnant,preg_loss_rebred,,,7/17/2025,2.0,yes
10/2/2025,,19950,,,401430,,Pregnancy Test - Milk,0.665,210,19950.0401430.0,10/2/2025,2025,7/19/2025,75,19950.0401430.0_2025_7_2,2,1,first,Pregnant,Pregnant,,,7/19/2025,,
8/21/2025,,20012,,,401430,,Pregnancy Test - Milk,-0.007,106,20012.0401430.0,8/21/2025,2025,7/17/2025,35,20012.0401430.0_2025_7,1,1,first,Open,Open,,,7/17/2025,49.0,
10/9/2025,,20012,,,401430,,Pregnancy Test - Milk,0.019,155,20012.0401430.0,10/9/2025,2025,9/4/2025,35,20012.0401430.0_2025_9,2,1,first,Open,Open,,,9/4/2025,45.0,
11/27/2025,,20012,,,401430,,Pregnancy Test - Milk,1.02,208,20012.0401430.0,11/27/2025,2025,10/19/2025,39,20012.0401430.0_2025_10_1,3,1,first,Pregnant,preg_loss_rebred,,,10/19/2025,3.0,yes
1/2/2026,,20012,,,401430,,Pregnancy Test - Milk,0.262,241,20012.0401430.0,1/2/2026,2025,10/22/2025,72,20012.0401430.0_2025_10_2,4,1,first,Pregnant,Pregnant,,,10/22/2025,,
10/24/2025,,20125,,,401430,,Pregnancy Test - Milk,0.677,110,20125.0401430.0,10/24/2025,2025,9/18/2025,36,20125.0401430.0_2025_9,1,1,first,Pregnant,loss,,,9/18/2025,88.0,
12/5/2025,,20125,,,401430,,Pregnancy Test - Milk,-0.007,152,20125.0401430.0,12/5/2025,2025,9/18/2025,78,20125.0401430.0_2025_9,1,2,last,Open,loss,,,9/18/2025,88.0,
1/23/2026,,20125,,,401430,,Pregnancy Test - Milk,0.884,204,20125.0401430.0,1/23/2026,2025,12/15/2025,39,20125.0401430.0_2025_12_1,2,1,first,Pregnant,preg_loss_rebred,,,12/15/2025,3.0,yes
3/6/2026,,20125,,,401430,,Pregnancy Test - Milk,1.026,243,20125.0401430.0,3/6/2026,2025,12/18/2025,78,20125.0401430.0_2025_12_2,3,1,first,Pregnant,Pregnant,,,12/18/2025,,
11/27/2025,,20170,,,401430,,Pregnancy Test - Milk,1.755,159,20170.0401430.0,11/27/2025,2025,10/14/2025,44,20170.0401430.0_2025_10_1,1,1,first,Pregnant,preg_loss_rebred,,,10/14/2025,3.0,yes
1/2/2026,,20170,,,401430,,Pregnancy Test - Milk,0.973,192,20170.0401430.0,1/2/2026,2025,10/17/2025,77,20170.0401430.0_2025_10_2,2,1,first,Pregnant,Pregnant,,,10/17/2025,,
11/27/2025,,20196,,,401430,,Pregnancy Test - Milk,1.905,149,20196.0401430.0,11/27/2025,2025,10/14/2025,44,20196.0401430.0_2025_10_1,1,1,first,Pregnant,preg_loss_rebred,,,10/14/2025,3.0,yes
1/2/2026,,20196,,,401430,,Pregnancy Test - Milk,0.523,182,20196.0401430.0,1/2/2026,2025,10/17/2025,77,20196.0401430.0_2025_10_2,2,1,first,Pregnant,Pregnant,,,10/17/2025,,
11/27/2025,,20198,,,401430,,Pregnancy Test - Milk,0.916,163,20198.0401430.0,11/27/2025,2025,10/18/2025,40,20198.0401430.0_2025_10_1,1,1,first,Pregnant,preg_loss_rebred,,,10/18/2025,3.0,yes
1/2/2026,,20198,,,401430,,Pregnancy Test - Milk,0.24,196,20198.0401430.0,1/2/2026,2025,10/21/2025,73,20198.0401430.0_2025_10_2,2,1,first,Re-Check,rc_preg,,,10/21/2025,1.0,
1/8/2026,,20198,,,401430,,Pregnancy Test - Milk,0.453,201,20198.0401430.0,1/8/2026,2025,10/21/2025,78,20198.0401430.0_2025_10_2,2,2,last,Pregnant,rc_preg,,,10/22/2025,,
9/19/2025,,20246,,,401430,,Pregnancy Test - Milk,-0.006,106,20246.0401430.0,9/19/2025,2025,8/14/2025,36,20246.0401430.0_2025_8,1,1,first,Open,Open,,,8/14/2025,60.0,
11/27/2025,,20246,,,401430,,Pregnancy Test - Milk,0.643,179,20246.0401430.0,11/27/2025,2025,10/13/2025,45,20246.0401430.0_2025_10_1,2,1,first,Pregnant,preg_loss_rebred,,,10/13/2025,3.0,yes
1/2/2026,,20246,,,401430,,Pregnancy Test - Milk,0.217,212,20246.0401430.0,1/2/2026,2025,10/16/2025,78,20246.0401430.0_2025_10_2,3,1,first,Re-Check,rc_preg,,,10/16/2025,1.0,
1/8/2026,,20246,,,401430,,Pregnancy Test - Milk,0.287,217,20246.0401430.0,1/8/2026,2025,10/16/2025,83,20246.0401430.0_2025_10_2,3,2,last,Pregnant,rc_preg,,,10/17/2025,,
8/28/2025,,20247,,,401430,,Pregnancy Test - Milk,0.821,111,20247.0401430.0,8/28/2025,2025,7/22/2025,37,20247.0401430.0_2025_7_1,1,1,first,Pregnant,preg_loss_rebred,,,7/22/2025,2.0,yes
10/9/2025,,20247,,,401430,,Pregnancy Test - Milk,0.506,151,20247.0401430.0,10/9/2025,2025,7/24/2025,77,20247.0401430.0_2025_7_2,2,1,first,Pregnant,Pregnant,,,7/24/2025,,
10/9/2025,,20270,,,401430,,Pregnancy Test - Milk,0.025,132,20270.0401430.0,10/9/2025,2025,9/3/2025,36,20270.0401430.0_2025_9,1,1,first,Open,Open,,,9/3/2025,46.0,
11/27/2025,,20270,,,401430,,Pregnancy Test - Milk,1.059,185,20270.0401430.0,11/27/2025,2025,10/19/2025,39,20270.0401430.0_2025_10_1,2,1,first,Pregnant,preg_loss_rebred,,,10/19/2025,3.0,yes
1/2/2026,,20270,,,401430,,Pregnancy Test - Milk,0.73,218,20270.0401430.0,1/2/2026,2025,10/22/2025,72,20270.0401430.0_2025_10_2,3,1,first,Pregnant,Pregnant,,,10/22/2025,,
9/5/2025,,20284,,,401430,,Pregnancy Test - Milk,0.016,141,20284.0401430.0,9/5/2025,2025,7/29/2025,38,20284.0401430.0_2025_7,1,1,first,Open,Open,,,7/29/2025,135.0,
1/23/2026,,20284,,,401430,,Pregnancy Test - Milk,0.188,284,20284.0401430.0,1/23/2026,2025,12/11/2025,43,20284.0401430.0_2025_12_1,2,1,first,Re-Check,rc_rebred,,,12/11/2025,3.0,yes
1/30/2026,,20284,,,401430,,Pregnancy Test - Milk,0.228,288,20284.0401430.0,1/30/2026,2025,12/14/2025,47,20284.0401430.0_2025_12_2,3,1,first,Re-Check,rc_preg,,,12/14/2025,,
2/6/2026,,20284,,,401430,,Pregnancy Test - Milk,0.615,295,20284.0401430.0,2/6/2026,2025,12/14/2025,54,20284.0401430.0_2025_12_2,3,2,intermediate,Pregnant,rc_preg,,,12/14/2025,,
3/6/2026,,20284,,,401430,,Pregnancy Test - Milk,0.771,323,20284.0401430.0,3/6/2026,2025,12/14/2025,82,20284.0401430.0_2025_12_2,3,3,last,Pregnant,rc_preg,,,12/14/2025,,
10/9/2025,,20289,,,401430,,Pregnancy Test - Milk,0.034,108,20289.0401430.0,10/9/2025,2025,9/4/2025,35,20289.0401430.0_2025_9,1,1,first,Open,Open,,,9/4/2025,45.0,
11/27/2025,,20289,,,401430,,Pregnancy Test - Milk,1.64,161,20289.0401430.0,11/27/2025,2025,10/19/2025,39,20289.0401430.0_2025_10_1,2,1,first,Pregnant,preg_loss_rebred,,,10/19/2025,3.0,yes
1/2/2026,,20289,,,401430,,Pregnancy Test - Milk,0.428,194,20289.0401430.0,1/2/2026,2025,10/22/2025,72,20289.0401430.0_2025_10_2,3,1,first,Pregnant,Pregnant,,,10/22/2025,,
8/28/2025,,20307,,,401430,,Pregnancy Test - Milk,1.332,172,20307.0401430.0,8/28/2025,2025,7/16/2025,43,20307.0401430.0_2025_7_1,1,1,first,Pregnant,preg_loss_rebred,,,7/16/2025,2.0,yes
10/2/2025,,20307,,,401430,,Pregnancy Test - Milk,1.212,205,20307.0401430.0,10/2/2025,2025,7/18/2025,76,20307.0401430.0_2025_7_2,2,1,first,Pregnant,Pregnant,,,7/18/2025,,
9/12/2025,,20473,,,401430,,Pregnancy Test - Milk,0.012,108,20473.0401430.0,9/12/2025,2025,8/7/2025,36,20473.0401430.0_2025_8,1,1,first,Open,Open,,,8/7/2025,49.0,
10/31/2025,,20473,,,401430,,Pregnancy Test - Milk,-0.005,157,20473.0401430.0,10/31/2025,2025,9/25/2025,36,20473.0401430.0_2025_9,2,1,first,Open,Open,,,9/25/2025,34.0,
1/23/2026,,20473,,,401430,,Pregnancy Test - Milk,0.271,244,20473.0401430.0,1/23/2026,2025,10/29/2025,86,20473.0401430.0_2025_10,3,1,first,Pregnant,preg_loss_rebred,,,10/29/2025,3.0,yes
12/12/2025,,20473,,,401430,,Pregnancy Test - Milk,0.396,199,20473.0401430.0,12/12/2025,2025,11/1/2025,41,20473.0401430.0_2025_11,4,1,first,Pregnant,Pregnant,,,11/1/2025,,
11/27/2025,,20487,,,401430,,Pregnancy Test - Milk,1.159,113,20487.0401430.0,11/27/2025,2025,10/19/2025,39,20487.0401430.0_2025_10_1,1,1,first,Pregnant,preg_loss_rebred,,,10/19/2025,3.0,yes
1/2/2026,,20487,,,401430,,Pregnancy Test - Milk,0.344,146,20487.0401430.0,1/2/2026,2025,10/22/2025,72,20487.0401430.0_2025_10_2,2,1,first,Pregnant,Pregnant,,,10/22/2025,,
9/12/2025,,20564,,,401430,,Pregnancy Test - Milk,0.538,107,20564.0401430.0,9/12/2025,2025,8/7/2025,36,20564.0401430.0_2025_8,1,1,first,Pregnant,preg_loss_rebred,,,8/7/2025,86.0,
1/23/2026,,20564,,,401430,,Pregnancy Test - Milk,0.557,243,20564.0401430.0,1/23/2026,2025,11/1/2025,83,20564.0401430.0_2025_11_1,2,1,first,Pregnant,preg_loss_rebred,,,11/1/2025,3.0,yes
12/12/2025,,20564,,,401430,,Pregnancy Test - Milk,0.704,198,20564.0401430.0,12/12/2025,2025,11/4/2025,38,20564.0401430.0_2025_11_2,3,1,first,Pregnant,Pregnant,,,11/4/2025,,
10/17/2025,,20602,,,401430,,Pregnancy Test - Milk,0.001,121,20602.0401430.0,10/17/2025,2025,9/8/2025,39,20602.0401430.0_2025_9,1,1,first,Open,Open,,,9/8/2025,94.0,
1/23/2026,,20602,,,401430,,Pregnancy Test - Milk,0.217,222,20602.0401430.0,1/23/2026,2025,12/11/2025,43,20602.0401430.0_2025_12_1,2,1,first,Re-Check,rc_rebred,,,12/11/2025,3.0,yes
1/30/2026,,20602,,,401430,,Pregnancy Test - Milk,0.211,226,20602.0401430.0,1/30/2026,2025,12/14/2025,47,20602.0401430.0_2025_12_2,3,1,first,Re-Check,rc_preg,,,12/14/2025,,
2/6/2026,,20602,,,401430,,Pregnancy Test - Milk,0.369,233,20602.0401430.0,2/6/2026,2025,12/14/2025,54,20602.0401430.0_2025_12_2,3,2,intermediate,Pregnant,rc_preg,,,12/14/2025,,
3/6/2026,,20602,,,401430,,Pregnancy Test - Milk,0.601,261,20602.0401430.0,3/6/2026,2025,12/14/2025,82,20602.0401430.0_2025_12_2,3,3,last,Pregnant,rc_preg,,,12/14/2025,,
11/27/2025,,20690,,,401430,,Pregnancy Test - Milk,0.637,138,20690.0401430.0,11/27/2025,2025,10/13/2025,45,20690.0401430.0_2025_10_1,1,1,first,Pregnant,preg_loss_rebred,,,10/13/2025,3.0,yes
1/2/2026,,20690,,,401430,,Pregnancy Test - Milk,0.197,171,20690.0401430.0,1/2/2026,2025,10/16/2025,78,20690.0401430.0_2025_10_2,2,1,first,Re-Check,rc_preg,,,10/16/2025,1.0,
1/8/2026,,20690,,,401430,,Pregnancy Test - Milk,0.368,176,20690.0401430.0,1/8/2026,2025,10/16/2025,83,20690.0401430.0_2025_10_2,2,2,last,Pregnant,rc_preg,,,10/17/2025,,
11/27/2025,,20695,,,401430,,Pregnancy Test - Milk,1.414,173,20695.0401430.0,11/27/2025,2025,10/15/2025,43,20695.0401430.0_2025_10_1,1,1,first,Pregnant,preg_loss_rebred,,,10/15/2025,3.0,yes
1/2/2026,,20695,,,401430,,Pregnancy Test - Milk,1.02,206,20695.0401430.0,1/2/2026,2025,10/18/2025,76,20695.0401430.0_2025_10_2,2,1,first,Pregnant,Pregnant,,,10/18/2025,,
11/27/2025,,20719,,,401430,,Pregnancy Test - Milk,1.222,153,20719.0401430.0,11/27/2025,2025,10/15/2025,43,20719.0401430.0_2025_10_1,1,1,first,Pregnant,preg_loss_rebred,,,10/15/2025,3.0,yes
1/2/2026,,20719,,,401430,,Pregnancy Test - Milk,0.347,186,20719.0401430.0,1/2/2026,2025,10/18/2025,76,20719.0401430.0_2025_10_2,2,1,first,Pregnant,Pregnant,,,10/18/2025,,
1/23/2026,,20732,,,401430,,Pregnancy Test - Milk,0.267,179,20732.0401430.0,1/23/2026,2025,10/28/2025,87,20732.0401430.0_2025_10_1,1,1,first,Pregnant,preg_loss_rebred,,,10/28/2025,3.0,yes
12/5/2025,,20732,,,401430,,Pregnancy Test - Milk,0.459,127,20732.0401430.0,12/5/2025,2025,10/31/2025,35,20732.0401430.0_2025_10_2,2,1,first,Pregnant,Pregnant,,,10/31/2025,,
1/23/2026,,20740,,,401430,,Pregnancy Test - Milk,0.331,174,20740.0401430.0,1/23/2026,2025,10/30/2025,85,20740.0401430.0_2025_10,1,1,first,Pregnant,preg_loss_rebred,,,10/30/2025,3.0,yes
12/12/2025,,20740,,,401430,,Pregnancy Test - Milk,0.595,129,20740.0401430.0,12/12/2025,2025,11/2/2025,40,20740.0401430.0_2025_11,2,1,first,Pregnant,Pregnant,,,11/2/2025,,
1/23/2026,,20761,,,401430,,Pregnancy Test - Milk,0.157,181,20761.0401430.0,1/23/2026,2025,10/30/2025,85,20761.0401430.0_2025_10,1,1,first,Re-Check,rc_rebred,,,10/30/2025,3.0,yes
12/12/2025,,20761,,,401430,,Pregnancy Test - Milk,0.347,136,20761.0401430.0,12/12/2025,2025,11/2/2025,40,20761.0401430.0_2025_11,2,1,first,Pregnant,rc_preg_loss_rebred,,,11/2/2025,120.0,
1/30/2026,,20761,,,401430,,Pregnancy Test - Milk,0.124,185,20761.0401430.0,1/30/2026,2025,11/2/2025,89,20761.0401430.0_2025_11,2,2,intermediate,Re-Check,rc_preg_loss_rebred,,,11/2/2025,120.0,
2/6/2026,,20761,,,401430,,Pregnancy Test - Milk,0.158,192,20761.0401430.0,2/6/2026,2025,11/2/2025,96,20761.0401430.0_2025_11,2,3,last,Re-Check,rc_preg_loss_rebred,,,11/2/2025,120.0,
4/10/2026,,20761,,,401430,,Pregnancy Test - Milk,0.361,255,20761.0401430.0,4/10/2026,2026,3/2/2026,39,20761.0401430.0_2026_3,3,1,first,Pregnant,Pregnant,,,3/2/2026,,
11/27/2025,,20762,,,401430,,Pregnancy Test - Milk,1.317,111,20762.0401430.0,11/27/2025,2025,10/19/2025,39,20762.0401430.0_2025_10_1,1,1,first,Pregnant,preg_loss_rebred,,,10/19/2025,3.0,yes
1/2/2026,,20762,,,401430,,Pregnancy Test - Milk,0.338,144,20762.0401430.0,1/2/2026,2025,10/22/2025,72,20762.0401430.0_2025_10_2,2,1,first,Pregnant,Pregnant,,,10/22/2025,,
11/27/2025,,20873,,,401430,,Pregnancy Test - Milk,0.515,113,20873.0401430.0,11/27/2025,2025,10/19/2025,39,20873.0401430.0_2025_10_1,1,1,first,Pregnant,preg_loss_rebred,,,10/19/2025,3.0,yes
1/2/2026,,20873,,,401430,,Pregnancy Test - Milk,0.189,146,20873.0401430.0,1/2/2026,2025,10/22/2025,72,20873.0401430.0_2025_10_2,2,1,first,Re-Check,rc_preg,,,10/22/2025,1.0,
1/8/2026,,20873,,,401430,,Pregnancy Test - Milk,0.245,151,20873.0401430.0,1/8/2026,2025,10/22/2025,77,20873.0401430.0_2025_10_2,2,2,intermediate,Re-Check,rc_preg,,,10/23/2025,,
1/15/2026,,20873,,,401430,,Pregnancy Test - Milk,0.177,158,20873.0401430.0,1/15/2026,2025,10/22/2025,84,20873.0401430.0_2025_10_2,2,3,intermediate,Re-Check,rc_preg,,,10/23/2025,,
1/22/2026,,20873,,,401430,,Pregnancy Test - Milk,0.266,165,20873.0401430.0,1/22/2026,2025,10/22/2025,91,20873.0401430.0_2025_10_2,2,4,last,Pregnant,rc_preg,,,10/23/2025,,
11/27/2025,,20877,,,401430,,Pregnancy Test - Milk,1.4,114,20877.0401430.0,11/27/2025,2025,10/19/2025,39,20877.0401430.0_2025_10_1,1,1,first,Pregnant,preg_loss_rebred,,,10/19/2025,3.0,yes
1/2/2026,,20877,,,401430,,Pregnancy Test - Milk,0.441,147,20877.0401430.0,1/2/2026,2025,10/22/2025,72,20877.0401430.0_2025_10_2,2,1,first,Pregnant,Pregnant,,,10/22/2025,,
11/27/2025,,20919,,,401430,,Pregnancy Test - Milk,1.694,114,20919.0401430.0,11/27/2025,2025,10/19/2025,39,20919.0401430.0_2025_10_1,1,1,first,Pregnant,preg_loss_rebred,,,10/19/2025,3.0,yes
1/2/2026,,20919,,,401430,,Pregnancy Test - Milk,1.018,147,20919.0401430.0,1/2/2026,2025,10/22/2025,72,20919.0401430.0_2025_10_2,2,1,first,Pregnant,Pregnant,,,10/22/2025,,
11/27/2025,,21023,,,401430,,Pregnancy Test - Milk,0.366,114,21023.0401430.0,11/27/2025,2025,10/19/2025,39,21023.0401430.0_2025_10_1,1,1,first,Pregnant,preg_loss_rebred,,,10/19/2025,3.0,yes
1/2/2026,,21023,,,401430,,Pregnancy Test - Milk,0.182,147,21023.0401430.0,1/2/2026,2025,10/22/2025,72,21023.0401430.0_2025_10_2,2,1,first,Re-Check,rc_preg,,,10/22/2025,1.0,
1/8/2026,,21023,,,401430,,Pregnancy Test - Milk,0.129,152,21023.0401430.0,1/8/2026,2025,10/22/2025,77,21023.0401430.0_2025_10_2,2,2,intermediate,Re-Check,rc_preg,,,10/23/2025,,
1/15/2026,,21023,,,401430,,Pregnancy Test - Milk,0.203,159,21023.0401430.0,1/15/2026,2025,10/22/2025,84,21023.0401430.0_2025_10_2,2,3,intermediate,Re-Check,rc_preg,,,10/23/2025,,
1/22/2026,,21023,,,401430,,Pregnancy Test - Milk,0.344,166,21023.0401430.0,1/22/2026,2025,10/22/2025,91,21023.0401430.0_2025_10_2,2,4,last,Pregnant,rc_preg,,,10/23/2025,,
1/23/2026,,21049,,,401430,,Pregnancy Test - Milk,0.157,115,21049.0401430.0,1/23/2026,2025,12/8/2025,46,21049.0401430.0_2025_12_1,1,1,first,Re-Check,rc_rebred,,,12/8/2025,3.0,yes
1/16/2026,,21049,,,401430,,Pregnancy Test - Milk,0.211,105,21049.0401430.0,1/16/2026,2025,12/11/2025,36,21049.0401430.0_2025_12_2,2,1,first,Re-Check,rc_preg,,,12/11/2025,,
1/30/2026,,21049,,,401430,,Pregnancy Test - Milk,0.102,119,21049.0401430.0,1/30/2026,2025,12/11/2025,50,21049.0401430.0_2025_12_2,2,2,intermediate,Re-Check,rc_preg,,,12/11/2025,,
2/6/2026,,21049,,,401430,,Pregnancy Test - Milk,0.321,126,21049.0401430.0,2/6/2026,2025,12/11/2025,57,21049.0401430.0_2025_12_2,2,3,intermediate,Pregnant,rc_preg,,,12/11/2025,,
2/27/2026,,21049,,,401430,,Pregnancy Test - Milk,0.357,147,21049.0401430.0,2/27/2026,2025,12/11/2025,78,21049.0401430.0_2025_12_2,2,4,last,Pregnant,rc_preg,,,12/11/2025,,
11/27/2025,,21061,,,401430,,Pregnancy Test - Milk,-0.008,113,21061.0401430.0,11/27/2025,2025,11/23/2025,4,21061.0401430.0_2025_11_1,1,1,first,Open,Open,,,11/23/2025,3.0,yes
1/2/2026,,21061,,,401430,,Pregnancy Test - Milk,0.606,146,21061.0401430.0,1/2/2026,2025,11/26/2025,37,21061.0401430.0_2025_11_2,2,1,first,Pregnant,Pregnant,,,11/26/2025,1.0,
2/20/2026,,21061,,,401430,,Pregnancy Test - Milk,1.965,194,21061.0401430.0,2/20/2026,2025,11/26/2025,85,21061.0401430.0_2025_11_2,2,2,last,Pregnant,Pregnant,,,11/27/2025,,
8/28/2025,,2389,,,401430,,Pregnancy Test - Milk,0.965,145,2389.0401430.0,8/28/2025,2025,7/19/2025,40,2389.0401430.0_2025_7_1,1,1,first,Pregnant,preg_loss_rebred,,,7/19/2025,2.0,yes
10/2/2025,,2389,,,401430,,Pregnancy Test - Milk,0.469,178,2389.0401430.0,10/2/2025,2025,7/21/2025,73,2389.0401430.0_2025_7_2,2,1,first,Pregnant,Pregnant,,,7/21/2025,,
8/28/2025,,2992,,,401430,,Pregnancy Test - Milk,0.808,148,2992.0401430.0,8/28/2025,2025,7/22/2025,37,2992.0401430.0_2025_7_1,1,1,first,Pregnant,preg_loss_rebred,,,7/22/2025,2.0,yes
10/9/2025,,2992,,,401430,,Pregnancy Test - Milk,0.396,188,2992.0401430.0,10/9/2025,2025,7/24/2025,77,2992.0401430.0_2025_7_2,2,1,first,Pregnant,Pregnant,,,7/24/2025,,
12/31/2025,,30008,,,401430,,Pregnancy Test - Milk,0.609,107,30008.0401430.0,12/31/2025,2025,11/24/2025,37,30008.0401430.0_2025_11_1,1,1,first,Pregnant,preg_loss_rebred,,,11/24/2025,3.0,yes
2/5/2026,,30008,,,401430,,Pregnancy Test - Milk,0.197,140,30008.0401430.0,2/5/2026,2025,11/27/2025,70,30008.0401430.0_2025_11_2,2,1,first,Re-Check,rc_preg,,,11/27/2025,,
2/12/2026,,30008,,,401430,,Pregnancy Test - Milk,1.131,147,30008.0401430.0,2/12/2026,2025,11/27/2025,77,30008.0401430.0_2025_11_2,2,2,last,Pregnant,rc_preg,,,11/27/2025,,
4/7/2026,,3222,,,401430,,Pregnancy Test - Milk,0.677,151,3222.0401430.0,4/7/2026,2026,1/13/2026,84,3222.0401430.0_2026_1_1,1,1,first,Pregnant,preg_loss_rebred,,,1/13/2026,2.0,yes
2/19/2026,,3222,,,401430,,Pregnancy Test - Milk,0.518,102,3222.0401430.0,2/19/2026,2026,1/15/2026,35,3222.0401430.0_2026_1_2,2,1,first,Pregnant,Pregnant,,,1/15/2026,,
8/28/2025,,332087,,,401430,,Pregnancy Test - Milk,1.152,109,332087.0401430.0,8/28/2025,2025,7/22/2025,37,332087.0401430.0_2025_7_1,1,1,first,Pregnant,preg_loss_rebred,,,7/22/2025,2.0,yes
10/9/2025,,332087,,,401430,,Pregnancy Test - Milk,1.386,149,332087.0401430.0,10/9/2025,2025,7/24/2025,77,332087.0401430.0_2025_7_2,2,1,first,Pregnant,Pregnant,,,7/24/2025,,
11/27/2025,,3419,,,401430,,Pregnancy Test - Milk,0.865,111,3419.0401430.0,11/27/2025,2025,10/19/2025,39,3419.0401430.0_2025_10_1,1,1,first,Pregnant,preg_loss_rebred,,,10/19/2025,3.0,yes
1/2/2026,,3419,,,401430,,Pregnancy Test - Milk,0.395,144,3419.0401430.0,1/2/2026,2025,10/22/2025,72,3419.0401430.0_2025_10_2,2,1,first,Pregnant,Pregnant,,,10/22/2025,,
8/20/2025,,3864,,,401430,,Pregnancy Test - Milk,0.025,110,3864.0401430.0,8/20/2025,2025,7/16/2025,35,3864.0401430.0_2025_7,1,1,first,Open,Open,,,7/16/2025,46.0,
10/8/2025,,3864,,,401430,,Pregnancy Test - Milk,0.015,159,3864.0401430.0,10/8/2025,2025,8/31/2025,38,3864.0401430.0_2025_8,2,1,first,Open,Open,,,8/31/2025,53.0,
11/26/2025,,3864,,,401430,,Pregnancy Test - Milk,0.167,207,3864.0401430.0,11/26/2025,2025,10/23/2025,34,3864.0401430.0_2025_10,3,1,first,Re-Check,rc_open,,,10/23/2025,45.0,
12/4/2025,,3864,,,401430,,Pregnancy Test - Milk,0.098,215,3864.0401430.0,12/4/2025,2025,10/23/2025,42,3864.0401430.0_2025_10,3,2,last,Open,rc_open,,,10/23/2025,45.0,
1/15/2026,,3864,,,401430,,Pregnancy Test - Milk,-0.002,257,3864.0401430.0,1/15/2026,2025,12/7/2025,39,3864.0401430.0_2025_12,4,1,first,Open,Open,,,12/7/2025,51.0,
4/7/2026,,3864,,,401430,,Pregnancy Test - Milk,0.742,341,3864.0401430.0,4/7/2026,2026,1/27/2026,70,3864.0401430.0_2026_1_1,5,1,first,Pregnant,preg_loss_rebred,,,1/27/2026,2.0,yes
3/5/2026,,3864,,,401430,,Pregnancy Test - Milk,1.77,306,3864.0401430.0,3/5/2026,2026,1/29/2026,35,3864.0401430.0_2026_1_2,6,1,first,Pregnant,Pregnant,,,1/29/2026,,
8/28/2025,,404,,,401430,,Pregnancy Test - Milk,0.447,107,404.0401430.0,8/28/2025,2025,7/22/2025,37,404.0401430.0_2025_7_1,1,1,first,Pregnant,preg_loss_rebred,,,7/22/2025,2.0,yes
10/9/2025,,404,,,401430,,Pregnancy Test - Milk,0.349,147,404.0401430.0,10/9/2025,2025,7/24/2025,77,404.0401430.0_2025_7_2,2,1,first,Pregnant,Pregnant,,,7/24/2025,,
8/28/2025,,4059,,,401430,,Pregnancy Test - Milk,0.87,173,4059.0401430.0,8/28/2025,2025,7/19/2025,40,4059.0401430.0_2025_7_1,1,1,first,Pregnant,preg_loss_rebred,,,7/19/2025,2.0,yes
10/2/2025,,4059,,,401430,,Pregnancy Test - Milk,0.65,206,4059.0401430.0,10/2/2025,2025,7/21/2025,73,4059.0401430.0_2025_7_2,2,1,first,Pregnant,Pregnant,,,7/21/2025,,
8/27/2025,,47729,,,401430,,Pregnancy Test - Milk,0.039,119,47729.0401430.0,8/27/2025,2025,7/23/2025,35,47729.0401430.0_2025_7,1,1,first,Open,Open,,,7/23/2025,50.0,
10/16/2025,,47729,,,401430,,Pregnancy Test - Milk,0.974,168,47729.0401430.0,10/16/2025,2025,9/11/2025,35,47729.0401430.0_2025_9,2,1,first,Pregnant,loss,,,9/11/2025,71.0,
11/20/2025,,47729,,,401430,,Pregnancy Test - Milk,0.041,203,47729.0401430.0,11/20/2025,2025,9/11/2025,70,47729.0401430.0_2025_9,2,2,last,Open,loss,,,9/11/2025,71.0,
12/31/2025,,47729,,,401430,,Pregnancy Test - Milk,0.837,247,47729.0401430.0,12/31/2025,2025,11/21/2025,40,47729.0401430.0_2025_11_1,3,1,first,Pregnant,preg_loss_rebred,,,11/21/2025,3.0,yes
2/5/2026,,47729,,,401430,,Pregnancy Test - Milk,0.753,280,47729.0401430.0,2/5/2026,2025,11/24/2025,73,47729.0401430.0_2025_11_2,4,1,first,Pregnant,Pregnant,,,11/24/2025,,
9/11/2025,,5091,,,401430,,Pregnancy Test - Milk,0.912,126,5091.0401430.0,9/11/2025,2025,8/8/2025,34,5091.0401430.0_2025_8,1,1,first,Pregnant,preg_loss_rebred,,,8/8/2025,108.0,
12/31/2025,,5091,,,401430,,Pregnancy Test - Milk,0.609,240,5091.0401430.0,12/31/2025,2025,11/24/2025,37,5091.0401430.0_2025_11_1,2,1,first,Pregnant,preg_loss_rebred,,,11/24/2025,3.0,yes
2/5/2026,,5091,,,401430,,Pregnancy Test - Milk,0.472,273,5091.0401430.0,2/5/2026,2025,11/27/2025,70,5091.0401430.0_2025_11_2,3,1,first,Pregnant,Pregnant,,,11/27/2025,,
7/17/2025,,5132,,,401430,,Pregnancy Test - Milk,0.073,120,5132.0401430.0,7/17/2025,2025,6/12/2025,35,5132.0401430.0_2025_6,1,1,first,Open,Open,,,6/12/2025,77.0,
10/2/2025,,5132,,,401430,,Pregnancy Test - Milk,0.128,197,5132.0401430.0,10/2/2025,2025,8/28/2025,35,5132.0401430.0_2025_8,2,1,first,Re-Check,rc_rebred,,,8/28/2025,37.0,
11/12/2025,,5132,,,401430,,Pregnancy Test - Milk,0.057,239,5132.0401430.0,11/12/2025,2025,10/4/2025,39,5132.0401430.0_2025_10,3,1,first,Open,Open,,,10/4/2025,51.0,
12/31/2025,,5132,,,401430,,Pregnancy Test - Milk,1.179,290,5132.0401430.0,12/31/2025,2025,11/24/2025,37,5132.0401430.0_2025_11_1,4,1,first,Pregnant,preg_loss_rebred,,,11/24/2025,3.0,yes
2/5/2026,,5132,,,401430,,Pregnancy Test - Milk,0.291,323,5132.0401430.0,2/5/2026,2025,11/27/2025,70,5132.0401430.0_2025_11_2,5,1,first,Pregnant,Pregnant,,,11/27/2025,,
12/31/2025,,5274,,,401430,,Pregnancy Test - Milk,0.347,175,5274.0401430.0,12/31/2025,2025,10/18/2025,74,5274.0401430.0_2025_10_1,1,1,first,Pregnant,preg_loss_rebred,,,10/18/2025,3.0,yes
11/26/2025,,5274,,,401430,,Pregnancy Test - Milk,1.147,137,5274.0401430.0,11/26/2025,2025,10/21/2025,36,5274.0401430.0_2025_10_2,2,1,first,Pregnant,Pregnant,,,10/21/2025,,
4/7/2026,,5314,,,401430,,Pregnancy Test - Milk,0.309,135,5314.0401430.0,4/7/2026,2026,1/19/2026,78,5314.0401430.0_2026_1_1,1,1,first,Pregnant,preg_loss_rebred,,,1/19/2026,2.0,yes
2/26/2026,,5314,,,401430,,Pregnancy Test - Milk,0.889,93,5314.0401430.0,2/26/2026,2026,1/21/2026,36,5314.0401430.0_2026_1_2,2,1,first,Pregnant,Pregnant,,,1/21/2026,,
8/7/2025,,5343,,,401430,,Pregnancy Test - Milk,0.364,111,5343.0401430.0,8/7/2025,2025,7/3/2025,35,5343.0401430.0_2025_7,1,1,first,Pregnant,preg_loss_rebred,,,7/3/2025,108.0,
12/31/2025,,5343,,,401430,,Pregnancy Test - Milk,0.266,260,5343.0401430.0,12/31/2025,2025,10/19/2025,73,5343.0401430.0_2025_10_1,2,1,first,Pregnant,preg_loss_rebred,,,10/19/2025,3.0,yes
11/26/2025,,5343,,,401430,,Pregnancy Test - Milk,0.644,222,5343.0401430.0,11/26/2025,2025,10/22/2025,35,5343.0401430.0_2025_10_2,3,1,first,Pregnant,Pregnant,,,10/22/2025,,
12/18/2025,,7708,,,401430,,Pregnancy Test - Milk,0.033,108,7708.0401430.0,12/18/2025,2025,11/13/2025,35,7708.0401430.0_2025_11,1,1,first,Open,Open,,,11/13/2025,73.0,
4/7/2026,,7708,,,401430,,Pregnancy Test - Milk,0.703,220,7708.0401430.0,4/7/2026,2026,1/25/2026,72,7708.0401430.0_2026_1_1,2,1,first,Pregnant,preg_loss_rebred,,,1/25/2026,2.0,yes
3/5/2026,,7708,,,401430,,Pregnancy Test - Milk,1.529,185,7708.0401430.0,3/5/2026,2026,1/27/2026,37,7708.0401430.0_2026_1_2,3,1,first,Pregnant,Pregnant,,,1/27/2026,,
1/23/2026,,7756,,,401430,,Pregnancy Test - Milk,0.19,156,7756.0401430.0,1/23/2026,2025,11/3/2025,81,7756.0401430.0_2025_11_1,1,1,first,Re-Check,rc_rebred,,,11/3/2025,3.0,yes
12/12/2025,,7756,,,401430,,Pregnancy Test - Milk,1.097,111,7756.0401430.0,12/12/2025,2025,11/6/2025,36,7756.0401430.0_2025_11_2,2,1,first,Pregnant,Pregnant,,,11/6/2025,,
1/30/2026,,7756,,,401430,,Pregnancy Test - Milk,0.379,160,7756.0401430.0,1/30/2026,2025,11/6/2025,85,7756.0401430.0_2025_11_2,2,2,last,Pregnant,Pregnant,,,11/6/2025,,
8/28/2025,,813124,,,401430,,Pregnancy Test - Milk,0.966,112,813124.0401430.0,8/28/2025,2025,7/22/2025,37,813124.0401430.0_2025_7_1,1,1,first,Pregnant,preg_loss_rebred,,,7/22/2025,2.0,yes
10/23/2025,,813124,,,401430,,Pregnancy Test - Milk,1.454,166,813124.0401430.0,10/23/2025,2025,7/24/2025,91,813124.0401430.0_2025_7_2,2,1,first,Pregnant,Pregnant,,,7/24/2025,,
12/31/2025,,860,,,401430,,Pregnancy Test - Milk,0.351,143,860.0401430.0,12/31/2025,2025,10/20/2025,72,860.0401430.0_2025_10_1,1,1,first,Pregnant,preg_loss_rebred,,,10/20/2025,3.0,yes
11/26/2025,,860,,,401430,,Pregnancy Test - Milk,1.413,105,860.0401430.0,11/26/2025,2025,10/23/2025,34,860.0401430.0_2025_10_2,2,1,first,Pregnant,Pregnant,,,10/23/2025,,
12/31/2025,,8663,,,401430,,Pregnancy Test - Milk,0.041,191,8663.0401430.0,12/31/2025,2025,10/15/2025,77,8663.0401430.0_2025_10_1,1,1,first,Open,Open,,,10/15/2025,3.0,yes
11/26/2025,,8663,,,401430,,Pregnancy Test - Milk,0.387,153,8663.0401430.0,11/26/2025,2025,10/18/2025,39,8663.0401430.0_2025_10_2,2,1,first,Pregnant,Pregnant,,,10/18/2025,,
11/20/2025,,9190,,,401430,,Pregnancy Test - Milk,1,110,9190.0401430.0,11/20/2025,2025,10/16/2025,35,9190.0401430.0_2025_10,1,1,first,Pregnant,preg_loss_rebred,,,10/16/2025,39.0,
12/31/2025,,9190,,,401430,,Pregnancy Test - Milk,0.972,154,9190.0401430.0,12/31/2025,2025,11/24/2025,37,9190.0401430.0_2025_11_1,2,1,first,Pregnant,preg_loss_rebred,,,11/24/2025,3.0,yes
2/5/2026,,9190,,,401430,,Pregnancy Test - Milk,0.48,187,9190.0401430.0,2/5/2026,2025,11/27/2025,70,9190.0401430.0_2025_11_2,3,1,first,Pregnant,Pregnant,,,11/27/2025,,
6/4/2025,,9378,,,401430,,Pregnancy Test - Milk,0.132,129,9378.0401430.0,6/4/2025,2025,4/23/2025,42,9378.0401430.0_2025_4,1,2,intermediate,Re-Check,rc_open,,,4/23/2025,1.0,
7/1/2025,,9378,,,401430,,Pregnancy Test - Milk,0.145,156,9378.0401430.0,7/1/2025,2025,4/23/2025,69,9378.0401430.0_2025_4,1,6,intermediate,Re-Check,rc_open,,,4/23/2025,1.0,
5/29/2025,,9378,,,401430,,Pregnancy Test - Milk,0.228,122,9378.0401430.0,5/29/2025,2025,4/23/2025,35,9378.0401430.0_2025_4,1,1,first,Re-Check,rc_open,,,4/24/2025,216.0,
6/12/2025,,9378,,,401430,,Pregnancy Test - Milk,0.13,136,9378.0401430.0,6/12/2025,2025,4/23/2025,49,9378.0401430.0_2025_4,1,3,intermediate,Re-Check,rc_open,,,4/24/2025,216.0,
6/19/2025,,9378,,,401430,,Pregnancy Test - Milk,0.152,143,9378.0401430.0,6/19/2025,2025,4/23/2025,56,9378.0401430.0_2025_4,1,4,intermediate,Re-Check,rc_open,,,4/24/2025,216.0,
6/26/2025,,9378,,,401430,,Pregnancy Test - Milk,0.115,150,9378.0401430.0,6/26/2025,2025,4/23/2025,63,9378.0401430.0_2025_4,1,5,intermediate,Re-Check,rc_open,,,4/24/2025,216.0,
7/10/2025,,9378,,,401430,,Pregnancy Test - Milk,0.114,164,9378.0401430.0,7/10/2025,2025,4/23/2025,77,9378.0401430.0_2025_4,1,7,intermediate,Re-Check,rc_open,,,4/24/2025,216.0,
7/17/2025,,9378,,,401430,,Pregnancy Test - Milk,0.019,171,9378.0401430.0,7/17/2025,2025,4/23/2025,84,9378.0401430.0_2025_4,1,8,last,Open,rc_open,,,4/24/2025,216.0,
12/31/2025,,9378,,,401430,,Pregnancy Test - Milk,0.496,341,9378.0401430.0,12/31/2025,2025,11/26/2025,35,9378.0401430.0_2025_11_1,2,1,first,Pregnant,preg_loss_rebred,,,11/26/2025,3.0,yes
2/12/2026,,9378,,,401430,,Pregnancy Test - Milk,0.378,381,9378.0401430.0,2/12/2026,2025,11/29/2025,75,9378.0401430.0_2025_11_2,3,1,first,Pregnant,Pregnant,,,11/29/2025,,
11/13/2025,,9656,,,401430,,Pregnancy Test - Milk,0.497,110,9656.0401430.0,11/13/2025,2025,10/9/2025,35,9656.0401430.0_2025_10,1,1,first,Pregnant,preg_loss_rebred,,,10/9/2025,75.0,
12/23/2025,,9656,,,401430,,Pregnancy Test - Milk,0.15,150,9656.0401430.0,12/23/2025,2025,12/23/2025,0,9656.0401430.0_2025_12,2,1,first,Re-Check,rc_rebred,,,12/23/2025,71.0,
4/7/2026,,9656,,,401430,,Pregnancy Test - Milk,0.99,257,9656.0401430.0,4/7/2026,2026,3/4/2026,34,9656.0401430.0_2026_3_1,3,1,first,Pregnant,preg_loss_rebred,,,3/4/2026,2.0,yes
5/21/2026,,9656,,,401430,,Pregnancy Test - Milk,1.144,299,9656.0401430.0,5/21/2026,2026,3/6/2026,76,9656.0401430.0_2026_3_2,4,1,first,Pregnant,Pregnant,,,3/6/2026,,
