Date Collected,CowID,ClientID,Test,Result,S-N Value,DIM,DSLB
05/29/2025,21497,398645,Pregnancy Test - Milk,Pregnant,0.704,157,0
05/29/2025,21721,398645,Pregnancy Test - Milk,Pregnant,0.79,155,113
05/29/2025,14269,398645,Pregnancy Test - Milk,Pregnant,POS,281,0
05/29/2025,20393,398645,Pregnancy Test - Milk,Pregnant,0.434,142,71
05/29/2025,19997,398645,Pregnancy Test - Milk,Pregnant,POS,255,183
05/29/2025,20364,398645,Pregnancy Test - Milk,Pregnant,0.842,151,73
05/29/2025,20009,398645,Pregnancy Test - Milk,Pregnant,1.248,250,0
05/29/2025,21909,398645,Pregnancy Test - Milk,Pregnant,0.377,159,97
05/29/2025,21899,398645,Pregnancy Test - Milk,Pregnant,0.458,156,86
05/29/2025,21815,398645,Pregnancy Test - Milk,Pregnant,0.387,180,37
05/29/2025,19902,398645,Pregnancy Test - Milk,Pregnant,2.823,252,19
05/29/2025,18840,398645,Pregnancy Test - Milk,Pregnant,0.329,152,71
05/29/2025,19749,398645,Pregnancy Test - Milk,Pregnant,0.514,244,67
05/29/2025,18593,398645,Pregnancy Test - Milk,Pregnant,0.289,152,71
05/29/2025,19326,398645,Pregnancy Test - Milk,Pregnant,POS,259,183
05/29/2025,19917,398645,Pregnancy Test - Milk,Pregnant,0.541,207,68
05/29/2025,20128,398645,Pregnancy Test - Milk,Pregnant,0.385,190,66
05/29/2025,18334,398645,Pregnancy Test - Milk,Pregnant,0.43,204,70
05/29/2025,21122,398645,Pregnancy Test - Milk,Pregnant,2.562,341,149
05/29/2025,20767,398645,Pregnancy Test - Milk,Pregnant,2.828,275,149
05/29/2025,21738,398645,Pregnancy Test - Milk,Pregnant,0.414,153,86
05/29/2025,21282,398645,Pregnancy Test - Milk,Pregnant,POS,278,0
05/29/2025,15027,398645,Pregnancy Test - Milk,Pregnant,0.636,205,70
05/29/2025,18156,398645,Pregnancy Test - Milk,Pregnant,2.62,273,0
05/29/2025,8505,398645,Pregnancy Test - Milk,Pregnant,1.313,303,0
05/29/2025,19158,398645,Pregnancy Test - Milk,Pregnant,POS,332,0
05/29/2025,17920,398645,Pregnancy Test - Milk,Pregnant,0.802,141,71
05/29/2025,20248,398645,Pregnancy Test - Milk,Pregnant,0.632,148,71
05/29/2025,12268,398645,Pregnancy Test - Milk,Pregnant,1.276,282,0
05/29/2025,19871,398645,Pregnancy Test - Milk,Pregnant,0.254,159,0
05/29/2025,21701,398645,Pregnancy Test - Milk,Pregnant,0.608,203,37
05/29/2025,21682,398645,Pregnancy Test - Milk,Re-Check,0.236,153,86
05/29/2025,18045,398645,Pregnancy Test - Milk,Re-Check,0.192,164,40
05/29/2025,17969,398645,Pregnancy Test - Milk,Pregnant,1.81,293,0
05/29/2025,20116,398645,Pregnancy Test - Milk,Pregnant,0.271,142,68
05/29/2025,20205,398645,Pregnancy Test - Milk,Re-Check,0.194,148,71
05/29/2025,19993,398645,Pregnancy Test - Milk,Pregnant,0.471,152,69
05/29/2025,19925,398645,Pregnancy Test - Milk,Pregnant,2.27,277,0
05/29/2025,19321,398645,Pregnancy Test - Milk,Pregnant,POS,256,183
05/29/2025,21288,398645,Pregnancy Test - Milk,Pregnant,0.88,251,149
05/29/2025,17536,398645,Pregnancy Test - Milk,Pregnant,POS,346,149
05/29/2025,19736,398645,Pregnancy Test - Milk,Pregnant,2.563,291,14
05/29/2025,19789,398645,Pregnancy Test - Milk,Pregnant,1.232,272,103
05/29/2025,13193,398645,Pregnancy Test - Milk,Pregnant,2.311,313,0
05/29/2025,19947,398645,Pregnancy Test - Milk,Pregnant,2.085,275,0
05/29/2025,19350,398645,Pregnancy Test - Milk,Pregnant,1.602,341,0
05/29/2025,21332,398645,Pregnancy Test - Milk,Pregnant,1.616,285,149
05/29/2025,18708,398645,Pregnancy Test - Milk,Pregnant,0.417,167,37
05/29/2025,19710,398645,Pregnancy Test - Milk,Pregnant,1.684,259,0
05/29/2025,16380,398645,Pregnancy Test - Milk,Pregnant,2.686,259,0
05/29/2025,18181,398645,Pregnancy Test - Milk,Re-Check,0.225,146,71
05/29/2025,20173,398645,Pregnancy Test - Milk,Pregnant,0.608,197,69
05/29/2025,15935,398645,Pregnancy Test - Milk,Pregnant,POS,344,149
05/29/2025,21695,398645,Pregnancy Test - Milk,Pregnant,0.343,206,89
05/29/2025,21464,398645,Pregnancy Test - Milk,Pregnant,POS,269,0
05/29/2025,20026,398645,Pregnancy Test - Milk,Pregnant,2.498,260,183
05/29/2025,20176,398645,Pregnancy Test - Milk,Pregnant,0.439,223,68
05/29/2025,1204,398645,Pregnancy Test - Milk,Pregnant,2.231,345,0
05/29/2025,21769,398645,Pregnancy Test - Milk,Pregnant,0.331,164,93
05/29/2025,16574,398645,Pregnancy Test - Milk,Pregnant,1.863,272,141
05/29/2025,19943,398645,Pregnancy Test - Milk,Pregnant,2.767,256,109
05/29/2025,17460,398645,Pregnancy Test - Milk,Re-Check,0.239,139,69
05/29/2025,17986,398645,Pregnancy Test - Milk,Pregnant,1.602,322,0
05/29/2025,21572,398645,Pregnancy Test - Milk,Pregnant,0.771,238,69
05/29/2025,20841,398645,Pregnancy Test - Milk,Pregnant,1.018,376,0
05/29/2025,21328,398645,Pregnancy Test - Milk,Pregnant,2.091,265,0
05/29/2025,21156,398645,Pregnancy Test - Milk,Pregnant,2.783,288,149
05/29/2025,21094,398645,Pregnancy Test - Milk,Pregnant,2.446,313,149
05/29/2025,10046,398645,Pregnancy Test - Milk,Pregnant,1.115,350,281
05/29/2025,18916,398645,Pregnancy Test - Milk,Pregnant,0.378,143,71
05/29/2025,20059,398645,Pregnancy Test - Milk,Pregnant,0.482,203,68
05/29/2025,19776,398645,Pregnancy Test - Milk,Pregnant,0.397,147,71
05/29/2025,21105,398645,Pregnancy Test - Milk,Pregnant,2.355,340,149
05/29/2025,21375,398645,Pregnancy Test - Milk,Pregnant,1.741,263,0
05/29/2025,19994,398645,Pregnancy Test - Milk,Pregnant,2.496,262,0
05/29/2025,20378,398645,Pregnancy Test - Milk,Pregnant,1.142,180,69
05/29/2025,19722,398645,Pregnancy Test - Milk,Pregnant,2.085,278,149
05/29/2025,20103,398645,Pregnancy Test - Milk,Pregnant,0.719,188,71
05/29/2025,21091,398645,Pregnancy Test - Milk,Pregnant,POS,280,211
05/29/2025,21812,398645,Pregnancy Test - Milk,Pregnant,0.52,155,37
05/29/2025,18085,398645,Pregnancy Test - Milk,Pregnant,2.039,347,0
05/29/2025,19861,398645,Pregnancy Test - Milk,Pregnant,1.628,268,0
05/29/2025,18150,398645,Pregnancy Test - Milk,Pregnant,0.709,277,70
05/29/2025,19542,398645,Pregnancy Test - Milk,Pregnant,2.325,290,0
05/29/2025,21528,398645,Pregnancy Test - Milk,Pregnant,POS,254,21
05/29/2025,19879,398645,Pregnancy Test - Milk,Pregnant,0.616,259,68
05/29/2025,20934,398645,Pregnancy Test - Milk,Pregnant,POS,350,71
05/29/2025,16530,398645,Pregnancy Test - Milk,Pregnant,0.352,196,67
05/29/2025,21588,398645,Pregnancy Test - Milk,Pregnant,0.414,220,106
05/29/2025,21392,398645,Pregnancy Test - Milk,Pregnant,0.663,283,73
05/29/2025,17125,398645,Pregnancy Test - Milk,Pregnant,0.485,163,70
05/29/2025,12527,398645,Pregnancy Test - Milk,Pregnant,0.363,139,71
05/29/2025,16644,398645,Pregnancy Test - Milk,Pregnant,0.293,200,75
05/29/2025,15938,398645,Pregnancy Test - Milk,Pregnant,1.332,306,0
05/29/2025,18784,398645,Pregnancy Test - Milk,Open,0.019,147,71
05/29/2025,21327,398645,Pregnancy Test - Milk,Pregnant,0.566,298,69
05/29/2025,20332,398645,Pregnancy Test - Milk,Pregnant,1.136,190,63
05/29/2025,15933,398645,Pregnancy Test - Milk,Pregnant,2.231,304,93
05/29/2025,21034,398645,Pregnancy Test - Milk,Pregnant,2.837,257,0
05/29/2025,21740,398645,Pregnancy Test - Milk,Pregnant,0.3,200,71
05/29/2025,18871,398645,Pregnancy Test - Milk,Pregnant,0.67,141,71
05/29/2025,21544,398645,Pregnancy Test - Milk,Pregnant,0.974,177,30
05/29/2025,21901,398645,Pregnancy Test - Milk,Open,0.017,155,3
05/29/2025,12330,398645,Pregnancy Test - Milk,Pregnant,1.787,307,0
05/29/2025,19856,398645,Pregnancy Test - Milk,Pregnant,1.556,269,149
05/29/2025,16015,398645,Pregnancy Test - Milk,Pregnant,1.64,411,0
05/29/2025,18670,398645,Pregnancy Test - Milk,Pregnant,0.476,172,66
05/29/2025,17858,398645,Pregnancy Test - Milk,Pregnant,2.43,303,0
05/29/2025,18424,398645,Pregnancy Test - Milk,Pregnant,2.498,278,0
06/05/2025,20072,398645,Pregnancy Test - Milk,Pregnant,0.558,187,66
06/05/2025,21205,398645,Pregnancy Test - Milk,Pregnant,2.162,305,32
06/05/2025,21712,398645,Pregnancy Test - Milk,Pregnant,0.294,206,69
06/05/2025,19378,398645,Pregnancy Test - Milk,Pregnant,2.156,255,187
06/05/2025,21312,398645,Pregnancy Test - Milk,Pregnant,2.075,285,149
06/05/2025,21289,398645,Pregnancy Test - Milk,Pregnant,2.397,306,149
06/05/2025,21620,398645,Pregnancy Test - Milk,Pregnant,0.529,221,30
06/05/2025,21607,398645,Pregnancy Test - Milk,Pregnant,0.418,228,69
06/05/2025,20978,398645,Pregnancy Test - Milk,Pregnant,POS,380,183
06/05/2025,19903,398645,Pregnancy Test - Milk,Re-Check,0.235,211,71
06/05/2025,19987,398645,Pregnancy Test - Milk,Pregnant,0.3,152,78
06/05/2025,15542,398645,Pregnancy Test - Milk,Pregnant,0.332,140,71
06/05/2025,21373,398645,Pregnancy Test - Milk,Pregnant,1.726,293,182
06/05/2025,18363,398645,Pregnancy Test - Milk,Pregnant,0.365,225,69
06/05/2025,21436,398645,Pregnancy Test - Milk,Pregnant,1.539,271,47
06/05/2025,18355,398645,Pregnancy Test - Milk,Pregnant,0.539,255,70
06/05/2025,15521,398645,Pregnancy Test - Milk,Pregnant,0.415,195,69
06/05/2025,18431,398645,Pregnancy Test - Milk,Pregnant,1.291,254,149
06/05/2025,21590,398645,Pregnancy Test - Milk,Pregnant,0.315,239,37
06/05/2025,19753,398645,Pregnancy Test - Milk,Pregnant,1.033,300,0
06/05/2025,13378,398645,Pregnancy Test - Milk,Pregnant,2.037,260,183
06/05/2025,21592,398645,Pregnancy Test - Milk,Pregnant,0.507,199,30
06/05/2025,9845,398645,Pregnancy Test - Milk,Pregnant,0.306,141,66
06/05/2025,15969,398645,Pregnancy Test - Milk,Pregnant,POS,250,182
06/05/2025,20111,398645,Pregnancy Test - Milk,Re-Check,0.207,159,69
06/05/2025,20445,398645,Pregnancy Test - Milk,Pregnant,0.333,152,74
06/05/2025,14650,398645,Pregnancy Test - Milk,Pregnant,1.926,271,182
06/05/2025,20124,398645,Pregnancy Test - Milk,Pregnant,0.648,222,30
06/05/2025,21245,398645,Pregnancy Test - Milk,Pregnant,2.238,312,186
06/05/2025,21891,398645,Pregnancy Test - Milk,Pregnant,0.603,175,29
06/05/2025,21898,398645,Pregnancy Test - Milk,Re-Check,0.207,179,37
06/05/2025,18801,398645,Pregnancy Test - Milk,Pregnant,0.442,161,66
06/05/2025,21208,398645,Pregnancy Test - Milk,Pregnant,POS,313,183
06/05/2025,16471,398645,Pregnancy Test - Milk,Pregnant,1.977,266,56
06/05/2025,21191,398645,Pregnancy Test - Milk,Pregnant,2.605,299,183
06/05/2025,15823,398645,Pregnancy Test - Milk,Pregnant,0.309,141,70
06/05/2025,18988,398645,Pregnancy Test - Milk,Re-Check,0.218,139,69
06/05/2025,19328,398645,Pregnancy Test - Milk,Pregnant,1.949,322,185
06/05/2025,20452,398645,Pregnancy Test - Milk,Pregnant,0.456,155,37
06/05/2025,17984,398645,Pregnancy Test - Milk,Re-Check,0.211,335,149
06/05/2025,18543,398645,Pregnancy Test - Milk,Pregnant,2.221,270,182
06/05/2025,19968,398645,Pregnancy Test - Milk,Pregnant,1.379,272,0
06/05/2025,21825,398645,Pregnancy Test - Milk,Re-Check,0.237,164,0
06/05/2025,15041,398645,Pregnancy Test - Milk,Pregnant,0.424,196,70
06/05/2025,16781,398645,Pregnancy Test - Milk,Pregnant,0.619,202,166
06/05/2025,21318,398645,Pregnancy Test - Milk,Pregnant,1.663,301,81
06/05/2025,19923,398645,Pregnancy Test - Milk,Pregnant,2.617,260,184
06/05/2025,18514,398645,Pregnancy Test - Milk,Pregnant,0.321,162,70
06/05/2025,18349,398645,Pregnancy Test - Milk,Pregnant,2.466,250,149
06/05/2025,21816,398645,Pregnancy Test - Milk,Pregnant,0.335,145,68
06/05/2025,16565,398645,Pregnancy Test - Milk,Pregnant,0.739,139,49
06/05/2025,19359,398645,Pregnancy Test - Milk,Pregnant,POS,344,187
06/05/2025,19926,398645,Pregnancy Test - Milk,Re-Check,0.229,279,68
06/05/2025,21529,398645,Pregnancy Test - Milk,Pregnant,0.655,258,37
06/05/2025,20199,398645,Pregnancy Test - Milk,Pregnant,0.786,171,68
06/05/2025,21834,398645,Pregnancy Test - Milk,Pregnant,0.278,177,69
06/05/2025,21501,398645,Pregnancy Test - Milk,Pregnant,2.316,259,184
06/05/2025,16379,398645,Pregnancy Test - Milk,Pregnant,1.932,286,0
06/05/2025,21057,398645,Pregnancy Test - Milk,Pregnant,0.534,337,37
06/05/2025,21175,398645,Pregnancy Test - Milk,Pregnant,POS,330,0
06/05/2025,18198,398645,Pregnancy Test - Milk,Pregnant,0.942,273,0
06/05/2025,13375,398645,Pregnancy Test - Milk,Pregnant,1.472,267,149
06/05/2025,21775,398645,Pregnancy Test - Milk,Pregnant,0.294,157,96
06/05/2025,21871,398645,Pregnancy Test - Milk,Pregnant,0.596,180,1
06/05/2025,21334,398645,Pregnancy Test - Milk,Pregnant,1.683,296,149
06/05/2025,17111,398645,Pregnancy Test - Milk,Pregnant,POS,308,94
06/05/2025,452,398645,Pregnancy Test - Milk,Pregnant,0.395,207,124
06/05/2025,17304,398645,Pregnancy Test - Milk,Pregnant,2.727,302,183
06/05/2025,18296,398645,Pregnancy Test - Milk,Pregnant,1.755,278,183
06/05/2025,20358,398645,Pregnancy Test - Milk,Pregnant,0.872,168,69
06/05/2025,20394,398645,Pregnancy Test - Milk,Re-Check,0.218,151,78
06/05/2025,15112,398645,Pregnancy Test - Milk,Pregnant,1.789,253,184
06/05/2025,21728,398645,Pregnancy Test - Milk,Pregnant,0.553,180,30
06/05/2025,16974,398645,Pregnancy Test - Milk,Re-Check,0.243,151,67
06/05/2025,21341,398645,Pregnancy Test - Milk,Pregnant,2.018,278,149
06/05/2025,17715,398645,Pregnancy Test - Milk,Pregnant,2.134,356,183
06/05/2025,20025,398645,Pregnancy Test - Milk,Pregnant,0.259,192,69
06/05/2025,19618,398645,Pregnancy Test - Milk,Pregnant,POS,253,149
06/05/2025,19555,398645,Pregnancy Test - Milk,Pregnant,1.663,269,0
06/05/2025,21276,398645,Pregnancy Test - Milk,Pregnant,2.616,277,149
06/05/2025,4533,398645,Pregnancy Test - Milk,Pregnant,0.978,269,182
06/05/2025,18345,398645,Pregnancy Test - Milk,Pregnant,0.407,162,105
06/05/2025,21906,398645,Pregnancy Test - Milk,Pregnant,0.303,154,69
06/05/2025,16488,398645,Pregnancy Test - Milk,Pregnant,0.818,175,71
06/05/2025,18545,398645,Pregnancy Test - Milk,Pregnant,0.454,157,69
06/05/2025,19286,398645,Pregnancy Test - Milk,Pregnant,2.127,337,185
06/05/2025,16709,398645,Pregnancy Test - Milk,Pregnant,0.258,158,28
06/05/2025,17387,398645,Pregnancy Test - Milk,Pregnant,0.672,156,99
06/05/2025,21855,398645,Pregnancy Test - Milk,Pregnant,0.593,166,3
06/05/2025,19984,398645,Pregnancy Test - Milk,Pregnant,0.531,162,69
06/05/2025,21837,398645,Pregnancy Test - Milk,Pregnant,0.343,161,93
06/05/2025,21690,398645,Pregnancy Test - Milk,Pregnant,0.698,213,30
06/05/2025,20136,398645,Pregnancy Test - Milk,Re-Check,0.173,213,118
06/05/2025,20689,398645,Pregnancy Test - Milk,Pregnant,POS,348,149
06/05/2025,16548,398645,Pregnancy Test - Milk,Pregnant,0.251,240,72
06/05/2025,21741,398645,Pregnancy Test - Milk,Pregnant,0.54,218,67
06/05/2025,16630,398645,Pregnancy Test - Milk,Pregnant,POS,256,184
06/19/2025,19848,398645,Pregnancy Test - Milk,Pregnant,POS,310,138
06/19/2025,19863,398645,Pregnancy Test - Milk,Pregnant,0.361,242,162
06/19/2025,19781,398645,Pregnancy Test - Milk,Pregnant,0.599,230,69
06/19/2025,18654,398645,Pregnancy Test - Milk,Pregnant,0.3,176,69
06/19/2025,18403,398645,Pregnancy Test - Milk,Re-Check,0.137,213,67
06/19/2025,21605,398645,Pregnancy Test - Milk,Pregnant,0.328,249,37
06/19/2025,16916,398645,Pregnancy Test - Milk,Pregnant,0.38,141,73
06/19/2025,16917,398645,Pregnancy Test - Milk,Pregnant,0.606,165,41
06/19/2025,11628,398645,Pregnancy Test - Milk,Pregnant,0.273,145,72
06/19/2025,21927,398645,Pregnancy Test - Milk,Re-Check,0.245,184,37
06/19/2025,18507,398645,Pregnancy Test - Milk,Pregnant,POS,260,184
06/19/2025,18919,398645,Pregnancy Test - Milk,Pregnant,0.473,162,72
06/19/2025,21853,398645,Pregnancy Test - Milk,Pregnant,0.294,158,86
06/19/2025,21999,398645,Pregnancy Test - Milk,Pregnant,0.392,157,91
06/19/2025,21063,398645,Pregnancy Test - Milk,Pregnant,1.64,198,30
06/19/2025,9889,398645,Pregnancy Test - Milk,Pregnant,0.986,190,77
06/19/2025,17256,398645,Pregnancy Test - Milk,Pregnant,0.511,171,66
06/19/2025,21423,398645,Pregnancy Test - Milk,Pregnant,1.405,289,149
06/19/2025,21444,398645,Pregnancy Test - Milk,Pregnant,0.317,156,69
06/19/2025,21830,398645,Pregnancy Test - Milk,Pregnant,0.272,172,37
06/19/2025,19465,398645,Pregnancy Test - Milk,Pregnant,POS,363,63
06/19/2025,43997,398645,Pregnancy Test - Milk,Pregnant,1.501,257,185
06/19/2025,20747,398645,Pregnancy Test - Milk,Pregnant,POS,403,149
06/19/2025,20192,398645,Pregnancy Test - Milk,Pregnant,0.956,186,69
06/19/2025,20030,398645,Pregnancy Test - Milk,Pregnant,0.349,181,70
06/19/2025,21376,398645,Pregnancy Test - Milk,Pregnant,1.305,305,167
06/19/2025,21470,398645,Pregnancy Test - Milk,Pregnant,2.331,279,148
06/19/2025,20168,398645,Pregnancy Test - Milk,Pregnant,0.734,188,69
06/19/2025,16358,398645,Pregnancy Test - Milk,Re-Check,0.139,174,73
06/19/2025,16288,398645,Pregnancy Test - Milk,Pregnant,1.032,155,70
06/19/2025,12253,398645,Pregnancy Test - Milk,Pregnant,1.984,463,182
06/19/2025,19201,398645,Pregnancy Test - Milk,Pregnant,1.154,320,184
06/19/2025,19704,398645,Pregnancy Test - Milk,Pregnant,0.811,214,69
06/19/2025,20456,398645,Pregnancy Test - Milk,Re-Check,0.192,172,69
06/19/2025,17660,398645,Pregnancy Test - Milk,Pregnant,POS,363,123
06/19/2025,19918,398645,Pregnancy Test - Milk,Pregnant,1.462,273,183
06/19/2025,20961,398645,Pregnancy Test - Milk,Pregnant,2.058,394,182
06/19/2025,14967,398645,Pregnancy Test - Milk,Pregnant,1.552,249,183
06/19/2025,18241,398645,Pregnancy Test - Milk,Pregnant,POS,270,0
06/19/2025,20125,398645,Pregnancy Test - Milk,Pregnant,0.671,166,69
06/19/2025,14981,398645,Pregnancy Test - Milk,Pregnant,1.396,153,90
06/19/2025,20371,398645,Pregnancy Test - Milk,Pregnant,0.684,180,73
06/19/2025,20339,398645,Pregnancy Test - Milk,Pregnant,0.566,194,70
06/19/2025,17816,398645,Pregnancy Test - Milk,Pregnant,1.794,259,186
06/19/2025,18196,398645,Pregnancy Test - Milk,Re-Check,0.185,162,67
06/19/2025,19852,398645,Pregnancy Test - Milk,Pregnant,2.027,262,186
06/19/2025,18428,398645,Pregnancy Test - Milk,Pregnant,1.543,274,182
06/19/2025,22004,398645,Pregnancy Test - Milk,Pregnant,0.444,155,86
06/19/2025,19872,398645,Pregnancy Test - Milk,Pregnant,0.391,191,73
06/19/2025,17822,398645,Pregnancy Test - Milk,Pregnant,1.838,387,149
06/19/2025,19723,398645,Pregnancy Test - Milk,Pregnant,2.086,303,183
06/19/2025,12862,398645,Pregnancy Test - Milk,Pregnant,POS,270,182
06/19/2025,20153,398645,Pregnancy Test - Milk,Pregnant,0.341,222,95
06/19/2025,21149,398645,Pregnancy Test - Milk,Pregnant,2.1,284,181
06/19/2025,20916,398645,Pregnancy Test - Milk,Pregnant,POS,389,149
06/19/2025,21774,398645,Pregnancy Test - Milk,Pregnant,0.481,198,68
06/19/2025,16384,398645,Pregnancy Test - Milk,Pregnant,POS,302,181
06/19/2025,18422,398645,Pregnancy Test - Milk,Pregnant,POS,266,181
06/19/2025,43705,398645,Pregnancy Test - Milk,Pregnant,1.685,258,183
06/19/2025,17410,398645,Pregnancy Test - Milk,Pregnant,0.302,139,45
06/19/2025,17603,398645,Pregnancy Test - Milk,Pregnant,1.985,258,184
06/19/2025,21337,398645,Pregnancy Test - Milk,Pregnant,0.454,275,37
06/19/2025,21832,398645,Pregnancy Test - Milk,Pregnant,0.621,205,76
06/19/2025,21172,398645,Pregnancy Test - Milk,Pregnant,2.806,326,149
06/19/2025,21414,398645,Pregnancy Test - Milk,Pregnant,1.734,286,181
06/19/2025,16181,398645,Pregnancy Test - Milk,Pregnant,POS,303,183
06/19/2025,21070,398645,Pregnancy Test - Milk,Pregnant,2.238,375,148
06/19/2025,16578,398645,Pregnancy Test - Milk,Re-Check,0.242,192,66
06/19/2025,18367,398645,Pregnancy Test - Milk,Pregnant,0.93,282,149
06/19/2025,17843,398645,Pregnancy Test - Milk,Pregnant,2.29,253,184
06/19/2025,21348,398645,Pregnancy Test - Milk,Pregnant,2.382,283,147
06/19/2025,18061,398645,Pregnancy Test - Milk,Pregnant,2.212,277,0
06/19/2025,21973,398645,Pregnancy Test - Milk,Pregnant,0.574,158,86
06/19/2025,19432,398645,Pregnancy Test - Milk,Pregnant,POS,347,187
06/19/2025,18282,398645,Pregnancy Test - Milk,Pregnant,1.522,258,184
06/19/2025,21439,398645,Pregnancy Test - Milk,Pregnant,0.7,207,37
06/19/2025,3143,398645,Pregnancy Test - Milk,Pregnant,1.655,262,184
06/19/2025,19363,398645,Pregnancy Test - Milk,Pregnant,1.989,375,148
06/19/2025,21568,398645,Pregnancy Test - Milk,Pregnant,0.364,195,140
06/19/2025,17810,398645,Pregnancy Test - Milk,Pregnant,2.221,300,0
06/19/2025,21430,398645,Pregnancy Test - Milk,Pregnant,2.351,284,148
06/19/2025,17406,398645,Pregnancy Test - Milk,Re-Check,0.228,148,70
06/19/2025,21390,398645,Pregnancy Test - Milk,Pregnant,2.419,276,182
06/19/2025,16734,398645,Pregnancy Test - Milk,Pregnant,0.274,177,67
06/19/2025,16880,398645,Pregnancy Test - Milk,Pregnant,0.343,140,73
06/19/2025,21988,398645,Pregnancy Test - Milk,Pregnant,0.337,157,37
06/19/2025,20993,398645,Pregnancy Test - Milk,Pregnant,2.371,344,149
06/19/2025,20228,398645,Pregnancy Test - Milk,Pregnant,0.645,158,70
06/19/2025,21339,398645,Pregnancy Test - Milk,Pregnant,2.606,302,7
06/19/2025,16414,398645,Pregnancy Test - Milk,Pregnant,1.429,272,181
06/19/2025,21472,398645,Pregnancy Test - Milk,Pregnant,POS,283,148
06/19/2025,20369,398645,Pregnancy Test - Milk,Pregnant,0.325,159,68
06/19/2025,21193,398645,Pregnancy Test - Milk,Pregnant,2.372,290,149
06/26/2025,20583,398645,Pregnancy Test - Milk,Pregnant,1.807,366,149
06/26/2025,16940,398645,Pregnancy Test - Milk,Pregnant,0.257,209,70
06/26/2025,19673,398645,Pregnancy Test - Milk,Pregnant,1.303,221,114
06/26/2025,19972,398645,Pregnancy Test - Milk,Pregnant,POS,285,186
06/26/2025,9811,398645,Pregnancy Test - Milk,Pregnant,1.71,154,70
06/26/2025,21292,398645,Pregnancy Test - Milk,Pregnant,POS,291,86
06/26/2025,21512,398645,Pregnancy Test - Milk,Pregnant,1.705,278,149
06/26/2025,14677,398645,Pregnancy Test - Milk,Pregnant,POS,267,24
06/26/2025,16542,398645,Pregnancy Test - Milk,Pregnant,0.754,264,71
06/26/2025,20963,398645,Pregnancy Test - Milk,Pregnant,2.095,296,149
06/26/2025,21305,398645,Pregnancy Test - Milk,Pregnant,POS,319,149
06/26/2025,21301,398645,Pregnancy Test - Milk,Pregnant,2.301,327,149
06/26/2025,19745,398645,Pregnancy Test - Milk,Pregnant,POS,251,184
06/26/2025,20133,398645,Pregnancy Test - Milk,Pregnant,0.454,144,71
06/26/2025,21995,398645,Pregnancy Test - Milk,Pregnant,0.575,159,37
06/26/2025,21983,398645,Pregnancy Test - Milk,Pregnant,0.363,153,0
06/26/2025,18920,398645,Pregnancy Test - Milk,Pregnant,0.549,193,91
06/26/2025,19251,398645,Pregnancy Test - Milk,Pregnant,POS,442,185
06/26/2025,18278,398645,Pregnancy Test - Milk,Pregnant,2.228,296,148
06/26/2025,18663,398645,Pregnancy Test - Milk,Pregnant,0.53,185,66
06/26/2025,20140,398645,Pregnancy Test - Milk,Pregnant,2.769,252,184
06/26/2025,21726,398645,Pregnancy Test - Milk,Pregnant,1.51,235,30
06/26/2025,19563,398645,Pregnancy Test - Milk,Pregnant,2.334,347,182
06/26/2025,21745,398645,Pregnancy Test - Milk,Pregnant,0.292,204,30
06/26/2025,21757,398645,Pregnancy Test - Milk,Pregnant,0.746,179,30
06/26/2025,21462,398645,Pregnancy Test - Milk,Pregnant,2.756,263,184
06/26/2025,17362,398645,Pregnancy Test - Milk,Pregnant,0.484,304,90
06/26/2025,16444,398645,Pregnancy Test - Milk,Pregnant,POS,274,185
06/26/2025,20407,398645,Pregnancy Test - Milk,Pregnant,1.378,140,68
06/26/2025,14909,398645,Pregnancy Test - Milk,Pregnant,POS,341,73
06/26/2025,18509,398645,Pregnancy Test - Milk,Pregnant,0.361,142,72
06/26/2025,19609,398645,Pregnancy Test - Milk,Pregnant,POS,297,225
06/26/2025,20533,398645,Pregnancy Test - Milk,Pregnant,0.482,160,100
06/26/2025,21217,398645,Pregnancy Test - Milk,Pregnant,2.389,292,34
06/26/2025,20337,398645,Pregnancy Test - Milk,Pregnant,0.308,183,69
06/26/2025,21555,398645,Pregnancy Test - Milk,Pregnant,1.945,267,142
06/26/2025,21833,398645,Pregnancy Test - Milk,Open,0.055,158,0
06/26/2025,21456,398645,Pregnancy Test - Milk,Pregnant,0.826,258,37
06/26/2025,21520,398645,Pregnancy Test - Milk,Pregnant,2.796,261,121
06/26/2025,16089,398645,Pregnancy Test - Milk,Pregnant,0.541,176,67
06/26/2025,19840,398645,Pregnancy Test - Milk,Pregnant,POS,271,187
06/26/2025,18405,398645,Pregnancy Test - Milk,Pregnant,0.402,159,67
06/26/2025,20303,398645,Pregnancy Test - Milk,Pregnant,1.093,179,69
06/26/2025,21278,398645,Pregnancy Test - Milk,Pregnant,POS,314,149
06/26/2025,20471,398645,Pregnancy Test - Milk,Re-Check,0.171,144,71
06/26/2025,18868,398645,Pregnancy Test - Milk,Pregnant,1.9,307,149
06/26/2025,20391,398645,Pregnancy Test - Milk,Pregnant,1.042,135,72
06/26/2025,17168,398645,Pregnancy Test - Milk,Pregnant,0.488,147,72
06/26/2025,19729,398645,Pregnancy Test - Milk,Pregnant,1.538,276,0
06/26/2025,21941,398645,Pregnancy Test - Milk,Pregnant,0.542,175,70
06/26/2025,18228,398645,Pregnancy Test - Milk,Pregnant,0.567,198,69
06/26/2025,20238,398645,Pregnancy Test - Milk,Pregnant,1.339,174,76
06/26/2025,20795,398645,Pregnancy Test - Milk,Pregnant,POS,441,186
06/26/2025,22023,398645,Pregnancy Test - Milk,Pregnant,1.011,159,86
06/26/2025,21556,398645,Pregnancy Test - Milk,Pregnant,POS,272,77
06/26/2025,19937,398645,Pregnancy Test - Milk,Pregnant,2.536,251,149
06/26/2025,16463,398645,Pregnancy Test - Milk,Pregnant,1.472,330,70
06/26/2025,20002,398645,Pregnancy Test - Milk,Pregnant,0.482,198,71
06/26/2025,20316,398645,Pregnancy Test - Milk,Pregnant,0.612,140,71
06/26/2025,19883,398645,Pregnancy Test - Milk,Pregnant,0.935,141,68
06/26/2025,19728,398645,Pregnancy Test - Milk,Pregnant,POS,299,187
06/26/2025,20325,398645,Pregnancy Test - Milk,Pregnant,0.325,159,83
06/26/2025,21333,398645,Pregnancy Test - Milk,Pregnant,POS,307,149
06/26/2025,19894,398645,Pregnancy Test - Milk,Pregnant,POS,284,181
06/26/2025,20540,398645,Pregnancy Test - Milk,Re-Check,0.235,148,67
06/26/2025,20075,398645,Pregnancy Test - Milk,Pregnant,POS,251,184
06/26/2025,22027,398645,Pregnancy Test - Milk,Pregnant,0.561,153,86
06/26/2025,17696,398645,Pregnancy Test - Milk,Pregnant,POS,350,184
06/26/2025,4209,398645,Pregnancy Test - Milk,Pregnant,0.567,147,69
06/26/2025,21514,398645,Pregnancy Test - Milk,Pregnant,0.523,243,70
06/26/2025,21753,398645,Pregnancy Test - Milk,Pregnant,0.535,155,69
06/26/2025,18120,398645,Pregnancy Test - Milk,Pregnant,0.916,188,67
06/26/2025,19456,398645,Pregnancy Test - Milk,Pregnant,2.716,299,71
06/26/2025,17915,398645,Pregnancy Test - Milk,Pregnant,POS,319,184
06/26/2025,21358,398645,Pregnancy Test - Milk,Pregnant,POS,261,184
06/26/2025,19809,398645,Pregnancy Test - Milk,Pregnant,POS,338,187
06/26/2025,19125,398645,Pregnancy Test - Milk,Pregnant,POS,400,185
06/26/2025,21230,398645,Pregnancy Test - Milk,Pregnant,1.244,304,156
06/26/2025,20163,398645,Pregnancy Test - Milk,Pregnant,0.891,166,3
06/26/2025,18293,398645,Pregnancy Test - Milk,Pregnant,2.019,315,187
06/26/2025,21242,398645,Pregnancy Test - Milk,Pregnant,POS,335,183
06/26/2025,20178,398645,Pregnancy Test - Milk,Pregnant,1.192,259,184
06/26/2025,20319,398645,Pregnancy Test - Milk,Pregnant,0.316,143,71
06/26/2025,21648,398645,Pregnancy Test - Milk,Pregnant,1.823,254,183
06/26/2025,21634,398645,Pregnancy Test - Milk,Pregnant,POS,250,185
06/26/2025,21005,398645,Pregnancy Test - Milk,Pregnant,POS,252,149
06/26/2025,20625,398645,Pregnancy Test - Milk,Re-Check,0.2,137,72
06/26/2025,16848,398645,Pregnancy Test - Milk,Pregnant,0.969,149,78
06/26/2025,19706,398645,Pregnancy Test - Milk,Pregnant,0.97,164,69
06/26/2025,19630,398645,Pregnancy Test - Milk,Pregnant,POS,320,185
06/26/2025,19834,398645,Pregnancy Test - Milk,Pregnant,POS,298,187
06/26/2025,18536,398645,Pregnancy Test - Milk,Pregnant,POS,280,51
06/26/2025,20253,398645,Pregnancy Test - Milk,Pregnant,0.654,190,54
06/26/2025,21884,398645,Pregnancy Test - Milk,Pregnant,0.259,185,72
06/26/2025,21370,398645,Pregnancy Test - Milk,Pregnant,2.499,263,72
06/26/2025,21612,398645,Pregnancy Test - Milk,Pregnant,1.992,257,181
06/26/2025,19877,398645,Pregnancy Test - Milk,Pregnant,2.642,310,183
06/26/2025,18646,398645,Pregnancy Test - Milk,Open,0.033,192,69
06/26/2025,19391,398645,Pregnancy Test - Milk,Pregnant,POS,418,185
06/26/2025,16750,398645,Pregnancy Test - Milk,Pregnant,0.69,236,114
06/26/2025,18842,398645,Pregnancy Test - Milk,Pregnant,0.371,162,70
06/26/2025,21090,398645,Pregnancy Test - Milk,Pregnant,1.651,259,149
06/26/2025,21595,398645,Pregnancy Test - Milk,Pregnant,POS,255,186
06/26/2025,18677,398645,Pregnancy Test - Milk,Pregnant,0.845,199,111
06/26/2025,17112,398645,Pregnancy Test - Milk,Pregnant,0.433,166,70
06/26/2025,12132,398645,Pregnancy Test - Milk,Pregnant,0.346,224,70
06/26/2025,10139,398645,Pregnancy Test - Milk,Pregnant,2.435,387,187
06/26/2025,21661,398645,Pregnancy Test - Milk,Pregnant,0.585,249,37
06/26/2025,16738,398645,Pregnancy Test - Milk,Pregnant,POS,350,186
06/26/2025,14963,398645,Pregnancy Test - Milk,Pregnant,0.735,294,67
06/26/2025,20442,398645,Pregnancy Test - Milk,Pregnant,0.537,135,72
06/26/2025,20568,398645,Pregnancy Test - Milk,Pregnant,0.445,139,73
06/26/2025,16435,398645,Pregnancy Test - Milk,Pregnant,0.593,251,71
06/26/2025,19935,398645,Pregnancy Test - Milk,Pregnant,POS,291,184
06/26/2025,9634,398645,Pregnancy Test - Milk,Pregnant,1.358,186,115
06/26/2025,20468,398645,Pregnancy Test - Milk,Open,0.026,148,14
06/26/2025,19558,398645,Pregnancy Test - Milk,Pregnant,POS,368,187
06/26/2025,21949,398645,Pregnancy Test - Milk,Open,0.082,177,70
06/26/2025,21134,398645,Pregnancy Test - Milk,Pregnant,POS,256,14
06/26/2025,21710,398645,Pregnancy Test - Milk,Pregnant,0.635,219,37
06/26/2025,21169,398645,Pregnancy Test - Milk,Pregnant,POS,258,4
06/26/2025,21934,398645,Pregnancy Test - Milk,Pregnant,0.47,178,70
06/26/2025,20557,398645,Pregnancy Test - Milk,Pregnant,0.416,144,71
06/26/2025,20365,398645,Pregnancy Test - Milk,Pregnant,0.466,141,71
06/26/2025,18739,398645,Pregnancy Test - Milk,Pregnant,1.125,180,70
06/26/2025,20503,398645,Pregnancy Test - Milk,Pregnant,0.782,145,67
06/26/2025,20141,398645,Pregnancy Test - Milk,Pregnant,0.944,194,114
06/26/2025,18612,398645,Pregnancy Test - Milk,Pregnant,0.829,198,69
06/26/2025,19817,398645,Pregnancy Test - Milk,Pregnant,0.688,226,155
06/26/2025,21711,398645,Pregnancy Test - Milk,Pregnant,0.653,232,30
06/26/2025,18979,398645,Pregnancy Test - Milk,Re-Check,0.225,143,32
06/26/2025,20098,398645,Pregnancy Test - Milk,Pregnant,POS,250,149
06/26/2025,19954,398645,Pregnancy Test - Milk,Pregnant,0.578,315,23
06/26/2025,20605,398645,Pregnancy Test - Milk,Pregnant,0.467,142,37
06/26/2025,15520,398645,Pregnancy Test - Milk,Pregnant,POS,318,182
06/26/2025,20268,398645,Pregnancy Test - Milk,Pregnant,0.956,161,160
06/26/2025,19650,398645,Pregnancy Test - Milk,Pregnant,2.803,270,0
06/26/2025,20584,398645,Pregnancy Test - Milk,Re-Check,0.223,145,71
06/26/2025,19203,398645,Pregnancy Test - Milk,Pregnant,POS,315,5
06/26/2025,14120,398645,Pregnancy Test - Milk,Pregnant,POS,347,4
06/26/2025,19758,398645,Pregnancy Test - Milk,Pregnant,1.982,281,186
06/26/2025,20922,398645,Pregnancy Test - Milk,Pregnant,POS,399,146
06/26/2025,21759,398645,Pregnancy Test - Milk,Pregnant,0.524,219,70
07/03/2025,21416,398645,Pregnancy Test - Milk,Pregnant,POS,303,149
07/03/2025,21537,398645,Pregnancy Test - Milk,Pregnant,POS,276,78
07/03/2025,21916,398645,Pregnancy Test - Milk,Pregnant,0.336,178,70
07/03/2025,21767,398645,Pregnancy Test - Milk,Pregnant,0.403,226,72
07/03/2025,22022,398645,Pregnancy Test - Milk,Pregnant,0.404,156,111
07/03/2025,21765,398645,Pregnancy Test - Milk,Pregnant,0.598,159,102
07/03/2025,21645,398645,Pregnancy Test - Milk,Re-Check,0.246,222,112
07/03/2025,15241,398645,Pregnancy Test - Milk,Pregnant,0.542,198,142
07/03/2025,19324,398645,Pregnancy Test - Milk,Pregnant,2.35,377,184
07/03/2025,21168,398645,Pregnancy Test - Milk,Pregnant,2.83,350,188
07/03/2025,458,398645,Pregnancy Test - Milk,Pregnant,2.615,259,184
07/03/2025,16946,398645,Pregnancy Test - Milk,Pregnant,0.409,166,69
07/03/2025,17704,398645,Pregnancy Test - Milk,Re-Check,0.249,264,68
07/03/2025,20368,398645,Pregnancy Test - Milk,Pregnant,0.617,218,69
07/03/2025,19533,398645,Pregnancy Test - Milk,Pregnant,2.83,379,188
07/03/2025,21495,398645,Pregnancy Test - Milk,Pregnant,POS,286,193
07/03/2025,15260,398645,Pregnancy Test - Milk,Pregnant,2.656,257,184
07/03/2025,17618,398645,Pregnancy Test - Milk,Pregnant,1.493,375,181
07/03/2025,21014,398645,Pregnancy Test - Milk,Pregnant,2.256,382,182
07/03/2025,20896,398645,Pregnancy Test - Milk,Pregnant,2.047,322,149
07/03/2025,20184,398645,Pregnancy Test - Milk,Open,0.034,166,70
07/03/2025,1514,398645,Pregnancy Test - Milk,Pregnant,2.322,290,186
07/03/2025,20081,398645,Pregnancy Test - Milk,Pregnant,0.336,184,68
07/03/2025,19241,398645,Pregnancy Test - Milk,Pregnant,2.124,296,189
07/03/2025,19686,398645,Pregnancy Test - Milk,Pregnant,POS,300,182
07/03/2025,14439,398645,Pregnancy Test - Milk,Pregnant,POS,256,183
07/03/2025,21002,398645,Pregnancy Test - Milk,Pregnant,POS,378,181
07/03/2025,8539,398645,Pregnancy Test - Milk,Pregnant,2.863,281,183
07/03/2025,21781,398645,Pregnancy Test - Milk,Re-Check,0.239,195,37
07/03/2025,22038,398645,Pregnancy Test - Milk,Pregnant,0.305,153,117
07/03/2025,21052,398645,Pregnancy Test - Milk,Pregnant,2.434,386,149
07/03/2025,16388,398645,Pregnancy Test - Milk,Pregnant,1.993,262,184
07/03/2025,15666,398645,Pregnancy Test - Milk,Pregnant,0.499,144,101
07/03/2025,18254,398645,Pregnancy Test - Milk,Pregnant,2.465,263,181
07/03/2025,16664,398645,Pregnancy Test - Milk,Pregnant,2.717,276,181
07/03/2025,18379,398645,Pregnancy Test - Milk,Pregnant,POS,256,184
07/03/2025,17716,398645,Pregnancy Test - Milk,Pregnant,1.431,353,187
07/03/2025,21948,398645,Pregnancy Test - Milk,Re-Check,0.19,162,153
07/03/2025,16788,398645,Pregnancy Test - Milk,Pregnant,1.962,190,73
07/03/2025,15023,398645,Pregnancy Test - Milk,Pregnant,1.879,260,184
07/03/2025,20354,398645,Pregnancy Test - Milk,Pregnant,0.682,168,92
07/03/2025,16744,398645,Pregnancy Test - Milk,Pregnant,POS,263,149
07/03/2025,20879,398645,Pregnancy Test - Milk,Pregnant,POS,397,10
07/03/2025,20476,398645,Pregnancy Test - Milk,Pregnant,0.378,150,45
07/03/2025,21744,398645,Pregnancy Test - Milk,Pregnant,1.015,187,70
07/03/2025,19396,398645,Pregnancy Test - Milk,Pregnant,2.412,369,182
07/03/2025,13111,398645,Pregnancy Test - Milk,Pregnant,0.549,140,0
07/03/2025,19846,398645,Pregnancy Test - Milk,Pregnant,2.626,279,0
07/03/2025,15085,398645,Pregnancy Test - Milk,Pregnant,2.075,262,183
07/03/2025,21186,398645,Pregnancy Test - Milk,Pregnant,POS,288,191
07/03/2025,19638,398645,Pregnancy Test - Milk,Pregnant,1.242,334,141
07/03/2025,12812,398645,Pregnancy Test - Milk,Pregnant,0.491,162,67
07/03/2025,21371,398645,Pregnancy Test - Milk,Pregnant,0.528,234,37
07/03/2025,21961,398645,Pregnancy Test - Milk,Pregnant,0.264,174,37
07/03/2025,21443,398645,Pregnancy Test - Milk,Pregnant,2.239,278,148
07/03/2025,19464,398645,Pregnancy Test - Milk,Pregnant,1.531,309,182
07/03/2025,12796,398645,Pregnancy Test - Milk,Pregnant,2.371,266,0
07/03/2025,18392,398645,Pregnancy Test - Milk,Pregnant,0.586,271,182
07/03/2025,18432,398645,Pregnancy Test - Milk,Pregnant,0.53,200,71
07/03/2025,21624,398645,Pregnancy Test - Milk,Pregnant,1.826,259,193
07/03/2025,20340,398645,Pregnancy Test - Milk,Pregnant,0.572,158,70
07/03/2025,21944,398645,Pregnancy Test - Milk,Pregnant,0.361,177,70
07/03/2025,19553,398645,Pregnancy Test - Milk,Pregnant,0.325,291,71
07/03/2025,20004,398645,Pregnancy Test - Milk,Pregnant,0.631,314,67
07/03/2025,8618,398645,Pregnancy Test - Milk,Pregnant,2.103,349,187
07/03/2025,17612,398645,Pregnancy Test - Milk,Re-Check,0.196,273,59
07/03/2025,15798,398645,Pregnancy Test - Milk,Pregnant,0.389,142,86
07/03/2025,21258,398645,Pregnancy Test - Milk,Pregnant,POS,342,149
07/03/2025,21519,398645,Pregnancy Test - Milk,Pregnant,POS,275,149
07/03/2025,21051,398645,Pregnancy Test - Milk,Re-Check,0.186,400,182
07/03/2025,20549,398645,Pregnancy Test - Milk,Open,0.003,152,69
07/03/2025,18489,398645,Pregnancy Test - Milk,Pregnant,2.876,266,212
07/03/2025,20623,398645,Pregnancy Test - Milk,Re-Check,0.165,147,11
07/03/2025,18377,398645,Pregnancy Test - Milk,Pregnant,1.564,281,189
07/03/2025,17041,398645,Pregnancy Test - Milk,Pregnant,0.336,162,70
07/03/2025,17815,398645,Pregnancy Test - Milk,Pregnant,2.085,265,211
07/03/2025,16671,398645,Pregnancy Test - Milk,Pregnant,2.525,276,149
07/03/2025,15976,398645,Pregnancy Test - Milk,Pregnant,POS,257,184
07/03/2025,21596,398645,Pregnancy Test - Milk,Pregnant,2.382,253,184
07/03/2025,20247,398645,Pregnancy Test - Milk,Pregnant,0.936,143,79
07/03/2025,21880,398645,Pregnancy Test - Milk,Pregnant,0.312,197,11
07/03/2025,21364,398645,Pregnancy Test - Milk,Pregnant,2.753,316,148
07/03/2025,18980,398645,Pregnancy Test - Milk,Re-Check,0.238,142,72
07/03/2025,17651,398645,Pregnancy Test - Milk,Pregnant,0.429,212,69
07/03/2025,16612,398645,Pregnancy Test - Milk,Pregnant,1.224,250,182
07/03/2025,18138,398645,Pregnancy Test - Milk,Pregnant,1.886,278,215
07/03/2025,12393,398645,Pregnancy Test - Milk,Pregnant,2.397,310,200
07/03/2025,18259,398645,Pregnancy Test - Milk,Pregnant,POS,301,184
07/03/2025,18243,398645,Pregnancy Test - Milk,Pregnant,POS,321,186
07/03/2025,21357,398645,Pregnancy Test - Milk,Pregnant,1.404,323,184
07/03/2025,19657,398645,Pregnancy Test - Milk,Pregnant,0.75,302,73
07/03/2025,20011,398645,Pregnancy Test - Milk,Pregnant,POS,289,181
07/03/2025,21553,398645,Pregnancy Test - Milk,Pregnant,1.219,281,67
07/03/2025,18870,398645,Pregnancy Test - Milk,Pregnant,0.272,148,0
07/03/2025,18962,398645,Pregnancy Test - Milk,Pregnant,0.312,156,93
07/03/2025,21951,398645,Pregnancy Test - Milk,Pregnant,0.996,177,70
07/03/2025,21102,398645,Pregnancy Test - Milk,Pregnant,2.652,301,182
07/03/2025,19713,398645,Pregnancy Test - Milk,Pregnant,POS,333,182
07/03/2025,9930,398645,Pregnancy Test - Milk,Pregnant,0.642,166,69
07/03/2025,21183,398645,Pregnancy Test - Milk,Pregnant,2.653,331,148
07/03/2025,19494,398645,Pregnancy Test - Milk,Pregnant,2.048,321,187
07/03/2025,18178,398645,Pregnancy Test - Milk,Pregnant,POS,287,191
07/03/2025,17424,398645,Pregnancy Test - Milk,Pregnant,0.679,138,70
07/03/2025,16727,398645,Pregnancy Test - Milk,Pregnant,0.536,205,69
07/03/2025,15458,398645,Pregnancy Test - Milk,Pregnant,0.835,202,117
07/03/2025,17351,398645,Pregnancy Test - Milk,Pregnant,0.578,187,71
07/03/2025,20040,398645,Pregnancy Test - Milk,Pregnant,2.683,276,191
07/03/2025,18498,398645,Pregnancy Test - Milk,Pregnant,2.276,253,149
07/03/2025,16870,398645,Pregnancy Test - Milk,Re-Check,0.241,134,69
07/03/2025,18375,398645,Pregnancy Test - Milk,Pregnant,1.565,282,186
07/03/2025,20427,398645,Pregnancy Test - Milk,Pregnant,0.443,174,67
07/03/2025,20335,398645,Pregnancy Test - Milk,Pregnant,0.59,222,120
07/03/2025,21198,398645,Pregnancy Test - Milk,Pregnant,1.974,318,182
07/03/2025,21688,398645,Pregnancy Test - Milk,Open,0.016,250,30
07/03/2025,16246,398645,Pregnancy Test - Milk,Pregnant,1.742,319,180
07/03/2025,18144,398645,Pregnancy Test - Milk,Pregnant,2.116,287,181
07/03/2025,21232,398645,Pregnancy Test - Milk,Pregnant,0.883,222,69
07/03/2025,21926,398645,Pregnancy Test - Milk,Open,0.031,174,67
07/03/2025,21933,398645,Pregnancy Test - Milk,Pregnant,0.351,158,69
07/03/2025,21887,398645,Pregnancy Test - Milk,Pregnant,0.403,157,37
07/03/2025,18006,398645,Pregnancy Test - Milk,Pregnant,1.472,252,183
07/03/2025,16825,398645,Pregnancy Test - Milk,Pregnant,0.337,274,77
07/03/2025,16123,398645,Pregnancy Test - Milk,Pregnant,2.621,328,184
07/03/2025,14057,398645,Pregnancy Test - Milk,Pregnant,0.549,137,69
07/03/2025,9739,398645,Pregnancy Test - Milk,Pregnant,0.754,161,68
07/03/2025,18505,398645,Pregnancy Test - Milk,Pregnant,1.521,288,187
07/17/2025,21881,398645,Pregnancy Test - Milk,Pregnant,0.573,207,66
07/17/2025,19223,398645,Pregnancy Test - Milk,Pregnant,2.545,436,182
07/17/2025,19779,398645,Pregnancy Test - Milk,Pregnant,1.838,321,184
07/17/2025,19850,398645,Pregnancy Test - Milk,Pregnant,0.607,238,69
07/17/2025,11459,398645,Pregnancy Test - Milk,Pregnant,0.343,186,73
07/17/2025,19851,398645,Pregnancy Test - Milk,Pregnant,POS,298,182
07/17/2025,16663,398645,Pregnancy Test - Milk,Pregnant,0.97,206,70
07/17/2025,20949,398645,Pregnancy Test - Milk,Pregnant,2.106,351,149
07/17/2025,21286,398645,Pregnancy Test - Milk,Pregnant,2.12,322,149
07/17/2025,18263,398645,Pregnancy Test - Milk,Pregnant,2.482,313,182
07/17/2025,18276,398645,Pregnancy Test - Milk,Pregnant,2.454,266,226
07/17/2025,21621,398645,Pregnancy Test - Milk,Open,0.085,149,86
07/17/2025,21229,398645,Pregnancy Test - Milk,Pregnant,1.337,297,149
07/17/2025,21965,398645,Pregnancy Test - Milk,Pregnant,0.638,187,69
07/17/2025,16774,398645,Pregnancy Test - Milk,Pregnant,1.124,283,186
07/17/2025,21535,398645,Pregnancy Test - Milk,Pregnant,1.566,281,185
07/17/2025,18620,398645,Pregnancy Test - Milk,Pregnant,0.469,282,72
07/17/2025,21600,398645,Pregnancy Test - Milk,Pregnant,1.113,282,183
07/17/2025,21508,398645,Pregnancy Test - Milk,Pregnant,2.005,296,149
07/17/2025,19407,398645,Pregnancy Test - Milk,Pregnant,2.407,350,191
07/17/2025,17183,398645,Pregnancy Test - Milk,Pregnant,0.298,164,70
07/17/2025,21526,398645,Pregnancy Test - Milk,Pregnant,2.341,302,149
07/17/2025,17121,398645,Pregnancy Test - Milk,Pregnant,0.778,186,97
07/17/2025,16253,398645,Pregnancy Test - Milk,Re-Check,0.112,324,182
07/17/2025,20893,398645,Pregnancy Test - Milk,Pregnant,2.632,439,146
07/17/2025,21938,398645,Pregnancy Test - Milk,Pregnant,0.816,159,70
07/17/2025,16824,398645,Pregnancy Test - Milk,Pregnant,1.213,274,0
07/17/2025,16965,398645,Pregnancy Test - Milk,Pregnant,0.264,139,71
07/17/2025,17917,398645,Pregnancy Test - Milk,Pregnant,2.477,275,210
07/17/2025,14099,398645,Pregnancy Test - Milk,Pregnant,1.908,299,225
07/17/2025,16508,398645,Pregnancy Test - Milk,Pregnant,1.869,273,0
07/17/2025,20492,398645,Pregnancy Test - Milk,Pregnant,0.545,161,71
07/17/2025,21963,398645,Pregnancy Test - Milk,Pregnant,0.29,174,72
07/17/2025,21918,398645,Pregnancy Test - Milk,Pregnant,0.31,152,100
07/17/2025,18340,398645,Pregnancy Test - Milk,Pregnant,2.336,274,63
07/17/2025,19924,398645,Pregnancy Test - Milk,Pregnant,0.333,213,69
07/17/2025,21355,398645,Pregnancy Test - Milk,Pregnant,POS,315,149
07/17/2025,22054,398645,Pregnancy Test - Milk,Pregnant,0.608,155,87
07/17/2025,17203,398645,Pregnancy Test - Milk,Pregnant,0.933,231,70
07/17/2025,20636,398645,Pregnancy Test - Milk,Pregnant,0.577,161,71
07/17/2025,21731,398645,Pregnancy Test - Milk,Pregnant,0.558,225,37
07/17/2025,16918,398645,Pregnancy Test - Milk,Pregnant,0.484,187,66
07/17/2025,22050,398645,Pregnancy Test - Milk,Pregnant,0.871,149,25
07/17/2025,18056,398645,Pregnancy Test - Milk,Pregnant,2.83,299,181
07/17/2025,19844,398645,Pregnancy Test - Milk,Pregnant,1.184,312,149
07/17/2025,18578,398645,Pregnancy Test - Milk,Pregnant,1.719,252,185
07/17/2025,19684,398645,Pregnancy Test - Milk,Pregnant,0.528,342,69
07/17/2025,21326,398645,Pregnancy Test - Milk,Pregnant,0.847,301,185
07/17/2025,15341,398645,Pregnancy Test - Milk,Pregnant,2.741,252,183
07/17/2025,18561,398645,Pregnancy Test - Milk,Pregnant,2.176,265,181
07/17/2025,21421,398645,Pregnancy Test - Milk,Pregnant,POS,316,181
07/17/2025,17499,398645,Pregnancy Test - Milk,Pregnant,0.809,174,71
07/17/2025,20162,398645,Pregnancy Test - Milk,Pregnant,0.274,211,66
07/17/2025,21802,398645,Pregnancy Test - Milk,Pregnant,0.27,154,104
07/17/2025,19301,398645,Pregnancy Test - Milk,Pregnant,POS,333,149
07/17/2025,21113,398645,Pregnancy Test - Milk,Pregnant,1.238,329,183
07/17/2025,21739,398645,Pregnancy Test - Milk,Pregnant,1.795,246,36
07/17/2025,19018,398645,Pregnancy Test - Milk,Pregnant,0.517,183,67
07/17/2025,21550,398645,Pregnancy Test - Milk,Pregnant,1.794,293,149
07/17/2025,19942,398645,Pregnancy Test - Milk,Pregnant,2.39,271,149
07/24/2025,18830,398645,Pregnancy Test - Milk,Pregnant,0.685,143,73
07/24/2025,22030,398645,Pregnancy Test - Milk,Pregnant,0.323,162,76
07/24/2025,21554,398645,Pregnancy Test - Milk,Pregnant,2.187,308,149
07/24/2025,19922,398645,Pregnancy Test - Milk,Pregnant,1.762,296,181
07/24/2025,20204,398645,Pregnancy Test - Milk,Pregnant,0.345,204,140
07/24/2025,19859,398645,Pregnancy Test - Milk,Pregnant,POS,254,186
07/24/2025,22056,398645,Pregnancy Test - Milk,Pregnant,0.37,153,36
07/24/2025,18894,398645,Pregnancy Test - Milk,Re-Check,0.217,206,69
07/24/2025,13406,398645,Pregnancy Test - Milk,Pregnant,0.433,163,66
07/24/2025,21249,398645,Pregnancy Test - Milk,Pregnant,1.996,312,183
07/24/2025,22039,398645,Pregnancy Test - Milk,Re-Check,0.209,164,43
07/24/2025,21627,398645,Pregnancy Test - Milk,Pregnant,2.316,257,183
07/24/2025,21955,398645,Pregnancy Test - Milk,Open,0.009,200,67
07/24/2025,20472,398645,Pregnancy Test - Milk,Pregnant,0.636,182,72
07/24/2025,20509,398645,Pregnancy Test - Milk,Pregnant,0.47,198,66
07/24/2025,16453,398645,Pregnancy Test - Milk,Pregnant,1.734,267,189
07/24/2025,20300,398645,Pregnancy Test - Milk,Pregnant,2.203,247,181
07/24/2025,17877,398645,Pregnancy Test - Milk,Pregnant,2.438,254,186
07/24/2025,20694,398645,Pregnancy Test - Milk,Pregnant,POS,142,71
07/24/2025,20069,398645,Pregnancy Test - Milk,Pregnant,0.49,274,181
07/24/2025,20521,398645,Pregnancy Test - Milk,Pregnant,0.39,146,37
07/24/2025,21593,398645,Pregnancy Test - Milk,Pregnant,POS,272,149
07/24/2025,9958,398645,Pregnancy Test - Milk,Pregnant,0.274,176,71
07/24/2025,20175,398645,Pregnancy Test - Milk,Re-Check,0.167,228,73
07/24/2025,20055,398645,Pregnancy Test - Milk,Pregnant,1.659,252,183
07/24/2025,18563,398645,Pregnancy Test - Milk,Pregnant,0.459,186,69
07/24/2025,20524,398645,Pregnancy Test - Milk,Re-Check,0.116,134,72
07/24/2025,19379,398645,Pregnancy Test - Milk,Pregnant,1.405,382,236
07/24/2025,19393,398645,Pregnancy Test - Milk,Pregnant,POS,368,188
07/24/2025,14560,398645,Pregnancy Test - Milk,Pregnant,2.546,280,189
07/24/2025,16979,398645,Pregnancy Test - Milk,Re-Check,0.187,186,76
07/24/2025,21580,398645,Pregnancy Test - Milk,Pregnant,2.29,291,149
07/24/2025,22077,398645,Pregnancy Test - Milk,Pregnant,0.461,150,86
07/24/2025,21434,398645,Pregnancy Test - Milk,Pregnant,2.724,301,26
07/24/2025,20139,398645,Pregnancy Test - Milk,Pregnant,1.164,261,149
07/24/2025,20310,398645,Pregnancy Test - Milk,Re-Check,0.109,239,68
07/24/2025,20102,398645,Pregnancy Test - Milk,Pregnant,1.786,275,197
07/24/2025,21864,398645,Pregnancy Test - Milk,Pregnant,0.29,232,102
07/24/2025,21968,398645,Pregnancy Test - Milk,Pregnant,0.554,190,44
07/24/2025,21184,398645,Pregnancy Test - Milk,Pregnant,2.305,317,193
07/24/2025,22067,398645,Pregnancy Test - Milk,Pregnant,0.378,155,37
07/24/2025,21657,398645,Pregnancy Test - Milk,Pregnant,POS,276,8
07/24/2025,19285,398645,Pregnancy Test - Milk,Pregnant,POS,331,183
07/24/2025,17447,398645,Pregnancy Test - Milk,Pregnant,0.416,186,115
07/24/2025,20044,398645,Pregnancy Test - Milk,Pregnant,POS,262,183
07/24/2025,19981,398645,Pregnancy Test - Milk,Pregnant,0.6,209,70
07/24/2025,16680,398645,Pregnancy Test - Milk,Pregnant,1.567,321,185
07/24/2025,20097,398645,Pregnancy Test - Milk,Pregnant,1.998,265,198
07/24/2025,18568,398645,Pregnancy Test - Milk,Pregnant,2.092,302,233
07/24/2025,18592,398645,Pregnancy Test - Milk,Pregnant,0.267,135,72
07/24/2025,4175,398645,Pregnancy Test - Milk,Pregnant,1.051,271,181
07/24/2025,18725,398645,Pregnancy Test - Milk,Pregnant,0.406,148,81
07/24/2025,20287,398645,Pregnancy Test - Milk,Pregnant,0.401,151,69
07/24/2025,19835,398645,Pregnancy Test - Milk,Open,-0.007,148,70
07/24/2025,21908,398645,Pregnancy Test - Milk,Pregnant,0.66,197,70
07/24/2025,22086,398645,Pregnancy Test - Milk,Pregnant,0.31,151,108
07/24/2025,13084,398645,Pregnancy Test - Milk,Pregnant,0.733,150,99
07/24/2025,15782,398645,Pregnancy Test - Milk,Pregnant,0.496,317,75
07/24/2025,19658,398645,Pregnancy Test - Milk,Pregnant,0.292,175,70
07/24/2025,21702,398645,Pregnancy Test - Milk,Pregnant,POS,266,181
07/24/2025,21479,398645,Pregnancy Test - Milk,Pregnant,2.265,268,181
07/24/2025,22032,398645,Pregnancy Test - Milk,Pregnant,0.635,149,70
07/24/2025,21263,398645,Pregnancy Test - Milk,Pregnant,POS,342,191
07/24/2025,21401,398645,Pregnancy Test - Milk,Pregnant,POS,295,225
07/24/2025,18272,398645,Pregnancy Test - Milk,Pregnant,0.265,193,71
07/24/2025,20010,398645,Pregnancy Test - Milk,Pregnant,1.832,293,225
07/24/2025,14968,398645,Pregnancy Test - Milk,Pregnant,0.352,255,71
07/24/2025,21649,398645,Pregnancy Test - Milk,Pregnant,1.641,271,198
07/24/2025,20150,398645,Pregnancy Test - Milk,Pregnant,1.925,250,183
07/24/2025,21674,398645,Pregnancy Test - Milk,Pregnant,1.495,263,95
07/24/2025,16625,398645,Pregnancy Test - Milk,Pregnant,0.722,169,66
07/24/2025,18952,398645,Pregnancy Test - Milk,Pregnant,0.568,281,70
07/24/2025,17905,398645,Pregnancy Test - Milk,Pregnant,2.711,273,182
07/24/2025,21789,398645,Pregnancy Test - Milk,Re-Check,0.238,229,37
07/24/2025,20109,398645,Pregnancy Test - Milk,Pregnant,0.529,182,69
07/24/2025,7993,398645,Pregnancy Test - Milk,Pregnant,1.734,280,184
07/24/2025,22063,398645,Pregnancy Test - Milk,Pregnant,0.66,153,39
07/24/2025,21654,398645,Pregnancy Test - Milk,Pregnant,0.942,266,210
07/24/2025,22111,398645,Pregnancy Test - Milk,Pregnant,0.419,154,86
07/24/2025,21591,398645,Pregnancy Test - Milk,Pregnant,2.686,284,156
07/24/2025,21764,398645,Pregnancy Test - Milk,Pregnant,1.329,195,37
07/24/2025,20317,398645,Pregnancy Test - Milk,Pregnant,POS,436,202
07/24/2025,20426,398645,Pregnancy Test - Milk,Pregnant,0.381,182,70
07/24/2025,17562,398645,Pregnancy Test - Milk,Pregnant,0.632,301,71
07/24/2025,39685,398645,Pregnancy Test - Milk,Pregnant,0.876,301,66
07/24/2025,17413,398645,Pregnancy Test - Milk,Re-Check,0.138,153,69
07/24/2025,18331,398645,Pregnancy Test - Milk,Pregnant,1.943,267,192
07/24/2025,19907,398645,Pregnancy Test - Milk,Pregnant,POS,272,181
07/24/2025,21696,398645,Pregnancy Test - Milk,Pregnant,2.522,272,149
07/24/2025,22028,398645,Pregnancy Test - Milk,Re-Check,0.173,175,70
07/24/2025,14244,398645,Pregnancy Test - Milk,Pregnant,1.156,318,185
07/24/2025,20516,398645,Pregnancy Test - Milk,Pregnant,0.319,146,72
07/24/2025,19491,398645,Pregnancy Test - Milk,Pregnant,2.406,252,183
07/24/2025,18557,398645,Pregnancy Test - Milk,Pregnant,2.766,299,186
07/24/2025,21647,398645,Pregnancy Test - Milk,Pregnant,0.792,262,68
07/24/2025,17220,398645,Pregnancy Test - Milk,Re-Check,0.239,184,72
07/24/2025,18705,398645,Pregnancy Test - Milk,Re-Check,0.138,181,1
07/24/2025,20226,398645,Pregnancy Test - Milk,Pregnant,0.365,134,72
07/24/2025,21492,398645,Pregnancy Test - Milk,Pregnant,POS,275,198
07/24/2025,21635,398645,Pregnancy Test - Milk,Pregnant,1.99,280,187
07/24/2025,21722,398645,Pregnancy Test - Milk,Pregnant,1.591,258,183
07/24/2025,21808,398645,Pregnancy Test - Milk,Pregnant,0.624,221,37
07/24/2025,20353,398645,Pregnancy Test - Milk,Pregnant,1.097,140,72
07/24/2025,16243,398645,Pregnancy Test - Milk,Pregnant,0.393,210,68
07/24/2025,16557,398645,Pregnancy Test - Milk,Pregnant,1.918,325,189
07/24/2025,20074,398645,Pregnancy Test - Milk,Re-Check,0.175,134,9
07/24/2025,19377,398645,Pregnancy Test - Milk,Pregnant,2.272,350,182
07/24/2025,21754,398645,Pregnancy Test - Milk,Pregnant,1.918,259,184
07/24/2025,20596,398645,Pregnancy Test - Milk,Pregnant,0.252,136,71
07/24/2025,21362,398645,Pregnancy Test - Milk,Pregnant,POS,338,149
07/24/2025,21637,398645,Pregnancy Test - Milk,Pregnant,2.165,276,181
07/24/2025,17944,398645,Pregnancy Test - Milk,Pregnant,POS,330,181
07/24/2025,21325,398645,Pregnancy Test - Milk,Pregnant,POS,322,183
07/24/2025,20048,398645,Pregnancy Test - Milk,Pregnant,POS,252,183
07/24/2025,19888,398645,Pregnancy Test - Milk,Pregnant,1.09,286,73
07/24/2025,9896,398645,Pregnancy Test - Milk,Pregnant,0.303,188,69
07/24/2025,20318,398645,Pregnancy Test - Milk,Open,0.044,219,68
07/24/2025,21527,398645,Pregnancy Test - Milk,Pregnant,0.476,305,70
07/24/2025,20159,398645,Pregnancy Test - Milk,Pregnant,POS,261,183
07/24/2025,20586,398645,Pregnancy Test - Milk,Pregnant,0.507,139,69
07/24/2025,21724,398645,Pregnancy Test - Milk,Pregnant,0.953,262,183
07/24/2025,21482,398645,Pregnancy Test - Milk,Pregnant,0.636,274,181
07/24/2025,21679,398645,Pregnancy Test - Milk,Pregnant,1.628,267,197
07/24/2025,18627,398645,Pregnancy Test - Milk,Pregnant,1.811,250,181
07/24/2025,17923,398645,Pregnancy Test - Milk,Pregnant,0.79,231,69
07/24/2025,17630,398645,Pregnancy Test - Milk,Open,0.057,376,187
07/24/2025,20440,398645,Pregnancy Test - Milk,Pregnant,0.379,204,72
07/24/2025,20749,398645,Pregnancy Test - Milk,Pregnant,POS,430,149
07/24/2025,20114,398645,Pregnancy Test - Milk,Pregnant,2.506,256,183
07/24/2025,19878,398645,Pregnancy Test - Milk,Pregnant,0.772,213,72
07/24/2025,21493,398645,Pregnancy Test - Milk,Pregnant,2.484,311,182
07/24/2025,21440,398645,Pregnancy Test - Milk,Pregnant,1.717,276,148
07/24/2025,21413,398645,Pregnancy Test - Milk,Pregnant,2.244,305,187
07/24/2025,21668,398645,Pregnancy Test - Milk,Pregnant,2.463,264,183
07/24/2025,9815,398645,Pregnancy Test - Milk,Pregnant,1.825,253,182
07/24/2025,20201,398645,Pregnancy Test - Milk,Pregnant,1.371,255,181
07/24/2025,4155,398645,Pregnancy Test - Milk,Pregnant,0.673,218,156
07/24/2025,17254,398645,Pregnancy Test - Milk,Re-Check,0.231,173,44
07/24/2025,19231,398645,Pregnancy Test - Milk,Pregnant,0.459,153,99
07/24/2025,19756,398645,Pregnancy Test - Milk,Pregnant,2.619,263,183
07/24/2025,19096,398645,Pregnancy Test - Milk,Pregnant,2.751,314,187
07/24/2025,20249,398645,Pregnancy Test - Milk,Pregnant,1.78,253,183
07/24/2025,21566,398645,Pregnancy Test - Milk,Pregnant,1.88,296,181
07/24/2025,21940,398645,Pregnancy Test - Milk,Pregnant,0.666,208,32
07/24/2025,21409,398645,Pregnancy Test - Milk,Pregnant,POS,332,155
07/24/2025,21488,398645,Pregnancy Test - Milk,Pregnant,1.805,292,184
07/24/2025,19929,398645,Pregnancy Test - Milk,Pregnant,POS,258,183
07/24/2025,20464,398645,Pregnancy Test - Milk,Re-Check,0.112,141,72
07/24/2025,19126,398645,Pregnancy Test - Milk,Re-Check,0.183,148,75
07/24/2025,16551,398645,Pregnancy Test - Milk,Pregnant,0.763,240,69
07/24/2025,19515,398645,Pregnancy Test - Milk,Pregnant,POS,398,183
07/24/2025,14621,398645,Pregnancy Test - Milk,Pregnant,2.111,315,201
07/24/2025,20506,398645,Pregnancy Test - Milk,Pregnant,0.49,144,72
07/31/2025,21202,398645,Pregnancy Test - Milk,Pregnant,POS,396,199
07/31/2025,14927,398645,Pregnancy Test - Milk,Pregnant,0.591,186,68
07/31/2025,19829,398645,Pregnancy Test - Milk,Pregnant,2.519,300,89
07/31/2025,18051,398645,Pregnancy Test - Milk,Pregnant,0.981,220,72
07/31/2025,9855,398645,Pregnancy Test - Milk,Pregnant,0.335,157,69
07/31/2025,21644,398645,Pregnancy Test - Milk,Pregnant,1.691,288,182
07/31/2025,1360,398645,Pregnancy Test - Milk,Pregnant,1.554,405,0
07/31/2025,21228,398645,Pregnancy Test - Milk,Pregnant,2.787,331,192
07/31/2025,16949,398645,Pregnancy Test - Milk,Pregnant,1.029,180,72
07/31/2025,19006,398645,Pregnancy Test - Milk,Pregnant,0.601,223,70
07/31/2025,19887,398645,Pregnancy Test - Milk,Pregnant,0.564,196,67
07/31/2025,19297,398645,Pregnancy Test - Milk,Pregnant,POS,428,182
07/31/2025,20631,398645,Pregnancy Test - Milk,Pregnant,0.342,146,79
07/31/2025,21170,398645,Pregnancy Test - Milk,Pregnant,POS,394,182
07/31/2025,22096,398645,Pregnancy Test - Milk,Pregnant,0.552,151,101
07/31/2025,13223,398645,Pregnancy Test - Milk,Pregnant,0.332,150,99
07/31/2025,20498,398645,Pregnancy Test - Milk,Pregnant,0.722,189,79
07/31/2025,18969,398645,Pregnancy Test - Milk,Pregnant,0.472,183,68
07/31/2025,14753,398645,Pregnancy Test - Milk,Pregnant,POS,301,38
07/31/2025,14011,398645,Pregnancy Test - Milk,Pregnant,POS,374,181
07/31/2025,21947,398645,Pregnancy Test - Milk,Pregnant,0.476,208,76
07/31/2025,21632,398645,Pregnancy Test - Milk,Pregnant,2.5,281,156
07/31/2025,1566,398645,Pregnancy Test - Milk,Pregnant,POS,332,0
07/31/2025,18991,398645,Pregnancy Test - Milk,Pregnant,0.49,204,70
07/31/2025,19721,398645,Pregnancy Test - Milk,Pregnant,2.051,345,184
07/31/2025,16328,398645,Pregnancy Test - Milk,Pregnant,0.635,200,67
07/31/2025,21534,398645,Pregnancy Test - Milk,Pregnant,0.871,303,149
07/31/2025,21800,398645,Pregnancy Test - Milk,Pregnant,0.816,224,69
07/31/2025,21818,398645,Pregnancy Test - Milk,Pregnant,1.065,203,70
07/31/2025,20603,398645,Pregnancy Test - Milk,Pregnant,0.343,157,71
07/31/2025,22052,398645,Pregnancy Test - Milk,Pregnant,0.519,155,143
07/31/2025,22064,398645,Pregnancy Test - Milk,Pregnant,0.426,158,59
07/31/2025,20006,398645,Pregnancy Test - Milk,Pregnant,2.09,302,183
07/31/2025,21737,398645,Pregnancy Test - Milk,Pregnant,2.394,270,185
07/31/2025,1452,398645,Pregnancy Test - Milk,Re-Check,0.152,157,4
07/31/2025,16377,398645,Pregnancy Test - Milk,Re-Check,0.13,241,3
07/31/2025,16990,398645,Pregnancy Test - Milk,Pregnant,2.648,267,211
07/31/2025,20529,398645,Pregnancy Test - Milk,Pregnant,1.433,194,72
07/31/2025,21500,398645,Pregnancy Test - Milk,Pregnant,2.365,319,149
07/31/2025,20169,398645,Pregnancy Test - Milk,Pregnant,2.828,250,72
07/31/2025,17248,398645,Pregnancy Test - Milk,Pregnant,0.752,207,81
07/31/2025,4161,398645,Pregnancy Test - Milk,Pregnant,POS,263,138
07/31/2025,21098,398645,Pregnancy Test - Milk,Pregnant,0.769,348,70
07/31/2025,16652,398645,Pregnancy Test - Milk,Pregnant,POS,262,185
07/31/2025,21770,398645,Pregnancy Test - Milk,Pregnant,1.147,220,74
07/31/2025,1502,398645,Pregnancy Test - Milk,Pregnant,POS,265,0
07/31/2025,22104,398645,Pregnancy Test - Milk,Pregnant,0.482,155,155
07/31/2025,16499,398645,Pregnancy Test - Milk,Pregnant,2.127,251,182
07/31/2025,16647,398645,Pregnancy Test - Milk,Pregnant,2.254,270,206
07/31/2025,1438,398645,Pregnancy Test - Milk,Re-Check,0.241,194,4
07/31/2025,21762,398645,Pregnancy Test - Milk,Pregnant,0.57,220,69
07/31/2025,4196,398645,Pregnancy Test - Milk,Open,0.045,199,70
07/31/2025,21152,398645,Pregnancy Test - Milk,Pregnant,POS,345,156
07/31/2025,18292,398645,Pregnancy Test - Milk,Pregnant,1.969,270,211
07/31/2025,19039,398645,Pregnancy Test - Milk,Pregnant,POS,425,181
07/31/2025,21068,398645,Pregnancy Test - Milk,Pregnant,2.39,306,149
07/31/2025,21957,398645,Pregnancy Test - Milk,Pregnant,0.459,186,75
07/31/2025,21694,398645,Pregnancy Test - Milk,Pregnant,POS,275,205
07/31/2025,18419,398645,Pregnancy Test - Milk,Pregnant,1.278,305,182
07/31/2025,18481,398645,Pregnancy Test - Milk,Pregnant,0.598,180,67
07/31/2025,13340,398645,Pregnancy Test - Milk,Pregnant,0.644,139,47
07/31/2025,15044,398645,Pregnancy Test - Milk,Pregnant,POS,269,210
07/31/2025,20073,398645,Pregnancy Test - Milk,Pregnant,POS,282,182
07/31/2025,19027,398645,Pregnancy Test - Milk,Pregnant,0.491,206,70
07/31/2025,9997,398645,Pregnancy Test - Milk,Pregnant,0.531,201,70
07/31/2025,21397,398645,Pregnancy Test - Milk,Pregnant,POS,310,149
07/31/2025,15332,398645,Pregnancy Test - Milk,Pregnant,2.375,289,52
07/31/2025,16585,398645,Pregnancy Test - Milk,Pregnant,0.345,192,70
07/31/2025,18037,398645,Pregnancy Test - Milk,Pregnant,2.455,329,185
07/31/2025,18756,398645,Pregnancy Test - Milk,Pregnant,0.391,189,76
07/31/2025,19955,398645,Pregnancy Test - Milk,Pregnant,1.127,191,72
07/31/2025,1399,398645,Pregnancy Test - Milk,Pregnant,1.267,243,0
07/31/2025,20222,398645,Pregnancy Test - Milk,Pregnant,0.413,161,76
07/31/2025,9939,398645,Pregnancy Test - Milk,Pregnant,0.892,211,70
07/31/2025,19639,398645,Pregnancy Test - Milk,Pregnant,1.489,353,274
07/31/2025,19627,398645,Pregnancy Test - Milk,Pregnant,2.536,270,189
07/31/2025,16018,398645,Pregnancy Test - Milk,Pregnant,POS,360,186
07/31/2025,19589,398645,Pregnancy Test - Milk,Pregnant,0.833,262,70
07/31/2025,16937,398645,Pregnancy Test - Milk,Pregnant,1.73,258,183
07/31/2025,18888,398645,Pregnancy Test - Milk,Pregnant,2.193,226,66
07/31/2025,1537,398645,Pregnancy Test - Milk,Pregnant,POS,268,0
07/31/2025,1555,398645,Pregnancy Test - Milk,Pregnant,0.656,160,0
07/31/2025,21920,398645,Pregnancy Test - Milk,Pregnant,0.66,176,68
07/31/2025,1488,398645,Pregnancy Test - Milk,Pregnant,0.274,152,0
07/31/2025,21564,398645,Pregnancy Test - Milk,Pregnant,POS,279,112
07/31/2025,22037,398645,Pregnancy Test - Milk,Pregnant,0.434,161,77
07/31/2025,20402,398645,Pregnancy Test - Milk,Pregnant,0.814,155,81
07/31/2025,22083,398645,Pregnancy Test - Milk,Pregnant,0.396,155,87
07/31/2025,22085,398645,Pregnancy Test - Milk,Pregnant,0.968,152,69
07/31/2025,18366,398645,Pregnancy Test - Milk,Pregnant,1.045,164,67
07/31/2025,19635,398645,Pregnancy Test - Milk,Pregnant,0.6,187,91
07/31/2025,18640,398645,Pregnancy Test - Milk,Re-Check,0.173,237,70
07/31/2025,18673,398645,Pregnancy Test - Milk,Pregnant,1.458,206,70
07/31/2025,21797,398645,Pregnancy Test - Milk,Pregnant,0.89,247,30
07/31/2025,1541,398645,Pregnancy Test - Milk,Pregnant,0.723,191,0
07/31/2025,22149,398645,Pregnancy Test - Milk,Pregnant,0.267,151,86
07/31/2025,21502,398645,Pregnancy Test - Milk,Pregnant,2.799,319,0
07/31/2025,20086,398645,Pregnancy Test - Milk,Open,0.091,182,74
07/31/2025,22053,398645,Pregnancy Test - Milk,Pregnant,0.563,156,95
07/31/2025,21407,398645,Pregnancy Test - Milk,Pregnant,0.414,310,69
07/31/2025,22140,398645,Pregnancy Test - Milk,Pregnant,0.946,149,51
07/31/2025,19305,398645,Pregnancy Test - Milk,Pregnant,POS,297,184
07/31/2025,11630,398645,Pregnancy Test - Milk,Pregnant,POS,257,184
07/31/2025,18441,398645,Pregnancy Test - Milk,Pregnant,POS,282,185
07/31/2025,21939,398645,Pregnancy Test - Milk,Pregnant,0.571,197,70
07/31/2025,19890,398645,Pregnancy Test - Milk,Pregnant,2.532,305,182
07/31/2025,16676,398645,Pregnancy Test - Milk,Pregnant,0.595,225,112
07/31/2025,22001,398645,Pregnancy Test - Milk,Pregnant,1.109,151,0
07/31/2025,19519,398645,Pregnancy Test - Milk,Pregnant,1.529,262,68
07/31/2025,9959,398645,Pregnancy Test - Milk,Pregnant,1.988,397,149
07/31/2025,21455,398645,Pregnancy Test - Milk,Pregnant,2.84,305,149
07/31/2025,20500,398645,Pregnancy Test - Milk,Pregnant,0.848,202,44
07/31/2025,20632,398645,Pregnancy Test - Milk,Pregnant,0.676,160,69
07/31/2025,18960,398645,Pregnancy Test - Milk,Pregnant,0.548,165,51
07/31/2025,20188,398645,Pregnancy Test - Milk,Pregnant,0.356,155,76
07/31/2025,21980,398645,Pregnancy Test - Milk,Pregnant,0.634,155,40
07/31/2025,22106,398645,Pregnancy Test - Milk,Open,0.035,155,86
07/31/2025,17298,398645,Pregnancy Test - Milk,Pregnant,POS,412,17
07/31/2025,18773,398645,Pregnancy Test - Milk,Pregnant,0.649,183,67
07/31/2025,17007,398645,Pregnancy Test - Milk,Pregnant,1.11,204,66
07/31/2025,19026,398645,Pregnancy Test - Milk,Re-Check,0.198,172,70
07/31/2025,1592,398645,Pregnancy Test - Milk,Pregnant,0.32,147,0
07/31/2025,18511,398645,Pregnancy Test - Milk,Pregnant,POS,284,188
07/31/2025,21569,398645,Pregnancy Test - Milk,Pregnant,POS,268,156
07/31/2025,20588,398645,Pregnancy Test - Milk,Pregnant,0.809,182,71
07/31/2025,1448,398645,Pregnancy Test - Milk,Pregnant,1.756,292,0
07/31/2025,22036,398645,Pregnancy Test - Milk,Pregnant,0.704,170,70
07/31/2025,20374,398645,Pregnancy Test - Milk,Pregnant,0.293,237,69
07/31/2025,21476,398645,Pregnancy Test - Milk,Pregnant,1.697,319,90
07/31/2025,7884,398645,Pregnancy Test - Milk,Pregnant,1.429,136,71
07/31/2025,16512,398645,Pregnancy Test - Milk,Pregnant,1.535,144,71
07/31/2025,21474,398645,Pregnancy Test - Milk,Pregnant,POS,320,203
07/31/2025,18530,398645,Pregnancy Test - Milk,Pregnant,0.645,169,68
07/31/2025,18853,398645,Pregnancy Test - Milk,Re-Check,0.184,188,70
07/31/2025,18499,398645,Pregnancy Test - Milk,Pregnant,0.622,179,69
08/07/2025,20058,398645,Pregnancy Test - Milk,Pregnant,2.132,298,182
08/07/2025,17418,398645,Pregnancy Test - Milk,Pregnant,POS,374,232
08/07/2025,20558,398645,Pregnancy Test - Milk,Pregnant,1.072,175,113
08/07/2025,20291,398645,Pregnancy Test - Milk,Pregnant,POS,261,182
08/07/2025,50003,398645,Pregnancy Test - Milk,Re-Check,0.204,135,71
08/07/2025,21628,398645,Pregnancy Test - Milk,Pregnant,1.318,292,226
08/07/2025,21363,398645,Pregnancy Test - Milk,Re-Check,0.151,313,88
08/07/2025,21974,398645,Pregnancy Test - Milk,Pregnant,0.567,171,70
08/07/2025,21465,398645,Pregnancy Test - Milk,Pregnant,POS,324,183
08/07/2025,18215,398645,Pregnancy Test - Milk,Pregnant,2.514,283,185
08/07/2025,20784,398645,Pregnancy Test - Milk,Pregnant,POS,485,187
08/07/2025,16501,398645,Pregnancy Test - Milk,Pregnant,2.443,317,171
08/07/2025,119,398645,Pregnancy Test - Milk,Pregnant,0.324,220,72
08/07/2025,21188,398645,Pregnancy Test - Milk,Pregnant,0.696,291,125
08/07/2025,21967,398645,Pregnancy Test - Milk,Pregnant,0.86,197,66
08/07/2025,18942,398645,Pregnancy Test - Milk,Pregnant,0.325,140,70
08/07/2025,20297,398645,Pregnancy Test - Milk,Pregnant,0.912,199,123
08/07/2025,18713,398645,Pregnancy Test - Milk,Pregnant,0.351,149,126
08/07/2025,21633,398645,Pregnancy Test - Milk,Pregnant,0.637,272,149
08/07/2025,18895,398645,Pregnancy Test - Milk,Pregnant,0.434,180,68
08/07/2025,20660,398645,Pregnancy Test - Milk,Pregnant,0.435,141,71
08/07/2025,14319,398645,Pregnancy Test - Milk,Pregnant,2.117,347,184
08/07/2025,18843,398645,Pregnancy Test - Milk,Pregnant,1.355,137,70
08/07/2025,18139,398645,Pregnancy Test - Milk,Pregnant,2.304,305,187
08/07/2025,21736,398645,Pregnancy Test - Milk,Pregnant,1.194,272,181
08/07/2025,20511,398645,Pregnancy Test - Milk,Pregnant,0.36,154,90
08/07/2025,20396,398645,Pregnancy Test - Milk,Pregnant,0.313,218,66
08/07/2025,21475,398645,Pregnancy Test - Milk,Pregnant,1.87,317,26
08/07/2025,20057,398645,Pregnancy Test - Milk,Pregnant,2.665,275,212
08/07/2025,20323,398645,Pregnancy Test - Milk,Re-Check,0.213,179,113
08/07/2025,18060,398645,Pregnancy Test - Milk,Pregnant,1.683,251,184
08/07/2025,22090,398645,Pregnancy Test - Milk,Pregnant,0.426,160,47
08/07/2025,20246,398645,Pregnancy Test - Milk,Pregnant,1.413,235,73
08/07/2025,20022,398645,Pregnancy Test - Milk,Pregnant,2.641,278,223
08/07/2025,22003,398645,Pregnancy Test - Milk,Pregnant,0.767,195,67
08/07/2025,19800,398645,Pregnancy Test - Milk,Pregnant,POS,313,187
08/07/2025,17909,398645,Pregnancy Test - Milk,Pregnant,1.667,414,181
08/07/2025,14578,398645,Pregnancy Test - Milk,Pregnant,2.06,326,184
08/07/2025,20832,398645,Pregnancy Test - Milk,Pregnant,1.431,418,149
08/07/2025,20649,398645,Pregnancy Test - Milk,Pregnant,0.264,147,71
08/07/2025,9675,398645,Pregnancy Test - Milk,Pregnant,2.8,257,184
08/07/2025,19798,398645,Pregnancy Test - Milk,Pregnant,2.298,366,149
08/07/2025,19155,398645,Pregnancy Test - Milk,Pregnant,0.264,134,71
08/07/2025,16417,398645,Pregnancy Test - Milk,Pregnant,1.698,277,182
08/07/2025,1506,398645,Pregnancy Test - Milk,Re-Check,0.227,193,0
08/07/2025,17147,398645,Pregnancy Test - Milk,Pregnant,0.635,221,78
08/07/2025,7592,398645,Pregnancy Test - Milk,Re-Check,0.227,251,68
08/07/2025,22211,398645,Pregnancy Test - Milk,Pregnant,0.561,155,69
08/07/2025,20423,398645,Pregnancy Test - Milk,Pregnant,0.553,191,68
08/07/2025,19975,398645,Pregnancy Test - Milk,Pregnant,1.72,275,183
08/07/2025,20431,398645,Pregnancy Test - Milk,Pregnant,0.392,178,114
08/07/2025,16971,398645,Pregnancy Test - Milk,Pregnant,0.589,263,67
08/07/2025,15162,398645,Pregnancy Test - Milk,Pregnant,0.671,298,68
08/07/2025,21203,398645,Pregnancy Test - Milk,Pregnant,POS,391,156
08/07/2025,22065,398645,Pregnancy Test - Milk,Pregnant,0.882,170,70
08/07/2025,21956,398645,Pregnancy Test - Milk,Pregnant,0.434,156,93
08/07/2025,20523,398645,Pregnancy Test - Milk,Pregnant,0.423,176,73
08/07/2025,21525,398645,Pregnancy Test - Milk,Pregnant,1.494,267,194
08/07/2025,16952,398645,Pregnancy Test - Milk,Pregnant,1.357,268,181
08/07/2025,21275,398645,Pregnancy Test - Milk,Pregnant,0.504,349,96
08/07/2025,22164,398645,Pregnancy Test - Milk,Pregnant,0.438,149,86
08/07/2025,20271,398645,Pregnancy Test - Milk,Pregnant,0.452,161,69
08/07/2025,20668,398645,Pregnancy Test - Milk,Re-Check,0.249,144,72
08/07/2025,21311,398645,Pregnancy Test - Milk,Re-Check,0.13,269,181
08/07/2025,21959,398645,Pregnancy Test - Milk,Pregnant,0.848,219,68
08/07/2025,16701,398645,Pregnancy Test - Milk,Pregnant,2.077,281,183
08/07/2025,19773,398645,Pregnancy Test - Milk,Pregnant,2.356,342,181
08/07/2025,1417,398645,Pregnancy Test - Milk,Pregnant,0.465,164,0
08/07/2025,15067,398645,Pregnancy Test - Milk,Pregnant,0.414,208,70
08/07/2025,20207,398645,Pregnancy Test - Milk,Pregnant,2.221,259,184
08/07/2025,21539,398645,Pregnancy Test - Milk,Pregnant,2.45,310,184
08/07/2025,20037,398645,Pregnancy Test - Milk,Pregnant,1.012,256,186
08/07/2025,20003,398645,Pregnancy Test - Milk,Pregnant,2.277,299,225
08/07/2025,21123,398645,Pregnancy Test - Milk,Re-Check,0.213,384,89
08/07/2025,18815,398645,Pregnancy Test - Milk,Pregnant,1.144,149,20
08/07/2025,21698,398645,Pregnancy Test - Milk,Pregnant,1.421,274,149
08/07/2025,22045,398645,Pregnancy Test - Milk,Pregnant,0.376,159,69
08/07/2025,20599,398645,Pregnancy Test - Milk,Re-Check,0.247,190,68
08/07/2025,20923,398645,Pregnancy Test - Milk,Pregnant,POS,454,187
08/07/2025,20595,398645,Pregnancy Test - Milk,Re-Check,0.229,179,67
08/07/2025,20096,398645,Pregnancy Test - Milk,Pregnant,2.045,261,182
08/07/2025,15748,398645,Pregnancy Test - Milk,Pregnant,0.329,150,69
08/07/2025,20390,398645,Pregnancy Test - Milk,Pregnant,0.536,145,71
08/07/2025,16985,398645,Pregnancy Test - Milk,Pregnant,2.572,258,188
08/07/2025,4153,398645,Pregnancy Test - Milk,Pregnant,1.232,251,184
08/07/2025,21852,398645,Pregnancy Test - Milk,Pregnant,0.709,195,71
08/07/2025,19915,398645,Pregnancy Test - Milk,Pregnant,2.807,334,184
08/07/2025,18606,398645,Pregnancy Test - Milk,Pregnant,0.557,168,70
08/07/2025,20210,398645,Pregnancy Test - Milk,Pregnant,1.655,254,184
08/07/2025,20261,398645,Pregnancy Test - Milk,Re-Check,0.222,192,68
08/07/2025,19660,398645,Pregnancy Test - Milk,Pregnant,2.66,255,185
08/07/2025,1489,398645,Pregnancy Test - Milk,Re-Check,0.141,210,0
08/07/2025,21658,398645,Pregnancy Test - Milk,Pregnant,2.065,281,186
08/07/2025,20196,398645,Pregnancy Test - Milk,Pregnant,0.406,130,71
08/07/2025,20556,398645,Pregnancy Test - Milk,Pregnant,0.381,137,71
08/07/2025,21630,398645,Pregnancy Test - Milk,Pregnant,POS,266,198
08/07/2025,1409,398645,Pregnancy Test - Milk,Pregnant,0.263,143,0
08/07/2025,1499,398645,Pregnancy Test - Milk,Pregnant,POS,278,0
08/07/2025,20640,398645,Pregnancy Test - Milk,Pregnant,0.398,144,14
08/07/2025,18388,398645,Pregnancy Test - Milk,Pregnant,0.997,280,188
08/07/2025,21734,398645,Pregnancy Test - Milk,Pregnant,0.317,270,30
08/07/2025,1355,398645,Pregnancy Test - Milk,Pregnant,2.057,322,0
08/07/2025,21672,398645,Pregnancy Test - Milk,Pregnant,1.963,268,198
08/07/2025,17903,398645,Pregnancy Test - Milk,Pregnant,2.348,418,47
08/07/2025,19224,398645,Pregnancy Test - Milk,Pregnant,2.27,333,187
08/07/2025,15737,398645,Pregnancy Test - Milk,Pregnant,0.323,211,69
08/07/2025,20033,398645,Pregnancy Test - Milk,Pregnant,1.299,272,181
08/07/2025,19681,398645,Pregnancy Test - Milk,Pregnant,2.207,278,185
08/07/2025,21953,398645,Pregnancy Test - Milk,Re-Check,0.204,183,72
08/07/2025,17434,398645,Pregnancy Test - Milk,Pregnant,0.659,150,45
08/07/2025,18681,398645,Pregnancy Test - Milk,Pregnant,1.824,277,186
08/07/2025,20711,398645,Pregnancy Test - Milk,Pregnant,0.294,147,70
08/07/2025,19953,398645,Pregnancy Test - Milk,Re-Check,0.175,139,70
08/07/2025,17222,398645,Pregnancy Test - Milk,Pregnant,2.017,305,186
08/07/2025,1376,398645,Pregnancy Test - Milk,Pregnant,0.961,150,0
08/07/2025,7758,398645,Pregnancy Test - Milk,Pregnant,0.31,152,91
08/07/2025,16669,398645,Pregnancy Test - Milk,Pregnant,2.098,331,186
08/07/2025,20211,398645,Pregnancy Test - Milk,Pregnant,0.407,155,127
08/07/2025,17290,398645,Pregnancy Test - Milk,Pregnant,1.177,136,70
08/07/2025,21707,398645,Pregnancy Test - Milk,Pregnant,1.409,273,91
08/07/2025,21742,398645,Pregnancy Test - Milk,Re-Check,0.238,185,68
08/07/2025,20462,398645,Pregnancy Test - Milk,Pregnant,0.464,199,72
08/07/2025,19940,398645,Pregnancy Test - Milk,Pregnant,0.346,153,120
08/07/2025,20151,398645,Pregnancy Test - Milk,Pregnant,0.42,189,70
08/07/2025,20606,398645,Pregnancy Test - Milk,Pregnant,0.753,148,104
08/07/2025,1302,398645,Pregnancy Test - Milk,Pregnant,0.832,131,0
08/07/2025,18733,398645,Pregnancy Test - Milk,Pregnant,0.56,194,73
08/07/2025,16340,398645,Pregnancy Test - Milk,Pregnant,0.251,140,1
08/21/2025,19059,398645,Pregnancy Test - Milk,Re-Check,0.187,142,60
08/21/2025,18353,398645,Pregnancy Test - Milk,Pregnant,0.342,188,69
08/21/2025,20029,398645,Pregnancy Test - Milk,Pregnant,1.678,290,187
08/21/2025,21075,398645,Pregnancy Test - Milk,Pregnant,1.94,341,149
08/21/2025,20384,398645,Pregnancy Test - Milk,Pregnant,0.661,205,67
08/21/2025,21506,398645,Pregnancy Test - Milk,Pregnant,2.256,271,148
08/21/2025,22081,398645,Pregnancy Test - Milk,Pregnant,0.311,152,87
08/21/2025,21478,398645,Pregnancy Test - Milk,Pregnant,1.965,305,149
08/21/2025,12613,398645,Pregnancy Test - Milk,Pregnant,0.677,295,69
08/21/2025,20187,398645,Pregnancy Test - Milk,Pregnant,1.338,254,183
08/21/2025,22091,398645,Pregnancy Test - Milk,Re-Check,0.175,153,60
08/21/2025,18193,398645,Pregnancy Test - Milk,Pregnant,2.743,326,186
08/21/2025,19849,398645,Pregnancy Test - Milk,Pregnant,2.108,381,123
08/21/2025,21116,398645,Pregnancy Test - Milk,Pregnant,1.216,359,149
08/21/2025,18030,398645,Pregnancy Test - Milk,Pregnant,0.366,281,131
08/21/2025,20703,398645,Pregnancy Test - Milk,Pregnant,0.82,157,29
08/21/2025,22006,398645,Pregnancy Test - Milk,Re-Check,0.227,154,86
08/21/2025,18484,398645,Pregnancy Test - Milk,Pregnant,0.301,224,67
08/21/2025,17225,398645,Pregnancy Test - Milk,Pregnant,0.713,189,72
08/21/2025,18777,398645,Pregnancy Test - Milk,Pregnant,0.369,149,86
08/21/2025,21773,398645,Pregnancy Test - Milk,Pregnant,0.752,267,149
08/21/2025,21692,398645,Pregnancy Test - Milk,Re-Check,0.13,216,37
08/21/2025,19539,398645,Pregnancy Test - Milk,Pregnant,0.936,256,70
08/21/2025,19854,398645,Pregnancy Test - Milk,Pregnant,2.067,287,149
08/21/2025,21705,398645,Pregnancy Test - Milk,Pregnant,2.442,274,156
08/21/2025,21952,398645,Pregnancy Test - Milk,Re-Check,0.112,228,69
08/21/2025,21552,398645,Pregnancy Test - Milk,Open,0.034,297,189
08/21/2025,16176,398645,Pregnancy Test - Milk,Pregnant,0.588,150,70
08/21/2025,20062,398645,Pregnancy Test - Milk,Pregnant,2.227,273,185
08/21/2025,12702,398645,Pregnancy Test - Milk,Pregnant,2.349,307,45
08/21/2025,21733,398645,Pregnancy Test - Milk,Pregnant,0.651,271,37
08/21/2025,21616,398645,Pregnancy Test - Milk,Pregnant,2.787,329,149
08/21/2025,20237,398645,Pregnancy Test - Milk,Pregnant,1.682,253,183
08/21/2025,18753,398645,Pregnancy Test - Milk,Pregnant,POS,277,211
08/21/2025,20093,398645,Pregnancy Test - Milk,Pregnant,2.715,284,61
08/21/2025,18472,398645,Pregnancy Test - Milk,Pregnant,POS,260,149
08/21/2025,19998,398645,Pregnancy Test - Milk,Pregnant,POS,302,187
08/21/2025,21147,398645,Pregnancy Test - Milk,Pregnant,1.677,330,188
08/21/2025,21400,398645,Pregnancy Test - Milk,Pregnant,1.926,357,149
08/21/2025,20545,398645,Pregnancy Test - Milk,Pregnant,0.365,179,113
08/21/2025,19004,398645,Pregnancy Test - Milk,Pregnant,0.987,151,60
08/21/2025,21966,398645,Pregnancy Test - Milk,Pregnant,0.37,193,30
08/21/2025,19075,398645,Pregnancy Test - Milk,Pregnant,1.019,150,60
08/21/2025,21518,398645,Pregnancy Test - Milk,Pregnant,POS,332,149
08/21/2025,22087,398645,Pregnancy Test - Milk,Re-Check,0.206,171,68
08/21/2025,16222,398645,Pregnancy Test - Milk,Pregnant,1.146,309,149
08/21/2025,17185,398645,Pregnancy Test - Milk,Pregnant,0.519,194,69
08/21/2025,15996,398645,Pregnancy Test - Milk,Re-Check,0.177,139,72
08/21/2025,20620,398645,Pregnancy Test - Milk,Pregnant,0.283,195,67
08/21/2025,21788,398645,Pregnancy Test - Milk,Pregnant,1.67,266,59
08/21/2025,20572,398645,Pregnancy Test - Milk,Pregnant,0.271,139,72
08/21/2025,20817,398645,Pregnancy Test - Milk,Re-Check,0.17,142,71
08/21/2025,21809,398645,Pregnancy Test - Milk,Pregnant,1.5,265,181
08/21/2025,18978,398645,Pregnancy Test - Milk,Pregnant,0.611,143,68
08/21/2025,3233,398645,Pregnancy Test - Milk,Pregnant,1.96,316,142
08/21/2025,20024,398645,Pregnancy Test - Milk,Pregnant,1.774,327,183
08/21/2025,17118,398645,Pregnancy Test - Milk,Pregnant,POS,252,184
08/21/2025,18518,398645,Pregnancy Test - Milk,Pregnant,0.43,191,67
08/21/2025,21457,398645,Pregnancy Test - Milk,Pregnant,POS,303,185
08/21/2025,22019,398645,Pregnancy Test - Milk,Pregnant,1.293,200,69
08/21/2025,21618,398645,Pregnancy Test - Milk,Pregnant,1.847,309,80
08/21/2025,20326,398645,Pregnancy Test - Milk,Pregnant,1.434,250,184
08/21/2025,22008,398645,Pregnancy Test - Milk,Pregnant,0.296,192,72
08/21/2025,4165,398645,Pregnancy Test - Milk,Pregnant,2.369,257,184
08/21/2025,20641,398645,Pregnancy Test - Milk,Open,0.046,158,0
08/21/2025,18519,398645,Pregnancy Test - Milk,Pregnant,2.549,276,217
08/21/2025,20217,398645,Pregnancy Test - Milk,Pregnant,2.75,263,127
08/21/2025,15354,398645,Pregnancy Test - Milk,Pregnant,0.488,182,67
08/21/2025,20262,398645,Pregnancy Test - Milk,Pregnant,1.724,267,149
08/21/2025,20241,398645,Pregnancy Test - Milk,Pregnant,2.175,285,183
08/21/2025,18860,398645,Pregnancy Test - Milk,Pregnant,0.859,157,101
08/21/2025,22195,398645,Pregnancy Test - Milk,Pregnant,0.652,155,86
08/21/2025,20307,398645,Pregnancy Test - Milk,Pregnant,1.846,252,184
08/21/2025,1374,398645,Pregnancy Test - Milk,Pregnant,1.57,329,0
08/21/2025,4172,398645,Pregnancy Test - Milk,Pregnant,0.545,220,73
08/21/2025,19505,398645,Pregnancy Test - Milk,Pregnant,0.54,362,187
08/21/2025,21971,398645,Pregnancy Test - Milk,Re-Check,0.211,219,67
08/21/2025,21540,398645,Pregnancy Test - Milk,Pregnant,POS,306,182
08/21/2025,20043,398645,Pregnancy Test - Milk,Pregnant,1.82,297,225
08/21/2025,21766,398645,Pregnancy Test - Milk,Pregnant,0.893,265,149
08/21/2025,20035,398645,Pregnancy Test - Milk,Pregnant,2.111,290,182
08/21/2025,1463,398645,Pregnancy Test - Milk,Pregnant,1.367,284,0
08/21/2025,18936,398645,Pregnancy Test - Milk,Re-Check,0.19,208,116
08/21/2025,21480,398645,Pregnancy Test - Milk,Pregnant,2.289,292,148
08/21/2025,21703,398645,Pregnancy Test - Milk,Pregnant,1.056,270,38
08/21/2025,19000,398645,Pregnancy Test - Milk,Pregnant,0.356,189,70
08/21/2025,20372,398645,Pregnancy Test - Milk,Pregnant,2.86,258,184
08/21/2025,11842,398645,Pregnancy Test - Milk,Not Tested,,255,182
08/21/2025,12723,398645,Pregnancy Test - Milk,Pregnant,1.403,283,184
08/21/2025,22010,398645,Pregnancy Test - Milk,Open,0.059,208,70
08/21/2025,19679,398645,Pregnancy Test - Milk,Pregnant,2.027,330,122
08/21/2025,20145,398645,Pregnancy Test - Milk,Pregnant,POS,275,170
08/21/2025,20409,398645,Pregnancy Test - Milk,Pregnant,2.179,251,182
08/21/2025,21804,398645,Pregnancy Test - Milk,Pregnant,1.334,265,198
08/21/2025,21779,398645,Pregnancy Test - Milk,Pregnant,0.961,268,149
08/21/2025,20520,398645,Pregnancy Test - Milk,Open,0.03,178,72
08/21/2025,18589,398645,Pregnancy Test - Milk,Pregnant,2.748,268,182
08/21/2025,18638,398645,Pregnancy Test - Milk,Pregnant,1.583,270,212
08/21/2025,1493,398645,Pregnancy Test - Milk,Re-Check,0.224,194,0
08/21/2025,21838,398645,Pregnancy Test - Milk,Pregnant,0.353,240,89
08/21/2025,1474,398645,Pregnancy Test - Milk,Pregnant,2.002,263,0
08/21/2025,200,398645,Pregnancy Test - Milk,Re-Check,0.248,154,75
08/21/2025,19769,398645,Pregnancy Test - Milk,Pregnant,1.927,369,1
08/21/2025,18451,398645,Pregnancy Test - Milk,Re-Check,0.237,185,69
08/21/2025,20758,398645,Pregnancy Test - Milk,Re-Check,0.209,137,71
08/21/2025,21395,398645,Pregnancy Test - Milk,Pregnant,POS,299,148
08/21/2025,14709,398645,Pregnancy Test - Milk,Pregnant,0.633,269,238
08/21/2025,18770,398645,Pregnancy Test - Milk,Pregnant,0.316,232,69
08/21/2025,17860,398645,Pregnancy Test - Milk,Pregnant,0.251,150,86
08/21/2025,19656,398645,Pregnancy Test - Milk,Pregnant,2.34,403,182
08/21/2025,20357,398645,Pregnancy Test - Milk,Pregnant,0.855,248,67
08/21/2025,17459,398645,Pregnancy Test - Milk,Pregnant,0.43,174,72
08/21/2025,15898,398645,Pregnancy Test - Milk,Re-Check,0.183,210,72
08/21/2025,19767,398645,Pregnancy Test - Milk,Pregnant,POS,250,157
08/21/2025,20674,398645,Pregnancy Test - Milk,Re-Check,0.239,179,67
08/21/2025,22082,398645,Pregnancy Test - Milk,Re-Check,0.159,174,69
08/21/2025,21785,398645,Pregnancy Test - Milk,Pregnant,1.882,267,181
08/21/2025,19697,398645,Pregnancy Test - Milk,Pregnant,POS,306,186
08/21/2025,20223,398645,Pregnancy Test - Milk,Pregnant,0.594,251,70
08/21/2025,43769,398645,Pregnancy Test - Milk,Pregnant,2.734,256,31
08/21/2025,5540,398645,Pregnancy Test - Milk,Pregnant,1.69,263,0
08/21/2025,21646,398645,Pregnancy Test - Milk,Pregnant,2.865,267,148
08/21/2025,18516,398645,Pregnancy Test - Milk,Pregnant,0.578,323,70
08/28/2025,21820,398645,Pregnancy Test - Milk,Pregnant,0.911,265,198
08/28/2025,18819,398645,Pregnancy Test - Milk,Pregnant,1.268,278,184
08/28/2025,20515,398645,Pregnancy Test - Milk,Pregnant,1.393,185,72
08/28/2025,22192,398645,Pregnancy Test - Milk,Pregnant,0.617,156,95
08/28/2025,21408,398645,Pregnancy Test - Milk,Pregnant,2.211,295,156
08/28/2025,16233,398645,Pregnancy Test - Milk,Pregnant,POS,253,182
08/28/2025,22161,398645,Pregnancy Test - Milk,Pregnant,0.283,154,87
08/28/2025,15915,398645,Pregnancy Test - Milk,Pregnant,1.14,168,70
08/28/2025,1395,398645,Pregnancy Test - Milk,Pregnant,POS,278,0
08/28/2025,20042,398645,Pregnancy Test - Milk,Pregnant,1.509,323,149
08/28/2025,15800,398645,Pregnancy Test - Milk,Pregnant,0.452,140,71
08/28/2025,21836,398645,Pregnancy Test - Milk,Pregnant,1.8,266,202
08/28/2025,20216,398645,Pregnancy Test - Milk,Open,0.023,256,13
08/28/2025,22133,398645,Pregnancy Test - Milk,Re-Check,0.247,156,94
08/28/2025,21783,398645,Pregnancy Test - Milk,Pregnant,1.8,266,198
08/28/2025,21958,398645,Pregnancy Test - Milk,Pregnant,0.306,229,73
08/28/2025,14863,398645,Pregnancy Test - Milk,Pregnant,2.336,332,187
08/28/2025,21037,398645,Pregnancy Test - Milk,Pregnant,2.016,402,186
08/28/2025,18865,398645,Pregnancy Test - Milk,Pregnant,0.827,272,183
08/28/2025,21239,398645,Pregnancy Test - Milk,Pregnant,POS,320,185
08/28/2025,20336,398645,Pregnancy Test - Milk,Pregnant,2.467,266,184
08/28/2025,16006,398645,Pregnancy Test - Milk,Pregnant,0.44,137,72
08/28/2025,14975,398645,Pregnancy Test - Milk,Pregnant,1.618,398,182
08/28/2025,17580,398645,Pregnancy Test - Milk,Pregnant,0.459,169,67
08/28/2025,8615,398645,Pregnancy Test - Milk,Pregnant,1.571,376,186
08/28/2025,18934,398645,Pregnancy Test - Milk,Pregnant,1.059,193,72
08/28/2025,19778,398645,Pregnancy Test - Milk,Pregnant,1.582,281,182
08/28/2025,20878,398645,Pregnancy Test - Milk,Pregnant,POS,481,199
08/28/2025,21613,398645,Pregnancy Test - Milk,Pregnant,2.728,287,181
08/28/2025,21888,398645,Pregnancy Test - Milk,Pregnant,0.456,182,37
08/28/2025,22212,398645,Pregnancy Test - Milk,Re-Check,0.19,154,86
08/28/2025,4167,398645,Pregnancy Test - Milk,Pregnant,1.389,264,149
08/28/2025,21814,398645,Pregnancy Test - Milk,Pregnant,1.665,268,68
08/28/2025,19568,398645,Pregnancy Test - Milk,Pregnant,2.199,322,149
08/28/2025,1236,398645,Pregnancy Test - Milk,Pregnant,1.884,430,0
08/28/2025,18361,398645,Pregnancy Test - Milk,Pregnant,1.287,311,18
08/28/2025,19743,398645,Pregnancy Test - Milk,Pregnant,2.416,370,185
08/28/2025,21829,398645,Pregnancy Test - Milk,Pregnant,2.35,265,149
08/28/2025,22215,398645,Pregnancy Test - Milk,Pregnant,0.78,155,86
08/28/2025,19372,398645,Pregnancy Test - Milk,Re-Check,0.2,221,76
08/28/2025,13343,398645,Pregnancy Test - Milk,Pregnant,0.69,178,73
08/28/2025,19510,398645,Pregnancy Test - Milk,Pregnant,2.361,379,186
08/28/2025,16670,398645,Pregnancy Test - Milk,Pregnant,1.137,281,187
08/28/2025,21380,398645,Pregnancy Test - Milk,Pregnant,1.959,325,148
08/28/2025,21638,398645,Pregnancy Test - Milk,Pregnant,2.587,307,156
08/28/2025,21664,398645,Pregnancy Test - Milk,Pregnant,2.229,295,149
08/28/2025,20259,398645,Pregnancy Test - Milk,Pregnant,2.665,274,184
08/28/2025,16218,398645,Pregnancy Test - Milk,Pregnant,POS,287,182
08/28/2025,21805,398645,Pregnancy Test - Milk,Pregnant,1.927,268,149
08/28/2025,14659,398645,Pregnancy Test - Milk,Pregnant,1.944,266,181
08/28/2025,21660,398645,Pregnancy Test - Milk,Pregnant,POS,292,156
08/28/2025,18135,398645,Pregnancy Test - Milk,Pregnant,0.558,256,37
08/28/2025,20064,398645,Pregnancy Test - Milk,Pregnant,1.838,301,233
08/28/2025,8471,398645,Pregnancy Test - Milk,Pregnant,POS,296,188
08/28/2025,3130,398645,Pregnancy Test - Milk,Pregnant,2.357,359,156
08/28/2025,14115,398645,Pregnancy Test - Milk,Pregnant,0.522,139,72
08/28/2025,17096,398645,Pregnancy Test - Milk,Pregnant,POS,272,188
08/28/2025,21872,398645,Pregnancy Test - Milk,Pregnant,POS,265,7
08/28/2025,21828,398645,Pregnancy Test - Milk,Pregnant,2.613,265,128
08/28/2025,21629,398645,Pregnancy Test - Milk,Re-Check,0.126,269,91
08/28/2025,21626,398645,Pregnancy Test - Milk,Pregnant,1.257,286,149
08/28/2025,21642,398645,Pregnancy Test - Milk,Pregnant,0.386,219,30
08/28/2025,21080,398645,Pregnancy Test - Milk,Pregnant,1.714,435,149
08/28/2025,20825,398645,Pregnancy Test - Milk,Open,0.036,143,19
08/28/2025,19623,398645,Pregnancy Test - Milk,Pregnant,2.447,340,184
08/28/2025,13122,398645,Pregnancy Test - Milk,Pregnant,0.329,168,75
08/28/2025,21081,398645,Pregnancy Test - Milk,Pregnant,POS,415,149
08/28/2025,22177,398645,Pregnancy Test - Milk,Pregnant,0.567,155,88
08/28/2025,17628,398645,Pregnancy Test - Milk,Re-Check,0.236,150,99
08/28/2025,14103,398645,Pregnancy Test - Milk,Pregnant,1.849,314,186
08/28/2025,18923,398645,Pregnancy Test - Milk,Pregnant,0.372,168,69
08/28/2025,21354,398645,Pregnancy Test - Milk,Pregnant,2.607,345,182
08/28/2025,15701,398645,Pregnancy Test - Milk,Pregnant,2.555,399,181
09/04/2025,17836,398645,Pregnancy Test - Milk,Pregnant,2.535,250,184
09/04/2025,20171,398645,Pregnancy Test - Milk,Pregnant,2.73,299,183
09/04/2025,22070,398645,Pregnancy Test - Milk,Pregnant,0.508,175,18
09/04/2025,21447,398645,Pregnancy Test - Milk,Pregnant,2.09,331,186
09/04/2025,20181,398645,Pregnancy Test - Milk,Pregnant,1.818,241,112
09/04/2025,21716,398645,Pregnancy Test - Milk,Pregnant,1.353,265,149
09/04/2025,20666,398645,Pregnancy Test - Milk,Pregnant,0.311,196,69
09/04/2025,20008,398645,Pregnancy Test - Milk,Pregnant,1.992,304,192
09/04/2025,21304,398645,Pregnancy Test - Milk,Pregnant,2.14,368,148
09/04/2025,18951,398645,Pregnancy Test - Milk,Pregnant,0.422,218,73
09/04/2025,22221,398645,Pregnancy Test - Milk,Pregnant,0.272,150,87
09/04/2025,4109,398645,Pregnancy Test - Milk,Pregnant,2.558,260,184
09/04/2025,16514,398645,Pregnancy Test - Milk,Pregnant,POS,324,185
09/04/2025,20526,398645,Pregnancy Test - Milk,Open,0.006,226,68
09/04/2025,18689,398645,Pregnancy Test - Milk,Pregnant,POS,266,217
09/04/2025,20267,398645,Pregnancy Test - Milk,Pregnant,2.601,258,184
09/04/2025,20115,398645,Pregnancy Test - Milk,Pregnant,POS,325,188
09/04/2025,20684,398645,Pregnancy Test - Milk,Pregnant,0.595,159,67
09/04/2025,21799,398645,Pregnancy Test - Milk,Pregnant,1.66,270,55
09/04/2025,20120,398645,Pregnancy Test - Milk,Pregnant,0.418,274,71
09/04/2025,18359,398645,Pregnancy Test - Milk,Pregnant,1.527,275,6
09/04/2025,20690,398645,Pregnancy Test - Milk,Pregnant,0.49,160,86
09/04/2025,1440,398645,Pregnancy Test - Milk,Pregnant,1.906,263,0
09/04/2025,17337,398645,Pregnancy Test - Milk,Pregnant,0.565,194,66
09/04/2025,19052,398645,Pregnancy Test - Milk,Pregnant,1.556,194,69
09/04/2025,20296,398645,Pregnancy Test - Milk,Pregnant,1.614,256,184
09/04/2025,17017,398645,Pregnancy Test - Milk,Pregnant,0.42,148,86
09/04/2025,20965,398645,Pregnancy Test - Milk,Pregnant,POS,469,182
09/04/2025,17624,398645,Pregnancy Test - Milk,Pregnant,0.257,194,70
09/04/2025,18534,398645,Pregnancy Test - Milk,Pregnant,1.758,300,181
09/04/2025,17363,398645,Pregnancy Test - Milk,Pregnant,0.944,212,40
09/04/2025,9735,398645,Pregnancy Test - Milk,Pregnant,1.67,265,69
09/04/2025,9918,398645,Pregnancy Test - Milk,Pregnant,1.822,262,181
09/04/2025,18433,398645,Pregnancy Test - Milk,Pregnant,1.584,250,185
09/04/2025,20087,398645,Pregnancy Test - Milk,Pregnant,POS,281,5
09/04/2025,20810,398645,Pregnancy Test - Milk,Pregnant,0.598,135,70
09/04/2025,19349,398645,Pregnancy Test - Milk,Pregnant,1.683,283,187
09/04/2025,21877,398645,Pregnancy Test - Milk,Pregnant,1.945,269,198
09/04/2025,18226,398645,Pregnancy Test - Milk,Pregnant,2.294,262,94
09/04/2025,20161,398645,Pregnancy Test - Milk,Pregnant,1.927,258,184
09/04/2025,20822,398645,Pregnancy Test - Milk,Open,0.041,157,2
09/04/2025,1547,398645,Pregnancy Test - Milk,Pregnant,2.705,262,0
09/04/2025,19734,398645,Pregnancy Test - Milk,Pregnant,2.523,391,149
09/04/2025,18667,398645,Pregnancy Test - Milk,Pregnant,0.893,182,66
09/04/2025,20868,398645,Pregnancy Test - Milk,Pregnant,0.481,150,86
09/04/2025,19812,398645,Pregnancy Test - Milk,Pregnant,2.536,331,184
09/04/2025,21847,398645,Pregnancy Test - Milk,Pregnant,1.728,267,208
09/04/2025,21850,398645,Pregnancy Test - Milk,Pregnant,POS,266,198
09/04/2025,18765,398645,Pregnancy Test - Milk,Pregnant,1.727,251,183
09/04/2025,20013,398645,Pregnancy Test - Milk,Pregnant,1.789,271,211
09/04/2025,18261,398645,Pregnancy Test - Milk,Pregnant,2.318,277,181
09/04/2025,1334,398645,Pregnancy Test - Milk,Pregnant,0.74,191,0
09/04/2025,20534,398645,Pregnancy Test - Milk,Re-Check,0.178,226,11
09/04/2025,22271,398645,Pregnancy Test - Milk,Pregnant,0.36,152,69
09/04/2025,19695,398645,Pregnancy Test - Milk,Pregnant,1.095,254,183
09/04/2025,19564,398645,Pregnancy Test - Milk,Pregnant,0.889,374,87
09/04/2025,21750,398645,Pregnancy Test - Milk,Pregnant,0.568,262,67
09/04/2025,18854,398645,Pregnancy Test - Milk,Pregnant,1.514,252,184
09/04/2025,18800,398645,Pregnancy Test - Milk,Pregnant,0.477,215,68
09/04/2025,18665,398645,Pregnancy Test - Milk,Pregnant,0.467,197,164
09/04/2025,16458,398645,Pregnancy Test - Milk,Pregnant,0.37,232,67
09/04/2025,22225,398645,Pregnancy Test - Milk,Pregnant,0.382,151,100
09/04/2025,21460,398645,Pregnancy Test - Milk,Pregnant,2.239,365,149
09/04/2025,21026,398645,Pregnancy Test - Milk,Pregnant,1.28,410,184
09/04/2025,21882,398645,Pregnancy Test - Milk,Pregnant,2.235,265,198
09/04/2025,18435,398645,Pregnancy Test - Milk,Pregnant,1.482,258,189
09/04/2025,22157,398645,Pregnancy Test - Milk,Re-Check,0.192,174,67
09/04/2025,19995,398645,Pregnancy Test - Milk,Pregnant,2.009,278,132
09/04/2025,17270,398645,Pregnancy Test - Milk,Pregnant,POS,255,182
09/04/2025,19970,398645,Pregnancy Test - Milk,Pregnant,0.616,178,66
09/04/2025,19165,398645,Pregnancy Test - Milk,Pregnant,0.345,145,71
09/04/2025,10331,398645,Pregnancy Test - Milk,Pregnant,2.317,350,181
09/04/2025,11565,398645,Pregnancy Test - Milk,Pregnant,0.618,148,85
09/04/2025,22061,398645,Pregnancy Test - Milk,Pregnant,0.294,155,86
09/04/2025,22285,398645,Pregnancy Test - Milk,Pregnant,0.462,151,86
09/04/2025,18503,398645,Pregnancy Test - Milk,Pregnant,1.972,258,184
09/04/2025,20186,398645,Pregnancy Test - Milk,Pregnant,0.55,229,66
09/04/2025,18136,398645,Pregnancy Test - Milk,Pregnant,2.327,279,149
09/04/2025,18445,398645,Pregnancy Test - Milk,Pregnant,1.897,279,187
09/04/2025,19909,398645,Pregnancy Test - Milk,Pregnant,1.435,306,182
09/04/2025,21531,398645,Pregnancy Test - Milk,Pregnant,1.018,300,182
09/04/2025,1387,398645,Pregnancy Test - Milk,Pregnant,1.298,257,0
09/04/2025,15231,398645,Pregnancy Test - Milk,Pregnant,1.91,302,185
09/04/2025,20265,398645,Pregnancy Test - Milk,Pregnant,POS,280,75
09/04/2025,21571,398645,Pregnancy Test - Milk,Pregnant,1.901,320,183
09/04/2025,20280,398645,Pregnancy Test - Milk,Pregnant,0.622,228,115
09/04/2025,20236,398645,Pregnancy Test - Milk,Pregnant,1.951,258,183
09/04/2025,21822,398645,Pregnancy Test - Milk,Pregnant,2.53,278,182
09/04/2025,20180,398645,Pregnancy Test - Milk,Pregnant,2.162,263,182
09/04/2025,17885,398645,Pregnancy Test - Milk,Pregnant,0.504,148,86
09/04/2025,20195,398645,Pregnancy Test - Milk,Pregnant,POS,274,182
09/04/2025,16806,398645,Pregnancy Test - Milk,Pregnant,0.475,185,69
09/04/2025,17542,398645,Pregnancy Test - Milk,Pregnant,1.801,268,182
09/04/2025,22230,398645,Pregnancy Test - Milk,Pregnant,0.535,155,104
09/04/2025,20077,398645,Pregnancy Test - Milk,Pregnant,1.426,256,182
09/04/2025,22049,398645,Pregnancy Test - Milk,Pregnant,0.324,154,37
09/04/2025,21819,398645,Pregnancy Test - Milk,Pregnant,1.998,267,149
09/04/2025,22145,398645,Pregnancy Test - Milk,Pregnant,0.808,175,67
09/04/2025,18533,398645,Pregnancy Test - Milk,Pregnant,0.646,210,72
09/04/2025,20118,398645,Pregnancy Test - Milk,Pregnant,2.528,260,183
09/04/2025,21844,398645,Pregnancy Test - Milk,Pregnant,2.408,267,183
09/04/2025,21985,398645,Pregnancy Test - Milk,Open,0.008,234,37
09/04/2025,20080,398645,Pregnancy Test - Milk,Pregnant,POS,284,185
09/04/2025,1447,398645,Pregnancy Test - Milk,Re-Check,0.246,390,0
09/04/2025,18780,398645,Pregnancy Test - Milk,Pregnant,0.374,226,69
09/04/2025,20269,398645,Pregnancy Test - Milk,Pregnant,2.76,265,182
09/04/2025,22217,398645,Pregnancy Test - Milk,Pregnant,0.268,150,87
09/04/2025,21748,398645,Pregnancy Test - Milk,Pregnant,0.759,261,111
09/04/2025,22125,398645,Pregnancy Test - Milk,Pregnant,0.369,150,85
09/04/2025,1490,398645,Pregnancy Test - Milk,Pregnant,1.001,224,0
09/04/2025,22128,398645,Pregnancy Test - Milk,Pregnant,0.417,151,37
09/04/2025,18822,398645,Pregnancy Test - Milk,Pregnant,1.968,251,184
09/04/2025,10179,398645,Pregnancy Test - Milk,Pregnant,POS,442,181
09/04/2025,19967,398645,Pregnancy Test - Milk,Pregnant,0.816,230,70
09/04/2025,20359,398645,Pregnancy Test - Milk,Pregnant,1.497,253,182
09/04/2025,20134,398645,Pregnancy Test - Milk,Pregnant,2.234,282,188
09/04/2025,20701,398645,Pregnancy Test - Milk,Pregnant,0.292,196,111
09/04/2025,21848,398645,Pregnancy Test - Milk,Pregnant,0.918,267,266
09/04/2025,19109,398645,Pregnancy Test - Milk,Pregnant,0.773,223,66
09/18/2025,18332,398645,Pregnancy Test - Milk,Pregnant,0.349,214,67
09/18/2025,20122,398645,Pregnancy Test - Milk,Pregnant,0.782,212,69
09/18/2025,1562,398645,Pregnancy Test - Milk,Pregnant,0.796,141,0
09/18/2025,16644,398645,Pregnancy Test - Milk,Pregnant,1.46,312,187
09/18/2025,19993,398645,Pregnancy Test - Milk,Pregnant,2.034,264,181
09/18/2025,18411,398645,Pregnancy Test - Milk,Pregnant,1.945,351,182
09/18/2025,21833,398645,Pregnancy Test - Milk,Pregnant,0.293,242,0
09/18/2025,20712,398645,Pregnancy Test - Milk,Pregnant,0.909,149,70
09/18/2025,8495,398645,Pregnancy Test - Milk,Open,0.097,152,79
09/18/2025,18916,398645,Pregnancy Test - Milk,Pregnant,1.736,255,183
09/18/2025,21699,398645,Pregnancy Test - Milk,Pregnant,POS,313,149
09/18/2025,20173,398645,Pregnancy Test - Milk,Pregnant,POS,309,181
09/18/2025,20332,398645,Pregnancy Test - Milk,Pregnant,2.199,302,175
09/18/2025,9100,398645,Pregnancy Test - Milk,Pregnant,0.665,143,67
09/18/2025,1467,398645,Pregnancy Test - Milk,Pregnant,POS,279,0
09/18/2025,20591,398645,Pregnancy Test - Milk,Pregnant,0.561,181,70
09/18/2025,19188,398645,Pregnancy Test - Milk,Pregnant,0.476,156,70
09/18/2025,12527,398645,Pregnancy Test - Milk,Pregnant,1.076,251,183
09/18/2025,20205,398645,Pregnancy Test - Milk,Pregnant,0.83,260,183
09/18/2025,20394,398645,Pregnancy Test - Milk,Pregnant,1.357,256,183
09/18/2025,18840,398645,Pregnancy Test - Milk,Pregnant,1.31,264,183
09/18/2025,21721,398645,Pregnancy Test - Milk,Pregnant,1.744,267,225
09/18/2025,20225,398645,Pregnancy Test - Milk,Open,0.096,241,165
09/18/2025,18593,398645,Pregnancy Test - Milk,Pregnant,1.464,264,183
09/18/2025,17095,398645,Pregnancy Test - Milk,Pregnant,0.86,142,67
09/18/2025,20393,398645,Pregnancy Test - Milk,Pregnant,1.403,254,183
09/18/2025,19387,398645,Pregnancy Test - Milk,Pregnant,0.516,146,71
09/18/2025,20714,398645,Pregnancy Test - Milk,Pregnant,1.567,145,71
09/18/2025,1363,398645,Pregnancy Test - Milk,Pregnant,2.34,262,0
09/18/2025,19190,398645,Pregnancy Test - Milk,Pregnant,0.253,151,70
09/18/2025,21701,398645,Pregnancy Test - Milk,Pregnant,1.917,315,149
09/18/2025,19882,398645,Pregnancy Test - Milk,Pregnant,POS,397,181
09/18/2025,20263,398645,Pregnancy Test - Milk,Pregnant,1.676,287,186
09/18/2025,5548,398645,Pregnancy Test - Milk,Pregnant,POS,307,0
09/18/2025,4176,398645,Pregnancy Test - Milk,Pregnant,0.824,245,66
09/18/2025,18708,398645,Pregnancy Test - Milk,Pregnant,1.471,279,149
09/18/2025,18931,398645,Pregnancy Test - Milk,Pregnant,0.705,240,68
09/18/2025,20934,398645,Pregnancy Test - Milk,Pregnant,POS,462,183
09/18/2025,1234,398645,Pregnancy Test - Milk,Pregnant,POS,355,0
09/18/2025,21695,398645,Pregnancy Test - Milk,Pregnant,1.439,318,201
09/18/2025,21142,398645,Pregnancy Test - Milk,Pregnant,POS,415,149
09/18/2025,22310,398645,Pregnancy Test - Milk,Open,0.038,135,10
09/18/2025,21909,398645,Pregnancy Test - Milk,Pregnant,2.192,271,209
09/18/2025,21930,398645,Pregnancy Test - Milk,Pregnant,0.256,253,100
09/18/2025,21815,398645,Pregnancy Test - Milk,Pregnant,1.783,292,149
09/18/2025,20164,398645,Pregnancy Test - Milk,Pregnant,0.608,313,160
09/18/2025,21837,398645,Pregnancy Test - Milk,Pregnant,1.219,266,198
09/18/2025,17489,398645,Pregnancy Test - Milk,Pregnant,1.178,142,71
09/18/2025,17125,398645,Pregnancy Test - Milk,Pregnant,2.606,275,182
09/18/2025,21392,398645,Pregnancy Test - Milk,Pregnant,POS,395,185
09/18/2025,20811,398645,Pregnancy Test - Milk,Pregnant,0.355,137,71
09/18/2025,21614,398645,Pregnancy Test - Milk,Pregnant,2.712,333,43
09/18/2025,21682,398645,Pregnancy Test - Milk,Pregnant,0.521,265,198
09/18/2025,20378,398645,Pregnancy Test - Milk,Pregnant,2.096,292,181
09/18/2025,3519,398645,Pregnancy Test - Milk,Pregnant,0.585,150,86
09/18/2025,17031,398645,Pregnancy Test - Milk,Pregnant,1.228,196,141
09/18/2025,17417,398645,Pregnancy Test - Milk,Pregnant,0.646,139,70
09/18/2025,17727,398645,Pregnancy Test - Milk,Pregnant,2.452,169,68
09/18/2025,18181,398645,Pregnancy Test - Milk,Pregnant,2.287,258,183
09/18/2025,21929,398645,Pregnancy Test - Milk,Pregnant,2.842,269,149
09/18/2025,18399,398645,Pregnancy Test - Milk,Pregnant,0.849,368,70
09/18/2025,19987,398645,Pregnancy Test - Milk,Pregnant,1.364,257,183
09/18/2025,20364,398645,Pregnancy Test - Milk,Pregnant,2.434,263,185
09/18/2025,21738,398645,Pregnancy Test - Milk,Pregnant,POS,265,198
09/18/2025,22352,398645,Pregnancy Test - Milk,Pregnant,0.347,135,71
09/18/2025,22224,398645,Pregnancy Test - Milk,Pregnant,0.342,170,69
09/18/2025,20123,398645,Pregnancy Test - Milk,Re-Check,0.129,161,100
09/18/2025,14185,398645,Pregnancy Test - Milk,Re-Check,0.248,151,103
09/18/2025,19871,398645,Pregnancy Test - Milk,Pregnant,2.166,271,0
09/18/2025,21572,398645,Pregnancy Test - Milk,Pregnant,2.227,350,181
09/18/2025,19421,398645,Pregnancy Test - Milk,Re-Check,0.209,142,71
09/18/2025,19225,398645,Pregnancy Test - Milk,Re-Check,0.242,142,71
09/18/2025,22330,398645,Pregnancy Test - Milk,Pregnant,0.272,154,0
09/18/2025,20324,398645,Pregnancy Test - Milk,Open,0.033,268,19
09/18/2025,22299,398645,Pregnancy Test - Milk,Pregnant,0.573,153,86
09/18/2025,19714,398645,Pregnancy Test - Milk,Pregnant,1.938,256,185
09/18/2025,19242,398645,Pregnancy Test - Milk,Pregnant,0.537,145,71
09/18/2025,10066,398645,Pregnancy Test - Milk,Pregnant,0.393,149,72
09/18/2025,1542,398645,Pregnancy Test - Milk,Pregnant,2.076,252,0
09/18/2025,21855,398645,Pregnancy Test - Milk,Pregnant,1.351,271,108
09/18/2025,22312,398645,Pregnancy Test - Milk,Pregnant,0.867,149,87
09/18/2025,19823,398645,Pregnancy Test - Milk,Pregnant,POS,305,188
09/18/2025,20447,398645,Pregnancy Test - Milk,Pregnant,0.674,188,70
09/18/2025,21812,398645,Pregnancy Test - Milk,Pregnant,1.582,267,149
09/18/2025,20224,398645,Pregnancy Test - Milk,Pregnant,1.301,228,30
09/18/2025,5535,398645,Pregnancy Test - Milk,Pregnant,2.177,279,0
09/18/2025,21497,398645,Pregnancy Test - Milk,Pregnant,2.729,269,0
09/18/2025,22227,398645,Pregnancy Test - Milk,Pregnant,0.68,174,68
09/18/2025,21511,398645,Pregnancy Test - Milk,Pregnant,2.815,362,185
09/18/2025,20437,398645,Pregnancy Test - Milk,Pregnant,1.48,252,183
09/18/2025,22249,398645,Pregnancy Test - Milk,Pregnant,0.334,155,86
09/18/2025,19202,398645,Pregnancy Test - Milk,Re-Check,0.224,170,73
09/18/2025,20457,398645,Pregnancy Test - Milk,Pregnant,0.3,193,68
09/18/2025,18871,398645,Pregnancy Test - Milk,Pregnant,2.59,253,183
09/18/2025,20248,398645,Pregnancy Test - Milk,Pregnant,2.169,260,183
09/18/2025,20276,398645,Pregnancy Test - Milk,Pregnant,1.615,284,186
09/18/2025,22283,398645,Pregnancy Test - Milk,Pregnant,0.316,154,86
09/18/2025,18345,398645,Pregnancy Test - Milk,Pregnant,1.417,267,210
09/18/2025,21925,398645,Pregnancy Test - Milk,Pregnant,0.458,268,68
09/18/2025,20538,398645,Pregnancy Test - Milk,Pregnant,0.538,138,72
09/18/2025,15027,398645,Pregnancy Test - Milk,Pregnant,2.062,317,182
09/18/2025,122,398645,Pregnancy Test - Milk,Pregnant,0.413,146,71
09/18/2025,15254,398645,Pregnancy Test - Milk,Pregnant,0.408,169,68
09/18/2025,20987,398645,Pregnancy Test - Milk,Pregnant,0.377,138,71
09/18/2025,20103,398645,Pregnancy Test - Milk,Pregnant,POS,300,14
09/18/2025,21669,398645,Pregnancy Test - Milk,Pregnant,0.377,257,29
09/18/2025,18565,398645,Pregnancy Test - Milk,Pregnant,2.499,266,187
09/18/2025,22286,398645,Pregnancy Test - Milk,Pregnant,1.05,149,86
09/18/2025,20629,398645,Pregnancy Test - Milk,Pregnant,0.337,216,30
09/18/2025,19213,398645,Pregnancy Test - Milk,Pregnant,0.357,244,114
09/18/2025,16754,398645,Pregnancy Test - Milk,Pregnant,0.25,220,70
09/18/2025,20894,398645,Pregnancy Test - Milk,Re-Check,0.237,148,71
09/18/2025,22130,398645,Pregnancy Test - Milk,Pregnant,0.358,192,71
09/18/2025,18150,398645,Pregnancy Test - Milk,Pregnant,2.635,389,182
09/18/2025,21899,398645,Pregnancy Test - Milk,Pregnant,1.969,268,198
09/18/2025,22163,398645,Pregnancy Test - Milk,Pregnant,0.678,150,86
09/18/2025,17316,398645,Pregnancy Test - Milk,Pregnant,0.92,154,66
09/18/2025,18821,398645,Pregnancy Test - Milk,Pregnant,1.292,246,66
09/18/2025,20047,398645,Pregnancy Test - Milk,Pregnant,0.841,347,69
09/18/2025,20881,398645,Pregnancy Test - Milk,Pregnant,0.537,149,86
09/18/2025,14481,398645,Pregnancy Test - Milk,Pregnant,2.023,309,187
09/18/2025,18326,398645,Pregnancy Test - Milk,Pregnant,0.835,239,70
09/18/2025,20779,398645,Pregnancy Test - Milk,Pregnant,0.717,149,70
09/25/2025,20804,398645,Pregnancy Test - Milk,Pregnant,0.807,172,68
09/25/2025,20136,398645,Pregnancy Test - Milk,Pregnant,1.822,325,230
09/25/2025,19061,398645,Pregnancy Test - Milk,Pregnant,0.277,193,72
09/25/2025,21962,398645,Pregnancy Test - Milk,Re-Check,0.232,238,36
09/25/2025,20025,398645,Pregnancy Test - Milk,Pregnant,1.597,304,181
09/25/2025,22146,398645,Pregnancy Test - Milk,Pregnant,0.795,193,147
09/25/2025,20452,398645,Pregnancy Test - Milk,Pregnant,1.526,267,149
09/25/2025,20128,398645,Pregnancy Test - Milk,Pregnant,2.424,309,185
09/25/2025,15496,398645,Pregnancy Test - Milk,Pregnant,0.648,167,71
09/25/2025,14966,398645,Pregnancy Test - Milk,Pregnant,0.319,158,93
09/25/2025,20581,398645,Pregnancy Test - Milk,Re-Check,0.236,146,73
09/25/2025,18788,398645,Pregnancy Test - Milk,Pregnant,0.472,179,69
09/25/2025,20698,398645,Pregnancy Test - Milk,Pregnant,0.29,155,67
09/25/2025,16709,398645,Pregnancy Test - Milk,Pregnant,1.346,270,140
09/25/2025,19749,398645,Pregnancy Test - Milk,Pregnant,2.499,363,186
09/25/2025,19803,398645,Pregnancy Test - Milk,Pregnant,0.742,223,69
09/25/2025,21931,398645,Pregnancy Test - Milk,Pregnant,POS,265,29
09/25/2025,18355,398645,Pregnancy Test - Milk,Pregnant,2.633,367,182
09/25/2025,14126,398645,Pregnancy Test - Milk,Pregnant,0.816,166,66
09/25/2025,15400,398645,Pregnancy Test - Milk,Pregnant,0.382,195,71
09/25/2025,21906,398645,Pregnancy Test - Milk,Pregnant,1.137,266,181
09/25/2025,19128,398645,Pregnancy Test - Milk,Re-Check,0.221,151,67
09/25/2025,16781,398645,Pregnancy Test - Milk,Pregnant,2.406,314,278
09/25/2025,16796,398645,Pregnancy Test - Milk,Pregnant,0.585,283,37
09/25/2025,21590,398645,Pregnancy Test - Milk,Pregnant,2.481,351,149
09/25/2025,22183,398645,Pregnancy Test - Milk,Pregnant,0.73,203,74
09/25/2025,21775,398645,Pregnancy Test - Milk,Pregnant,POS,269,208
09/25/2025,22332,398645,Pregnancy Test - Milk,Pregnant,0.299,150,86
09/25/2025,21588,398645,Pregnancy Test - Milk,Pregnant,1.801,339,225
09/25/2025,18849,398645,Pregnancy Test - Milk,Pregnant,1.309,196,95
09/25/2025,15823,398645,Pregnancy Test - Milk,Pregnant,1.257,253,182
09/25/2025,20176,398645,Pregnancy Test - Milk,Pregnant,POS,342,187
09/25/2025,16565,398645,Pregnancy Test - Milk,Pregnant,2.823,251,161
09/25/2025,17690,398645,Pregnancy Test - Milk,Pregnant,0.28,172,68
09/25/2025,20446,398645,Pregnancy Test - Milk,Re-Check,0.23,164,68
09/25/2025,13395,398645,Pregnancy Test - Milk,Pregnant,0.302,341,71
09/25/2025,21811,398645,Pregnancy Test - Milk,Pregnant,2.616,294,183
09/25/2025,21825,398645,Pregnancy Test - Milk,Pregnant,1.731,276,0
09/25/2025,22246,398645,Pregnancy Test - Milk,Pregnant,1.454,173,69
09/25/2025,18527,398645,Pregnancy Test - Milk,Pregnant,0.538,285,70
09/25/2025,18670,398645,Pregnancy Test - Milk,Pregnant,2.562,291,185
09/25/2025,18525,398645,Pregnancy Test - Milk,Pregnant,0.421,229,123
09/25/2025,18514,398645,Pregnancy Test - Milk,Pregnant,2.406,274,182
09/25/2025,20530,398645,Pregnancy Test - Milk,Pregnant,0.338,221,30
09/25/2025,16530,398645,Pregnancy Test - Milk,Pregnant,0.805,315,186
09/25/2025,20244,398645,Pregnancy Test - Milk,Pregnant,0.569,276,85
09/25/2025,17460,398645,Pregnancy Test - Milk,Pregnant,2.249,258,115
09/25/2025,13205,398645,Pregnancy Test - Milk,Pregnant,0.484,156,70
09/25/2025,17820,398645,Pregnancy Test - Milk,Pregnant,0.302,152,99
09/25/2025,22331,398645,Pregnancy Test - Milk,Pregnant,0.377,150,96
09/25/2025,20015,398645,Pregnancy Test - Milk,Pregnant,0.393,207,107
09/25/2025,19984,398645,Pregnancy Test - Milk,Pregnant,POS,274,66
09/25/2025,21714,398645,Pregnancy Test - Milk,Pregnant,2.073,313,182
09/25/2025,21911,398645,Pregnancy Test - Milk,Pregnant,0.452,281,72
09/25/2025,21706,398645,Pregnancy Test - Milk,Pregnant,0.809,317,25
09/25/2025,1564,398645,Pregnancy Test - Milk,Pregnant,0.523,167,36
09/25/2025,14076,398645,Pregnancy Test - Milk,Pregnant,0.393,178,75
09/25/2025,17585,398645,Pregnancy Test - Milk,Pregnant,0.396,154,37
09/25/2025,20484,398645,Pregnancy Test - Milk,Pregnant,0.413,230,69
09/25/2025,20445,398645,Pregnancy Test - Milk,Pregnant,1.424,264,186
09/25/2025,21529,398645,Pregnancy Test - Milk,Pregnant,2.144,370,149
09/25/2025,20116,398645,Pregnancy Test - Milk,Pregnant,1.393,261,187
09/25/2025,17387,398645,Pregnancy Test - Milk,Open,0.048,268,211
09/25/2025,21057,398645,Pregnancy Test - Milk,Pregnant,POS,449,149
09/25/2025,22336,398645,Pregnancy Test - Milk,Pregnant,0.472,151,89
09/25/2025,22309,398645,Pregnancy Test - Milk,Re-Check,0.235,150,37
09/25/2025,21231,398645,Pregnancy Test - Milk,Pregnant,1.09,431,37
09/25/2025,5534,398645,Pregnancy Test - Milk,Re-Check,0.218,141,73
09/25/2025,19917,398645,Pregnancy Test - Milk,Pregnant,POS,326,187
09/25/2025,20059,398645,Pregnancy Test - Milk,Pregnant,2.851,322,187
09/25/2025,21898,398645,Pregnancy Test - Milk,Pregnant,1.798,291,149
09/25/2025,16852,398645,Pregnancy Test - Milk,Pregnant,0.685,222,170
09/25/2025,1281,398645,Pregnancy Test - Milk,Pregnant,1.793,222,67
09/25/2025,16548,398645,Pregnancy Test - Milk,Pregnant,POS,352,184
09/25/2025,20358,398645,Pregnancy Test - Milk,Pregnant,1.937,280,181
09/25/2025,20857,398645,Pregnancy Test - Milk,Re-Check,0.155,166,30
09/25/2025,19903,398645,Pregnancy Test - Milk,Pregnant,1.428,323,183
09/25/2025,18928,398645,Pregnancy Test - Milk,Pregnant,0.554,239,70
09/25/2025,19879,398645,Pregnancy Test - Milk,Pregnant,2.208,378,187
09/25/2025,21772,398645,Pregnancy Test - Milk,Pregnant,0.551,300,69
09/25/2025,22142,398645,Pregnancy Test - Milk,Re-Check,0.157,182,71
09/25/2025,15041,398645,Pregnancy Test - Milk,Pregnant,0.332,308,182
09/25/2025,22205,398645,Pregnancy Test - Milk,Open,0.028,180,71
09/25/2025,21327,398645,Pregnancy Test - Milk,Pregnant,2.538,417,188
09/25/2025,22323,398645,Pregnancy Test - Milk,Pregnant,0.271,149,86
09/25/2025,18442,398645,Pregnancy Test - Milk,Pregnant,0.586,148,69
09/25/2025,17525,398645,Pregnancy Test - Milk,Pregnant,0.684,192,129
09/25/2025,18809,398645,Pregnancy Test - Milk,Re-Check,0.183,256,100
09/25/2025,1471,398645,Pregnancy Test - Milk,Pregnant,1.054,300,0
09/25/2025,19470,398645,Pregnancy Test - Milk,Pregnant,0.377,142,66
10/02/2025,15799,398645,Pregnancy Test - Milk,Pregnant,0.412,157,69
10/02/2025,7956,398645,Pregnancy Test - Milk,Pregnant,0.353,141,71
10/02/2025,18801,398645,Pregnancy Test - Milk,Pregnant,POS,280,185
10/02/2025,15926,398645,Pregnancy Test - Milk,Pregnant,2.206,467,202
10/02/2025,20108,398645,Pregnancy Test - Milk,Pregnant,1.8,269,183
10/02/2025,21868,398645,Pregnancy Test - Milk,Pregnant,POS,289,221
10/02/2025,20346,398645,Pregnancy Test - Milk,Pregnant,1.6,300,181
10/02/2025,21867,398645,Pregnancy Test - Milk,Pregnant,2.461,290,219
10/02/2025,21857,398645,Pregnancy Test - Milk,Pregnant,POS,291,202
10/02/2025,16286,398645,Pregnancy Test - Milk,Pregnant,2.217,383,23
10/02/2025,7906,398645,Pregnancy Test - Milk,Pregnant,2.704,355,219
10/02/2025,16914,398645,Pregnancy Test - Milk,Pregnant,2.665,272,205
10/02/2025,22167,398645,Pregnancy Test - Milk,Pregnant,1.319,204,36
10/02/2025,22415,398645,Pregnancy Test - Milk,Re-Check,0.227,137,71
10/02/2025,1596,398645,Pregnancy Test - Milk,Pregnant,0.845,191,69
10/02/2025,17223,398645,Pregnancy Test - Milk,Pregnant,1.903,277,205
10/02/2025,16911,398645,Pregnancy Test - Milk,Pregnant,2.773,274,205
10/02/2025,19733,398645,Pregnancy Test - Milk,Pregnant,2.06,371,203
10/02/2025,18045,398645,Pregnancy Test - Milk,Pregnant,2.336,290,166
10/02/2025,16974,398645,Pregnancy Test - Milk,Pregnant,POS,270,186
10/02/2025,22303,398645,Pregnancy Test - Milk,Pregnant,0.639,154,92
10/02/2025,20005,398645,Pregnancy Test - Milk,Pregnant,POS,260,43
10/02/2025,20569,398645,Pregnancy Test - Milk,Pregnant,0.78,185,69
10/02/2025,20859,398645,Pregnancy Test - Milk,Pregnant,0.277,133,71
10/02/2025,19926,398645,Pregnancy Test - Milk,Pregnant,POS,398,187
10/02/2025,21832,398645,Pregnancy Test - Milk,Pregnant,POS,310,28
10/02/2025,18650,398645,Pregnancy Test - Milk,Pregnant,0.269,159,69
10/02/2025,17739,398645,Pregnancy Test - Milk,Pregnant,0.608,171,70
10/02/2025,19865,398645,Pregnancy Test - Milk,Pregnant,0.597,418,70
10/02/2025,20333,398645,Pregnancy Test - Milk,Pregnant,0.491,253,70
10/02/2025,22188,398645,Pregnancy Test - Milk,Pregnant,0.481,152,67
10/02/2025,21886,398645,Pregnancy Test - Milk,Pregnant,2.511,291,219
10/02/2025,20418,398645,Pregnancy Test - Milk,Pregnant,1.708,280,203
10/02/2025,18897,398645,Pregnancy Test - Milk,Pregnant,2.64,263,182
10/02/2025,10061,398645,Pregnancy Test - Milk,Pregnant,0.396,131,71
10/02/2025,19709,398645,Pregnancy Test - Milk,Pregnant,POS,389,203
10/02/2025,20199,398645,Pregnancy Test - Milk,Pregnant,2.445,290,187
10/02/2025,20072,398645,Pregnancy Test - Milk,Pregnant,POS,306,185
10/02/2025,22196,398645,Pregnancy Test - Milk,Pregnant,0.655,155,37
10/02/2025,9845,398645,Pregnancy Test - Milk,Pregnant,2.207,260,185
10/02/2025,16975,398645,Pregnancy Test - Milk,Pregnant,1.194,246,184
10/02/2025,17275,398645,Pregnancy Test - Milk,Pregnant,0.745,141,71
10/02/2025,22371,398645,Pregnancy Test - Milk,Pregnant,1.414,149,128
10/02/2025,20413,398645,Pregnancy Test - Milk,Re-Check,0.124,145,71
10/02/2025,16758,398645,Pregnancy Test - Milk,Pregnant,1.389,273,204
10/02/2025,20508,398645,Pregnancy Test - Milk,Pregnant,0.27,187,70
10/02/2025,20635,398645,Pregnancy Test - Milk,Pregnant,0.281,178,114
10/02/2025,22385,398645,Pregnancy Test - Milk,Pregnant,0.389,141,71
10/02/2025,21816,398645,Pregnancy Test - Milk,Pregnant,1.749,264,187
10/02/2025,20327,398645,Pregnancy Test - Milk,Pregnant,1.856,273,215
10/02/2025,20132,398645,Pregnancy Test - Milk,Pregnant,POS,342,203
10/02/2025,21896,398645,Pregnancy Test - Milk,Pregnant,POS,289,219
10/02/2025,16115,398645,Pregnancy Test - Milk,Pregnant,2.265,299,181
10/02/2025,20124,398645,Pregnancy Test - Milk,Pregnant,POS,341,149
10/02/2025,16873,398645,Pregnancy Test - Milk,Pregnant,0.442,287,117
10/02/2025,20020,398645,Pregnancy Test - Milk,Pregnant,2.707,349,160
10/02/2025,21611,398645,Pregnancy Test - Milk,Pregnant,1.635,344,181
10/02/2025,1593,398645,Pregnancy Test - Milk,Pregnant,0.454,153,70
10/02/2025,21545,398645,Pregnancy Test - Milk,Open,0.031,355,36
10/02/2025,21769,398645,Pregnancy Test - Milk,Pregnant,2.296,290,219
10/02/2025,21615,398645,Pregnancy Test - Milk,Pregnant,2.525,339,181
10/02/2025,19843,398645,Pregnancy Test - Milk,Pregnant,0.676,256,86
10/02/2025,19691,398645,Pregnancy Test - Milk,Pregnant,1.869,272,226
10/02/2025,18577,398645,Pregnancy Test - Milk,Pregnant,0.732,178,70
10/02/2025,1495,398645,Pregnancy Test - Milk,Pregnant,2.493,330,0
10/02/2025,20338,398645,Pregnancy Test - Milk,Pregnant,0.295,146,70
10/02/2025,22072,398645,Pregnancy Test - Milk,Re-Check,0.165,219,36
10/02/2025,20329,398645,Pregnancy Test - Milk,Pregnant,2.005,301,181
10/02/2025,19717,398645,Pregnancy Test - Milk,Pregnant,1.758,418,243
10/02/2025,20088,398645,Pregnancy Test - Milk,Pregnant,1.022,301,180
10/02/2025,20311,398645,Pregnancy Test - Milk,Pregnant,2.468,266,210
10/02/2025,18835,398645,Pregnancy Test - Milk,Pregnant,POS,280,183
10/02/2025,20090,398645,Pregnancy Test - Milk,Pregnant,2.797,278,226
10/02/2025,21691,398645,Pregnancy Test - Milk,Pregnant,2.259,267,181
10/02/2025,17218,398645,Pregnancy Test - Milk,Pregnant,0.43,169,67
10/02/2025,21732,398645,Pregnancy Test - Milk,Pregnant,1.828,335,181
10/02/2025,21854,398645,Pregnancy Test - Milk,Pregnant,1.739,271,198
10/02/2025,20379,398645,Pregnancy Test - Milk,Pregnant,0.979,274,182
10/02/2025,22275,398645,Pregnancy Test - Milk,Pregnant,0.654,184,69
10/02/2025,14874,398645,Pregnancy Test - Milk,Re-Check,0.114,143,72
10/02/2025,17150,398645,Pregnancy Test - Milk,Pregnant,1.478,304,202
10/02/2025,1284,398645,Pregnancy Test - Milk,Pregnant,0.414,134,66
10/02/2025,20170,398645,Pregnancy Test - Milk,Pregnant,POS,295,238
10/02/2025,21735,398645,Pregnancy Test - Milk,Pregnant,POS,324,203
10/02/2025,20068,398645,Pregnancy Test - Milk,Pregnant,POS,354,37
10/02/2025,19135,398645,Pregnancy Test - Milk,Pregnant,0.583,240,68
10/02/2025,22178,398645,Pregnancy Test - Milk,Pregnant,0.845,183,75
10/02/2025,17615,398645,Pregnancy Test - Milk,Pregnant,0.558,156,86
10/02/2025,20816,398645,Pregnancy Test - Milk,Pregnant,0.353,134,71
10/02/2025,19122,398645,Pregnancy Test - Milk,Pregnant,0.782,171,69
10/02/2025,1201,398645,Pregnancy Test - Milk,Re-Check,0.181,154,0
10/02/2025,18598,398645,Pregnancy Test - Milk,Pregnant,2.046,305,199
10/02/2025,20138,398645,Pregnancy Test - Milk,Pregnant,1.259,327,191
10/02/2025,22120,398645,Pregnancy Test - Milk,Pregnant,0.322,199,30
10/02/2025,21575,398645,Pregnancy Test - Milk,Pregnant,1.619,358,227
10/02/2025,22267,398645,Pregnancy Test - Milk,Pregnant,0.455,152,107
10/02/2025,18806,398645,Pregnancy Test - Milk,Pregnant,0.546,225,68
10/02/2025,1718,398645,Pregnancy Test - Milk,Pregnant,0.252,171,67
10/02/2025,17226,398645,Pregnancy Test - Milk,Pregnant,0.979,220,74
10/02/2025,16491,398645,Pregnancy Test - Milk,Pregnant,1.883,358,182
10/02/2025,18394,398645,Pregnancy Test - Milk,Pregnant,2.597,317,203
10/02/2025,21871,398645,Pregnancy Test - Milk,Pregnant,2.649,299,120
10/02/2025,21834,398645,Pregnancy Test - Milk,Pregnant,1.645,296,188
10/02/2025,22219,398645,Pregnancy Test - Milk,Pregnant,0.493,170,70
10/02/2025,21336,398645,Pregnancy Test - Milk,Pregnant,POS,409,101
10/02/2025,21912,398645,Pregnancy Test - Milk,Pregnant,2.642,286,219
10/02/2025,22200,398645,Pregnancy Test - Milk,Pregnant,0.686,194,36
10/02/2025,9829,398645,Pregnancy Test - Milk,Pregnant,0.303,268,36
10/02/2025,21914,398645,Pregnancy Test - Milk,Pregnant,1.847,289,219
10/02/2025,16251,398645,Pregnancy Test - Milk,Re-Check,0.232,312,66
10/02/2025,18805,398645,Pregnancy Test - Milk,Pregnant,1.917,295,181
10/02/2025,20203,398645,Pregnancy Test - Milk,Pregnant,POS,269,203
10/02/2025,18977,398645,Pregnancy Test - Milk,Pregnant,0.339,215,68
10/02/2025,21889,398645,Pregnancy Test - Milk,Pregnant,2.107,286,219
10/02/2025,1513,398645,Pregnancy Test - Milk,Pregnant,2.669,356,0
10/02/2025,1392,398645,Pregnancy Test - Milk,Pregnant,POS,345,0
10/02/2025,18624,398645,Pregnancy Test - Milk,Pregnant,2.455,299,182
10/02/2025,9889,398645,Pregnancy Test - Milk,Pregnant,2.592,295,182
10/02/2025,17291,398645,Pregnancy Test - Milk,Pregnant,1.863,256,185
10/02/2025,18545,398645,Pregnancy Test - Milk,Pregnant,1.582,276,188
10/02/2025,17516,398645,Pregnancy Test - Milk,Pregnant,0.628,233,71
10/02/2025,18334,398645,Pregnancy Test - Milk,Pregnant,1.417,330,196
10/02/2025,21728,398645,Pregnancy Test - Milk,Pregnant,1.654,299,149
10/02/2025,20289,398645,Pregnancy Test - Milk,Open,0.062,163,71
10/02/2025,21425,398645,Pregnancy Test - Milk,Pregnant,POS,366,203
10/02/2025,22335,398645,Pregnancy Test - Milk,Pregnant,0.282,149,102
10/02/2025,20840,398645,Pregnancy Test - Milk,Re-Check,0.169,173,73
10/02/2025,19002,398645,Pregnancy Test - Milk,Pregnant,0.282,215,67
10/02/2025,21741,398645,Pregnancy Test - Milk,Pregnant,2.038,337,186
10/02/2025,1583,398645,Pregnancy Test - Milk,Pregnant,0.52,150,0
10/02/2025,15521,398645,Pregnancy Test - Milk,Pregnant,2.198,314,188
10/02/2025,20085,398645,Pregnancy Test - Milk,Pregnant,2.759,321,182
10/02/2025,1266,398645,Pregnancy Test - Milk,Pregnant,2.769,279,0
10/02/2025,20654,398645,Pregnancy Test - Milk,Pregnant,0.917,176,69
10/02/2025,21673,398645,Pregnancy Test - Milk,Pregnant,1.793,336,149
10/02/2025,20876,398645,Pregnancy Test - Milk,Pregnant,0.26,153,91
10/02/2025,17589,398645,Pregnancy Test - Milk,Pregnant,0.264,172,67
10/02/2025,16924,398645,Pregnancy Test - Milk,Re-Check,0.238,231,80
10/02/2025,16917,398645,Pregnancy Test - Milk,Pregnant,2.11,270,146
10/02/2025,18988,398645,Pregnancy Test - Milk,Pregnant,1.071,258,188
10/02/2025,18876,398645,Pregnancy Test - Milk,Pregnant,0.645,274,212
10/02/2025,22376,398645,Pregnancy Test - Milk,Pregnant,0.587,149,37
10/02/2025,21712,398645,Pregnancy Test - Milk,Pregnant,POS,325,188
10/02/2025,9651,398645,Pregnancy Test - Milk,Pregnant,1.914,313,185
10/02/2025,21620,398645,Pregnancy Test - Milk,Pregnant,2.165,340,149
10/02/2025,22123,398645,Pregnancy Test - Milk,Pregnant,0.916,203,72
10/09/2025,21927,398645,Pregnancy Test - Milk,Pregnant,1.809,296,149
10/09/2025,19005,398645,Pregnancy Test - Milk,Pregnant,2.133,259,185
10/09/2025,19330,398645,Pregnancy Test - Milk,Pregnant,0.567,183,116
10/09/2025,17330,398645,Pregnancy Test - Milk,Pregnant,0.372,171,67
10/09/2025,20456,398645,Pregnancy Test - Milk,Pregnant,1.409,284,181
10/09/2025,20611,398645,Pregnancy Test - Milk,Pregnant,0.81,220,69
10/09/2025,20371,398645,Pregnancy Test - Milk,Pregnant,POS,292,185
10/09/2025,21723,398645,Pregnancy Test - Milk,Pregnant,2.591,339,185
10/09/2025,22400,398645,Pregnancy Test - Milk,Pregnant,0.479,147,78
10/09/2025,16880,398645,Pregnancy Test - Milk,Pregnant,POS,252,185
10/09/2025,16288,398645,Pregnancy Test - Milk,Pregnant,2.774,267,182
10/09/2025,20030,398645,Pregnancy Test - Milk,Pregnant,1.514,293,182
10/09/2025,1419,398645,Pregnancy Test - Milk,Pregnant,1.145,279,0
10/09/2025,16358,398645,Pregnancy Test - Milk,Pregnant,1.713,286,185
10/09/2025,7901,398645,Pregnancy Test - Milk,Pregnant,2.56,283,92
10/09/2025,17457,398645,Pregnancy Test - Milk,Re-Check,0.239,172,67
10/09/2025,1553,398645,Pregnancy Test - Milk,Pregnant,0.296,238,71
10/09/2025,21999,398645,Pregnancy Test - Milk,Pregnant,POS,269,203
10/09/2025,20054,398645,Pregnancy Test - Milk,Pregnant,0.601,189,73
10/09/2025,1525,398645,Pregnancy Test - Milk,Pregnant,1.284,214,69
10/09/2025,20580,398645,Pregnancy Test - Milk,Pregnant,0.3,164,67
10/09/2025,22251,398645,Pregnancy Test - Milk,Pregnant,0.97,192,70
10/09/2025,20735,398645,Pregnancy Test - Milk,Pregnant,1.083,180,69
10/09/2025,22382,398645,Pregnancy Test - Milk,Open,-0.01,157,110
10/09/2025,22421,398645,Pregnancy Test - Milk,Pregnant,0.51,150,133
10/09/2025,19863,398645,Pregnancy Test - Milk,Pregnant,2.6,354,274
10/09/2025,21895,398645,Pregnancy Test - Milk,Pregnant,POS,293,149
10/09/2025,18919,398645,Pregnancy Test - Milk,Pregnant,2.475,274,184
10/09/2025,20742,398645,Pregnancy Test - Milk,Pregnant,0.762,225,73
10/09/2025,16848,398645,Pregnancy Test - Milk,Pregnant,1.902,254,183
10/09/2025,22100,398645,Pregnancy Test - Milk,Pregnant,0.519,232,123
10/09/2025,22203,398645,Pregnancy Test - Milk,Open,0.033,192,67
10/09/2025,20551,398645,Pregnancy Test - Milk,Pregnant,0.476,238,37
10/09/2025,22031,398645,Pregnancy Test - Milk,Pregnant,2.289,256,37
10/09/2025,20592,398645,Pregnancy Test - Milk,Pregnant,1.049,246,73
10/09/2025,20238,398645,Pregnancy Test - Milk,Pregnant,POS,279,181
10/09/2025,13127,398645,Pregnancy Test - Milk,Pregnant,2.435,329,187
10/09/2025,21607,398645,Pregnancy Test - Milk,Pregnant,2.223,354,195
10/09/2025,14635,398645,Pregnancy Test - Milk,Pregnant,0.4,142,72
10/09/2025,20977,398645,Pregnancy Test - Milk,Re-Check,0.185,158,75
10/09/2025,20398,398645,Pregnancy Test - Milk,Pregnant,1.344,179,69
10/09/2025,19704,398645,Pregnancy Test - Milk,Pregnant,POS,326,181
10/09/2025,22206,398645,Pregnancy Test - Milk,Pregnant,0.263,155,86
10/09/2025,22258,398645,Pregnancy Test - Milk,Pregnant,1.08,149,37
10/09/2025,16989,398645,Pregnancy Test - Milk,Pregnant,2.559,303,233
10/09/2025,17406,398645,Pregnancy Test - Milk,Pregnant,1.556,260,31
10/09/2025,21568,398645,Pregnancy Test - Milk,Pregnant,2.112,307,252
10/09/2025,20339,398645,Pregnancy Test - Milk,Pregnant,1.783,306,182
10/09/2025,22416,398645,Pregnancy Test - Milk,Pregnant,2.363,151,89
10/09/2025,11628,398645,Pregnancy Test - Milk,Pregnant,1.667,257,184
10/09/2025,18715,398645,Pregnancy Test - Milk,Pregnant,POS,301,189
10/09/2025,15888,398645,Pregnancy Test - Milk,Pregnant,0.398,170,67
10/09/2025,19136,398645,Pregnancy Test - Milk,Open,-0.007,218,1
10/09/2025,22220,398645,Pregnancy Test - Milk,Pregnant,0.665,191,32
10/09/2025,21830,398645,Pregnancy Test - Milk,Pregnant,2.801,284,149
10/09/2025,15369,398645,Pregnancy Test - Milk,Pregnant,0.806,191,87
10/09/2025,18580,398645,Pregnancy Test - Milk,Pregnant,0.636,175,37
10/09/2025,22004,398645,Pregnancy Test - Milk,Pregnant,2.639,267,198
10/09/2025,18371,398645,Pregnancy Test - Milk,Pregnant,1.643,275,188
10/09/2025,20686,398645,Pregnancy Test - Milk,Re-Check,0.239,223,69
10/09/2025,19065,398645,Pregnancy Test - Milk,Pregnant,0.326,229,69
10/09/2025,19280,398645,Pregnancy Test - Milk,Re-Check,0.211,164,67
10/09/2025,20168,398645,Pregnancy Test - Milk,Pregnant,2.165,300,181
10/09/2025,16527,398645,Pregnancy Test - Milk,Pregnant,1.918,261,186
10/09/2025,16748,398645,Pregnancy Test - Milk,Pregnant,1.526,324,37
10/09/2025,17639,398645,Pregnancy Test - Milk,Pregnant,0.595,141,73
10/09/2025,21973,398645,Pregnancy Test - Milk,Pregnant,POS,270,198
10/09/2025,19294,398645,Pregnancy Test - Milk,Re-Check,0.167,173,70
10/09/2025,20228,398645,Pregnancy Test - Milk,Pregnant,2.505,270,182
10/09/2025,16793,398645,Pregnancy Test - Milk,Pregnant,POS,326,193
10/09/2025,15303,398645,Pregnancy Test - Milk,Pregnant,POS,285,188
10/09/2025,1503,398645,Pregnancy Test - Milk,Pregnant,0.561,254,0
10/09/2025,16470,398645,Pregnancy Test - Milk,Pregnant,1.792,343,186
10/09/2025,21853,398645,Pregnancy Test - Milk,Pregnant,1.435,270,198
10/09/2025,20298,398645,Pregnancy Test - Milk,Pregnant,2.506,261,186
10/09/2025,18782,398645,Pregnancy Test - Milk,Pregnant,1.975,288,186
10/09/2025,18874,398645,Pregnancy Test - Milk,Pregnant,0.3,181,66
10/09/2025,43313,398645,Pregnancy Test - Milk,Pregnant,0.808,254,70
10/09/2025,21641,398645,Pregnancy Test - Milk,Pregnant,2.858,355,149
10/09/2025,21923,398645,Pregnancy Test - Milk,Pregnant,0.771,266,69
10/09/2025,19781,398645,Pregnancy Test - Milk,Pregnant,2.275,342,181
10/09/2025,21883,398645,Pregnancy Test - Milk,Pregnant,2.756,293,188
10/09/2025,21605,398645,Pregnancy Test - Milk,Pregnant,2.428,361,149
10/09/2025,1252,398645,Pregnancy Test - Milk,Pregnant,0.3,194,0
10/09/2025,16916,398645,Pregnancy Test - Milk,Pregnant,2.215,253,185
10/09/2025,20658,398645,Pregnancy Test - Milk,Re-Check,0.213,180,66
10/09/2025,1390,398645,Pregnancy Test - Milk,Pregnant,1.558,348,0
10/09/2025,21652,398645,Pregnancy Test - Milk,Pregnant,POS,353,25
10/09/2025,21949,398645,Pregnancy Test - Milk,Pregnant,0.861,282,69
10/09/2025,20051,398645,Pregnancy Test - Milk,Pregnant,1.259,364,187
10/09/2025,19872,398645,Pregnancy Test - Milk,Pregnant,POS,303,185
10/09/2025,20730,398645,Pregnancy Test - Milk,Pregnant,0.565,198,69
10/09/2025,20921,398645,Pregnancy Test - Milk,Open,0.088,161,29
10/09/2025,22116,398645,Pregnancy Test - Milk,Pregnant,0.971,151,0
10/09/2025,1510,398645,Pregnancy Test - Milk,Pregnant,0.979,211,72
10/09/2025,21910,398645,Pregnancy Test - Milk,Pregnant,0.677,295,69
10/09/2025,20125,398645,Pregnancy Test - Milk,Pregnant,2.25,278,181
10/09/2025,15437,398645,Pregnancy Test - Milk,Pregnant,0.287,157,70
10/09/2025,18654,398645,Pregnancy Test - Milk,Re-Check,0.127,288,181
10/09/2025,20491,398645,Pregnancy Test - Milk,Pregnant,0.742,245,69
10/23/2025,16870,398645,Pregnancy Test - Milk,Pregnant,2.071,246,181
10/23/2025,21901,398645,Pregnancy Test - Milk,Pregnant,0.528,302,70
10/23/2025,21767,398645,Pregnancy Test - Milk,Pregnant,2.533,338,93
10/23/2025,19040,398645,Pregnancy Test - Milk,Pregnant,0.508,203,73
10/23/2025,19107,398645,Pregnancy Test - Milk,Pregnant,0.604,222,162
10/23/2025,15241,398645,Pregnancy Test - Milk,Pregnant,2.227,310,254
10/23/2025,18014,398645,Pregnancy Test - Milk,Pregnant,0.253,169,2
10/23/2025,20503,398645,Pregnancy Test - Milk,Open,0.031,264,186
10/23/2025,21827,398645,Pregnancy Test - Milk,Pregnant,0.719,328,67
10/23/2025,17320,398645,Pregnancy Test - Milk,Pregnant,0.266,252,70
10/23/2025,22059,398645,Pregnancy Test - Milk,Pregnant,0.424,160,70
10/23/2025,22168,398645,Pregnancy Test - Milk,Pregnant,0.464,225,37
10/23/2025,18980,398645,Pregnancy Test - Milk,Pregnant,1.686,254,184
10/23/2025,15798,398645,Pregnancy Test - Milk,Pregnant,1.67,254,198
10/23/2025,19657,398645,Pregnancy Test - Milk,Pregnant,2.355,414,185
10/23/2025,18120,398645,Pregnancy Test - Milk,Pregnant,2.216,307,186
10/23/2025,18615,398645,Pregnancy Test - Milk,Pregnant,0.354,211,67
10/23/2025,22153,398645,Pregnancy Test - Milk,Pregnant,0.426,174,30
10/23/2025,15443,398645,Pregnancy Test - Milk,Pregnant,0.493,144,71
10/23/2025,20833,398645,Pregnancy Test - Milk,Pregnant,0.537,200,71
10/23/2025,16946,398645,Pregnancy Test - Milk,Pregnant,1.58,278,181
10/23/2025,17260,398645,Pregnancy Test - Milk,Pregnant,1.116,277,183
10/23/2025,18124,398645,Pregnancy Test - Milk,Re-Check,0.117,137,2
10/23/2025,16788,398645,Pregnancy Test - Milk,Pregnant,POS,302,185
10/23/2025,22289,398645,Pregnancy Test - Milk,Pregnant,0.477,154,5
10/23/2025,22148,398645,Pregnancy Test - Milk,Pregnant,0.618,224,37
10/23/2025,20848,398645,Pregnancy Test - Milk,Re-Check,0.202,160,70
10/23/2025,21843,398645,Pregnancy Test - Milk,Pregnant,2.673,316,61
10/23/2025,21757,398645,Pregnancy Test - Milk,Pregnant,2.085,298,149
10/23/2025,22022,398645,Pregnancy Test - Milk,Pregnant,1.78,268,223
10/23/2025,21745,398645,Pregnancy Test - Milk,Pregnant,1.952,323,149
10/23/2025,21916,398645,Pregnancy Test - Milk,Pregnant,2.107,290,182
10/23/2025,18962,398645,Pregnancy Test - Milk,Pregnant,1.614,268,205
10/23/2025,3520,398645,Pregnancy Test - Milk,Pregnant,1.018,142,70
10/23/2025,17462,398645,Pregnancy Test - Milk,Pregnant,0.508,166,32
10/23/2025,19553,398645,Pregnancy Test - Milk,Pregnant,2.134,403,183
10/23/2025,22469,398645,Pregnancy Test - Milk,Pregnant,0.365,152,0
10/23/2025,19985,398645,Pregnancy Test - Milk,Pregnant,0.401,169,69
10/23/2025,17391,398645,Pregnancy Test - Milk,Pregnant,0.298,154,92
10/23/2025,20407,398645,Pregnancy Test - Milk,Pregnant,POS,259,187
10/23/2025,15428,398645,Pregnancy Test - Milk,Pregnant,0.483,228,70
10/23/2025,18405,398645,Pregnancy Test - Milk,Pregnant,1.947,278,7
10/23/2025,9930,398645,Pregnancy Test - Milk,Pregnant,2.829,278,181
10/23/2025,21619,398645,Pregnancy Test - Milk,Pregnant,1.67,346,149
10/23/2025,1563,398645,Pregnancy Test - Milk,Pregnant,0.578,288,71
10/23/2025,22126,398645,Pregnancy Test - Milk,Pregnant,0.285,150,37
10/23/2025,20474,398645,Pregnancy Test - Milk,Pregnant,0.282,175,69
10/23/2025,22340,398645,Pregnancy Test - Milk,Pregnant,0.492,174,70
10/23/2025,21887,398645,Pregnancy Test - Milk,Pregnant,2.39,269,41
10/23/2025,21765,398645,Pregnancy Test - Milk,Pregnant,2.174,271,214
10/23/2025,22038,398645,Pregnancy Test - Milk,Pregnant,0.902,265,229
10/23/2025,1567,398645,Pregnancy Test - Milk,Pregnant,2.088,270,0
10/23/2025,20340,398645,Pregnancy Test - Milk,Pregnant,2.76,270,182
10/23/2025,7890,398645,Pregnancy Test - Milk,Pregnant,0.672,170,70
10/23/2025,18965,398645,Pregnancy Test - Milk,Re-Check,0.242,201,69
10/23/2025,1492,398645,Pregnancy Test - Milk,Pregnant,0.649,180,71
10/23/2025,14057,398645,Pregnancy Test - Milk,Pregnant,1.704,249,181
10/23/2025,22474,398645,Pregnancy Test - Milk,Pregnant,0.56,150,69
10/23/2025,21781,398645,Pregnancy Test - Milk,Pregnant,2.117,307,149
10/23/2025,20153,398645,Pregnancy Test - Milk,Pregnant,2.587,348,37
10/23/2025,22207,398645,Pregnancy Test - Milk,Pregnant,0.731,193,69
10/23/2025,21933,398645,Pregnancy Test - Milk,Pregnant,2.631,270,181
10/23/2025,1486,398645,Pregnancy Test - Milk,Pregnant,0.269,213,0
10/23/2025,1538,398645,Pregnancy Test - Milk,Pregnant,0.959,226,0
10/23/2025,16089,398645,Pregnancy Test - Milk,Pregnant,1.021,295,67
10/23/2025,20914,398645,Pregnancy Test - Milk,Pregnant,0.575,184,72
10/23/2025,19914,398645,Pregnancy Test - Milk,Pregnant,0.499,341,67
10/23/2025,21744,398645,Pregnancy Test - Milk,Pregnant,2.433,299,182
10/23/2025,20335,398645,Pregnancy Test - Milk,Pregnant,1.957,334,232
10/23/2025,21878,398645,Pregnancy Test - Milk,Pregnant,2.189,269,56
10/23/2025,1576,398645,Pregnancy Test - Milk,Pregnant,0.794,174,69
10/23/2025,20489,398645,Pregnancy Test - Milk,Pregnant,0.536,258,70
10/23/2025,17424,398645,Pregnancy Test - Milk,Pregnant,POS,250,108
10/23/2025,17948,398645,Pregnancy Test - Milk,Re-Check,0.195,164,71
10/23/2025,18432,398645,Pregnancy Test - Milk,Pregnant,2.271,312,183
10/23/2025,15666,398645,Pregnancy Test - Milk,Pregnant,POS,256,213
10/23/2025,14963,398645,Pregnancy Test - Milk,Pregnant,2.854,413,186
10/23/2025,14077,398645,Pregnancy Test - Milk,Pregnant,0.426,167,70
10/23/2025,17532,398645,Pregnancy Test - Milk,Pregnant,0.465,201,11
10/23/2025,17004,398645,Pregnancy Test - Milk,Pregnant,0.49,198,181
10/23/2025,20368,398645,Pregnancy Test - Milk,Pregnant,POS,330,181
10/23/2025,21944,398645,Pregnancy Test - Milk,Pregnant,1.398,289,182
10/23/2025,22263,398645,Pregnancy Test - Milk,Pregnant,0.293,152,87
10/23/2025,21371,398645,Pregnancy Test - Milk,Pregnant,2.205,346,149
10/23/2025,18870,398645,Pregnancy Test - Milk,Pregnant,1.116,260,59
10/23/2025,17041,398645,Pregnancy Test - Milk,Pregnant,1.474,274,182
10/23/2025,18663,398645,Pregnancy Test - Milk,Pregnant,2.823,304,185
10/23/2025,1475,398645,Pregnancy Test - Milk,Pregnant,0.513,324,0
10/23/2025,20354,398645,Pregnancy Test - Milk,Pregnant,2.099,280,22
10/23/2025,21948,398645,Pregnancy Test - Milk,Pregnant,2.718,274,265
10/23/2025,19883,398645,Pregnancy Test - Milk,Pregnant,2.29,260,187
10/23/2025,17277,398645,Pregnancy Test - Milk,Pregnant,0.72,197,70
10/23/2025,1548,398645,Pregnancy Test - Milk,Pregnant,1.98,218,112
10/23/2025,20476,398645,Pregnancy Test - Milk,Pregnant,1.828,262,157
10/23/2025,17612,398645,Pregnancy Test - Milk,Pregnant,1.512,385,171
10/23/2025,21645,398645,Pregnancy Test - Milk,Pregnant,2.176,334,224
10/23/2025,21961,398645,Pregnancy Test - Milk,Pregnant,2.503,286,149
10/23/2025,20414,398645,Pregnancy Test - Milk,Pregnant,2.411,277,205
10/23/2025,19755,398645,Pregnancy Test - Milk,Pregnant,0.583,274,69
10/30/2025,20630,398645,Pregnancy Test - Milk,Pregnant,1.587,252,184
10/30/2025,21055,398645,Pregnancy Test - Milk,Pregnant,0.287,134,71
10/30/2025,22349,398645,Pregnancy Test - Milk,Pregnant,0.398,151,37
10/30/2025,18958,398645,Pregnancy Test - Milk,Pregnant,1.717,263,211
10/30/2025,17351,398645,Pregnancy Test - Milk,Pregnant,2.08,306,190
10/30/2025,20485,398645,Pregnancy Test - Milk,Pregnant,POS,276,182
10/30/2025,3494,398645,Pregnancy Test - Milk,Pregnant,0.251,145,72
10/30/2025,21151,398645,Pregnancy Test - Milk,Pregnant,2.102,460,131
10/30/2025,19115,398645,Pregnancy Test - Milk,Pregnant,0.491,228,156
10/30/2025,18605,398645,Pregnancy Test - Milk,Pregnant,0.453,279,37
10/30/2025,21693,398645,Pregnancy Test - Milk,Pregnant,1.269,361,37
10/30/2025,18390,398645,Pregnancy Test - Milk,Pregnant,1.423,286,188
10/30/2025,20209,398645,Pregnancy Test - Milk,Pregnant,1.912,298,225
10/30/2025,16776,398645,Pregnancy Test - Milk,Pregnant,0.468,272,70
10/30/2025,19382,398645,Pregnancy Test - Milk,Pregnant,POS,473,31
10/30/2025,20953,398645,Pregnancy Test - Milk,Re-Check,0.23,165,69
10/30/2025,21631,398645,Pregnancy Test - Milk,Pregnant,2.199,355,181
10/30/2025,21870,398645,Pregnancy Test - Milk,Re-Check,0.173,210,76
10/30/2025,10101,398645,Pregnancy Test - Milk,Open,0.026,184,70
10/30/2025,20231,398645,Pregnancy Test - Milk,Pregnant,2.281,336,181
10/30/2025,19016,398645,Pregnancy Test - Milk,Pregnant,1.391,266,210
10/30/2025,21532,398645,Pregnancy Test - Milk,Pregnant,0.424,325,71
10/30/2025,15183,398645,Pregnancy Test - Milk,Pregnant,1.059,365,182
10/30/2025,9739,398645,Pregnancy Test - Milk,Pregnant,POS,280,12
10/30/2025,22254,398645,Pregnancy Test - Milk,Pregnant,0.253,198,74
10/30/2025,22020,398645,Pregnancy Test - Milk,Pregnant,0.982,273,182
10/30/2025,18759,398645,Pregnancy Test - Milk,Pregnant,2.266,296,182
10/30/2025,21951,398645,Pregnancy Test - Milk,Pregnant,2.682,296,189
10/30/2025,18909,398645,Pregnancy Test - Milk,Pregnant,1.88,250,184
10/30/2025,14644,398645,Pregnancy Test - Milk,Pregnant,0.328,142,71
10/30/2025,14172,398645,Pregnancy Test - Milk,Pregnant,0.53,218,73
10/30/2025,18540,398645,Pregnancy Test - Milk,Pregnant,1.323,342,210
10/30/2025,21960,398645,Pregnancy Test - Milk,Pregnant,1.684,269,198
10/30/2025,20777,398645,Pregnancy Test - Milk,Pregnant,0.414,144,71
10/30/2025,20716,398645,Pregnancy Test - Milk,Pregnant,0.308,159,95
10/30/2025,22315,398645,Pregnancy Test - Milk,Re-Check,0.247,196,71
10/30/2025,17579,398645,Pregnancy Test - Milk,Pregnant,0.507,228,69
10/30/2025,20956,398645,Pregnancy Test - Milk,Pregnant,0.794,154,75
10/30/2025,14281,398645,Pregnancy Test - Milk,Re-Check,0.155,157,69
10/30/2025,22176,398645,Pregnancy Test - Milk,Pregnant,0.593,224,70
10/30/2025,21810,398645,Pregnancy Test - Milk,Pregnant,1.039,268,198
10/30/2025,20313,398645,Pregnancy Test - Milk,Pregnant,2.433,264,202
10/30/2025,22430,398645,Pregnancy Test - Milk,Pregnant,0.524,156,70
10/30/2025,18747,398645,Pregnancy Test - Milk,Re-Check,0.209,284,73
10/30/2025,20785,398645,Pregnancy Test - Milk,Open,-0.001,134,71
10/30/2025,16814,398645,Pregnancy Test - Milk,Re-Check,0.201,278,83
10/30/2025,20866,398645,Pregnancy Test - Milk,Re-Check,0.105,167,66
10/30/2025,19093,398645,Pregnancy Test - Milk,Pregnant,2.436,274,195
10/30/2025,1569,398645,Pregnancy Test - Milk,Pregnant,1.695,290,0
10/30/2025,20623,398645,Pregnancy Test - Milk,Pregnant,0.653,266,130
10/30/2025,20321,398645,Pregnancy Test - Milk,Pregnant,1.56,275,181
10/30/2025,21551,398645,Pregnancy Test - Milk,Pregnant,0.418,265,181
10/30/2025,22339,398645,Pregnancy Test - Milk,Pregnant,0.309,151,69
10/30/2025,20081,398645,Pregnancy Test - Milk,Pregnant,1.066,303,187
10/30/2025,18975,398645,Pregnancy Test - Milk,Pregnant,POS,277,182
10/30/2025,14293,398645,Pregnancy Test - Milk,Pregnant,0.386,431,86
10/30/2025,22403,398645,Pregnancy Test - Milk,Re-Check,0.202,153,87
10/30/2025,20331,398645,Pregnancy Test - Milk,Open,-0.017,253,19
10/30/2025,21993,398645,Pregnancy Test - Milk,Pregnant,2.466,319,182
10/30/2025,22519,398645,Pregnancy Test - Milk,Re-Check,0.228,154,10
10/30/2025,22162,398645,Pregnancy Test - Milk,Pregnant,0.399,203,37
10/30/2025,22334,398645,Pregnancy Test - Milk,Pregnant,0.566,172,37
10/30/2025,4414,398645,Pregnancy Test - Milk,Pregnant,1.035,200,19
10/30/2025,20382,398645,Pregnancy Test - Milk,Pregnant,0.313,330,69
10/30/2025,18680,398645,Pregnancy Test - Milk,Open,0.006,253,14
10/30/2025,7853,398645,Pregnancy Test - Milk,Pregnant,POS,408,181
10/30/2025,9230,398645,Pregnancy Test - Milk,Pregnant,2.089,256,182
10/30/2025,22457,398645,Pregnancy Test - Milk,Open,-0.01,162,19
10/30/2025,20427,398645,Pregnancy Test - Milk,Pregnant,2.029,293,186
10/30/2025,16667,398645,Pregnancy Test - Milk,Pregnant,1.057,268,182
10/30/2025,19071,398645,Pregnancy Test - Milk,Pregnant,0.385,189,70
10/30/2025,21553,398645,Pregnancy Test - Milk,Pregnant,2.514,400,186
10/30/2025,18199,398645,Pregnancy Test - Milk,Pregnant,2.611,336,183
10/30/2025,985,398645,Pregnancy Test - Milk,Pregnant,1.174,308,0
10/30/2025,20050,398645,Pregnancy Test - Milk,Re-Check,0.215,357,71
10/30/2025,22328,398645,Pregnancy Test - Milk,Pregnant,0.327,194,70
10/30/2025,20004,398645,Pregnancy Test - Milk,Pregnant,1.862,433,186
10/30/2025,20814,398645,Pregnancy Test - Milk,Pregnant,0.271,148,35
10/30/2025,22461,398645,Pregnancy Test - Milk,Re-Check,0.221,158,76
10/30/2025,20574,398645,Pregnancy Test - Milk,Pregnant,0.58,256,184
10/30/2025,18548,398645,Pregnancy Test - Milk,Open,-0.012,273,14
10/30/2025,18763,398645,Pregnancy Test - Milk,Pregnant,2.465,315,182
10/30/2025,19089,398645,Pregnancy Test - Milk,Re-Check,0.228,166,69
10/30/2025,3114,398645,Pregnancy Test - Milk,Pregnant,1.602,348,182
10/30/2025,19899,398645,Pregnancy Test - Milk,Pregnant,POS,259,183
10/30/2025,10133,398645,Pregnancy Test - Milk,Pregnant,0.901,139,71
10/30/2025,21108,398645,Pregnancy Test - Milk,Pregnant,1.784,500,182
10/30/2025,20864,398645,Pregnancy Test - Milk,Pregnant,0.259,133,71
10/30/2025,21071,398645,Pregnancy Test - Milk,Re-Check,0.21,148,71
10/30/2025,22507,398645,Pregnancy Test - Milk,Pregnant,0.482,153,70
10/30/2025,18921,398645,Pregnancy Test - Milk,Pregnant,1.771,252,183
10/30/2025,20112,398645,Pregnancy Test - Milk,Pregnant,1.284,340,182
10/30/2025,19361,398645,Pregnancy Test - Milk,Re-Check,0.21,175,73
10/30/2025,19240,398645,Pregnancy Test - Milk,Pregnant,0.378,183,72
10/30/2025,22350,398645,Pregnancy Test - Milk,Pregnant,0.788,151,70
10/30/2025,17651,398645,Pregnancy Test - Milk,Pregnant,1.637,331,188
10/30/2025,21885,398645,Pregnancy Test - Milk,Pregnant,0.722,241,65
10/30/2025,22043,398645,Pregnancy Test - Milk,Pregnant,2.406,268,198
10/30/2025,21880,398645,Pregnancy Test - Milk,Pregnant,2.659,316,130
10/30/2025,18675,398645,Pregnancy Test - Milk,Pregnant,1.465,253,182
10/30/2025,21127,398645,Pregnancy Test - Milk,Re-Check,0.214,139,72
10/30/2025,21875,398645,Pregnancy Test - Milk,Pregnant,1.663,267,113
10/30/2025,16337,398645,Pregnancy Test - Milk,Pregnant,1.931,361,181
10/30/2025,15732,398645,Pregnancy Test - Milk,Pregnant,0.77,254,70
10/30/2025,17704,398645,Pregnancy Test - Milk,Pregnant,1.121,383,187
10/30/2025,22058,398645,Pregnancy Test - Milk,Pregnant,2.248,265,130
10/30/2025,1586,398645,Pregnancy Test - Milk,Pregnant,0.359,149,101
10/30/2025,21099,398645,Pregnancy Test - Milk,Re-Check,0.231,140,72
10/30/2025,22239,398645,Pregnancy Test - Milk,Pregnant,0.558,207,12
10/30/2025,17132,398645,Pregnancy Test - Milk,Pregnant,0.913,286,75
10/30/2025,22326,398645,Pregnancy Test - Milk,Pregnant,0.356,150,86
10/30/2025,18285,398645,Pregnancy Test - Milk,Pregnant,0.405,292,182
10/30/2025,19329,398645,Pregnancy Test - Milk,Pregnant,0.596,180,70
10/30/2025,22571,398645,Pregnancy Test - Milk,Pregnant,0.63,136,71
10/30/2025,18490,398645,Pregnancy Test - Milk,Pregnant,1.797,252,184
10/30/2025,17668,398645,Pregnancy Test - Milk,Pregnant,0.307,203,150
10/30/2025,12812,398645,Pregnancy Test - Milk,Pregnant,POS,281,186
10/30/2025,9950,398645,Pregnancy Test - Milk,Pregnant,1.168,271,181
10/30/2025,22041,398645,Pregnancy Test - Milk,Pregnant,1.372,269,182
10/30/2025,22488,398645,Pregnancy Test - Milk,Pregnant,0.269,160,99
10/30/2025,18459,398645,Pregnancy Test - Milk,Pregnant,2.184,280,181
10/30/2025,1496,398645,Pregnancy Test - Milk,Pregnant,0.721,258,0
10/30/2025,12795,398645,Pregnancy Test - Milk,Re-Check,0.193,200,135
10/30/2025,20909,398645,Pregnancy Test - Milk,Pregnant,0.265,146,71
10/30/2025,17221,398645,Pregnancy Test - Milk,Re-Check,0.206,264,69
10/30/2025,20522,398645,Pregnancy Test - Milk,Pregnant,2.084,266,182
10/30/2025,17101,398645,Pregnancy Test - Milk,Re-Check,0.205,155,99
10/30/2025,20356,398645,Pregnancy Test - Milk,Pregnant,2.759,259,183
10/30/2025,20719,398645,Pregnancy Test - Milk,Pregnant,0.271,145,71
10/30/2025,21017,398645,Pregnancy Test - Milk,Re-Check,0.154,149,86
11/06/2025,17254,398645,Pregnancy Test - Milk,Pregnant,1.033,278,149
11/06/2025,22410,398645,Pregnancy Test - Milk,Re-Check,0.185,151,89
11/06/2025,16601,398645,Pregnancy Test - Milk,Re-Check,0.224,390,201
11/06/2025,21842,398645,Pregnancy Test - Milk,Pregnant,2.001,316,189
11/06/2025,22512,398645,Pregnancy Test - Milk,Pregnant,0.857,152,70
11/06/2025,20636,398645,Pregnancy Test - Milk,Pregnant,2.734,273,183
11/06/2025,21968,398645,Pregnancy Test - Milk,Pregnant,1.558,295,149
11/06/2025,20540,398645,Pregnancy Test - Milk,Pregnant,POS,281,23
11/06/2025,20825,398645,Pregnancy Test - Milk,Pregnant,1.551,213,68
11/06/2025,15994,398645,Pregnancy Test - Milk,Pregnant,0.623,155,70
11/06/2025,20982,398645,Pregnancy Test - Milk,Pregnant,0.465,173,68
11/06/2025,1543,398645,Pregnancy Test - Milk,Pregnant,2.025,305,0
11/06/2025,22524,398645,Pregnancy Test - Milk,Pregnant,0.575,150,69
11/06/2025,21074,398645,Pregnancy Test - Milk,Pregnant,0.412,149,78
11/06/2025,18944,398645,Pregnancy Test - Milk,Pregnant,2.754,306,147
11/06/2025,22237,398645,Pregnancy Test - Milk,Pregnant,0.634,193,30
11/06/2025,17228,398645,Pregnancy Test - Milk,Pregnant,0.594,194,69
11/06/2025,20227,398645,Pregnancy Test - Milk,Pregnant,2.255,308,171
11/06/2025,19352,398645,Pregnancy Test - Milk,Pregnant,2.033,380,187
11/06/2025,22180,398645,Pregnancy Test - Milk,Pregnant,0.756,236,69
11/06/2025,22054,398645,Pregnancy Test - Milk,Pregnant,0.665,267,199
11/06/2025,20738,398645,Pregnancy Test - Milk,Pregnant,0.667,235,70
11/06/2025,1411,398645,Pregnancy Test - Milk,Pregnant,2.022,279,0
11/06/2025,18949,398645,Pregnancy Test - Milk,Pregnant,0.28,267,72
11/06/2025,18762,398645,Pregnancy Test - Milk,Pregnant,0.635,240,69
11/06/2025,19132,398645,Pregnancy Test - Milk,Pregnant,0.43,139,68
11/06/2025,21232,398645,Pregnancy Test - Milk,Pregnant,POS,348,195
11/06/2025,20174,398645,Pregnancy Test - Milk,Pregnant,0.5,241,37
11/06/2025,19056,398645,Pregnancy Test - Milk,Pregnant,0.267,185,120
11/06/2025,22035,398645,Pregnancy Test - Milk,Pregnant,0.952,267,154
11/06/2025,20897,398645,Pregnancy Test - Milk,Pregnant,1.119,209,70
11/06/2025,18384,398645,Pregnancy Test - Milk,Pregnant,2.139,330,190
11/06/2025,22030,398645,Pregnancy Test - Milk,Pregnant,1.518,267,181
11/06/2025,21938,398645,Pregnancy Test - Milk,Pregnant,2.393,271,182
11/06/2025,19029,398645,Pregnancy Test - Milk,Pregnant,0.446,231,37
11/06/2025,19138,398645,Pregnancy Test - Milk,Pregnant,0.285,198,74
11/06/2025,3480,398645,Pregnancy Test - Milk,Pregnant,0.353,201,74
11/06/2025,20465,398645,Pregnancy Test - Milk,Pregnant,1.65,305,7
11/06/2025,12321,398645,Pregnancy Test - Milk,Pregnant,0.33,148,79
11/06/2025,16979,398645,Pregnancy Test - Milk,Pregnant,0.787,291,181
11/06/2025,22190,398645,Pregnancy Test - Milk,Pregnant,0.324,193,72
11/06/2025,22377,398645,Pregnancy Test - Milk,Pregnant,0.413,152,86
11/06/2025,21083,398645,Pregnancy Test - Milk,Open,0.016,164,68
11/06/2025,20858,398645,Pregnancy Test - Milk,Pregnant,0.602,191,71
11/06/2025,22333,398645,Pregnancy Test - Milk,Pregnant,0.322,191,137
11/06/2025,21965,398645,Pregnancy Test - Milk,Pregnant,1.7,299,181
11/06/2025,20553,398645,Pregnancy Test - Milk,Pregnant,POS,274,189
11/06/2025,21503,398645,Pregnancy Test - Milk,Pregnant,2.018,390,149
11/06/2025,20717,398645,Pregnancy Test - Milk,Pregnant,0.374,218,71
11/06/2025,21042,398645,Pregnancy Test - Milk,Pregnant,0.622,161,37
11/06/2025,22347,398645,Pregnancy Test - Milk,Re-Check,0.239,180,37
11/06/2025,20512,398645,Pregnancy Test - Milk,Pregnant,0.52,225,74
11/06/2025,17723,398645,Pregnancy Test - Milk,Re-Check,0.217,162,69
11/06/2025,16965,398645,Pregnancy Test - Milk,Pregnant,2.457,251,183
11/06/2025,21050,398645,Pregnancy Test - Milk,Pregnant,0.33,159,79
11/06/2025,22039,398645,Pregnancy Test - Milk,Pregnant,1.966,269,148
11/06/2025,22050,398645,Pregnancy Test - Milk,Pregnant,2.519,261,137
11/06/2025,227,398645,Pregnancy Test - Milk,Pregnant,0.457,206,69
11/06/2025,21504,398645,Pregnancy Test - Milk,Pregnant,2.442,276,37
11/06/2025,20343,398645,Pregnancy Test - Milk,Pregnant,0.61,321,70
11/06/2025,14610,398645,Pregnancy Test - Milk,Pregnant,1.422,341,184
11/06/2025,1384,398645,Pregnancy Test - Milk,Pregnant,2.795,306,0
11/06/2025,22523,398645,Pregnancy Test - Milk,Pregnant,0.439,149,7
11/06/2025,14209,398645,Pregnancy Test - Milk,Pregnant,1.812,155,91
11/06/2025,22463,398645,Pregnancy Test - Milk,Pregnant,0.253,160,37
11/06/2025,21918,398645,Pregnancy Test - Milk,Pregnant,1.565,264,36
11/06/2025,22012,398645,Pregnancy Test - Milk,Pregnant,2.369,268,210
11/06/2025,22409,398645,Pregnancy Test - Milk,Pregnant,0.4,152,86
11/06/2025,8364,398645,Pregnancy Test - Milk,Pregnant,0.284,184,69
11/06/2025,20272,398645,Pregnancy Test - Milk,Pregnant,2.212,350,186
11/06/2025,17897,398645,Pregnancy Test - Milk,Pregnant,0.376,157,37
11/06/2025,20544,398645,Pregnancy Test - Milk,Pregnant,0.644,271,38
11/06/2025,17867,398645,Pregnancy Test - Milk,Pregnant,0.419,208,37
11/06/2025,15566,398645,Pregnancy Test - Milk,Pregnant,0.303,284,67
11/06/2025,17203,398645,Pregnancy Test - Milk,Pregnant,POS,343,182
11/06/2025,20693,398645,Pregnancy Test - Milk,Pregnant,0.935,233,79
11/06/2025,20781,398645,Pregnancy Test - Milk,Pregnant,1.052,175,68
11/06/2025,18779,398645,Pregnancy Test - Milk,Pregnant,POS,326,185
11/06/2025,17077,398645,Pregnancy Test - Milk,Pregnant,0.422,209,75
11/06/2025,22101,398645,Pregnancy Test - Milk,Pregnant,1.057,226,67
11/06/2025,21621,398645,Pregnancy Test - Milk,Pregnant,0.603,261,198
11/06/2025,19311,398645,Pregnancy Test - Milk,Pregnant,0.869,163,69
11/06/2025,10130,398645,Pregnancy Test - Milk,Pregnant,0.773,161,101
11/06/2025,21897,398645,Pregnancy Test - Milk,Pregnant,0.543,214,69
11/06/2025,20805,398645,Pregnancy Test - Milk,Pregnant,0.814,233,73
11/06/2025,19684,398645,Pregnancy Test - Milk,Pregnant,POS,454,181
11/06/2025,1345,398645,Pregnancy Test - Milk,Pregnant,2.586,283,0
11/06/2025,22483,398645,Pregnancy Test - Milk,Pregnant,0.447,155,37
11/06/2025,22439,398645,Pregnancy Test - Milk,Pregnant,0.394,175,30
11/06/2025,16663,398645,Pregnancy Test - Milk,Pregnant,1.411,318,182
11/06/2025,21729,398645,Pregnancy Test - Milk,Pregnant,0.684,279,67
11/06/2025,22370,398645,Pregnancy Test - Milk,Pregnant,0.651,196,70
11/06/2025,11459,398645,Pregnancy Test - Milk,Pregnant,1.912,298,185
11/06/2025,20454,398645,Pregnancy Test - Milk,Pregnant,0.911,299,187
11/06/2025,21802,398645,Pregnancy Test - Milk,Pregnant,0.725,266,216
11/06/2025,4155,398645,Pregnancy Test - Milk,Pregnant,1.775,323,261
11/06/2025,1408,398645,Pregnancy Test - Milk,Pregnant,2.706,237,0
11/06/2025,20973,398645,Pregnancy Test - Milk,Pregnant,0.25,148,68
11/06/2025,22076,398645,Pregnancy Test - Milk,Re-Check,0.194,250,69
11/06/2025,17183,398645,Pregnancy Test - Milk,Pregnant,1.322,276,182
11/06/2025,22051,398645,Pregnancy Test - Milk,Pregnant,1.289,278,206
11/06/2025,17438,398645,Pregnancy Test - Milk,Pregnant,POS,295,185
11/06/2025,21739,398645,Pregnancy Test - Milk,Pregnant,2.811,358,29
11/06/2025,17752,398645,Pregnancy Test - Milk,Re-Check,0.21,156,98
11/06/2025,19353,398645,Pregnancy Test - Milk,Pregnant,0.339,171,77
11/06/2025,21963,398645,Pregnancy Test - Milk,Pregnant,1.348,286,184
11/06/2025,22013,398645,Pregnancy Test - Milk,Pregnant,POS,287,183
11/06/2025,20463,398645,Pregnancy Test - Milk,Pregnant,2.052,263,191
11/06/2025,18653,398645,Pregnancy Test - Milk,Pregnant,0.358,213,74
11/06/2025,22314,398645,Pregnancy Test - Milk,Pregnant,0.592,152,87
11/06/2025,22282,398645,Pregnancy Test - Milk,Pregnant,0.359,151,37
11/06/2025,21989,398645,Pregnancy Test - Milk,Pregnant,POS,294,156
11/06/2025,22261,398645,Pregnancy Test - Milk,Pregnant,0.295,181,37
11/06/2025,7577,398645,Pregnancy Test - Milk,Pregnant,0.558,336,75
11/06/2025,20492,398645,Pregnancy Test - Milk,Pregnant,1.335,273,183
11/20/2025,1488,398645,Pregnancy Test - Milk,Pregnant,2.057,264,0
11/20/2025,21040,398645,Pregnancy Test - Milk,Pregnant,0.265,166,106
11/20/2025,21818,398645,Pregnancy Test - Milk,Pregnant,2.564,315,182
11/20/2025,15419,398645,Pregnancy Test - Milk,Pregnant,1.769,283,128
11/20/2025,20586,398645,Pregnancy Test - Milk,Pregnant,POS,258,103
11/20/2025,21476,398645,Pregnancy Test - Milk,Pregnant,POS,431,202
11/20/2025,22304,398645,Pregnancy Test - Milk,Pregnant,0.553,212,37
11/20/2025,21943,398645,Pregnancy Test - Milk,Pregnant,0.556,302,37
11/20/2025,20743,398645,Pregnancy Test - Milk,Pregnant,0.671,188,73
11/20/2025,20410,398645,Pregnancy Test - Milk,Pregnant,1.665,200,71
11/20/2025,20936,398645,Pregnancy Test - Milk,Pregnant,0.702,200,72
11/20/2025,21939,398645,Pregnancy Test - Milk,Open,0.033,309,55
11/20/2025,19955,398645,Pregnancy Test - Milk,Pregnant,2.735,303,184
11/20/2025,15518,398645,Pregnancy Test - Milk,Pregnant,0.434,205,17
11/20/2025,19027,398645,Pregnancy Test - Milk,Pregnant,1.841,318,182
11/20/2025,9939,398645,Pregnancy Test - Milk,Pregnant,POS,323,182
11/20/2025,20718,398645,Pregnancy Test - Milk,Pregnant,0.289,186,68
11/20/2025,20374,398645,Pregnancy Test - Milk,Pregnant,1.511,349,181
11/20/2025,22526,398645,Pregnancy Test - Milk,Pregnant,0.558,153,37
11/20/2025,22467,398645,Pregnancy Test - Milk,Pregnant,0.502,153,87
11/20/2025,18673,398645,Pregnancy Test - Milk,Pregnant,POS,318,182
11/20/2025,17147,398645,Pregnancy Test - Milk,Pregnant,2.05,326,183
11/20/2025,22149,398645,Pregnancy Test - Milk,Open,0.008,263,198
11/20/2025,9896,398645,Pregnancy Test - Milk,Pregnant,POS,307,188
11/20/2025,22001,398645,Pregnancy Test - Milk,Pregnant,2.355,263,0
11/20/2025,20588,398645,Pregnancy Test - Milk,Pregnant,POS,294,183
11/20/2025,20875,398645,Pregnancy Test - Milk,Pregnant,0.889,185,69
11/20/2025,21957,398645,Pregnancy Test - Milk,Pregnant,1.942,298,187
11/20/2025,22473,398645,Pregnancy Test - Milk,Pregnant,0.262,152,86
11/20/2025,22085,398645,Pregnancy Test - Milk,Pregnant,2.524,264,181
11/20/2025,20555,398645,Pregnancy Test - Milk,Pregnant,0.677,220,69
11/20/2025,22052,398645,Pregnancy Test - Milk,Pregnant,1.672,267,255
11/20/2025,20877,398645,Pregnancy Test - Milk,Pregnant,0.388,208,72
11/20/2025,18051,398645,Pregnancy Test - Milk,Pregnant,2.291,332,184
11/20/2025,1498,398645,Pregnancy Test - Milk,Pregnant,0.922,162,67
11/20/2025,15497,398645,Pregnancy Test - Milk,Re-Check,0.209,160,86
11/20/2025,21956,398645,Pregnancy Test - Milk,Pregnant,0.848,261,198
11/20/2025,16512,398645,Pregnancy Test - Milk,Pregnant,2.446,256,183
11/20/2025,21800,398645,Pregnancy Test - Milk,Pregnant,POS,336,181
11/20/2025,20086,398645,Pregnancy Test - Milk,Pregnant,2.257,294,186
11/20/2025,21947,398645,Pregnancy Test - Milk,Pregnant,1.668,320,188
11/20/2025,22257,398645,Pregnancy Test - Milk,Pregnant,0.891,217,71
11/20/2025,22104,398645,Pregnancy Test - Milk,Pregnant,1.177,267,267
11/20/2025,8327,398645,Pregnancy Test - Milk,Pregnant,0.545,142,72
11/20/2025,20509,398645,Pregnancy Test - Milk,Pregnant,2.014,317,185
11/20/2025,19331,398645,Pregnancy Test - Milk,Pregnant,0.355,191,30
11/20/2025,1280,398645,Pregnancy Test - Milk,Pregnant,0.964,194,68
11/20/2025,21407,398645,Pregnancy Test - Milk,Pregnant,2.436,422,181
11/20/2025,22229,398645,Pregnancy Test - Milk,Pregnant,0.264,149,87
11/20/2025,21997,398645,Pregnancy Test - Milk,Pregnant,0.492,298,69
11/20/2025,22064,398645,Pregnancy Test - Milk,Pregnant,1.82,270,171
11/20/2025,20074,398645,Pregnancy Test - Milk,Pregnant,0.919,253,71
11/20/2025,22140,398645,Pregnancy Test - Milk,Pregnant,1.567,261,9
11/20/2025,22481,398645,Pregnancy Test - Milk,Pregnant,0.28,152,88
11/20/2025,20156,398645,Pregnancy Test - Milk,Pregnant,0.306,239,70
11/20/2025,21980,398645,Pregnancy Test - Milk,Pregnant,1.123,267,152
11/20/2025,22318,398645,Pregnancy Test - Milk,Pregnant,0.386,155,70
11/20/2025,17838,398645,Pregnancy Test - Milk,Pregnant,0.259,156,69
11/20/2025,21647,398645,Pregnancy Test - Milk,Pregnant,2.541,381,187
11/20/2025,18991,398645,Pregnancy Test - Milk,Pregnant,POS,316,182
11/20/2025,13406,398645,Pregnancy Test - Milk,Pregnant,1.842,282,185
11/20/2025,20967,398645,Pregnancy Test - Milk,Pregnant,1.082,205,70
11/20/2025,9952,398645,Pregnancy Test - Milk,Pregnant,0.8,214,70
11/20/2025,22552,398645,Pregnancy Test - Milk,Pregnant,0.427,152,69
11/20/2025,18697,398645,Pregnancy Test - Milk,Pregnant,1.617,168,69
11/20/2025,17219,398645,Pregnancy Test - Milk,Pregnant,0.409,244,87
11/20/2025,7884,398645,Pregnancy Test - Milk,Pregnant,2.589,248,183
11/20/2025,18830,398645,Pregnancy Test - Milk,Pregnant,POS,262,192
11/20/2025,20529,398645,Pregnancy Test - Milk,Pregnant,2.554,306,184
11/20/2025,9997,398645,Pregnancy Test - Milk,Pregnant,1.999,313,182
11/20/2025,20776,398645,Pregnancy Test - Milk,Re-Check,0.226,185,71
11/20/2025,18960,398645,Pregnancy Test - Milk,Pregnant,1.741,277,163
11/20/2025,22204,398645,Pregnancy Test - Milk,Pregnant,0.467,215,71
11/20/2025,20986,398645,Pregnancy Test - Milk,Pregnant,0.685,183,67
11/20/2025,22083,398645,Pregnancy Test - Milk,Pregnant,2.382,267,77
11/20/2025,20641,398645,Pregnancy Test - Milk,Pregnant,0.628,249,69
11/20/2025,13223,398645,Pregnancy Test - Milk,Pregnant,1.927,262,64
11/20/2025,19635,398645,Pregnancy Test - Milk,Pregnant,2.675,299,203
11/20/2025,20169,398645,Pregnancy Test - Milk,Pregnant,POS,362,184
11/20/2025,21188,398645,Pregnancy Test - Milk,Pregnant,POS,396,230
11/20/2025,22036,398645,Pregnancy Test - Milk,Pregnant,1.74,282,182
11/20/2025,22329,398645,Pregnancy Test - Milk,Pregnant,0.531,154,37
11/20/2025,22298,398645,Pregnancy Test - Milk,Pregnant,0.538,191,69
11/20/2025,22550,398645,Pregnancy Test - Milk,Pregnant,0.337,153,87
11/20/2025,19067,398645,Pregnancy Test - Milk,Pregnant,0.71,136,67
11/20/2025,22465,398645,Pregnancy Test - Milk,Pregnant,0.473,155,37
11/20/2025,17677,398645,Pregnancy Test - Milk,Pregnant,0.878,143,72
11/20/2025,22516,398645,Pregnancy Test - Milk,Re-Check,0.202,153,86
11/20/2025,19160,398645,Pregnancy Test - Milk,Pregnant,0.793,189,37
11/20/2025,17500,398645,Pregnancy Test - Milk,Pregnant,1.102,155,70
11/20/2025,15874,398645,Pregnancy Test - Milk,Open,0.048,218,4
11/20/2025,15936,398645,Pregnancy Test - Milk,Pregnant,0.308,145,72
11/20/2025,16243,398645,Pregnancy Test - Milk,Pregnant,2.246,329,35
11/20/2025,21275,398645,Pregnancy Test - Milk,Pregnant,POS,454,201
11/20/2025,22172,398645,Pregnancy Test - Milk,Pregnant,0.68,154,86
11/20/2025,15502,398645,Pregnancy Test - Milk,Pregnant,0.877,223,69
11/20/2025,20302,398645,Pregnancy Test - Milk,Pregnant,1.352,234,123
11/20/2025,21762,398645,Pregnancy Test - Milk,Pregnant,2.732,332,181
11/20/2025,21806,398645,Pregnancy Test - Milk,Pregnant,1.571,304,30
11/20/2025,22412,398645,Pregnancy Test - Milk,Pregnant,0.356,193,87
11/20/2025,20468,398645,Pregnancy Test - Milk,Pregnant,0.835,295,33
11/20/2025,13469,398645,Pregnancy Test - Milk,Pregnant,0.607,160,69
11/20/2025,18853,398645,Pregnancy Test - Milk,Pregnant,1.023,300,182
11/20/2025,4164,398645,Pregnancy Test - Milk,Pregnant,2.786,319,151
11/27/2025,19940,398645,Pregnancy Test - Milk,Pregnant,1.018,266,232
11/27/2025,16328,398645,Pregnancy Test - Milk,Pregnant,1.621,320,186
11/27/2025,22096,398645,Pregnancy Test - Milk,Pregnant,0.912,271,220
11/27/2025,21990,398645,Pregnancy Test - Milk,Pregnant,0.632,326,37
11/27/2025,22338,398645,Pregnancy Test - Milk,Pregnant,0.589,204,69
11/27/2025,10082,398645,Pregnancy Test - Milk,Open,0.036,206,70
11/27/2025,20380,398645,Pregnancy Test - Milk,Re-Check,0.209,146,37
11/27/2025,20711,398645,Pregnancy Test - Milk,Pregnant,POS,260,182
11/27/2025,3533,398645,Pregnancy Test - Milk,Re-Check,0.19,147,71
11/27/2025,22428,398645,Pregnancy Test - Milk,Pregnant,0.863,195,70
11/27/2025,20632,398645,Pregnancy Test - Milk,Pregnant,1.467,280,188
11/27/2025,21098,398645,Pregnancy Test - Milk,Pregnant,POS,468,189
11/27/2025,18815,398645,Pregnancy Test - Milk,Pregnant,POS,262,132
11/27/2025,1452,398645,Pregnancy Test - Milk,Pregnant,1.767,277,123
11/27/2025,18751,398645,Pregnancy Test - Milk,Pregnant,0.299,165,86
11/27/2025,1438,398645,Pregnancy Test - Milk,Pregnant,1.022,314,123
11/27/2025,22420,398645,Pregnancy Test - Milk,Pregnant,0.352,194,30
11/27/2025,20713,398645,Pregnancy Test - Milk,Pregnant,0.372,208,74
11/27/2025,20606,398645,Pregnancy Test - Milk,Pregnant,1.734,261,216
11/27/2025,19461,398645,Pregnancy Test - Milk,Pregnant,0.25,155,86
11/27/2025,13340,398645,Pregnancy Test - Milk,Pregnant,2.139,259,166
11/27/2025,19155,398645,Pregnancy Test - Milk,Pregnant,2.336,247,183
11/27/2025,19791,398645,Pregnancy Test - Milk,Pregnant,0.392,141,71
11/27/2025,21363,398645,Pregnancy Test - Milk,Pregnant,1.196,426,200
11/27/2025,22433,398645,Pregnancy Test - Milk,Re-Check,0.221,152,16
11/27/2025,20390,398645,Pregnancy Test - Milk,Pregnant,2.364,258,183
11/27/2025,20431,398645,Pregnancy Test - Milk,Pregnant,2.455,291,226
11/27/2025,10166,398645,Pregnancy Test - Milk,Pregnant,0.333,176,71
11/27/2025,22595,398645,Pregnancy Test - Milk,Re-Check,0.174,156,87
11/27/2025,22164,398645,Pregnancy Test - Milk,Pregnant,1.696,262,198
11/27/2025,19037,398645,Pregnancy Test - Milk,Pregnant,0.72,267,113
11/27/2025,19408,398645,Pregnancy Test - Milk,Re-Check,0.15,154,72
11/27/2025,20854,398645,Pregnancy Test - Milk,Pregnant,0.715,236,113
11/27/2025,20297,398645,Pregnancy Test - Milk,Pregnant,POS,312,235
11/27/2025,22158,398645,Pregnancy Test - Milk,Pregnant,0.465,198,66
11/27/2025,22518,398645,Pregnancy Test - Milk,Pregnant,0.275,152,86
11/27/2025,18713,398645,Pregnancy Test - Milk,Pregnant,2.483,262,72
11/27/2025,18067,398645,Pregnancy Test - Milk,Pregnant,0.35,156,86
11/27/2025,1555,398645,Pregnancy Test - Milk,Pregnant,2.638,280,57
11/27/2025,19435,398645,Pregnancy Test - Milk,Re-Check,0.221,145,72
11/27/2025,18564,398645,Pregnancy Test - Milk,Pregnant,POS,329,145
11/27/2025,13387,398645,Pregnancy Test - Milk,Pregnant,0.35,164,93
11/27/2025,22065,398645,Pregnancy Test - Milk,Pregnant,2.021,283,182
11/27/2025,1871,398645,Pregnancy Test - Milk,Re-Check,0.123,160,87
11/27/2025,19966,398645,Pregnancy Test - Milk,Pregnant,0.327,199,139
11/27/2025,22623,398645,Pregnancy Test - Milk,Re-Check,0.219,156,86
11/27/2025,19452,398645,Pregnancy Test - Milk,Pregnant,0.429,143,72
11/27/2025,19519,398645,Pregnancy Test - Milk,Pregnant,POS,382,187
11/27/2025,20634,398645,Pregnancy Test - Milk,Pregnant,0.386,160,69
11/27/2025,20822,398645,Pregnancy Test - Milk,Re-Check,0.12,242,86
11/27/2025,1376,398645,Pregnancy Test - Milk,Pregnant,POS,263,0
11/27/2025,1578,398645,Pregnancy Test - Milk,Open,-0.027,336,11
11/27/2025,15067,398645,Pregnancy Test - Milk,Pregnant,2.624,321,182
11/27/2025,18969,398645,Pregnancy Test - Milk,Pregnant,1.726,303,187
11/27/2025,20462,398645,Pregnancy Test - Milk,Pregnant,1.935,312,184
11/27/2025,19436,398645,Pregnancy Test - Milk,Pregnant,0.299,143,16
11/27/2025,20511,398645,Pregnancy Test - Milk,Pregnant,1.124,267,202
11/27/2025,19497,398645,Pregnancy Test - Milk,Open,-0.007,144,37
11/27/2025,20603,398645,Pregnancy Test - Milk,Open,-0.035,277,190
11/27/2025,20211,398645,Pregnancy Test - Milk,Pregnant,2.416,268,239
11/27/2025,16340,398645,Pregnancy Test - Milk,Pregnant,1.318,253,112
11/27/2025,21953,398645,Pregnancy Test - Milk,Pregnant,1.498,296,184
11/27/2025,18888,398645,Pregnancy Test - Milk,Pregnant,2.276,346,185
11/27/2025,19953,398645,Pregnancy Test - Milk,Pregnant,1.612,252,182
11/27/2025,20668,398645,Pregnancy Test - Milk,Pregnant,1.703,257,184
11/27/2025,18879,398645,Pregnancy Test - Milk,Pregnant,POS,276,45
11/27/2025,17007,398645,Pregnancy Test - Milk,Pregnant,2.517,324,185
11/27/2025,20981,398645,Pregnancy Test - Milk,Pregnant,0.378,160,99
11/27/2025,18366,398645,Pregnancy Test - Milk,Pregnant,2.048,284,186
11/27/2025,19076,398645,Pregnancy Test - Milk,Pregnant,0.59,145,68
11/27/2025,17434,398645,Pregnancy Test - Milk,Pregnant,2.095,263,96
11/27/2025,21264,398645,Pregnancy Test - Milk,Pregnant,0.642,388,29
11/27/2025,22090,398645,Pregnancy Test - Milk,Pregnant,1.841,273,159
11/27/2025,21770,398645,Pregnancy Test - Milk,Pregnant,2.558,340,193
11/27/2025,14927,398645,Pregnancy Test - Milk,Pregnant,1.031,306,187
11/27/2025,7758,398645,Pregnancy Test - Milk,Pregnant,1.326,265,203
11/27/2025,20958,398645,Pregnancy Test - Milk,Pregnant,0.593,143,37
11/27/2025,21065,398645,Pregnancy Test - Milk,Re-Check,0.181,150,71
11/27/2025,18481,398645,Pregnancy Test - Milk,Pregnant,1.981,300,186
11/27/2025,20271,398645,Pregnancy Test - Milk,Pregnant,2.235,274,181
11/27/2025,21173,398645,Pregnancy Test - Milk,Pregnant,0.439,145,71
11/27/2025,21891,398645,Pregnancy Test - Milk,Pregnant,0.624,351,71
11/27/2025,20261,398645,Pregnancy Test - Milk,Open,0.073,305,69
11/27/2025,20246,398645,Pregnancy Test - Milk,Pregnant,POS,348,185
11/27/2025,20637,398645,Pregnancy Test - Milk,Pregnant,0.348,146,71
11/27/2025,22357,398645,Pregnancy Test - Milk,Pregnant,0.335,163,55
11/27/2025,18499,398645,Pregnancy Test - Milk,Pregnant,2.243,299,188
11/27/2025,50003,398645,Pregnancy Test - Milk,Pregnant,POS,248,183
11/27/2025,22143,398645,Pregnancy Test - Milk,Pregnant,0.366,251,71
11/27/2025,18942,398645,Pregnancy Test - Milk,Pregnant,2.217,253,182
11/27/2025,18530,398645,Pregnancy Test - Milk,Pregnant,2.03,289,187
11/27/2025,22327,398645,Pregnancy Test - Milk,Re-Check,0.175,171,70
11/27/2025,17569,398645,Pregnancy Test - Milk,Pregnant,0.276,209,72
11/27/2025,119,398645,Pregnancy Test - Milk,Pregnant,1.187,333,184
11/27/2025,19284,398645,Pregnancy Test - Milk,Pregnant,0.266,180,113
11/27/2025,20649,398645,Pregnancy Test - Milk,Pregnant,0.928,260,183
11/27/2025,20345,398645,Pregnancy Test - Milk,Pregnant,0.339,295,67
11/27/2025,22152,398645,Pregnancy Test - Milk,Pregnant,0.548,192,86
11/27/2025,20838,398645,Pregnancy Test - Milk,Re-Check,0.213,180,30
11/27/2025,20660,398645,Pregnancy Test - Milk,Pregnant,1.665,254,183
11/27/2025,20523,398645,Pregnancy Test - Milk,Pregnant,1.662,289,185
11/27/2025,9855,398645,Pregnancy Test - Milk,Pregnant,2.57,277,188
11/27/2025,22535,398645,Pregnancy Test - Milk,Pregnant,0.649,155,87
11/27/2025,21128,398645,Pregnancy Test - Milk,Open,0.09,149,72
11/27/2025,18748,398645,Pregnancy Test - Milk,Pregnant,0.255,182,67
11/27/2025,21952,398645,Pregnancy Test - Milk,Pregnant,0.412,327,70
11/27/2025,19475,398645,Pregnancy Test - Milk,Re-Check,0.179,147,72
11/27/2025,17802,398645,Pregnancy Test - Milk,Pregnant,0.276,198,111
11/27/2025,20549,398645,Pregnancy Test - Milk,Pregnant,0.256,300,69
11/27/2025,21236,398645,Pregnancy Test - Milk,Pregnant,0.359,145,73
11/27/2025,16579,398645,Pregnancy Test - Milk,Pregnant,0.432,244,72
11/27/2025,19503,398645,Pregnancy Test - Milk,Re-Check,0.11,143,28
11/27/2025,19191,398645,Pregnancy Test - Milk,Pregnant,0.308,188,37
11/27/2025,20402,398645,Pregnancy Test - Milk,Pregnant,1.408,275,78
11/27/2025,19405,398645,Pregnancy Test - Milk,Re-Check,0.226,186,66
11/27/2025,20323,398645,Pregnancy Test - Milk,Pregnant,1.284,292,225
11/27/2025,22598,398645,Pregnancy Test - Milk,Re-Check,0.211,154,86
11/27/2025,22585,398645,Pregnancy Test - Milk,Pregnant,0.325,162,130
11/27/2025,1592,398645,Pregnancy Test - Milk,Pregnant,2.512,267,0
11/27/2025,18487,398645,Pregnancy Test - Milk,Pregnant,0.724,373,70
11/27/2025,21921,398645,Pregnancy Test - Milk,Pregnant,0.46,335,66
11/27/2025,21920,398645,Pregnancy Test - Milk,Pregnant,2.077,296,187
11/27/2025,22486,398645,Pregnancy Test - Milk,Pregnant,0.263,183,37
11/27/2025,21987,398645,Pregnancy Test - Milk,Pregnant,0.26,283,94
11/27/2025,17617,398645,Pregnancy Test - Milk,Pregnant,0.435,139,67
11/27/2025,1417,398645,Pregnancy Test - Milk,Pregnant,0.926,277,0
11/27/2025,15487,398645,Pregnancy Test - Milk,Pregnant,1.287,261,198
11/27/2025,22344,398645,Pregnancy Test - Milk,Pregnant,0.467,193,30
11/27/2025,22390,398645,Pregnancy Test - Milk,Pregnant,0.27,153,86
11/27/2025,20796,398645,Pregnancy Test - Milk,Pregnant,0.328,157,69
11/27/2025,19064,398645,Pregnancy Test - Milk,Pregnant,0.433,141,70
11/27/2025,22268,398645,Pregnancy Test - Milk,Pregnant,1.033,161,94
11/27/2025,1577,398645,Pregnancy Test - Milk,Pregnant,0.46,169,70
11/27/2025,17654,398645,Pregnancy Test - Milk,Re-Check,0.166,146,70
11/27/2025,19887,398645,Pregnancy Test - Milk,Pregnant,1.371,316,186
11/27/2025,20927,398645,Pregnancy Test - Milk,Pregnant,0.302,147,72
11/27/2025,20640,398645,Pregnancy Test - Milk,Pregnant,2.214,257,126
12/04/2025,20355,398645,Pregnancy Test - Milk,Pregnant,0.759,219,87
12/04/2025,22255,398645,Pregnancy Test - Milk,Pregnant,0.412,149,112
12/04/2025,43872,398645,Pregnancy Test - Milk,Pregnant,POS,298,12
12/04/2025,22252,398645,Pregnancy Test - Milk,Pregnant,1.178,199,37
12/04/2025,20599,398645,Pregnancy Test - Milk,Pregnant,1.85,309,187
12/04/2025,17493,398645,Pregnancy Test - Milk,Pregnant,1.86,262,198
12/04/2025,22427,398645,Pregnancy Test - Milk,Pregnant,0.611,176,36
12/04/2025,22361,398645,Pregnancy Test - Milk,Re-Check,0.212,223,37
12/04/2025,21082,398645,Pregnancy Test - Milk,Pregnant,1.432,170,68
12/04/2025,9938,398645,Pregnancy Test - Milk,Pregnant,1.454,285,181
12/04/2025,15399,398645,Pregnancy Test - Milk,Re-Check,0.247,195,150
12/04/2025,14893,398645,Pregnancy Test - Milk,Pregnant,0.253,195,104
12/04/2025,20595,398645,Pregnancy Test - Milk,Pregnant,2.242,298,186
12/04/2025,22616,398645,Pregnancy Test - Milk,Pregnant,0.403,154,87
12/04/2025,22011,398645,Pregnancy Test - Milk,Pregnant,0.797,217,70
12/04/2025,1409,398645,Pregnancy Test - Milk,Pregnant,1.657,262,0
12/04/2025,17375,398645,Pregnancy Test - Milk,Pregnant,0.855,262,197
12/04/2025,21101,398645,Pregnancy Test - Milk,Open,0.024,189,70
12/04/2025,1262,398645,Pregnancy Test - Milk,Pregnant,0.262,269,69
12/04/2025,19459,398645,Pregnancy Test - Milk,Pregnant,0.378,168,69
12/04/2025,16619,398645,Pregnancy Test - Milk,Pregnant,0.476,182,70
12/04/2025,21742,398645,Pregnancy Test - Milk,Pregnant,1.212,304,55
12/04/2025,19651,398645,Pregnancy Test - Milk,Re-Check,0.19,150,68
12/04/2025,21831,398645,Pregnancy Test - Milk,Re-Check,0.194,150,86
12/04/2025,20419,398645,Pregnancy Test - Milk,Pregnant,POS,348,182
12/04/2025,22131,398645,Pregnancy Test - Milk,Pregnant,1.042,266,198
12/04/2025,16168,398645,Pregnancy Test - Milk,Pregnant,0.365,136,73
12/04/2025,18911,398645,Pregnancy Test - Milk,Pregnant,2.15,333,182
12/04/2025,18233,398645,Pregnancy Test - Milk,Pregnant,2.685,465,232
12/04/2025,21012,398645,Pregnancy Test - Milk,Pregnant,0.335,180,68
12/04/2025,21003,398645,Pregnancy Test - Milk,Pregnant,0.643,223,205
12/04/2025,22609,398645,Pregnancy Test - Milk,Re-Check,0.183,152,30
12/04/2025,22228,398645,Pregnancy Test - Milk,Pregnant,0.406,250,71
12/04/2025,19060,398645,Pregnancy Test - Milk,Pregnant,1.686,269,205
12/04/2025,17570,398645,Pregnancy Test - Milk,Pregnant,POS,295,1
12/04/2025,22614,398645,Pregnancy Test - Milk,Pregnant,0.537,155,9
12/04/2025,22369,398645,Pregnancy Test - Milk,Pregnant,0.385,173,37
12/04/2025,22487,398645,Pregnancy Test - Milk,Pregnant,0.602,172,37
12/04/2025,22042,398645,Pregnancy Test - Milk,Pregnant,1.428,308,240
12/04/2025,22567,398645,Pregnancy Test - Milk,Pregnant,0.428,151,86
12/04/2025,17130,398645,Pregnancy Test - Milk,Pregnant,2.438,265,23
12/04/2025,22003,398645,Pregnancy Test - Milk,Pregnant,2.839,314,186
12/04/2025,21734,398645,Pregnancy Test - Milk,Pregnant,1.93,389,149
12/04/2025,21046,398645,Pregnancy Test - Milk,Pregnant,0.404,161,16
12/04/2025,1489,398645,Pregnancy Test - Milk,Pregnant,1.619,329,0
12/04/2025,21959,398645,Pregnancy Test - Milk,Pregnant,POS,338,187
12/04/2025,20946,398645,Pregnancy Test - Milk,Pregnant,0.53,149,45
12/04/2025,21124,398645,Pregnancy Test - Milk,Re-Check,0.179,180,68
12/04/2025,22269,398645,Pregnancy Test - Milk,Pregnant,0.342,217,70
12/04/2025,22529,398645,Pregnancy Test - Milk,Pregnant,0.322,152,86
12/04/2025,17963,398645,Pregnancy Test - Milk,Re-Check,0.19,155,70
12/04/2025,22637,398645,Pregnancy Test - Milk,Pregnant,0.551,150,86
12/04/2025,22114,398645,Pregnancy Test - Milk,Pregnant,0.74,260,37
12/04/2025,15336,398645,Pregnancy Test - Milk,Pregnant,0.511,179,67
12/04/2025,16127,398645,Pregnancy Test - Milk,Pregnant,0.294,141,69
12/04/2025,3150,398645,Pregnancy Test - Milk,Pregnant,2.092,294,49
12/04/2025,18613,398645,Pregnancy Test - Milk,Pregnant,1.967,269,205
12/04/2025,39685,398645,Pregnancy Test - Milk,Pregnant,POS,434,199
12/04/2025,17196,398645,Pregnancy Test - Milk,Pregnant,2.066,335,184
12/04/2025,22166,398645,Pregnancy Test - Milk,Pregnant,1.347,266,148
12/04/2025,22654,398645,Pregnancy Test - Milk,Pregnant,0.538,150,37
12/04/2025,16038,398645,Pregnancy Test - Milk,Re-Check,0.133,143,72
12/04/2025,20487,398645,Pregnancy Test - Milk,Pregnant,POS,275,46
12/04/2025,16899,398645,Pregnancy Test - Milk,Pregnant,2.37,270,195
12/04/2025,20434,398645,Pregnancy Test - Milk,Pregnant,1.516,350,184
12/04/2025,17414,398645,Pregnancy Test - Milk,Pregnant,0.38,208,37
12/04/2025,20715,398645,Pregnancy Test - Milk,Open,0.035,207,69
12/04/2025,22613,398645,Pregnancy Test - Milk,Pregnant,0.39,153,86
12/04/2025,22088,398645,Pregnancy Test - Milk,Pregnant,1.175,283,30
12/04/2025,21945,398645,Pregnancy Test - Milk,Pregnant,1.434,266,198
12/04/2025,22127,398645,Pregnancy Test - Milk,Open,0.07,273,4
12/04/2025,21978,398645,Pregnancy Test - Milk,Pregnant,2.207,307,182
12/04/2025,22489,398645,Pregnancy Test - Milk,Pregnant,0.502,153,86
12/04/2025,22351,398645,Pregnancy Test - Milk,Pregnant,0.699,215,37
12/04/2025,18194,398645,Pregnancy Test - Milk,Pregnant,0.699,216,68
12/04/2025,19383,398645,Pregnancy Test - Milk,Pregnant,0.446,153,68
12/04/2025,22170,398645,Pregnancy Test - Milk,Pregnant,POS,267,208
12/04/2025,1585,398645,Pregnancy Test - Milk,Pregnant,0.689,201,69
12/04/2025,20706,398645,Pregnancy Test - Milk,Pregnant,1.701,206,71
12/04/2025,20756,398645,Pregnancy Test - Milk,Pregnant,0.397,238,70
12/04/2025,17606,398645,Pregnancy Test - Milk,Pregnant,1.019,272,182
12/04/2025,22075,398645,Pregnancy Test - Milk,Pregnant,0.535,231,37
12/04/2025,22093,398645,Pregnancy Test - Milk,Pregnant,1.936,263,142
12/04/2025,22218,398645,Pregnancy Test - Milk,Pregnant,0.776,214,37
12/04/2025,22165,398645,Pregnancy Test - Milk,Pregnant,POS,265,210
12/04/2025,21120,398645,Pregnancy Test - Milk,Pregnant,1.105,183,68
12/04/2025,19438,398645,Pregnancy Test - Milk,Re-Check,0.154,141,68
12/04/2025,18611,398645,Pregnancy Test - Milk,Pregnant,1.743,312,180
12/04/2025,19385,398645,Pregnancy Test - Milk,Pregnant,0.657,195,70
12/04/2025,22343,398645,Pregnancy Test - Milk,Pregnant,0.444,224,95
12/04/2025,20396,398645,Pregnancy Test - Milk,Pregnant,1.977,337,185
12/04/2025,21095,398645,Pregnancy Test - Milk,Open,0.013,192,83
12/04/2025,18343,398645,Pregnancy Test - Milk,Pregnant,0.306,130,37
12/04/2025,18562,398645,Pregnancy Test - Milk,Pregnant,0.526,225,43
12/04/2025,16971,398645,Pregnancy Test - Milk,Pregnant,2.024,382,186
12/04/2025,21967,398645,Pregnancy Test - Milk,Pregnant,POS,316,185
12/04/2025,7592,398645,Pregnancy Test - Milk,Pregnant,2.068,370,187
12/04/2025,18161,398645,Pregnancy Test - Milk,Pregnant,0.755,250,101
12/04/2025,9941,398645,Pregnancy Test - Milk,Pregnant,1.334,299,144
12/04/2025,22232,398645,Pregnancy Test - Milk,Pregnant,2.033,263,22
12/04/2025,16231,398645,Pregnancy Test - Milk,Pregnant,1.531,301,181
12/04/2025,22606,398645,Pregnancy Test - Milk,Pregnant,0.401,151,70
12/04/2025,18895,398645,Pregnancy Test - Milk,Pregnant,1.503,299,187
12/04/2025,17395,398645,Pregnancy Test - Milk,Pregnant,0.563,157,86
12/04/2025,22197,398645,Pregnancy Test - Milk,Pregnant,1.967,262,198
12/04/2025,17441,398645,Pregnancy Test - Milk,Pregnant,1.513,260,72
12/04/2025,21399,398645,Pregnancy Test - Milk,Pregnant,2.597,423,183
12/18/2025,17599,398645,Pregnancy Test - Milk,Pregnant,0.412,154,109
12/18/2025,22348,398645,Pregnancy Test - Milk,Pregnant,0.673,174,37
12/18/2025,22019,398645,Pregnancy Test - Milk,Pregnant,POS,319,188
12/18/2025,19551,398645,Pregnancy Test - Milk,Pregnant,0.379,161,98
12/18/2025,1558,398645,Pregnancy Test - Milk,Pregnant,0.62,393,72
12/18/2025,20674,398645,Pregnancy Test - Milk,Pregnant,1.857,298,186
12/18/2025,22622,398645,Pregnancy Test - Milk,Pregnant,0.567,150,69
12/18/2025,9526,398645,Pregnancy Test - Milk,Pregnant,0.365,172,37
12/18/2025,1424,398645,Pregnancy Test - Milk,Pregnant,0.334,144,0
12/18/2025,1595,398645,Pregnancy Test - Milk,Pregnant,0.405,172,70
12/18/2025,17628,398645,Pregnancy Test - Milk,Pregnant,1.505,262,6
12/18/2025,21856,398645,Pregnancy Test - Milk,Pregnant,POS,334,156
12/18/2025,19167,398645,Pregnancy Test - Milk,Pregnant,0.716,248,118
12/18/2025,21106,398645,Pregnancy Test - Milk,Pregnant,0.535,174,71
12/18/2025,21270,398645,Pregnancy Test - Milk,Pregnant,0.962,172,70
12/18/2025,19402,398645,Pregnancy Test - Milk,Pregnant,0.513,184,67
12/18/2025,20984,398645,Pregnancy Test - Milk,Pregnant,0.541,178,69
12/18/2025,21331,398645,Pregnancy Test - Milk,Pregnant,0.302,141,0
12/18/2025,18934,398645,Pregnancy Test - Milk,Pregnant,POS,305,184
12/18/2025,22601,398645,Pregnancy Test - Milk,Pregnant,0.516,151,37
12/18/2025,22696,398645,Pregnancy Test - Milk,Pregnant,0.651,151,110
12/18/2025,20774,398645,Pregnancy Test - Milk,Pregnant,1.543,173,66
12/18/2025,19712,398645,Pregnancy Test - Milk,Pregnant,0.74,168,67
12/18/2025,22717,398645,Pregnancy Test - Milk,Pregnant,0.672,151,87
12/18/2025,22245,398645,Pregnancy Test - Milk,Pregnant,0.827,213,68
12/18/2025,20874,398645,Pregnancy Test - Milk,Pregnant,0.557,168,67
12/18/2025,20415,398645,Pregnancy Test - Milk,Re-Check,0.227,217,37
12/18/2025,22087,398645,Pregnancy Test - Milk,Pregnant,1.93,290,187
12/18/2025,22161,398645,Pregnancy Test - Milk,Pregnant,1.953,266,199
12/18/2025,1313,398645,Pregnancy Test - Milk,Pregnant,0.817,128,71
12/18/2025,15800,398645,Pregnancy Test - Milk,Pregnant,1.929,252,183
12/18/2025,19181,398645,Pregnancy Test - Milk,Pregnant,0.86,201,69
12/18/2025,17442,398645,Pregnancy Test - Milk,Re-Check,0.16,234,69
12/18/2025,20650,398645,Pregnancy Test - Milk,Pregnant,1.237,207,36
12/18/2025,20880,398645,Pregnancy Test - Milk,Pregnant,0.754,220,68
12/18/2025,22716,398645,Pregnancy Test - Milk,Pregnant,0.377,152,69
12/18/2025,20768,398645,Pregnancy Test - Milk,Pregnant,0.364,183,85
12/18/2025,16006,398645,Pregnancy Test - Milk,Re-Check,0.13,249,184
12/18/2025,20451,398645,Pregnancy Test - Milk,Pregnant,0.367,232,69
12/18/2025,18077,398645,Pregnancy Test - Milk,Pregnant,0.503,128,66
12/18/2025,21958,398645,Pregnancy Test - Milk,Pregnant,POS,341,185
12/18/2025,20515,398645,Pregnancy Test - Milk,Pregnant,POS,297,184
12/18/2025,19292,398645,Pregnancy Test - Milk,Re-Check,0.243,139,70
12/18/2025,17306,398645,Pregnancy Test - Milk,Pregnant,0.3,161,69
12/18/2025,20800,398645,Pregnancy Test - Milk,Pregnant,0.295,164,66
12/18/2025,22112,398645,Pregnancy Test - Milk,Pregnant,1.237,198,37
12/18/2025,20787,398645,Pregnancy Test - Milk,Pregnant,0.983,178,70
12/18/2025,22584,398645,Pregnancy Test - Milk,Pregnant,0.539,150,37
12/18/2025,17992,398645,Pregnancy Test - Milk,Pregnant,0.468,207,73
12/18/2025,22118,398645,Pregnancy Test - Milk,Pregnant,2.797,282,53
12/18/2025,18992,398645,Pregnancy Test - Milk,Pregnant,0.405,250,69
12/18/2025,18978,398645,Pregnancy Test - Milk,Pregnant,2.785,262,187
12/18/2025,20357,398645,Pregnancy Test - Milk,Pregnant,POS,367,8
12/18/2025,21181,398645,Pregnancy Test - Milk,Pregnant,0.256,126,67
12/18/2025,22736,398645,Pregnancy Test - Milk,Pregnant,0.51,149,69
12/18/2025,21966,398645,Pregnancy Test - Milk,Pregnant,0.946,312,0
12/18/2025,17385,398645,Pregnancy Test - Milk,Pregnant,0.7,154,105
12/18/2025,18923,398645,Pregnancy Test - Milk,Pregnant,1.935,280,181
12/18/2025,17019,398645,Pregnancy Test - Milk,Pregnant,1.093,137,37
12/18/2025,3226,398645,Pregnancy Test - Milk,Re-Check,0.222,233,49
12/18/2025,20578,398645,Pregnancy Test - Milk,Pregnant,2.036,301,193
12/18/2025,20324,398645,Pregnancy Test - Milk,Pregnant,1.263,359,110
12/18/2025,19488,398645,Pregnancy Test - Milk,Pregnant,0.642,206,69
12/18/2025,17622,398645,Pregnancy Test - Milk,Pregnant,0.627,240,67
12/18/2025,21024,398645,Pregnancy Test - Milk,Pregnant,1.528,142,67
12/18/2025,21713,398645,Pregnancy Test - Milk,Pregnant,2.67,298,194
12/18/2025,1521,398645,Pregnancy Test - Milk,Pregnant,0.713,182,66
12/18/2025,20782,398645,Pregnancy Test - Milk,Pregnant,0.63,233,70
12/18/2025,22177,398645,Pregnancy Test - Milk,Pregnant,POS,267,200
12/18/2025,22429,398645,Pregnancy Test - Milk,Pregnant,0.867,215,87
12/18/2025,22677,398645,Pregnancy Test - Milk,Pregnant,0.733,155,85
12/18/2025,21784,398645,Pregnancy Test - Milk,Pregnant,0.614,335,73
12/18/2025,22212,398645,Pregnancy Test - Milk,Pregnant,0.392,266,198
12/18/2025,16751,398645,Pregnancy Test - Milk,Pregnant,0.354,137,71
12/18/2025,22215,398645,Pregnancy Test - Milk,Pregnant,1.941,267,198
12/18/2025,22522,398645,Pregnancy Test - Milk,Pregnant,0.398,159,93
12/18/2025,22117,398645,Pregnancy Test - Milk,Pregnant,POS,278,26
12/18/2025,20620,398645,Pregnancy Test - Milk,Pregnant,2.583,314,186
12/18/2025,13343,398645,Pregnancy Test - Milk,Pregnant,2.578,290,185
12/18/2025,22242,398645,Pregnancy Test - Milk,Pregnant,0.912,150,69
12/18/2025,15354,398645,Pregnancy Test - Milk,Pregnant,2.311,301,186
12/18/2025,20948,398645,Pregnancy Test - Milk,Pregnant,0.379,177,67
12/18/2025,22509,398645,Pregnancy Test - Milk,Pregnant,0.341,154,37
12/18/2025,19255,398645,Pregnancy Test - Milk,Pregnant,0.654,210,66
12/18/2025,18790,398645,Pregnancy Test - Milk,Pregnant,1.31,215,70
12/25/2025,19531,398645,Pregnancy Test - Milk,Pregnant,0.361,146,118
12/25/2025,20534,398645,Pregnancy Test - Milk,Pregnant,1.773,338,123
12/25/2025,22319,398645,Pregnancy Test - Milk,Pregnant,0.581,202,68
12/25/2025,21453,398645,Pregnancy Test - Milk,Pregnant,0.498,125,67
12/25/2025,9735,398645,Pregnancy Test - Milk,Pregnant,POS,377,181
12/25/2025,20955,398645,Pregnancy Test - Milk,Pregnant,0.271,230,67
12/25/2025,20295,398645,Pregnancy Test - Milk,Pregnant,0.722,252,69
12/25/2025,20998,398645,Pregnancy Test - Milk,Pregnant,0.51,164,66
12/25/2025,17017,398645,Pregnancy Test - Milk,Pregnant,0.959,260,198
12/25/2025,21007,398645,Pregnancy Test - Milk,Pregnant,0.749,170,71
12/25/2025,22628,398645,Pregnancy Test - Milk,Pregnant,0.336,150,86
12/25/2025,22230,398645,Pregnancy Test - Milk,Pregnant,1.633,267,216
12/25/2025,21036,398645,Pregnancy Test - Milk,Pregnant,0.466,150,79
12/25/2025,22406,398645,Pregnancy Test - Milk,Pregnant,0.321,158,93
12/25/2025,1516,398645,Pregnancy Test - Milk,Pregnant,0.341,162,99
12/25/2025,22636,398645,Pregnancy Test - Milk,Pregnant,0.41,176,68
12/25/2025,19198,398645,Pregnancy Test - Milk,Pregnant,0.375,169,69
12/25/2025,22290,398645,Pregnancy Test - Milk,Pregnant,0.537,255,69
12/25/2025,1444,398645,Pregnancy Test - Milk,Pregnant,0.7,178,70
12/25/2025,15675,398645,Pregnancy Test - Milk,Pregnant,0.341,181,68
12/25/2025,22285,398645,Pregnancy Test - Milk,Pregnant,1.699,263,78
12/25/2025,19293,398645,Pregnancy Test - Milk,Re-Check,0.207,202,69
12/25/2025,19564,398645,Pregnancy Test - Milk,Pregnant,POS,486,82
12/25/2025,22128,398645,Pregnancy Test - Milk,Pregnant,2.417,263,149
12/25/2025,15843,398645,Pregnancy Test - Milk,Pregnant,0.312,146,123
12/25/2025,19794,398645,Pregnancy Test - Milk,Pregnant,0.281,155,69
12/25/2025,21826,398645,Pregnancy Test - Milk,Pregnant,0.638,328,71
12/25/2025,19312,398645,Pregnancy Test - Milk,Pregnant,0.367,177,66
12/25/2025,21260,398645,Pregnancy Test - Milk,Re-Check,0.138,158,104
12/25/2025,19967,398645,Pregnancy Test - Milk,Pregnant,1.897,342,182
12/25/2025,21374,398645,Pregnancy Test - Milk,Pregnant,0.32,131,68
12/25/2025,18046,398645,Pregnancy Test - Milk,Pregnant,0.265,141,71
12/25/2025,17865,398645,Pregnancy Test - Milk,Pregnant,0.459,237,71
12/25/2025,22686,398645,Pregnancy Test - Milk,Pregnant,0.478,155,37
12/25/2025,20868,398645,Pregnancy Test - Milk,Pregnant,POS,262,18
12/25/2025,17885,398645,Pregnancy Test - Milk,Pregnant,2.016,260,198
12/25/2025,21437,398645,Pregnancy Test - Milk,Pregnant,0.282,126,68
12/25/2025,22217,398645,Pregnancy Test - Milk,Pregnant,1.016,262,199
12/25/2025,21795,398645,Pregnancy Test - Milk,Pregnant,0.384,352,72
12/25/2025,22216,398645,Pregnancy Test - Milk,Pregnant,0.313,230,124
12/25/2025,20001,398645,Pregnancy Test - Milk,Pregnant,0.469,189,67
12/25/2025,17450,398645,Pregnancy Test - Milk,Pregnant,0.72,219,11
12/25/2025,19211,398645,Pregnancy Test - Milk,Re-Check,0.248,236,154
12/25/2025,18533,398645,Pregnancy Test - Milk,Pregnant,2.224,322,184
12/25/2025,22225,398645,Pregnancy Test - Milk,Pregnant,2.107,263,212
12/25/2025,22642,398645,Pregnancy Test - Milk,Pregnant,0.259,175,70
12/25/2025,22651,398645,Pregnancy Test - Milk,Pregnant,0.686,152,37
12/25/2025,20926,398645,Pregnancy Test - Milk,Pregnant,0.423,238,111
12/25/2025,22532,398645,Pregnancy Test - Milk,Pregnant,0.398,173,37
12/25/2025,22715,398645,Pregnancy Test - Milk,Pregnant,0.45,153,37
12/25/2025,20384,398645,Pregnancy Test - Milk,Pregnant,2.8,331,193
12/25/2025,1464,398645,Pregnancy Test - Milk,Pregnant,0.427,235,69
12/25/2025,19165,398645,Pregnancy Test - Milk,Pregnant,1.465,257,183
12/25/2025,19116,398645,Pregnancy Test - Milk,Pregnant,0.37,224,71
12/25/2025,21383,398645,Pregnancy Test - Milk,Pregnant,0.431,128,66
12/25/2025,15915,398645,Pregnancy Test - Milk,Pregnant,POS,287,189
12/25/2025,22555,398645,Pregnancy Test - Milk,Pregnant,0.522,174,37
12/25/2025,22444,398645,Pregnancy Test - Milk,Pregnant,0.388,198,72
12/25/2025,1568,398645,Pregnancy Test - Milk,Pregnant,0.488,229,68
12/25/2025,16178,398645,Pregnancy Test - Milk,Pregnant,0.732,349,70
12/25/2025,10159,398645,Pregnancy Test - Milk,Pregnant,0.421,164,69
12/25/2025,19761,398645,Pregnancy Test - Milk,Pregnant,0.637,132,68
12/25/2025,22098,398645,Pregnancy Test - Milk,Pregnant,1.937,267,82
12/25/2025,22485,398645,Pregnancy Test - Milk,Pregnant,0.753,197,36
12/25/2025,20690,398645,Pregnancy Test - Milk,Re-Check,0.127,272,198
12/25/2025,22061,398645,Pregnancy Test - Milk,Pregnant,1.584,267,198
12/25/2025,17580,398645,Pregnancy Test - Milk,Pregnant,2.501,288,186
12/25/2025,20648,398645,Pregnancy Test - Milk,Open,0.05,246,67
12/25/2025,18541,398645,Pregnancy Test - Milk,Pregnant,1.286,255,70
12/25/2025,17751,398645,Pregnancy Test - Milk,Re-Check,0.237,179,69
12/25/2025,22273,398645,Pregnancy Test - Milk,Pregnant,0.708,259,75
12/25/2025,434,398645,Pregnancy Test - Milk,Pregnant,1.291,163,77
12/25/2025,22310,398645,Pregnancy Test - Milk,Pregnant,0.375,233,69
12/25/2025,20120,398645,Pregnancy Test - Milk,Pregnant,2.682,386,183
12/25/2025,21006,398645,Pregnancy Test - Milk,Pregnant,0.603,142,67
12/25/2025,22458,398645,Pregnancy Test - Milk,Pregnant,0.303,208,36
12/25/2025,20721,398645,Pregnancy Test - Milk,Pregnant,1.421,267,89
12/25/2025,17594,398645,Pregnancy Test - Milk,Re-Check,0.233,142,70
12/25/2025,20280,398645,Pregnancy Test - Milk,Pregnant,1.779,340,227
12/25/2025,22680,398645,Pregnancy Test - Milk,Pregnant,0.445,149,88
12/25/2025,19881,398645,Pregnancy Test - Milk,Pregnant,0.58,156,103
12/25/2025,22456,398645,Pregnancy Test - Milk,Re-Check,0.141,154,103
12/25/2025,22221,398645,Pregnancy Test - Milk,Pregnant,1.399,262,199
12/25/2025,22626,398645,Pregnancy Test - Milk,Pregnant,0.269,139,71
12/25/2025,17538,398645,Pregnancy Test - Milk,Re-Check,0.244,304,4
12/25/2025,21642,398645,Pregnancy Test - Milk,Pregnant,2.053,338,149
12/25/2025,20810,398645,Pregnancy Test - Milk,Pregnant,1.55,247,182
12/25/2025,19626,398645,Pregnancy Test - Milk,Pregnant,1.249,163,2
12/25/2025,22426,398645,Pregnancy Test - Milk,Pregnant,0.855,235,70
12/25/2025,20863,398645,Pregnancy Test - Milk,Re-Check,0.243,209,51
12/25/2025,22570,398645,Pregnancy Test - Milk,Pregnant,0.615,189,121
12/25/2025,9654,398645,Pregnancy Test - Milk,Pregnant,0.533,309,72
12/25/2025,21356,398645,Pregnancy Test - Milk,Pregnant,0.612,142,68
12/25/2025,15286,398645,Pregnancy Test - Milk,Pregnant,0.46,208,69
12/25/2025,22125,398645,Pregnancy Test - Milk,Pregnant,POS,262,197
12/25/2025,18951,398645,Pregnancy Test - Milk,Pregnant,1.698,330,185
12/25/2025,19683,398645,Pregnancy Test - Milk,Pregnant,0.381,159,86
12/25/2025,19682,398645,Pregnancy Test - Milk,Pregnant,0.816,143,0
12/25/2025,20731,398645,Pregnancy Test - Milk,Pregnant,0.269,205,69
12/25/2025,20990,398645,Pregnancy Test - Milk,Pregnant,0.499,234,69
12/25/2025,22611,398645,Pregnancy Test - Milk,Re-Check,0.164,155,44
12/25/2025,18484,398645,Pregnancy Test - Milk,Pregnant,2.09,350,193
12/25/2025,19468,398645,Pregnancy Test - Milk,Pregnant,0.525,152,68
12/25/2025,18727,398645,Pregnancy Test - Milk,Pregnant,0.325,143,67
12/25/2025,18780,398645,Pregnancy Test - Milk,Pregnant,POS,338,181
12/25/2025,22271,398645,Pregnancy Test - Milk,Pregnant,1.045,264,181
12/25/2025,1603,398645,Pregnancy Test - Milk,Pregnant,0.301,140,71
12/25/2025,22049,398645,Pregnancy Test - Milk,Pregnant,1.14,266,149
12/25/2025,20181,398645,Pregnancy Test - Milk,Pregnant,POS,353,224
12/25/2025,14115,398645,Pregnancy Test - Milk,Pregnant,2.826,258,191
12/25/2025,22720,398645,Pregnancy Test - Milk,Pregnant,0.345,155,86
12/25/2025,21073,398645,Pregnancy Test - Milk,Pregnant,0.31,141,69
12/25/2025,21131,398645,Pregnancy Test - Milk,Open,0.022,167,0
12/25/2025,18665,398645,Pregnancy Test - Milk,Pregnant,1.567,309,276
01/01/2026,21001,398645,Pregnancy Test - Milk,Pregnant,0.427,176,69
01/01/2026,15855,398645,Pregnancy Test - Milk,Pregnant,POS,284,182
01/01/2026,21085,398645,Pregnancy Test - Milk,Re-Check,0.245,207,69
01/01/2026,21491,398645,Pregnancy Test - Milk,Pregnant,2.626,450,182
01/01/2026,15156,398645,Pregnancy Test - Milk,Re-Check,0.195,217,110
01/01/2026,22711,398645,Pregnancy Test - Milk,Pregnant,0.563,151,37
01/01/2026,21219,398645,Pregnancy Test - Milk,Pregnant,2.114,513,189
01/01/2026,21888,398645,Pregnancy Test - Milk,Pregnant,2.102,308,163
01/01/2026,21859,398645,Pregnancy Test - Milk,Pregnant,1.984,354,202
01/01/2026,4148,398645,Pregnancy Test - Milk,Pregnant,0.748,315,51
01/01/2026,17898,398645,Pregnancy Test - Milk,Pregnant,0.316,187,69
01/01/2026,22157,398645,Pregnancy Test - Milk,Pregnant,1.456,293,186
01/01/2026,20907,398645,Pregnancy Test - Milk,Pregnant,0.394,132,69
01/01/2026,22382,398645,Pregnancy Test - Milk,Pregnant,1.648,241,80
01/01/2026,15620,398645,Pregnancy Test - Milk,Pregnant,1.31,260,218
01/01/2026,20684,398645,Pregnancy Test - Milk,Pregnant,POS,278,186
01/01/2026,21197,398645,Pregnancy Test - Milk,Pregnant,0.379,150,78
01/01/2026,20844,398645,Pregnancy Test - Milk,Pregnant,0.444,203,69
01/01/2026,17322,398645,Pregnancy Test - Milk,Pregnant,1.091,266,181
01/01/2026,17849,398645,Pregnancy Test - Milk,Pregnant,0.322,201,69
01/01/2026,20666,398645,Pregnancy Test - Milk,Pregnant,1.027,315,188
01/01/2026,19806,398645,Pregnancy Test - Milk,Pregnant,0.405,165,71
01/01/2026,22568,398645,Pregnancy Test - Milk,Pregnant,0.274,152,37
01/01/2026,21125,398645,Pregnancy Test - Milk,Pregnant,0.543,209,67
01/01/2026,17887,398645,Pregnancy Test - Milk,Pregnant,2.725,262,182
01/01/2026,18027,398645,Pregnancy Test - Milk,Pregnant,0.309,131,70
01/01/2026,19746,398645,Pregnancy Test - Milk,Pregnant,0.408,143,73
01/01/2026,18800,398645,Pregnancy Test - Milk,Pregnant,1.993,334,187
01/01/2026,18201,398645,Pregnancy Test - Milk,Pregnant,1.674,370,184
01/01/2026,17160,398645,Pregnancy Test - Milk,Pregnant,2.414,270,183
01/01/2026,19720,398645,Pregnancy Test - Milk,Pregnant,0.252,143,68
01/01/2026,20851,398645,Pregnancy Test - Milk,Pregnant,0.62,260,70
01/01/2026,22113,398645,Pregnancy Test - Milk,Pregnant,0.594,302,37
01/01/2026,19014,398645,Pregnancy Test - Milk,Pregnant,1.464,320,183
01/01/2026,18784,398645,Pregnancy Test - Milk,Pregnant,2.127,364,181
01/01/2026,17366,398645,Pregnancy Test - Milk,Pregnant,POS,283,183
01/01/2026,20957,398645,Pregnancy Test - Milk,Re-Check,0.225,252,60
01/01/2026,18716,398645,Pregnancy Test - Milk,Pregnant,0.354,285,102
01/01/2026,19820,398645,Pregnancy Test - Milk,Pregnant,0.356,161,107
01/01/2026,21139,398645,Pregnancy Test - Milk,Pregnant,0.368,142,68
01/01/2026,19928,398645,Pregnancy Test - Milk,Re-Check,0.239,146,67
01/01/2026,19380,398645,Pregnancy Test - Milk,Pregnant,0.975,126,71
01/01/2026,19771,398645,Pregnancy Test - Milk,Pregnant,0.503,165,68
01/01/2026,16806,398645,Pregnancy Test - Milk,Pregnant,2.212,304,188
01/01/2026,19109,398645,Pregnancy Test - Milk,Pregnant,POS,342,185
01/01/2026,21067,398645,Pregnancy Test - Milk,Pregnant,0.433,163,66
01/01/2026,17354,398645,Pregnancy Test - Milk,Pregnant,0.833,193,70
01/01/2026,22710,398645,Pregnancy Test - Milk,Pregnant,0.257,153,37
01/01/2026,1490,398645,Pregnancy Test - Milk,Pregnant,POS,343,0
01/01/2026,22767,398645,Pregnancy Test - Milk,Pregnant,0.496,153,69
01/01/2026,18502,398645,Pregnancy Test - Milk,Pregnant,1.869,393,181
01/01/2026,20856,398645,Pregnancy Test - Milk,Pregnant,0.256,174,67
01/01/2026,18804,398645,Pregnancy Test - Milk,Pregnant,POS,344,183
01/01/2026,19556,398645,Pregnancy Test - Milk,Re-Check,0.108,167,71
01/01/2026,20618,398645,Pregnancy Test - Milk,Pregnant,1.68,244,76
01/01/2026,22536,398645,Pregnancy Test - Milk,Pregnant,1.449,204,37
01/01/2026,21192,398645,Pregnancy Test - Milk,Pregnant,0.4,133,66
01/01/2026,22244,398645,Pregnancy Test - Milk,Pregnant,1.449,265,14
01/01/2026,19807,398645,Pregnancy Test - Milk,Pregnant,0.317,143,69
01/01/2026,1265,398645,Pregnancy Test - Milk,Re-Check,0.216,167,18
01/01/2026,21100,398645,Pregnancy Test - Milk,Pregnant,0.274,196,93
01/01/2026,1484,398645,Pregnancy Test - Milk,Pregnant,0.67,232,51
01/01/2026,19692,398645,Pregnancy Test - Milk,Re-Check,0.199,147,69
01/01/2026,17993,398645,Pregnancy Test - Milk,Re-Check,0.223,131,72
01/01/2026,22194,398645,Pregnancy Test - Milk,Pregnant,0.38,237,69
01/01/2026,21343,398645,Pregnancy Test - Milk,Pregnant,0.782,133,76
01/01/2026,22259,398645,Pregnancy Test - Milk,Pregnant,2.564,271,206
01/01/2026,22378,398645,Pregnancy Test - Milk,Pregnant,2.16,217,67
01/01/2026,22741,398645,Pregnancy Test - Milk,Re-Check,0.241,154,87
01/01/2026,17624,398645,Pregnancy Test - Milk,Pregnant,1.359,313,189
01/01/2026,20305,398645,Pregnancy Test - Milk,Pregnant,2.427,382,71
01/01/2026,21687,398645,Pregnancy Test - Milk,Pregnant,2.353,423,181
01/01/2026,10094,398645,Pregnancy Test - Milk,Pregnant,0.388,222,68
01/01/2026,22697,398645,Pregnancy Test - Milk,Pregnant,0.381,161,76
01/01/2026,22540,398645,Pregnancy Test - Milk,Pregnant,0.406,203,36
01/01/2026,3487,398645,Pregnancy Test - Milk,Pregnant,0.484,160,73
01/01/2026,21926,398645,Pregnancy Test - Milk,Pregnant,0.418,356,70
01/01/2026,20526,398645,Pregnancy Test - Milk,Pregnant,1.704,345,187
01/01/2026,19675,398645,Pregnancy Test - Milk,Pregnant,2.433,414,184
01/01/2026,20741,398645,Pregnancy Test - Milk,Pregnant,2.54,297,184
01/01/2026,17794,398645,Pregnancy Test - Milk,Re-Check,0.227,165,69
01/01/2026,4205,398645,Pregnancy Test - Milk,Pregnant,1.654,346,182
01/01/2026,17510,398645,Pregnancy Test - Milk,Pregnant,2.161,329,181
01/01/2026,22062,398645,Pregnancy Test - Milk,Open,0.038,312,4
01/01/2026,22747,398645,Pregnancy Test - Milk,Pregnant,0.379,153,37
01/01/2026,22599,398645,Pregnancy Test - Milk,Pregnant,0.338,176,29
01/01/2026,22498,398645,Pregnancy Test - Milk,Pregnant,0.593,212,37
01/01/2026,22627,398645,Pregnancy Test - Milk,Pregnant,0.262,184,37
01/01/2026,20444,398645,Pregnancy Test - Milk,Pregnant,1.523,364,73
01/01/2026,19129,398645,Pregnancy Test - Milk,Pregnant,0.286,131,73
01/01/2026,19546,398645,Pregnancy Test - Milk,Pregnant,0.974,189,69
01/01/2026,16676,398645,Pregnancy Test - Milk,Pregnant,0.29,379,76
01/01/2026,18458,398645,Pregnancy Test - Milk,Pregnant,1.955,380,182
01/01/2026,17960,398645,Pregnancy Test - Milk,Pregnant,0.362,167,37
01/01/2026,1334,398645,Pregnancy Test - Milk,Pregnant,POS,310,0
01/01/2026,22671,398645,Pregnancy Test - Milk,Re-Check,0.169,160,69
01/01/2026,22070,398645,Pregnancy Test - Milk,Pregnant,POS,294,137
01/01/2026,21750,398645,Pregnancy Test - Milk,Pregnant,2.556,381,186
01/01/2026,20681,398645,Pregnancy Test - Milk,Pregnant,0.863,270,70
01/01/2026,20615,398645,Pregnancy Test - Milk,Pregnant,0.458,206,73
01/01/2026,16592,398645,Pregnancy Test - Milk,Pregnant,0.313,132,67
01/01/2026,17154,398645,Pregnancy Test - Milk,Pregnant,0.889,263,201
01/01/2026,1483,398645,Pregnancy Test - Milk,Re-Check,0.113,158,67
01/01/2026,16281,398645,Pregnancy Test - Milk,Pregnant,0.373,127,69
01/01/2026,22645,398645,Pregnancy Test - Milk,Pregnant,0.35,173,69
01/01/2026,22744,398645,Pregnancy Test - Milk,Pregnant,0.382,154,87
01/01/2026,17520,398645,Pregnancy Test - Milk,Pregnant,2.292,261,181
01/01/2026,22659,398645,Pregnancy Test - Milk,Pregnant,0.362,152,37
01/01/2026,22560,398645,Pregnancy Test - Milk,Pregnant,0.363,192,68
01/01/2026,19091,398645,Pregnancy Test - Milk,Pregnant,0.627,218,67
01/01/2026,19554,398645,Pregnancy Test - Milk,Pregnant,0.64,162,51
01/01/2026,20701,398645,Pregnancy Test - Milk,Pregnant,2.369,315,230
01/01/2026,18113,398645,Pregnancy Test - Milk,Pregnant,0.684,151,30
01/01/2026,11565,398645,Pregnancy Test - Milk,Pregnant,1.694,267,204
01/01/2026,19970,398645,Pregnancy Test - Milk,Pregnant,POS,297,185
01/01/2026,17703,398645,Pregnancy Test - Milk,Pregnant,0.937,210,68
01/01/2026,19164,398645,Pregnancy Test - Milk,Pregnant,0.271,218,66
01/01/2026,22462,398645,Pregnancy Test - Milk,Pregnant,0.782,213,71
01/01/2026,17337,398645,Pregnancy Test - Milk,Pregnant,1.847,313,185
01/01/2026,20886,398645,Pregnancy Test - Milk,Pregnant,0.661,184,109
01/01/2026,17119,398645,Pregnancy Test - Milk,Pregnant,0.434,133,30
01/01/2026,22240,398645,Pregnancy Test - Milk,Pregnant,POS,267,182
01/01/2026,19444,398645,Pregnancy Test - Milk,Pregnant,2.817,142,77
01/01/2026,22756,398645,Pregnancy Test - Milk,Pregnant,0.474,148,44
01/01/2026,22175,398645,Pregnancy Test - Milk,Pregnant,POS,286,182
01/01/2026,22374,398645,Pregnancy Test - Milk,Pregnant,0.39,213,67
01/01/2026,21213,398645,Pregnancy Test - Milk,Pregnant,0.498,147,71
01/08/2026,21386,398645,Pregnancy Test - Milk,Pregnant,0.324,134,68
01/08/2026,19190,398645,Pregnancy Test - Milk,Pregnant,1.196,263,182
01/08/2026,22610,398645,Pregnancy Test - Milk,Pregnant,0.37,176,69
01/08/2026,19034,398645,Pregnancy Test - Milk,Re-Check,0.156,178,73
01/08/2026,17689,398645,Pregnancy Test - Milk,Pregnant,0.758,232,37
01/08/2026,21268,398645,Pregnancy Test - Milk,Pregnant,0.748,174,77
01/08/2026,22813,398645,Pregnancy Test - Milk,Pregnant,0.3,151,87
01/08/2026,18425,398645,Pregnancy Test - Milk,Pregnant,0.433,146,0
01/08/2026,21353,398645,Pregnancy Test - Milk,Re-Check,0.174,141,0
01/08/2026,20447,398645,Pregnancy Test - Milk,Pregnant,2.764,300,182
01/08/2026,15660,398645,Pregnancy Test - Milk,Pregnant,0.362,268,37
01/08/2026,17210,398645,Pregnancy Test - Milk,Pregnant,0.615,236,77
01/08/2026,10093,398645,Pregnancy Test - Milk,Pregnant,0.511,161,37
01/08/2026,19308,398645,Pregnancy Test - Milk,Re-Check,0.246,146,119
01/08/2026,22506,398645,Pregnancy Test - Milk,Pregnant,0.439,220,37
01/08/2026,21394,398645,Pregnancy Test - Milk,Re-Check,0.227,156,68
01/08/2026,21205,398645,Pregnancy Test - Milk,Re-Check,0.15,127,71
01/08/2026,22602,398645,Pregnancy Test - Milk,Pregnant,0.421,159,93
01/08/2026,22297,398645,Pregnancy Test - Milk,Pregnant,0.337,198,117
01/08/2026,18093,398645,Pregnancy Test - Milk,Pregnant,0.366,137,76
01/08/2026,7304,398645,Pregnancy Test - Milk,Pregnant,0.375,133,72
01/08/2026,22582,398645,Pregnancy Test - Milk,Re-Check,0.222,197,72
01/08/2026,22763,398645,Pregnancy Test - Milk,Pregnant,0.308,158,38
01/08/2026,22646,398645,Pregnancy Test - Milk,Re-Check,0.194,155,86
01/08/2026,21240,398645,Pregnancy Test - Milk,Re-Check,0.121,140,68
01/08/2026,22163,398645,Pregnancy Test - Milk,Pregnant,1.407,262,198
01/08/2026,22193,398645,Pregnancy Test - Milk,Pregnant,0.566,287,37
01/08/2026,22224,398645,Pregnancy Test - Milk,Pregnant,1.523,282,181
01/08/2026,19943,398645,Pregnancy Test - Milk,Pregnant,0.611,127,69
01/08/2026,18900,398645,Pregnancy Test - Milk,Pregnant,0.277,367,72
01/08/2026,7940,398645,Pregnancy Test - Milk,Pregnant,0.316,163,73
01/08/2026,18151,398645,Pregnancy Test - Milk,Pregnant,0.413,163,30
01/08/2026,15386,398645,Pregnancy Test - Milk,Pregnant,0.582,311,70
01/08/2026,20627,398645,Pregnancy Test - Milk,Pregnant,0.402,263,71
01/08/2026,21291,398645,Pregnancy Test - Milk,Pregnant,0.51,186,68
01/08/2026,19492,398645,Pregnancy Test - Milk,Pregnant,0.395,193,76
01/08/2026,14633,398645,Pregnancy Test - Milk,Pregnant,0.679,224,76
01/08/2026,19244,398645,Pregnancy Test - Milk,Pregnant,0.391,131,70
01/08/2026,22561,398645,Pregnancy Test - Milk,Re-Check,0.211,180,37
01/08/2026,20538,398645,Pregnancy Test - Milk,Pregnant,1.531,250,184
01/08/2026,20799,398645,Pregnancy Test - Milk,Re-Check,0.218,209,82
01/08/2026,22895,398645,Pregnancy Test - Milk,Pregnant,0.417,136,71
01/08/2026,22454,398645,Pregnancy Test - Milk,Pregnant,0.268,150,87
01/08/2026,1332,398645,Pregnancy Test - Milk,Pregnant,0.321,171,74
01/08/2026,16620,398645,Pregnancy Test - Milk,Pregnant,0.376,139,78
01/08/2026,20696,398645,Pregnancy Test - Milk,Pregnant,1.623,292,189
01/08/2026,21833,398645,Pregnancy Test - Milk,Pregnant,POS,354,0
01/08/2026,21248,398645,Pregnancy Test - Milk,Re-Check,0.235,179,37
01/08/2026,22556,398645,Pregnancy Test - Milk,Pregnant,0.341,140,37
01/08/2026,22308,398645,Pregnancy Test - Milk,Pregnant,0.287,251,72
01/08/2026,20591,398645,Pregnancy Test - Milk,Pregnant,2.608,293,182
01/08/2026,22733,398645,Pregnancy Test - Milk,Pregnant,0.314,152,36
01/08/2026,22773,398645,Pregnancy Test - Milk,Pregnant,0.45,152,107
01/08/2026,20809,398645,Pregnancy Test - Milk,Pregnant,0.474,265,104
01/08/2026,19437,398645,Pregnancy Test - Milk,Pregnant,0.304,170,80
01/08/2026,19458,398645,Pregnancy Test - Milk,Pregnant,0.405,228,69
01/08/2026,15723,398645,Pregnancy Test - Milk,Pregnant,0.915,173,37
01/08/2026,19447,398645,Pregnancy Test - Milk,Pregnant,0.434,135,76
01/08/2026,14185,398645,Pregnancy Test - Milk,Pregnant,1.024,263,215
01/08/2026,19188,398645,Pregnancy Test - Milk,Pregnant,1.489,268,182
01/08/2026,22360,398645,Pregnancy Test - Milk,Pregnant,1.032,219,74
01/08/2026,22079,398645,Pregnancy Test - Milk,Re-Check,0.143,243,69
01/08/2026,22544,398645,Pregnancy Test - Milk,Open,0.086,191,29
01/08/2026,22653,398645,Pregnancy Test - Milk,Pregnant,0.267,170,37
01/08/2026,20987,398645,Pregnancy Test - Milk,Pregnant,1.671,250,183
01/08/2026,22559,398645,Pregnancy Test - Milk,Open,0.072,151,87
01/08/2026,9803,398645,Pregnancy Test - Milk,Pregnant,2.543,278,185
01/08/2026,20894,398645,Pregnancy Test - Milk,Pregnant,1.77,260,183
01/08/2026,22546,398645,Pregnancy Test - Milk,Pregnant,0.323,184,27
01/08/2026,22633,398645,Pregnancy Test - Milk,Pregnant,0.356,160,70
01/08/2026,20714,398645,Pregnancy Test - Milk,Pregnant,POS,257,183
01/08/2026,16466,398645,Pregnancy Test - Milk,Pregnant,0.315,276,69
01/08/2026,22707,398645,Pregnancy Test - Milk,Open,0.018,170,30
01/08/2026,22249,398645,Pregnancy Test - Milk,Pregnant,2.393,267,198
01/08/2026,20779,398645,Pregnancy Test - Milk,Pregnant,2.885,261,182
01/08/2026,1587,398645,Pregnancy Test - Milk,Open,-0.014,194,70
01/08/2026,20669,398645,Pregnancy Test - Milk,Pregnant,0.756,259,72
01/08/2026,19664,398645,Pregnancy Test - Milk,Open,0.024,186,29
01/08/2026,20164,398645,Pregnancy Test - Milk,Pregnant,2.305,425,272
01/08/2026,122,398645,Pregnancy Test - Milk,Pregnant,1.451,258,183
01/08/2026,21019,398645,Pregnancy Test - Milk,Open,0.025,161,72
01/08/2026,22787,398645,Pregnancy Test - Milk,Pregnant,0.618,141,37
01/08/2026,19225,398645,Pregnancy Test - Milk,Pregnant,1.745,254,183
01/08/2026,3519,398645,Pregnancy Test - Milk,Pregnant,POS,262,198
01/08/2026,19202,398645,Pregnancy Test - Milk,Pregnant,1.761,282,185
01/08/2026,8495,398645,Pregnancy Test - Milk,Pregnant,0.674,264,68
01/08/2026,20751,398645,Pregnancy Test - Milk,Pregnant,2.39,289,190
01/08/2026,20186,398645,Pregnancy Test - Milk,Pregnant,2.506,355,192
01/08/2026,22299,398645,Pregnancy Test - Milk,Pregnant,2.101,265,198
01/08/2026,22515,398645,Pregnancy Test - Milk,Pregnant,1.121,160,44
01/08/2026,22130,398645,Pregnancy Test - Milk,Pregnant,1.746,304,183
01/08/2026,22505,398645,Pregnancy Test - Milk,Pregnant,0.503,210,77
01/08/2026,22727,398645,Pregnancy Test - Milk,Pregnant,0.36,162,127
01/08/2026,17024,398645,Pregnancy Test - Milk,Pregnant,2.306,301,190
01/08/2026,19137,398645,Pregnancy Test - Milk,Pregnant,2.276,256,185
01/08/2026,19323,398645,Pregnancy Test - Milk,Pregnant,0.754,271,72
01/08/2026,22690,398645,Pregnancy Test - Milk,Re-Check,0.162,171,36
01/08/2026,17489,398645,Pregnancy Test - Milk,Pregnant,POS,254,183
01/08/2026,20135,398645,Pregnancy Test - Milk,Pregnant,POS,423,187
01/08/2026,21782,398645,Pregnancy Test - Milk,Pregnant,0.382,356,30
01/08/2026,14374,398645,Pregnancy Test - Milk,Re-Check,0.215,179,94
01/08/2026,21361,398645,Pregnancy Test - Milk,Pregnant,2.338,385,208
01/08/2026,22084,398645,Pregnancy Test - Milk,Pregnant,1.684,270,156
01/08/2026,19748,398645,Pregnancy Test - Milk,Re-Check,0.158,139,68
01/08/2026,22283,398645,Pregnancy Test - Milk,Pregnant,1.887,266,198
01/08/2026,18173,398645,Pregnancy Test - Milk,Pregnant,0.261,164,71
01/08/2026,20817,398645,Pregnancy Test - Milk,Pregnant,0.418,282,74
01/08/2026,16138,398645,Pregnancy Test - Milk,Pregnant,0.268,151,69
01/08/2026,17707,398645,Pregnancy Test - Milk,Pregnant,POS,263,186
01/08/2026,19421,398645,Pregnancy Test - Milk,Pregnant,1.452,254,183
01/08/2026,20892,398645,Pregnancy Test - Milk,Pregnant,1.411,189,70
01/08/2026,22666,398645,Pregnancy Test - Milk,Re-Check,0.201,181,44
01/08/2026,22586,398645,Pregnancy Test - Milk,Pregnant,0.548,151,87
01/08/2026,21360,398645,Pregnancy Test - Milk,Pregnant,0.312,166,79
01/08/2026,21402,398645,Pregnancy Test - Milk,Pregnant,0.42,147,67
01/08/2026,21930,398645,Pregnancy Test - Milk,Pregnant,0.692,365,212
01/08/2026,17031,398645,Pregnancy Test - Milk,Pregnant,2.791,308,253
01/08/2026,16457,398645,Pregnancy Test - Milk,Pregnant,0.253,128,67
01/08/2026,22833,398645,Pregnancy Test - Milk,Re-Check,0.245,138,37
01/08/2026,22213,398645,Pregnancy Test - Milk,Pregnant,0.763,268,16
01/08/2026,22286,398645,Pregnancy Test - Milk,Pregnant,1.866,261,198
01/08/2026,20811,398645,Pregnancy Test - Milk,Pregnant,2.084,249,183
01/08/2026,19213,398645,Pregnancy Test - Milk,Pregnant,POS,356,226
01/08/2026,22312,398645,Pregnancy Test - Milk,Pregnant,2.586,261,199
01/08/2026,1526,398645,Pregnancy Test - Milk,Pregnant,0.726,249,71
01/08/2026,13482,398645,Pregnancy Test - Milk,Pregnant,0.365,184,74
01/08/2026,18525,398645,Pregnancy Test - Milk,Pregnant,2.267,334,228
01/08/2026,17177,398645,Pregnancy Test - Milk,Pregnant,0.438,210,67
01/08/2026,22145,398645,Pregnancy Test - Milk,Pregnant,2.682,301,193
01/08/2026,22330,398645,Pregnancy Test - Milk,Pregnant,0.616,266,0
01/08/2026,20881,398645,Pregnancy Test - Milk,Pregnant,2.49,261,198
01/08/2026,22396,398645,Pregnancy Test - Milk,Pregnant,0.54,149,69
01/08/2026,20712,398645,Pregnancy Test - Milk,Pregnant,2.475,261,12
01/08/2026,22661,398645,Pregnancy Test - Milk,Pregnant,0.369,188,121
01/08/2026,16260,398645,Pregnancy Test - Milk,Pregnant,0.345,198,67
01/08/2026,18839,398645,Pregnancy Test - Milk,Open,0.09,142,99
01/08/2026,10066,398645,Pregnancy Test - Milk,Pregnant,0.618,261,184
01/08/2026,21730,398645,Pregnancy Test - Milk,Pregnant,POS,408,129
01/08/2026,22764,398645,Pregnancy Test - Milk,Pregnant,0.623,153,112
01/08/2026,19614,398645,Pregnancy Test - Milk,Pregnant,0.251,134,71
01/08/2026,20275,398645,Pregnancy Test - Milk,Pregnant,2.466,410,186
01/08/2026,19328,398645,Pregnancy Test - Milk,Re-Check,0.247,128,66
01/08/2026,19242,398645,Pregnancy Test - Milk,Pregnant,2.096,257,183
01/08/2026,16754,398645,Pregnancy Test - Milk,Pregnant,1.631,332,182
01/08/2026,465,398645,Pregnancy Test - Milk,Pregnant,0.298,220,69
01/08/2026,21936,398645,Pregnancy Test - Milk,Pregnant,2.799,382,185
01/08/2026,1456,398645,Pregnancy Test - Milk,Pregnant,0.526,283,69
01/08/2026,22641,398645,Pregnancy Test - Milk,Pregnant,0.369,160,44
01/23/2026,22527,398645,Pregnancy Test - Milk,Re-Check,0.104,187,122
01/23/2026,18156,398645,Pregnancy Test - Milk,Pregnant,0.288,146,71
01/23/2026,22156,398645,Pregnancy Test - Milk,Pregnant,0.693,307,116
01/23/2026,19196,398645,Pregnancy Test - Milk,Re-Check,0.167,175,70
01/23/2026,22123,398645,Pregnancy Test - Milk,Pregnant,2.005,316,185
01/23/2026,18036,398645,Pregnancy Test - Milk,Pregnant,0.345,377,73
01/23/2026,22371,398645,Pregnancy Test - Milk,Pregnant,2.246,262,241
01/23/2026,21288,398645,Pregnancy Test - Milk,Re-Check,0.131,144,72
01/23/2026,10075,398645,Pregnancy Test - Milk,Pregnant,0.378,214,70
01/23/2026,20904,398645,Pregnancy Test - Milk,Pregnant,0.382,251,71
01/23/2026,19128,398645,Pregnancy Test - Milk,Pregnant,1.319,271,187
01/23/2026,18650,398645,Pregnancy Test - Milk,Pregnant,1.188,272,182
01/23/2026,20816,398645,Pregnancy Test - Milk,Pregnant,1.477,247,184
01/23/2026,17275,398645,Pregnancy Test - Milk,Pregnant,1.317,254,184
01/23/2026,18031,398645,Pregnancy Test - Milk,Re-Check,0.192,168,70
01/23/2026,19480,398645,Pregnancy Test - Milk,Pregnant,0.261,164,70
01/23/2026,22303,398645,Pregnancy Test - Milk,Pregnant,1.72,267,205
01/23/2026,21706,398645,Pregnancy Test - Milk,Pregnant,2.07,437,145
01/23/2026,22834,398645,Pregnancy Test - Milk,Pregnant,0.345,150,70
01/23/2026,21072,398645,Pregnancy Test - Milk,Pregnant,0.381,201,68
01/23/2026,17690,398645,Pregnancy Test - Milk,Pregnant,1.888,292,188
01/23/2026,22870,398645,Pregnancy Test - Milk,Re-Check,0.243,150,38
01/23/2026,15112,398645,Pregnancy Test - Milk,Re-Check,0.169,135,73
01/23/2026,22364,398645,Pregnancy Test - Milk,Pregnant,0.422,185,71
01/23/2026,21375,398645,Pregnancy Test - Milk,Re-Check,0.107,149,129
01/23/2026,21276,398645,Pregnancy Test - Milk,Re-Check,0.209,133,72
01/23/2026,22667,398645,Pregnancy Test - Milk,Re-Check,0.11,172,70
01/23/2026,22789,398645,Pregnancy Test - Milk,Re-Check,0.195,156,86
01/23/2026,21315,398645,Pregnancy Test - Milk,Re-Check,0.113,149,69
01/23/2026,22178,398645,Pregnancy Test - Milk,Pregnant,1.375,296,0
01/23/2026,22503,398645,Pregnancy Test - Milk,Pregnant,0.506,155,38
01/23/2026,19122,398645,Pregnancy Test - Milk,Pregnant,0.876,284,182
01/23/2026,9829,398645,Pregnancy Test - Milk,Pregnant,0.673,381,149
01/23/2026,20508,398645,Pregnancy Test - Milk,Pregnant,1.226,300,183
01/23/2026,19997,398645,Pregnancy Test - Milk,Pregnant,0.291,137,69
01/23/2026,14874,398645,Pregnancy Test - Milk,Pregnant,0.97,256,185
01/23/2026,22824,398645,Pregnancy Test - Milk,Re-Check,0.105,154,38
01/23/2026,1557,398645,Pregnancy Test - Milk,Pregnant,0.356,148,36
01/23/2026,19858,398645,Pregnancy Test - Milk,Re-Check,0.168,135,74
01/23/2026,18968,398645,Pregnancy Test - Milk,Pregnant,0.286,295,83
01/23/2026,19295,398645,Pregnancy Test - Milk,Pregnant,0.292,134,69
01/23/2026,21166,398645,Pregnancy Test - Milk,Pregnant,0.275,217,70
01/23/2026,22400,398645,Pregnancy Test - Milk,Pregnant,1.679,253,7
01/23/2026,17739,398645,Pregnancy Test - Milk,Pregnant,2.103,284,183
01/23/2026,22200,398645,Pregnancy Test - Milk,Pregnant,1.59,307,0
01/23/2026,20530,398645,Pregnancy Test - Milk,Pregnant,1.454,341,116
01/23/2026,22267,398645,Pregnancy Test - Milk,Pregnant,2.492,265,220
01/23/2026,22810,398645,Pregnancy Test - Milk,Re-Check,0.172,156,87
01/23/2026,20820,398645,Pregnancy Test - Milk,Pregnant,0.257,209,67
01/23/2026,21034,398645,Pregnancy Test - Milk,Re-Check,0.148,142,72
01/23/2026,21165,398645,Pregnancy Test - Milk,Re-Check,0.127,169,72
01/23/2026,19856,398645,Pregnancy Test - Milk,Re-Check,0.19,132,38
01/23/2026,21300,398645,Pregnancy Test - Milk,Pregnant,0.287,179,69
01/23/2026,22335,398645,Pregnancy Test - Milk,Pregnant,1.52,262,0
01/23/2026,13504,398645,Pregnancy Test - Milk,Open,0.083,170,67
01/23/2026,19387,398645,Pregnancy Test - Milk,Pregnant,POS,273,30
01/23/2026,22742,398645,Pregnancy Test - Milk,Re-Check,0.118,172,38
01/23/2026,22275,398645,Pregnancy Test - Milk,Pregnant,0.936,297,182
01/23/2026,17516,398645,Pregnancy Test - Milk,Pregnant,1.665,346,184
01/23/2026,1583,398645,Pregnancy Test - Milk,Open,-0.017,263,0
01/23/2026,21091,398645,Pregnancy Test - Milk,Re-Check,0.139,142,54
01/23/2026,1588,398645,Pregnancy Test - Milk,Re-Check,0.193,207,38
01/23/2026,20887,398645,Pregnancy Test - Milk,Pregnant,0.36,187,69
01/23/2026,22167,398645,Pregnancy Test - Milk,Pregnant,1.254,317,7
01/23/2026,19865,398645,Pregnancy Test - Milk,Pregnant,1.465,531,183
01/23/2026,1596,398645,Pregnancy Test - Milk,Pregnant,1.657,304,103
01/23/2026,22385,398645,Pregnancy Test - Milk,Pregnant,1.291,254,0
01/23/2026,19740,398645,Pregnancy Test - Milk,Open,0.076,127,72
01/23/2026,21208,398645,Pregnancy Test - Milk,Re-Check,0.154,131,72
01/23/2026,19470,398645,Pregnancy Test - Milk,Pregnant,0.874,262,186
01/23/2026,20331,398645,Pregnancy Test - Milk,Pregnant,1.377,338,104
01/23/2026,20827,398645,Pregnancy Test - Milk,Re-Check,0.218,183,71
01/23/2026,22188,398645,Pregnancy Test - Milk,Pregnant,2.351,265,5
01/23/2026,20654,398645,Pregnancy Test - Milk,Pregnant,1.697,289,21
01/23/2026,10061,398645,Pregnancy Test - Milk,Pregnant,1.202,244,184
01/23/2026,20333,398645,Pregnancy Test - Milk,Pregnant,1.314,366,102
01/23/2026,19843,398645,Pregnancy Test - Milk,Pregnant,1.616,369,199
01/23/2026,1201,398645,Pregnancy Test - Milk,Pregnant,0.767,267,0
01/23/2026,17226,398645,Pregnancy Test - Milk,Pregnant,2.204,333,187
01/23/2026,15799,398645,Pregnancy Test - Milk,Pregnant,0.838,270,3
01/23/2026,20413,398645,Pregnancy Test - Milk,Pregnant,0.914,258,184
01/23/2026,18128,398645,Pregnancy Test - Milk,Open,0.083,176,71
01/23/2026,19939,398645,Pregnancy Test - Milk,Pregnant,0.341,126,69
01/23/2026,22219,398645,Pregnancy Test - Milk,Pregnant,1.833,283,97
01/23/2026,21372,398645,Pregnancy Test - Milk,Pregnant,0.668,179,70
01/23/2026,21332,398645,Pregnancy Test - Milk,Pregnant,0.287,143,68
01/23/2026,20635,398645,Pregnancy Test - Milk,Pregnant,1.443,291,227
01/23/2026,18577,398645,Pregnancy Test - Milk,Pregnant,1.502,291,183
01/23/2026,20569,398645,Pregnancy Test - Milk,Pregnant,1.257,298,182
01/23/2026,22655,398645,Pregnancy Test - Milk,Re-Check,0.197,142,38
01/23/2026,17615,398645,Pregnancy Test - Milk,Pregnant,1.713,269,24
01/23/2026,22415,398645,Pregnancy Test - Milk,Pregnant,0.353,250,184
01/23/2026,22557,398645,Pregnancy Test - Milk,Pregnant,0.368,216,31
01/23/2026,1470,398645,Pregnancy Test - Milk,Pregnant,0.285,146,67
01/23/2026,22404,398645,Pregnancy Test - Milk,Re-Check,0.126,254,35
01/23/2026,10171,398645,Pregnancy Test - Milk,Pregnant,0.255,204,31
01/23/2026,200,398645,Pregnancy Test - Milk,Re-Check,0.207,309,70
01/23/2026,18424,398645,Pregnancy Test - Milk,Re-Check,0.198,144,0
01/23/2026,22373,398645,Pregnancy Test - Milk,Pregnant,0.49,270,155
01/23/2026,22376,398645,Pregnancy Test - Milk,Pregnant,1.188,262,150
01/23/2026,19343,398645,Pregnancy Test - Milk,Pregnant,0.402,205,70
01/23/2026,813,398645,Pregnancy Test - Milk,Pregnant,0.467,175,68
01/23/2026,20876,398645,Pregnancy Test - Milk,Pregnant,1.596,266,204
01/23/2026,21094,398645,Pregnancy Test - Milk,Re-Check,0.124,146,72
01/23/2026,20964,398645,Pregnancy Test - Milk,Re-Check,0.175,222,68
01/23/2026,19688,398645,Pregnancy Test - Milk,Re-Check,0.148,131,74
01/23/2026,21345,398645,Pregnancy Test - Milk,Open,0.064,154,73
01/23/2026,19448,398645,Pregnancy Test - Milk,Pregnant,0.652,221,38
01/23/2026,1465,398645,Pregnancy Test - Milk,Pregnant,0.664,146,73
01/23/2026,20446,398645,Pregnancy Test - Milk,Pregnant,1.636,284,188
01/23/2026,20804,398645,Pregnancy Test - Milk,Pregnant,1.098,292,188
01/29/2026,1607,398645,Pregnancy Test - Milk,Pregnant,1.028,150,69
01/29/2026,21167,398645,Pregnancy Test - Milk,Re-Check,0.244,212,72
01/29/2026,20977,398645,Pregnancy Test - Milk,Pregnant,1.397,271,187
01/29/2026,22839,398645,Pregnancy Test - Milk,Re-Check,0.175,156,86
01/29/2026,17603,398645,Pregnancy Test - Milk,Pregnant,0.483,128,68
01/29/2026,22251,398645,Pregnancy Test - Milk,Pregnant,2.418,305,182
01/29/2026,21172,398645,Pregnancy Test - Milk,Re-Check,0.137,124,67
01/29/2026,20054,398645,Pregnancy Test - Milk,Pregnant,1.729,302,185
01/29/2026,21060,398645,Pregnancy Test - Milk,Pregnant,0.472,221,68
01/29/2026,21118,398645,Pregnancy Test - Milk,Re-Check,0.105,156,71
01/29/2026,22879,398645,Pregnancy Test - Milk,Pregnant,0.348,152,71
01/29/2026,18103,398645,Pregnancy Test - Milk,Re-Check,0.234,169,70
01/29/2026,1453,398645,Pregnancy Test - Milk,Re-Check,0.179,147,30
01/29/2026,22528,398645,Pregnancy Test - Milk,Re-Check,0.199,216,30
01/29/2026,20861,398645,Pregnancy Test - Milk,Pregnant,0.968,275,70
01/29/2026,17998,398645,Pregnancy Test - Milk,Pregnant,0.593,159,69
01/29/2026,20730,398645,Pregnancy Test - Milk,Pregnant,2.323,311,181
01/29/2026,19751,398645,Pregnancy Test - Milk,Re-Check,0.244,162,29
01/29/2026,19065,398645,Pregnancy Test - Milk,Pregnant,0.99,342,181
01/29/2026,19511,398645,Pregnancy Test - Milk,Pregnant,0.41,179,67
01/29/2026,16251,398645,Pregnancy Test - Milk,Pregnant,2.475,432,185
01/29/2026,22380,398645,Pregnancy Test - Milk,Pregnant,1.524,225,37
01/29/2026,22589,398645,Pregnancy Test - Milk,Pregnant,0.256,195,68
01/29/2026,21528,398645,Pregnancy Test - Milk,Re-Check,0.232,145,0
01/29/2026,21406,398645,Pregnancy Test - Milk,Pregnant,0.911,163,73
01/29/2026,20742,398645,Pregnancy Test - Milk,Pregnant,2.158,338,185
01/29/2026,19442,398645,Pregnancy Test - Milk,Re-Check,0.115,198,68
01/29/2026,22854,398645,Pregnancy Test - Milk,Re-Check,0.186,151,37
01/29/2026,18096,398645,Pregnancy Test - Milk,Pregnant,0.313,202,44
01/29/2026,14635,398645,Pregnancy Test - Milk,Pregnant,1.731,255,184
01/29/2026,22714,398645,Pregnancy Test - Milk,Pregnant,0.285,153,86
01/29/2026,22838,398645,Pregnancy Test - Milk,Pregnant,0.353,153,86
01/29/2026,22812,398645,Pregnancy Test - Milk,Pregnant,0.423,157,39
01/29/2026,22419,398645,Pregnancy Test - Milk,Pregnant,1.047,226,37
01/29/2026,22884,398645,Pregnancy Test - Milk,Re-Check,0.225,154,37
01/29/2026,1593,398645,Pregnancy Test - Milk,Pregnant,1.342,273,189
01/29/2026,20338,398645,Pregnancy Test - Milk,Pregnant,2.029,266,189
01/29/2026,22806,398645,Pregnancy Test - Milk,Pregnant,0.37,172,29
01/29/2026,21292,398645,Pregnancy Test - Milk,Re-Check,0.241,150,72
01/29/2026,19804,398645,Pregnancy Test - Milk,Re-Check,0.117,172,73
01/29/2026,22868,398645,Pregnancy Test - Milk,Pregnant,0.32,154,86
01/29/2026,21964,398645,Pregnancy Test - Milk,Pregnant,0.914,266,213
01/29/2026,22203,398645,Pregnancy Test - Milk,Pregnant,0.549,305,68
01/29/2026,20592,398645,Pregnancy Test - Milk,Pregnant,2.575,359,28
01/29/2026,19042,398645,Pregnancy Test - Milk,Pregnant,0.424,224,15
01/29/2026,20491,398645,Pregnancy Test - Milk,Pregnant,1.823,358,181
01/29/2026,17730,398645,Pregnancy Test - Milk,Pregnant,1.094,168,68
01/29/2026,17290,398645,Pregnancy Test - Milk,Pregnant,0.361,312,69
01/29/2026,22395,398645,Pregnancy Test - Milk,Pregnant,0.441,213,68
01/29/2026,19587,398645,Pregnancy Test - Milk,Pregnant,0.327,134,70
01/29/2026,22416,398645,Pregnancy Test - Milk,Pregnant,0.953,264,201
01/29/2026,20764,398645,Pregnancy Test - Milk,Pregnant,0.383,179,69
01/29/2026,21334,398645,Pregnancy Test - Milk,Re-Check,0.221,143,0
01/29/2026,43313,398645,Pregnancy Test - Milk,Pregnant,2.3,367,182
01/29/2026,16172,398645,Pregnancy Test - Milk,Re-Check,0.173,196,72
01/29/2026,15938,398645,Pregnancy Test - Milk,Pregnant,0.446,148,70
01/29/2026,21949,398645,Pregnancy Test - Milk,Pregnant,1.322,395,181
01/29/2026,1553,398645,Pregnancy Test - Milk,Pregnant,1.901,351,183
01/29/2026,19330,398645,Pregnancy Test - Milk,Pregnant,2.637,296,228
01/29/2026,21206,398645,Pregnancy Test - Milk,Pregnant,0.591,224,30
01/29/2026,22836,398645,Pregnancy Test - Milk,Re-Check,0.227,153,0
01/29/2026,22946,398645,Pregnancy Test - Milk,Re-Check,0.235,150,69
01/29/2026,22309,398645,Pregnancy Test - Milk,Pregnant,0.465,277,70
01/29/2026,16119,398645,Pregnancy Test - Milk,Pregnant,0.257,228,70
01/29/2026,16680,398645,Pregnancy Test - Milk,Pregnant,0.407,148,72
01/29/2026,1252,398645,Pregnancy Test - Milk,Pregnant,1.577,307,0
01/29/2026,18861,398645,Pregnancy Test - Milk,Pregnant,0.421,249,68
01/29/2026,22120,398645,Pregnancy Test - Milk,Pregnant,1.634,319,7
01/29/2026,22751,398645,Pregnancy Test - Milk,Pregnant,0.378,176,37
01/29/2026,18001,398645,Pregnancy Test - Milk,Pregnant,0.588,136,45
01/29/2026,22783,398645,Pregnancy Test - Milk,Pregnant,0.285,156,86
01/29/2026,19019,398645,Pregnancy Test - Milk,Pregnant,0.271,176,106
01/29/2026,19011,398645,Pregnancy Test - Milk,Re-Check,0.21,262,68
01/29/2026,22712,398645,Pregnancy Test - Milk,Re-Check,0.206,171,69
01/29/2026,19395,398645,Pregnancy Test - Milk,Pregnant,0.287,174,36
01/29/2026,22031,398645,Pregnancy Test - Milk,Pregnant,POS,369,149
01/29/2026,22258,398645,Pregnancy Test - Milk,Pregnant,POS,262,6
01/29/2026,21923,398645,Pregnancy Test - Milk,Pregnant,2.426,379,181
01/29/2026,19002,398645,Pregnancy Test - Milk,Pregnant,1.165,335,186
01/29/2026,22206,398645,Pregnancy Test - Milk,Pregnant,1.055,268,198
01/29/2026,22538,398645,Pregnancy Test - Milk,Pregnant,0.409,151,86
01/29/2026,21210,398645,Pregnancy Test - Milk,Pregnant,0.686,211,69
01/29/2026,22116,398645,Pregnancy Test - Milk,Pregnant,1.856,264,0
01/29/2026,1525,398645,Pregnancy Test - Milk,Pregnant,2.374,327,181
01/29/2026,17567,398645,Pregnancy Test - Milk,Pregnant,0.263,171,68
01/29/2026,17866,398645,Pregnancy Test - Milk,Pregnant,0.37,171,32
01/29/2026,21910,398645,Pregnancy Test - Milk,Open,0.018,408,181
01/29/2026,18977,398645,Pregnancy Test - Milk,Pregnant,1.355,335,187
01/29/2026,20735,398645,Pregnancy Test - Milk,Pregnant,2.361,293,181
01/29/2026,21215,398645,Pregnancy Test - Milk,Pregnant,0.295,184,69
01/29/2026,22841,398645,Pregnancy Test - Milk,Pregnant,0.891,152,86
01/29/2026,1718,398645,Pregnancy Test - Milk,Pregnant,2.572,291,186
01/29/2026,17639,398645,Pregnancy Test - Milk,Pregnant,2.605,254,185
01/29/2026,18647,398645,Pregnancy Test - Milk,Pregnant,0.826,252,74
01/29/2026,19239,398645,Pregnancy Test - Milk,Pregnant,2.456,304,72
01/29/2026,15369,398645,Pregnancy Test - Milk,Pregnant,1.715,304,0
01/29/2026,20611,398645,Pregnancy Test - Milk,Pregnant,1.566,333,181
01/29/2026,22220,398645,Pregnancy Test - Milk,Pregnant,1.432,304,144
01/29/2026,20398,398645,Pregnancy Test - Milk,Pregnant,POS,292,181
01/29/2026,18744,398645,Pregnancy Test - Milk,Pregnant,0.617,132,69
01/29/2026,18580,398645,Pregnancy Test - Milk,Pregnant,2.727,288,149
01/29/2026,1510,398645,Pregnancy Test - Milk,Pregnant,1.236,324,184
01/29/2026,19569,398645,Pregnancy Test - Milk,Re-Check,0.154,135,69
01/29/2026,22196,398645,Pregnancy Test - Milk,Pregnant,POS,275,6
01/29/2026,19898,398645,Pregnancy Test - Milk,Pregnant,0.31,139,78
01/29/2026,22100,398645,Pregnancy Test - Milk,Pregnant,1.508,345,235
01/29/2026,17589,398645,Pregnancy Test - Milk,Pregnant,1.711,292,186
01/29/2026,22718,398645,Pregnancy Test - Milk,Pregnant,0.446,154,86
01/29/2026,22307,398645,Pregnancy Test - Milk,Pregnant,0.335,210,30
02/05/2026,22873,398645,Pregnancy Test - Milk,Re-Check,0.216,155,37
02/05/2026,22887,398645,Pregnancy Test - Milk,Pregnant,0.388,153,86
02/05/2026,20235,398645,Pregnancy Test - Milk,Pregnant,0.487,404,182
02/05/2026,20580,398645,Pregnancy Test - Milk,Pregnant,1.159,283,7
02/05/2026,21053,398645,Pregnancy Test - Milk,Pregnant,0.366,187,113
02/05/2026,20686,398645,Pregnancy Test - Milk,Pregnant,1.586,342,188
02/05/2026,22852,398645,Pregnancy Test - Milk,Re-Check,0.171,140,72
02/05/2026,22071,398645,Pregnancy Test - Milk,Pregnant,0.708,349,37
02/05/2026,20921,398645,Pregnancy Test - Milk,Pregnant,0.918,280,49
02/05/2026,18621,398645,Pregnancy Test - Milk,Pregnant,0.274,236,70
02/05/2026,18889,398645,Pregnancy Test - Milk,Pregnant,0.701,223,70
02/05/2026,18706,398645,Pregnancy Test - Milk,Pregnant,2.228,254,181
02/05/2026,21422,398645,Pregnancy Test - Milk,Re-Check,0.178,173,122
02/05/2026,22649,398645,Pregnancy Test - Milk,Re-Check,0.226,152,69
02/05/2026,20045,398645,Pregnancy Test - Milk,Pregnant,2.313,433,181
02/05/2026,20658,398645,Pregnancy Test - Milk,Pregnant,0.832,299,185
02/05/2026,20018,398645,Pregnancy Test - Milk,Pregnant,1.737,412,182
02/05/2026,20963,398645,Pregnancy Test - Milk,Re-Check,0.246,132,73
02/05/2026,17656,398645,Pregnancy Test - Milk,Pregnant,1.933,276,218
02/05/2026,19693,398645,Pregnancy Test - Milk,Re-Check,0.177,197,70
02/05/2026,22603,398645,Pregnancy Test - Milk,Pregnant,0.254,182,37
02/05/2026,22169,398645,Pregnancy Test - Milk,Pregnant,1.744,312,30
02/05/2026,21519,398645,Pregnancy Test - Milk,Pregnant,0.711,123,69
02/05/2026,20422,398645,Pregnancy Test - Milk,Pregnant,0.971,388,182
02/05/2026,21030,398645,Pregnancy Test - Milk,Re-Check,0.221,247,37
02/05/2026,22226,398645,Pregnancy Test - Milk,Pregnant,1.838,265,201
02/05/2026,20258,398645,Pregnancy Test - Milk,Pregnant,POS,293,15
02/05/2026,22732,398645,Pregnancy Test - Milk,Re-Check,0.151,196,30
02/05/2026,22931,398645,Pregnancy Test - Milk,Re-Check,0.196,137,72
02/05/2026,20490,398645,Pregnancy Test - Milk,Pregnant,1.788,343,184
02/05/2026,20852,398645,Pregnancy Test - Milk,Pregnant,1.414,256,184
02/05/2026,22881,398645,Pregnancy Test - Milk,Pregnant,0.391,155,69
02/05/2026,19618,398645,Pregnancy Test - Milk,Open,-0.006,149,77
02/05/2026,21112,398645,Pregnancy Test - Milk,Pregnant,0.501,184,37
02/05/2026,18085,398645,Pregnancy Test - Milk,Pregnant,0.541,167,74
02/05/2026,19677,398645,Pregnancy Test - Milk,Pregnant,0.272,167,69
02/05/2026,18844,398645,Pregnancy Test - Milk,Pregnant,0.353,259,67
02/05/2026,22210,398645,Pregnancy Test - Milk,Pregnant,1.585,291,6
02/05/2026,18688,398645,Pregnancy Test - Milk,Pregnant,0.888,302,67
02/05/2026,17716,398645,Pregnancy Test - Milk,Re-Check,0.232,123,67
02/05/2026,21420,398645,Pregnancy Test - Milk,Re-Check,0.183,152,66
02/05/2026,18293,398645,Pregnancy Test - Milk,Pregnant,0.279,124,69
02/05/2026,19359,398645,Pregnancy Test - Milk,Re-Check,0.149,151,0
02/05/2026,1560,398645,Pregnancy Test - Milk,Pregnant,0.522,172,37
02/05/2026,17894,398645,Pregnancy Test - Milk,Pregnant,0.58,136,69
02/05/2026,22321,398645,Pregnancy Test - Milk,Pregnant,2.145,267,114
02/05/2026,22424,398645,Pregnancy Test - Milk,Pregnant,POS,266,148
02/05/2026,22480,398645,Pregnancy Test - Milk,Pregnant,0.306,140,72
02/05/2026,21090,398645,Pregnancy Test - Milk,Re-Check,0.178,127,68
02/05/2026,20941,398645,Pregnancy Test - Milk,Pregnant,1.534,269,31
02/05/2026,22760,398645,Pregnancy Test - Milk,Pregnant,0.302,154,37
02/05/2026,23002,398645,Pregnancy Test - Milk,Pregnant,0.418,137,37
02/05/2026,22423,398645,Pregnancy Test - Milk,Pregnant,2.06,262,7
02/05/2026,16024,398645,Pregnancy Test - Milk,Pregnant,POS,294,80
02/05/2026,20902,398645,Pregnancy Test - Milk,Pregnant,2.029,292,226
02/05/2026,19397,398645,Pregnancy Test - Milk,Pregnant,0.267,191,69
02/05/2026,21280,398645,Pregnancy Test - Milk,Open,0.099,161,39
02/05/2026,22553,398645,Pregnancy Test - Milk,Pregnant,0.422,196,30
02/05/2026,19332,398645,Pregnancy Test - Milk,Pregnant,0.708,215,37
02/05/2026,21138,398645,Pregnancy Test - Milk,Re-Check,0.183,181,70
02/05/2026,18838,398645,Pregnancy Test - Milk,Pregnant,1.466,266,182
02/05/2026,22687,398645,Pregnancy Test - Milk,Open,0.082,173,69
02/05/2026,17858,398645,Pregnancy Test - Milk,Re-Check,0.122,152,66
02/05/2026,19251,398645,Pregnancy Test - Milk,Pregnant,0.311,127,67
02/05/2026,22902,398645,Pregnancy Test - Milk,Pregnant,0.586,152,87
02/05/2026,20970,398645,Pregnancy Test - Milk,Pregnant,1.767,269,181
02/05/2026,20598,398645,Pregnancy Test - Milk,Pregnant,0.27,333,37
02/05/2026,19753,398645,Pregnancy Test - Milk,Re-Check,0.102,156,68
02/05/2026,22723,398645,Pregnancy Test - Milk,Pregnant,0.253,153,37
02/05/2026,18218,398645,Pregnancy Test - Milk,Pregnant,2.366,303,182
02/05/2026,22392,398645,Pregnancy Test - Milk,Pregnant,1.526,263,181
02/05/2026,20843,398645,Pregnancy Test - Milk,Pregnant,1.486,252,103
02/05/2026,20546,398645,Pregnancy Test - Milk,Pregnant,POS,298,182
02/05/2026,22905,398645,Pregnancy Test - Milk,Re-Check,0.166,151,69
02/05/2026,20849,398645,Pregnancy Test - Milk,Pregnant,1.872,248,149
02/05/2026,21423,398645,Pregnancy Test - Milk,Re-Check,0.238,130,70
02/05/2026,22095,398645,Pregnancy Test - Milk,Pregnant,1.538,284,149
02/05/2026,10152,398645,Pregnancy Test - Milk,Pregnant,1.183,261,184
02/05/2026,19456,398645,Pregnancy Test - Milk,Pregnant,0.522,133,69
02/05/2026,21097,398645,Pregnancy Test - Milk,Pregnant,0.444,200,71
02/05/2026,18349,398645,Pregnancy Test - Milk,Pregnant,0.477,147,30
02/05/2026,22961,398645,Pregnancy Test - Milk,Pregnant,0.399,153,86
02/05/2026,22880,398645,Pregnancy Test - Milk,Pregnant,0.259,154,37
02/05/2026,20566,398645,Pregnancy Test - Milk,Pregnant,2.472,305,181
02/05/2026,22869,398645,Pregnancy Test - Milk,Re-Check,0.23,150,71
02/05/2026,19286,398645,Pregnancy Test - Milk,Re-Check,0.174,149,77
02/05/2026,22450,398645,Pregnancy Test - Milk,Pregnant,0.504,183,4
02/05/2026,19273,398645,Pregnancy Test - Milk,Pregnant,2.046,255,182
02/05/2026,21839,398645,Pregnancy Test - Milk,Pregnant,1.083,412,149
02/05/2026,1486,398645,Pregnancy Test - Milk,Pregnant,0.928,318,0
02/05/2026,20158,398645,Pregnancy Test - Milk,Pregnant,1.806,294,9
02/05/2026,22379,398645,Pregnancy Test - Milk,Pregnant,1.706,265,182
02/05/2026,21517,398645,Pregnancy Test - Milk,Pregnant,0.406,138,67
02/05/2026,19294,398645,Pregnancy Test - Milk,Pregnant,2.592,292,22
02/05/2026,20855,398645,Pregnancy Test - Milk,Pregnant,2.55,260,183
02/05/2026,22967,398645,Pregnancy Test - Milk,Pregnant,0.268,151,37
02/05/2026,19972,398645,Pregnancy Test - Milk,Pregnant,0.493,135,67
02/05/2026,15888,398645,Pregnancy Test - Milk,Pregnant,1.699,289,186
02/05/2026,19723,398645,Pregnancy Test - Milk,Pregnant,0.292,128,31
02/05/2026,19088,398645,Pregnancy Test - Milk,Pregnant,1.759,312,13
02/05/2026,18848,398645,Pregnancy Test - Milk,Pregnant,1.828,338,225
02/05/2026,22936,398645,Pregnancy Test - Milk,Pregnant,0.4,147,68
02/05/2026,17145,398645,Pregnancy Test - Milk,Pregnant,2.752,262,149
02/05/2026,19287,398645,Pregnancy Test - Milk,Pregnant,POS,305,182
02/05/2026,21069,398645,Pregnancy Test - Milk,Pregnant,1.807,256,37
02/05/2026,19757,398645,Pregnancy Test - Milk,Pregnant,0.41,189,67
02/05/2026,22311,398645,Pregnancy Test - Milk,Pregnant,1.647,294,183
02/05/2026,21370,398645,Pregnancy Test - Milk,Pregnant,0.442,128,68
02/05/2026,21516,398645,Pregnancy Test - Milk,Pregnant,0.332,138,72
02/05/2026,22243,398645,Pregnancy Test - Milk,Pregnant,2.041,264,263
02/05/2026,15196,398645,Pregnancy Test - Milk,Pregnant,2.738,335,182
02/05/2026,20111,398645,Pregnancy Test - Milk,Pregnant,2.09,404,199
02/05/2026,22391,398645,Pregnancy Test - Milk,Pregnant,0.432,153,37
02/05/2026,17457,398645,Pregnancy Test - Milk,Pregnant,1.225,291,186
02/05/2026,19422,398645,Pregnancy Test - Milk,Pregnant,1.283,312,181
02/05/2026,18559,398645,Pregnancy Test - Milk,Pregnant,1.295,316,149
02/05/2026,17033,398645,Pregnancy Test - Milk,Pregnant,0.318,233,78
02/05/2026,22441,398645,Pregnancy Test - Milk,Pregnant,0.67,243,30
02/05/2026,22421,398645,Pregnancy Test - Milk,Pregnant,0.749,269,252
02/05/2026,21313,398645,Pregnancy Test - Milk,Pregnant,1.017,188,71
02/05/2026,15667,398645,Pregnancy Test - Milk,Re-Check,0.112,158,70
02/05/2026,20770,398645,Pregnancy Test - Milk,Pregnant,0.523,249,70
02/05/2026,19788,398645,Pregnancy Test - Milk,Open,-0.012,245,184
02/05/2026,22721,398645,Pregnancy Test - Milk,Re-Check,0.144,151,37
02/05/2026,20724,398645,Pregnancy Test - Milk,Pregnant,1.934,261,184
02/05/2026,17165,398645,Pregnancy Test - Milk,Pregnant,0.888,310,233
02/19/2026,19376,398645,Pregnancy Test - Milk,Pregnant,0.455,218,66
02/19/2026,14281,398645,Pregnancy Test - Milk,Pregnant,0.966,269,84
02/19/2026,17668,398645,Pregnancy Test - Milk,Pregnant,1.77,315,262
02/19/2026,18209,398645,Pregnancy Test - Milk,Pregnant,POS,345,194
02/19/2026,22918,398645,Pregnancy Test - Milk,Pregnant,0.426,138,72
02/19/2026,21415,398645,Pregnancy Test - Milk,Re-Check,0.213,151,0
02/19/2026,20960,398645,Pregnancy Test - Milk,Pregnant,0.962,189,76
02/19/2026,20667,398645,Pregnancy Test - Milk,Pregnant,POS,310,54
02/19/2026,23010,398645,Pregnancy Test - Milk,Pregnant,0.418,141,72
02/19/2026,20382,398645,Pregnancy Test - Milk,Pregnant,2.41,442,181
02/19/2026,22818,398645,Pregnancy Test - Milk,Pregnant,0.542,160,93
02/19/2026,17986,398645,Pregnancy Test - Milk,Pregnant,0.261,170,70
02/19/2026,21567,398645,Pregnancy Test - Milk,Pregnant,0.296,126,67
02/19/2026,22722,398645,Pregnancy Test - Milk,Pregnant,1.478,153,37
02/19/2026,22689,398645,Pregnancy Test - Milk,Pregnant,0.366,217,37
02/19/2026,21520,398645,Pregnancy Test - Milk,Pregnant,0.819,139,72
02/19/2026,23025,398645,Pregnancy Test - Milk,Pregnant,1.645,137,37
02/19/2026,22960,398645,Pregnancy Test - Milk,Pregnant,0.32,156,93
02/19/2026,22840,398645,Pregnancy Test - Milk,Pregnant,0.905,178,76
02/19/2026,23028,398645,Pregnancy Test - Milk,Pregnant,0.487,135,37
02/19/2026,12795,398645,Pregnancy Test - Milk,Pregnant,2.154,312,247
02/19/2026,20971,398645,Pregnancy Test - Milk,Pregnant,0.609,205,70
02/19/2026,4414,398645,Pregnancy Test - Milk,Pregnant,2.803,312,131
02/19/2026,15013,398645,Pregnancy Test - Milk,Re-Check,0.24,217,92
02/19/2026,21827,398645,Pregnancy Test - Milk,Pregnant,POS,447,186
02/19/2026,21262,398645,Pregnancy Test - Milk,Re-Check,0.234,154,134
02/19/2026,19327,398645,Pregnancy Test - Milk,Pregnant,0.459,195,37
02/19/2026,15661,398645,Pregnancy Test - Milk,Pregnant,0.575,311,67
02/19/2026,19115,398645,Pregnancy Test - Milk,Pregnant,POS,340,268
02/19/2026,1520,398645,Pregnancy Test - Milk,Pregnant,0.493,152,80
02/19/2026,21472,398645,Pregnancy Test - Milk,Pregnant,0.985,153,79
02/19/2026,22917,398645,Pregnancy Test - Milk,Pregnant,0.312,159,0
02/19/2026,22976,398645,Pregnancy Test - Milk,Pregnant,0.588,157,20
02/19/2026,22126,398645,Pregnancy Test - Milk,Pregnant,2.634,269,156
02/19/2026,22907,398645,Pregnancy Test - Milk,Re-Check,0.213,161,77
02/19/2026,21193,398645,Pregnancy Test - Milk,Pregnant,0.505,146,70
02/19/2026,19089,398645,Pregnancy Test - Milk,Pregnant,2.285,278,181
02/19/2026,20795,398645,Pregnancy Test - Milk,Pregnant,0.528,143,0
02/19/2026,15443,398645,Pregnancy Test - Milk,Pregnant,1.657,263,190
02/19/2026,19471,398645,Pregnancy Test - Milk,Pregnant,0.982,222,94
02/19/2026,17579,398645,Pregnancy Test - Milk,Pregnant,POS,340,181
02/19/2026,14662,398645,Pregnancy Test - Milk,Pregnant,2.796,174,69
02/19/2026,17101,398645,Pregnancy Test - Milk,Pregnant,POS,267,211
02/19/2026,1538,398645,Pregnancy Test - Milk,Pregnant,POS,345,6
02/19/2026,19758,398645,Pregnancy Test - Milk,Pregnant,0.418,141,70
02/19/2026,20009,398645,Pregnancy Test - Milk,Pregnant,0.31,166,69
02/19/2026,21223,398645,Pregnancy Test - Milk,Pregnant,0.989,200,75
02/19/2026,20888,398645,Pregnancy Test - Milk,Pregnant,1.068,232,142
02/19/2026,16814,398645,Pregnancy Test - Milk,Pregnant,2.833,390,195
02/19/2026,21414,398645,Pregnancy Test - Milk,Pregnant,0.342,146,66
02/19/2026,22956,398645,Pregnancy Test - Milk,Pregnant,0.865,153,69
02/19/2026,22706,398645,Pregnancy Test - Milk,Pregnant,1.094,194,111
02/19/2026,22287,398645,Pregnancy Test - Milk,Pregnant,2.412,264,100
02/19/2026,19125,398645,Pregnancy Test - Milk,Pregnant,0.767,133,74
02/19/2026,22620,398645,Pregnancy Test - Milk,Pregnant,1.175,206,4
02/19/2026,22407,398645,Pregnancy Test - Milk,Pregnant,0.372,195,44
02/19/2026,20834,398645,Pregnancy Test - Milk,Pregnant,0.369,186,105
02/19/2026,15874,398645,Pregnancy Test - Milk,Open,-0.03,309,10
02/19/2026,19361,398645,Pregnancy Test - Milk,Pregnant,1.232,287,185
02/19/2026,19240,398645,Pregnancy Test - Milk,Pregnant,POS,295,184
02/19/2026,22502,398645,Pregnancy Test - Milk,Pregnant,0.453,243,31
02/19/2026,21031,398645,Pregnancy Test - Milk,Pregnant,0.392,213,75
02/19/2026,17320,398645,Pregnancy Test - Milk,Pregnant,2.057,371,189
02/19/2026,17948,398645,Pregnancy Test - Milk,Pregnant,1.516,283,190
02/19/2026,17132,398645,Pregnancy Test - Milk,Pregnant,POS,398,17
02/19/2026,18605,398645,Pregnancy Test - Milk,Pregnant,POS,391,149
02/19/2026,18377,398645,Pregnancy Test - Milk,Pregnant,0.321,135,72
02/19/2026,22279,398645,Pregnancy Test - Milk,Pregnant,POS,327,199
02/19/2026,14501,398645,Pregnancy Test - Milk,Pregnant,0.49,170,78
02/19/2026,22470,398645,Pregnancy Test - Milk,Pregnant,1.803,240,77
02/19/2026,21074,398645,Pregnancy Test - Milk,Pregnant,1.378,254,183
02/19/2026,22668,398645,Pregnancy Test - Milk,Pregnant,0.296,151,69
02/19/2026,22843,398645,Pregnancy Test - Milk,Pregnant,0.56,156,44
02/19/2026,22910,398645,Pregnancy Test - Milk,Pregnant,0.283,156,93
02/19/2026,23024,398645,Pregnancy Test - Milk,Pregnant,0.447,150,86
02/19/2026,22334,398645,Pregnancy Test - Milk,Pregnant,0.688,284,149
02/19/2026,22785,398645,Pregnancy Test - Milk,Pregnant,0.746,184,37
02/19/2026,22403,398645,Pregnancy Test - Milk,Pregnant,2.025,265,199
02/19/2026,22159,398645,Pregnancy Test - Milk,Pregnant,POS,339,6
02/19/2026,19831,398645,Pregnancy Test - Milk,Pregnant,0.55,148,73
02/19/2026,19609,398645,Pregnancy Test - Milk,Pregnant,0.3,145,71
02/19/2026,22184,398645,Pregnancy Test - Milk,Pregnant,POS,320,196
02/19/2026,21286,398645,Pregnancy Test - Milk,Pregnant,0.649,131,69
02/19/2026,21357,398645,Pregnancy Test - Milk,Pregnant,0.264,133,78
02/19/2026,18282,398645,Pregnancy Test - Milk,Pregnant,0.683,143,80
02/19/2026,12321,398645,Pregnancy Test - Milk,Pregnant,1.948,253,184
02/19/2026,21227,398645,Pregnancy Test - Milk,Pregnant,0.406,221,73
02/19/2026,22328,398645,Pregnancy Test - Milk,Pregnant,0.528,306,182
02/19/2026,22981,398645,Pregnancy Test - Milk,Pregnant,0.57,157,77
02/19/2026,22619,398645,Pregnancy Test - Milk,Pregnant,0.279,186,37
02/19/2026,22254,398645,Pregnancy Test - Milk,Pregnant,POS,310,186
02/19/2026,22488,398645,Pregnancy Test - Milk,Pregnant,POS,272,211
02/19/2026,22263,398645,Pregnancy Test - Milk,Pregnant,1.901,271,206
02/19/2026,19985,398645,Pregnancy Test - Milk,Pregnant,2.344,288,81
02/19/2026,16776,398645,Pregnancy Test - Milk,Pregnant,2.65,384,182
02/19/2026,20833,398645,Pregnancy Test - Milk,Pregnant,2.506,319,190
02/19/2026,22455,398645,Pregnancy Test - Milk,Pregnant,POS,278,21
02/19/2026,18868,398645,Pregnancy Test - Milk,Pregnant,0.57,145,76
02/19/2026,19653,398645,Pregnancy Test - Milk,Re-Check,0.172,142,73
02/19/2026,22519,398645,Pregnancy Test - Milk,Pregnant,2.288,266,66
02/19/2026,20956,398645,Pregnancy Test - Milk,Pregnant,POS,266,187
02/19/2026,19071,398645,Pregnancy Test - Milk,Pregnant,POS,301,182
02/19/2026,19579,398645,Pregnancy Test - Milk,Pregnant,2.268,270,198
02/19/2026,22507,398645,Pregnancy Test - Milk,Pregnant,2.59,265,182
02/19/2026,22749,398645,Pregnancy Test - Milk,Pregnant,2.018,194,68
02/19/2026,19158,398645,Pregnancy Test - Milk,Pregnant,1.412,173,78
02/19/2026,22977,398645,Pregnancy Test - Milk,Pregnant,1.356,155,37
02/19/2026,20777,398645,Pregnancy Test - Milk,Pregnant,POS,256,183
02/19/2026,1608,398645,Pregnancy Test - Milk,Pregnant,0.981,178,76
02/19/2026,17471,398645,Pregnancy Test - Milk,Pregnant,0.543,187,74
02/19/2026,21430,398645,Pregnancy Test - Milk,Pregnant,1.633,142,30
02/19/2026,22381,398645,Pregnancy Test - Milk,Pregnant,0.814,273,168
02/19/2026,17277,398645,Pregnancy Test - Milk,Pregnant,POS,316,189
02/19/2026,19914,398645,Pregnancy Test - Milk,Pregnant,POS,460,186
02/19/2026,22060,398645,Pregnancy Test - Milk,Pregnant,0.482,303,69
02/19/2026,22775,398645,Pregnancy Test - Milk,Pregnant,0.86,154,90
02/19/2026,19221,398645,Pregnancy Test - Milk,Pregnant,0.344,157,77
02/19/2026,22432,398645,Pregnancy Test - Milk,Re-Check,0.24,266,37
02/19/2026,10133,398645,Pregnancy Test - Milk,Pregnant,POS,251,183
02/19/2026,17391,398645,Pregnancy Test - Milk,Pregnant,2.185,273,211
02/19/2026,21229,398645,Pregnancy Test - Milk,Pregnant,0.36,126,37
02/19/2026,22469,398645,Pregnancy Test - Milk,Pregnant,2.159,271,0
02/19/2026,21134,398645,Pregnancy Test - Milk,Pregnant,1.538,144,132
02/19/2026,19729,398645,Pregnancy Test - Milk,Re-Check,0.242,130,70
02/19/2026,21102,398645,Pregnancy Test - Milk,Pregnant,0.715,131,73
02/19/2026,22162,398645,Pregnancy Test - Milk,Pregnant,2.312,315,149
02/19/2026,10103,398645,Pregnancy Test - Milk,Pregnant,1.687,314,194
02/19/2026,19819,398645,Pregnancy Test - Milk,Pregnant,0.706,177,68
02/19/2026,22940,398645,Pregnancy Test - Milk,Pregnant,0.506,152,70
02/19/2026,22669,398645,Pregnancy Test - Milk,Pregnant,0.645,160,36
02/19/2026,21071,398645,Pregnancy Test - Milk,Pregnant,0.945,260,183
02/19/2026,18245,398645,Pregnancy Test - Milk,Pregnant,0.583,197,76
02/19/2026,21322,398645,Pregnancy Test - Milk,Pregnant,1.152,149,58
02/19/2026,14644,398645,Pregnancy Test - Milk,Pregnant,POS,254,183
02/19/2026,22207,398645,Pregnancy Test - Milk,Pregnant,POS,312,79
02/19/2026,19755,398645,Pregnancy Test - Milk,Pregnant,POS,393,45
02/19/2026,18241,398645,Pregnancy Test - Milk,Pregnant,0.505,142,77
02/19/2026,20554,398645,Pregnancy Test - Milk,Pregnant,1.051,272,77
02/19/2026,17462,398645,Pregnancy Test - Milk,Pregnant,2.6,285,151
02/19/2026,1412,398645,Pregnancy Test - Milk,Pregnant,POS,336,195
02/19/2026,22349,398645,Pregnancy Test - Milk,Pregnant,POS,263,149
02/19/2026,21522,398645,Pregnancy Test - Milk,Pregnant,0.394,153,70
02/19/2026,19567,398645,Pregnancy Test - Milk,Pregnant,0.831,147,79
02/19/2026,22980,398645,Pregnancy Test - Milk,Pregnant,0.646,150,37
02/19/2026,23011,398645,Pregnancy Test - Milk,Pregnant,0.634,139,37
02/19/2026,23009,398645,Pregnancy Test - Milk,Pregnant,0.467,152,37
02/19/2026,22153,398645,Pregnancy Test - Milk,Pregnant,POS,293,4
02/19/2026,20914,398645,Pregnancy Test - Milk,Pregnant,POS,303,191
02/19/2026,16444,398645,Pregnancy Test - Milk,Pregnant,0.388,141,69
02/19/2026,3520,398645,Pregnancy Test - Milk,Pregnant,POS,261,189
02/19/2026,12330,398645,Pregnancy Test - Milk,Pregnant,0.692,163,72
02/19/2026,19537,398645,Pregnancy Test - Milk,Pregnant,0.439,187,77
02/19/2026,18747,398645,Pregnancy Test - Milk,Pregnant,1.714,396,185
02/19/2026,20909,398645,Pregnancy Test - Milk,Pregnant,0.849,258,183
02/19/2026,19329,398645,Pregnancy Test - Milk,Pregnant,POS,292,182
02/19/2026,22861,398645,Pregnancy Test - Milk,Pregnant,0.721,155,88
02/19/2026,22239,398645,Pregnancy Test - Milk,Pregnant,POS,319,124
02/19/2026,19318,398645,Pregnancy Test - Milk,Pregnant,0.962,215,79
02/19/2026,3494,398645,Pregnancy Test - Milk,Pregnant,POS,257,184
02/19/2026,20693,398645,Pregnancy Test - Milk,Pregnant,2.686,338,184
02/19/2026,21005,398645,Pregnancy Test - Milk,Pregnant,0.48,145,69
02/19/2026,14172,398645,Pregnancy Test - Milk,Pregnant,POS,330,185
02/19/2026,21464,398645,Pregnancy Test - Milk,Pregnant,0.965,164,70
02/19/2026,19419,398645,Pregnancy Test - Milk,Pregnant,2.37,286,82
02/19/2026,19935,398645,Pregnancy Test - Milk,Pregnant,0.497,133,67
02/19/2026,1475,398645,Pregnancy Test - Milk,Pregnant,2.78,443,0
02/19/2026,20489,398645,Pregnancy Test - Milk,Pregnant,1.642,377,189
02/19/2026,20771,398645,Pregnancy Test - Milk,Pregnant,2.558,271,198
02/19/2026,20994,398645,Pregnancy Test - Milk,Pregnant,1.617,258,78
02/19/2026,21055,398645,Pregnancy Test - Milk,Pregnant,POS,246,183
02/19/2026,20752,398645,Pregnancy Test - Milk,Pregnant,POS,315,193
02/19/2026,19861,398645,Pregnancy Test - Milk,Open,0.024,165,67
02/19/2026,22148,398645,Pregnancy Test - Milk,Pregnant,POS,343,6
02/19/2026,22179,398645,Pregnancy Test - Milk,Pregnant,1.824,299,37
02/19/2026,22339,398645,Pregnancy Test - Milk,Pregnant,2.25,263,181
02/19/2026,22781,398645,Pregnancy Test - Milk,Pregnant,1.028,181,72
02/19/2026,21885,398645,Pregnancy Test - Milk,Pregnant,POS,353,177
02/19/2026,22534,398645,Pregnancy Test - Milk,Pregnant,0.457,209,44
02/19/2026,22695,398645,Pregnancy Test - Milk,Pregnant,0.961,149,69
02/19/2026,22072,398645,Pregnancy Test - Milk,Pregnant,1.293,359,75
02/19/2026,19530,398645,Pregnancy Test - Milk,Pregnant,0.666,210,78
02/19/2026,21901,398645,Pregnancy Test - Milk,Pregnant,2.727,421,189
02/19/2026,20474,398645,Pregnancy Test - Milk,Pregnant,POS,294,188
02/19/2026,19777,398645,Pregnancy Test - Milk,Pregnant,1.39,181,78
02/19/2026,22461,398645,Pregnancy Test - Milk,Pregnant,1.762,270,188
02/19/2026,21378,398645,Pregnancy Test - Milk,Pregnant,0.457,153,75
02/19/2026,21127,398645,Pregnancy Test - Milk,Pregnant,2.774,251,184
02/19/2026,22474,398645,Pregnancy Test - Milk,Pregnant,2.719,269,7
02/19/2026,22786,398645,Pregnancy Test - Milk,Pregnant,0.357,153,37
02/19/2026,22315,398645,Pregnancy Test - Milk,Pregnant,0.431,308,183
02/19/2026,22762,398645,Pregnancy Test - Milk,Pregnant,0.534,176,4
02/19/2026,20814,398645,Pregnancy Test - Milk,Pregnant,2.332,260,147
02/19/2026,16789,398645,Pregnancy Test - Milk,Pregnant,0.526,189,71
02/19/2026,22350,398645,Pregnancy Test - Milk,Pregnant,POS,263,182
02/19/2026,22891,398645,Pregnancy Test - Milk,Pregnant,0.729,158,76
02/19/2026,15933,398645,Pregnancy Test - Milk,Pregnant,1.388,178,69
02/19/2026,22176,398645,Pregnancy Test - Milk,Pregnant,POS,336,97
02/19/2026,18817,398645,Pregnancy Test - Milk,Pregnant,1.815,180,41
02/19/2026,21050,398645,Pregnancy Test - Milk,Pregnant,2.12,264,184
02/19/2026,18014,398645,Pregnancy Test - Milk,Pregnant,2.802,288,121
02/19/2026,22059,398645,Pregnancy Test - Milk,Pregnant,2.752,279,189
02/19/2026,22168,398645,Pregnancy Test - Milk,Pregnant,POS,344,156
02/19/2026,21146,398645,Pregnancy Test - Milk,Pregnant,0.37,208,30
02/19/2026,23027,398645,Pregnancy Test - Milk,Pregnant,0.467,135,37
02/19/2026,22809,398645,Pregnancy Test - Milk,Pregnant,1.012,154,89
02/19/2026,22326,398645,Pregnancy Test - Milk,Pregnant,2.205,262,198
02/19/2026,20953,398645,Pregnancy Test - Milk,Pregnant,POS,277,181
02/19/2026,19021,398645,Pregnancy Test - Milk,Pregnant,POS,304,193
02/19/2026,21245,398645,Pregnancy Test - Milk,Pregnant,0.611,161,110
02/19/2026,16471,398645,Pregnancy Test - Milk,Pregnant,0.286,155,77
02/19/2026,17828,398645,Pregnancy Test - Milk,Pregnant,POS,307,240
02/19/2026,21230,398645,Pregnancy Test - Milk,Pregnant,0.353,141,74
02/19/2026,14293,398645,Pregnancy Test - Milk,Pregnant,2.481,543,198
02/19/2026,14077,398645,Pregnancy Test - Milk,Pregnant,2.595,286,189
02/19/2026,22531,398645,Pregnancy Test - Milk,Pregnant,0.604,186,4
02/19/2026,22799,398645,Pregnancy Test - Milk,Pregnant,0.679,176,69
02/19/2026,21099,398645,Pregnancy Test - Milk,Pregnant,2.253,252,184
02/19/2026,19520,398645,Pregnancy Test - Milk,Pregnant,1.105,208,67
02/19/2026,21559,398645,Pregnancy Test - Milk,Pregnant,0.544,161,69
02/19/2026,21878,398645,Pregnancy Test - Milk,Pregnant,POS,388,100
02/19/2026,20719,398645,Pregnancy Test - Milk,Pregnant,2.302,257,183
02/19/2026,20544,398645,Pregnancy Test - Milk,Pregnant,POS,376,143
02/19/2026,1492,398645,Pregnancy Test - Milk,Pregnant,POS,299,190
02/19/2026,18312,398645,Pregnancy Test - Milk,Pregnant,0.472,182,79
02/19/2026,22571,398645,Pregnancy Test - Milk,Pregnant,2.686,248,183
02/19/2026,21561,398645,Pregnancy Test - Milk,Pregnant,1.399,156,80
02/19/2026,22253,398645,Pregnancy Test - Milk,Pregnant,POS,327,198
02/19/2026,22289,398645,Pregnancy Test - Milk,Pregnant,2.776,273,124
02/19/2026,1612,398645,Pregnancy Test - Milk,Pregnant,2.162,165,75
02/19/2026,22771,398645,Pregnancy Test - Milk,Pregnant,0.687,181,78
02/19/2026,21532,398645,Pregnancy Test - Milk,Pregnant,POS,437,183
02/19/2026,22430,398645,Pregnancy Test - Milk,Pregnant,2.277,268,182
02/19/2026,19107,398645,Pregnancy Test - Milk,Pregnant,2.113,341,281
02/19/2026,19353,398645,Pregnancy Test - Milk,Pregnant,2.211,276,182
02/19/2026,7649,398645,Pregnancy Test - Milk,Pregnant,0.513,239,170
02/19/2026,18965,398645,Pregnancy Test - Milk,Pregnant,1.889,320,93
02/19/2026,17969,398645,Pregnancy Test - Milk,Pregnant,0.257,177,21
02/19/2026,19040,398645,Pregnancy Test - Milk,Pregnant,POS,322,192
02/19/2026,20604,398645,Pregnancy Test - Milk,Pregnant,2.616,325,187
02/19/2026,19563,398645,Pregnancy Test - Milk,Pregnant,0.251,141,58
02/19/2026,1563,398645,Pregnancy Test - Milk,Pregnant,1.974,407,190
02/19/2026,1576,398645,Pregnancy Test - Milk,Pregnant,POS,293,188
02/26/2026,8496,398645,Pregnancy Test - Milk,Pregnant,0.911,201,72
02/26/2026,20050,398645,Pregnancy Test - Milk,Pregnant,POS,476,190
02/26/2026,21499,398645,Pregnancy Test - Milk,Pregnant,0.627,150,30
02/26/2026,18254,398645,Pregnancy Test - Milk,Re-Check,0.206,142,69
02/26/2026,16915,398645,Pregnancy Test - Milk,Pregnant,2.064,269,204
02/26/2026,22572,398645,Pregnancy Test - Milk,Pregnant,0.745,260,68
02/26/2026,20858,398645,Pregnancy Test - Milk,Pregnant,2.357,303,183
02/26/2026,17634,398645,Pregnancy Test - Milk,Pregnant,1.452,244,122
02/26/2026,20978,398645,Pregnancy Test - Milk,Pregnant,0.668,172,81
02/26/2026,22909,398645,Pregnancy Test - Milk,Pregnant,0.583,173,11
02/26/2026,22409,398645,Pregnancy Test - Milk,Pregnant,2.193,264,198
02/26/2026,22954,398645,Pregnancy Test - Milk,Re-Check,0.236,172,70
02/26/2026,22523,398645,Pregnancy Test - Milk,Pregnant,2.541,261,80
02/26/2026,20140,398645,Pregnancy Test - Milk,Pregnant,2.286,141,69
02/26/2026,15935,398645,Pregnancy Test - Milk,Pregnant,0.986,182,0
02/26/2026,21870,398645,Pregnancy Test - Milk,Pregnant,2.352,329,13
02/26/2026,22863,398645,Pregnancy Test - Milk,Pregnant,1.02,150,37
02/26/2026,22370,398645,Pregnancy Test - Milk,Pregnant,POS,308,182
02/26/2026,22916,398645,Pregnancy Test - Milk,Pregnant,0.462,173,70
02/26/2026,22822,398645,Pregnancy Test - Milk,Pregnant,0.482,193,67
02/26/2026,14209,398645,Pregnancy Test - Milk,Pregnant,2.301,267,203
02/26/2026,17723,398645,Pregnancy Test - Milk,Pregnant,1.483,274,181
02/26/2026,17897,398645,Pregnancy Test - Milk,Pregnant,1.437,269,149
02/26/2026,17266,398645,Pregnancy Test - Milk,Pregnant,0.52,326,28
02/26/2026,7577,398645,Pregnancy Test - Milk,Pregnant,2.23,448,187
02/26/2026,10139,398645,Pregnancy Test - Milk,Pregnant,0.598,152,68
02/26/2026,17228,398645,Pregnancy Test - Milk,Pregnant,POS,306,181
02/26/2026,17077,398645,Pregnancy Test - Milk,Pregnant,POS,321,187
02/26/2026,19417,398645,Pregnancy Test - Milk,Pregnant,0.615,182,0
02/26/2026,22410,398645,Pregnancy Test - Milk,Pregnant,1.906,263,201
02/26/2026,20999,398645,Pregnancy Test - Milk,Pregnant,1.341,240,108
02/26/2026,21242,398645,Pregnancy Test - Milk,Pregnant,1.096,144,75
02/26/2026,22876,398645,Pregnancy Test - Milk,Pregnant,0.526,172,69
02/26/2026,20343,398645,Pregnancy Test - Milk,Pregnant,2.214,433,182
02/26/2026,22792,398645,Pregnancy Test - Milk,Pregnant,1.99,171,37
02/26/2026,14517,398645,Pregnancy Test - Milk,Pregnant,2.003,281,186
02/26/2026,23013,398645,Pregnancy Test - Milk,Pregnant,0.598,149,30
02/26/2026,20512,398645,Pregnancy Test - Milk,Pregnant,2.48,337,186
02/26/2026,21462,398645,Pregnancy Test - Milk,Pregnant,0.517,147,75
02/26/2026,23018,398645,Pregnancy Test - Milk,Pregnant,0.94,151,37
02/26/2026,21301,398645,Pregnancy Test - Milk,Pregnant,0.372,146,69
02/26/2026,16517,398645,Pregnancy Test - Milk,Pregnant,0.977,193,72
02/26/2026,19311,398645,Pregnancy Test - Milk,Pregnant,2.731,275,181
02/26/2026,22089,398645,Pregnancy Test - Milk,Pregnant,0.626,339,66
02/26/2026,18908,398645,Pregnancy Test - Milk,Pregnant,2.761,337,201
02/26/2026,22340,398645,Pregnancy Test - Milk,Pregnant,POS,300,13
02/26/2026,19726,398645,Pregnancy Test - Milk,Pregnant,0.565,187,69
02/26/2026,21042,398645,Pregnancy Test - Milk,Pregnant,0.876,273,149
02/26/2026,20717,398645,Pregnancy Test - Milk,Pregnant,POS,330,183
02/26/2026,19429,398645,Pregnancy Test - Milk,Pregnant,0.721,232,70
02/26/2026,20105,398645,Pregnancy Test - Milk,Pregnant,0.986,371,89
02/26/2026,21653,398645,Pregnancy Test - Milk,Pregnant,0.953,132,72
02/26/2026,21177,398645,Pregnancy Test - Milk,Pregnant,0.438,247,72
02/26/2026,17752,398645,Pregnancy Test - Milk,Pregnant,2.036,268,210
02/26/2026,21693,398645,Pregnancy Test - Milk,Pregnant,POS,480,156
02/26/2026,22477,398645,Pregnancy Test - Milk,Pregnant,0.475,261,181
02/26/2026,22803,398645,Pregnancy Test - Milk,Pregnant,0.423,151,11
02/26/2026,22377,398645,Pregnancy Test - Milk,Pregnant,POS,264,198
02/26/2026,22261,398645,Pregnancy Test - Milk,Pregnant,2.529,293,149
02/26/2026,5036,398645,Pregnancy Test - Milk,Open,0.033,215,37
02/26/2026,18238,398645,Pregnancy Test - Milk,Pregnant,0.761,177,70
02/26/2026,21333,398645,Pregnancy Test - Milk,Pregnant,0.719,142,66
02/26/2026,15994,398645,Pregnancy Test - Milk,Pregnant,POS,267,1
02/26/2026,22282,398645,Pregnancy Test - Milk,Pregnant,2.463,263,149
02/26/2026,22871,398645,Pregnancy Test - Milk,Pregnant,0.892,162,11
02/26/2026,21017,398645,Pregnancy Test - Milk,Pregnant,1.942,268,205
02/26/2026,23022,398645,Pregnancy Test - Milk,Pregnant,0.256,151,87
02/26/2026,19937,398645,Pregnancy Test - Milk,Pregnant,0.855,147,71
02/26/2026,6264,398645,Pregnancy Test - Milk,Pregnant,0.348,137,0
02/26/2026,22190,398645,Pregnancy Test - Milk,Pregnant,2.669,305,184
02/26/2026,22566,398645,Pregnancy Test - Milk,Pregnant,0.581,210,78
02/26/2026,22483,398645,Pregnancy Test - Milk,Pregnant,2.507,267,27
02/26/2026,6258,398645,Pregnancy Test - Milk,Re-Check,0.214,139,0
02/26/2026,21390,398645,Pregnancy Test - Milk,Pregnant,0.685,147,0
02/26/2026,22347,398645,Pregnancy Test - Milk,Pregnant,1.969,292,149
02/26/2026,22949,398645,Pregnancy Test - Milk,Re-Check,0.246,170,37
02/26/2026,20230,398645,Pregnancy Test - Milk,Pregnant,POS,459,200
02/26/2026,22791,398645,Pregnancy Test - Milk,Pregnant,0.708,146,70
02/26/2026,15260,398645,Pregnancy Test - Milk,Pregnant,0.426,141,72
02/26/2026,22314,398645,Pregnancy Test - Milk,Pregnant,POS,264,4
02/26/2026,19406,398645,Pregnancy Test - Milk,Pregnant,POS,280,182
02/26/2026,17658,398645,Pregnancy Test - Milk,Pregnant,1.054,277,182
02/26/2026,22524,398645,Pregnancy Test - Milk,Pregnant,POS,262,55
02/26/2026,16509,398645,Pregnancy Test - Milk,Pregnant,1.386,158,72
02/26/2026,22414,398645,Pregnancy Test - Milk,Pregnant,2.67,266,181
02/26/2026,16133,398645,Pregnancy Test - Milk,Pregnant,0.631,130,70
02/26/2026,19149,398645,Pregnancy Test - Milk,Pregnant,0.719,241,67
02/26/2026,19403,398645,Pregnancy Test - Milk,Pregnant,POS,310,13
02/26/2026,21470,398645,Pregnancy Test - Milk,Pregnant,0.709,159,70
02/26/2026,10130,398645,Pregnancy Test - Milk,Pregnant,2.558,273,213
02/26/2026,17466,398645,Pregnancy Test - Milk,Pregnant,POS,193,67
02/26/2026,22359,398645,Pregnancy Test - Milk,Pregnant,2.36,263,23
02/26/2026,21130,398645,Pregnancy Test - Milk,Pregnant,0.758,185,69
02/26/2026,20866,398645,Pregnancy Test - Milk,Pregnant,1.99,286,185
02/26/2026,16601,398645,Pregnancy Test - Milk,Pregnant,2.069,502,313
02/26/2026,19056,398645,Pregnancy Test - Milk,Pregnant,1.551,297,232
02/26/2026,21095,398645,Pregnancy Test - Milk,Pregnant,0.941,276,69
02/26/2026,20716,398645,Pregnancy Test - Milk,Pregnant,2.768,278,214
02/26/2026,20174,398645,Pregnancy Test - Milk,Pregnant,1.458,353,149
02/26/2026,23016,398645,Pregnancy Test - Milk,Pregnant,0.381,145,44
02/26/2026,22858,398645,Pregnancy Test - Milk,Pregnant,1.239,176,11
02/26/2026,22512,398645,Pregnancy Test - Milk,Pregnant,POS,264,9
02/26/2026,17867,398645,Pregnancy Test - Milk,Pregnant,POS,320,149
02/26/2026,20561,398645,Pregnancy Test - Milk,Pregnant,1.357,268,70
02/26/2026,18578,398645,Pregnancy Test - Milk,Pregnant,0.562,134,68
02/26/2026,21595,398645,Pregnancy Test - Milk,Re-Check,0.199,155,75
02/26/2026,227,398645,Pregnancy Test - Milk,Pregnant,2.792,318,181
02/26/2026,20738,398645,Pregnancy Test - Milk,Pregnant,POS,347,60
02/26/2026,21321,398645,Pregnancy Test - Milk,Pregnant,0.372,138,71
02/26/2026,21355,398645,Pregnancy Test - Milk,Pregnant,0.359,124,66
02/26/2026,21367,398645,Pregnancy Test - Milk,Pregnant,0.653,213,98
02/26/2026,22782,398645,Pregnancy Test - Milk,Pregnant,0.374,171,71
02/26/2026,22463,398645,Pregnancy Test - Milk,Pregnant,2.161,272,149
02/26/2026,20805,398645,Pregnancy Test - Milk,Pregnant,POS,345,185
02/26/2026,23038,398645,Pregnancy Test - Milk,Pregnant,1.759,146,67
02/26/2026,22333,398645,Pregnancy Test - Milk,Pregnant,2.268,303,249
02/26/2026,21186,398645,Pregnancy Test - Milk,Pregnant,1.083,148,69
02/26/2026,21164,398645,Pregnancy Test - Milk,Pregnant,0.475,191,70
02/26/2026,17004,398645,Pregnancy Test - Milk,Pregnant,POS,324,307
02/26/2026,22945,398645,Pregnancy Test - Milk,Pregnant,0.699,173,37
02/26/2026,21897,398645,Pregnancy Test - Milk,Pregnant,2.007,326,181
02/26/2026,22035,398645,Pregnancy Test - Milk,Pregnant,POS,379,266
02/26/2026,22076,398645,Pregnancy Test - Milk,Pregnant,2.759,362,181
02/26/2026,22317,398645,Pregnancy Test - Milk,Pregnant,0.338,265,223
02/26/2026,21295,398645,Pregnancy Test - Milk,Pregnant,0.505,217,70
02/26/2026,19396,398645,Pregnancy Test - Milk,Pregnant,0.374,133,70
03/05/2026,18572,398645,Pregnancy Test - Milk,Pregnant,POS,334,149
03/05/2026,21396,398645,Pregnancy Test - Milk,Pregnant,POS,253,184
03/05/2026,20949,398645,Pregnancy Test - Milk,Re-Check,0.146,137,69
03/05/2026,22562,398645,Pregnancy Test - Milk,Pregnant,2.288,262,199
03/05/2026,22745,398645,Pregnancy Test - Milk,Pregnant,0.683,157,69
03/05/2026,22124,398645,Pregnancy Test - Milk,Pregnant,POS,284,149
03/05/2026,20772,398645,Pregnancy Test - Milk,Pregnant,POS,323,4
03/05/2026,20035,398645,Pregnancy Test - Milk,Pregnant,0.706,126,68
03/05/2026,10080,398645,Pregnancy Test - Milk,Pregnant,2.564,305,182
03/05/2026,20011,398645,Pregnancy Test - Milk,Pregnant,0.71,143,71
03/05/2026,22101,398645,Pregnancy Test - Milk,Pregnant,POS,345,106
03/05/2026,22435,398645,Pregnancy Test - Milk,Pregnant,POS,284,184
03/05/2026,18762,398645,Pregnancy Test - Milk,Pregnant,POS,359,188
03/05/2026,19532,398645,Pregnancy Test - Milk,Pregnant,POS,253,184
03/05/2026,20962,398645,Pregnancy Test - Milk,Pregnant,POS,282,183
03/05/2026,22600,398645,Pregnancy Test - Milk,Pregnant,POS,261,120
03/05/2026,16671,398645,Pregnancy Test - Milk,Pregnant,0.361,143,0
03/05/2026,827,398645,Pregnancy Test - Milk,Pregnant,0.918,135,72
03/05/2026,23067,398645,Pregnancy Test - Milk,Pregnant,0.356,152,86
03/05/2026,21111,398645,Pregnancy Test - Milk,Pregnant,2.727,266,182
03/05/2026,14038,398645,Pregnancy Test - Milk,Pregnant,2.401,277,184
03/05/2026,19132,398645,Pregnancy Test - Milk,Pregnant,POS,258,187
03/05/2026,22288,398645,Pregnancy Test - Milk,Pregnant,POS,261,199
03/05/2026,43817,398645,Pregnancy Test - Milk,Pregnant,POS,358,182
03/05/2026,20973,398645,Pregnancy Test - Milk,Pregnant,2.827,267,187
03/05/2026,19344,398645,Pregnancy Test - Milk,Pregnant,1.122,216,70
03/05/2026,19310,398645,Pregnancy Test - Milk,Pregnant,0.588,215,74
03/05/2026,22731,398645,Pregnancy Test - Milk,Re-Check,0.215,149,87
03/05/2026,20788,398645,Pregnancy Test - Milk,Pregnant,POS,261,184
03/05/2026,21284,398645,Pregnancy Test - Milk,Pregnant,0.495,216,67
03/05/2026,22201,398645,Pregnancy Test - Milk,Pregnant,2.066,307,149
03/05/2026,21121,398645,Pregnancy Test - Milk,Pregnant,POS,257,183
03/05/2026,18496,398645,Pregnancy Test - Milk,Pregnant,2.213,311,0
03/05/2026,22574,398645,Pregnancy Test - Milk,Pregnant,0.449,172,37
03/05/2026,19833,398645,Pregnancy Test - Milk,Pregnant,0.358,140,48
03/05/2026,1594,398645,Pregnancy Test - Milk,Pregnant,POS,263,181
03/05/2026,16790,398645,Pregnancy Test - Milk,Pregnant,0.669,265,66
03/05/2026,18095,398645,Pregnancy Test - Milk,Re-Check,0.129,207,69
03/05/2026,21339,398645,Pregnancy Test - Milk,Pregnant,0.302,158,72
03/05/2026,20775,398645,Pregnancy Test - Milk,Pregnant,0.7,315,37
03/05/2026,21489,398645,Pregnancy Test - Milk,Pregnant,0.655,147,68
03/05/2026,19300,398645,Pregnancy Test - Milk,Pregnant,POS,311,184
03/05/2026,20781,398645,Pregnancy Test - Milk,Pregnant,POS,294,187
03/05/2026,20744,398645,Pregnancy Test - Milk,Pregnant,1.71,270,144
03/05/2026,21008,398645,Pregnancy Test - Milk,Pregnant,2.512,294,182
03/05/2026,19710,398645,Pregnancy Test - Milk,Pregnant,0.713,166,70
03/05/2026,17706,398645,Pregnancy Test - Milk,Pregnant,0.897,317,56
03/05/2026,1574,398645,Pregnancy Test - Milk,Pregnant,2.383,401,181
03/05/2026,19319,398645,Pregnancy Test - Milk,Pregnant,0.902,225,34
03/05/2026,20891,398645,Pregnancy Test - Milk,Pregnant,2.577,276,182
03/05/2026,21129,398645,Pregnancy Test - Milk,Pregnant,POS,268,216
03/05/2026,23019,398645,Pregnancy Test - Milk,Pregnant,0.424,155,37
03/05/2026,17696,398645,Pregnancy Test - Milk,Pregnant,2.336,150,71
03/05/2026,22237,398645,Pregnancy Test - Milk,Pregnant,2.722,312,149
03/05/2026,22579,398645,Pregnancy Test - Milk,Pregnant,0.983,244,30
03/05/2026,20612,398645,Pregnancy Test - Milk,Pregnant,POS,342,182
03/05/2026,22306,398645,Pregnancy Test - Milk,Pregnant,1.932,265,198
03/05/2026,19942,398645,Pregnancy Test - Milk,Pregnant,0.547,140,66
03/05/2026,55260,398645,Pregnancy Test - Milk,Pregnant,0.364,136,72
03/05/2026,18284,398645,Pregnancy Test - Milk,Pregnant,1.788,425,181
03/05/2026,21729,398645,Pregnancy Test - Milk,Pregnant,2.241,398,186
03/05/2026,20102,398645,Pregnancy Test - Milk,Pregnant,0.419,127,70
03/05/2026,19143,398645,Pregnancy Test - Milk,Pregnant,0.424,215,70
03/05/2026,20520,398645,Pregnancy Test - Milk,Pregnant,POS,374,183
03/05/2026,55246,398645,Pregnancy Test - Milk,Pregnant,0.94,139,37
03/05/2026,22439,398645,Pregnancy Test - Milk,Pregnant,POS,294,149
03/05/2026,21157,398645,Pregnancy Test - Milk,Pregnant,POS,255,183
03/05/2026,20885,398645,Pregnancy Test - Milk,Pregnant,2.698,270,183
03/05/2026,22926,398645,Pregnancy Test - Milk,Re-Check,0.243,150,92
03/05/2026,21195,398645,Pregnancy Test - Milk,Pregnant,2.393,251,3
03/05/2026,16846,398645,Pregnancy Test - Milk,Pregnant,POS,353,183
03/05/2026,21640,398645,Pregnancy Test - Milk,Pregnant,0.954,140,76
03/05/2026,18543,398645,Pregnancy Test - Milk,Pregnant,0.877,170,9
03/05/2026,22963,398645,Pregnancy Test - Milk,Pregnant,0.482,174,70
03/05/2026,16649,398645,Pregnancy Test - Milk,Pregnant,2.34,313,235
03/05/2026,22475,398645,Pregnancy Test - Milk,Pregnant,POS,263,198
03/05/2026,15566,398645,Pregnancy Test - Milk,Pregnant,2.103,403,186
03/05/2026,22545,398645,Pregnancy Test - Milk,Pregnant,2.332,267,183
03/05/2026,20982,398645,Pregnancy Test - Milk,Pregnant,POS,292,115
03/05/2026,12253,398645,Pregnancy Test - Milk,Re-Check,0.242,158,67
03/05/2026,19502,398645,Pregnancy Test - Milk,Pregnant,1.296,136,44
03/05/2026,18989,398645,Pregnancy Test - Milk,Pregnant,2.717,313,181
03/05/2026,18426,398645,Pregnancy Test - Milk,Pregnant,0.656,186,70
03/05/2026,23023,398645,Pregnancy Test - Milk,Pregnant,0.279,149,16
03/05/2026,8408,398645,Pregnancy Test - Milk,Pregnant,2.145,296,182
03/05/2026,20739,398645,Pregnancy Test - Milk,Pregnant,POS,321,181
03/05/2026,22431,398645,Pregnancy Test - Milk,Pregnant,POS,264,200
03/05/2026,21954,398645,Pregnancy Test - Milk,Pregnant,2.513,391,149
03/05/2026,21979,398645,Pregnancy Test - Milk,Pregnant,POS,411,183
03/05/2026,22864,398645,Pregnancy Test - Milk,Pregnant,0.325,150,69
03/05/2026,19138,398645,Pregnancy Test - Milk,Pregnant,2.622,317,193
03/05/2026,22630,398645,Pregnancy Test - Milk,Pregnant,0.755,247,70
03/05/2026,19904,398645,Pregnancy Test - Milk,Pregnant,0.81,136,72
03/05/2026,20897,398645,Pregnancy Test - Milk,Pregnant,POS,328,189
03/05/2026,55272,398645,Pregnancy Test - Milk,Pregnant,0.974,136,18
03/05/2026,20740,398645,Pregnancy Test - Milk,Pregnant,POS,253,181
03/05/2026,1528,398645,Pregnancy Test - Milk,Pregnant,2.645,266,181
03/05/2026,18436,398645,Pregnancy Test - Milk,Pregnant,0.315,190,67
03/05/2026,21591,398645,Pregnancy Test - Milk,Pregnant,0.569,137,69
03/05/2026,22537,398645,Pregnancy Test - Milk,Pregnant,POS,267,213
03/05/2026,22541,398645,Pregnancy Test - Milk,Pregnant,2.099,266,182
03/05/2026,20165,398645,Pregnancy Test - Milk,Pregnant,POS,332,149
03/05/2026,18259,398645,Pregnancy Test - Milk,Pregnant,1.379,151,26
03/05/2026,22010,398645,Pregnancy Test - Milk,Pregnant,POS,404,266
03/05/2026,20167,398645,Pregnancy Test - Milk,Open,0.008,141,0
03/05/2026,20860,398645,Pregnancy Test - Milk,Pregnant,POS,263,28
03/05/2026,20846,398645,Pregnancy Test - Milk,Pregnant,2.432,321,30
03/05/2026,22734,398645,Pregnancy Test - Milk,Pregnant,0.618,214,68
03/05/2026,55226,398645,Pregnancy Test - Milk,Pregnant,1.334,137,72
03/05/2026,19867,398645,Pregnancy Test - Milk,Pregnant,0.471,139,70
03/05/2026,18331,398645,Pregnancy Test - Milk,Pregnant,0.866,129,70
03/05/2026,21566,398645,Pregnancy Test - Milk,Pregnant,0.776,122,68
03/05/2026,20328,398645,Pregnancy Test - Milk,Pregnant,POS,272,181
03/05/2026,20942,398645,Pregnancy Test - Milk,Pregnant,2.639,293,181
03/05/2026,20837,398645,Pregnancy Test - Milk,Pregnant,0.985,199,10
03/05/2026,3143,398645,Pregnancy Test - Milk,Pregnant,0.603,158,71
03/05/2026,22752,398645,Pregnancy Test - Milk,Pregnant,0.963,137,8
03/05/2026,23058,398645,Pregnancy Test - Milk,Pregnant,0.632,153,87
03/05/2026,19163,398645,Pregnancy Test - Milk,Open,0.017,274,70
03/05/2026,12643,398645,Pregnancy Test - Milk,Pregnant,2.574,256,184
03/05/2026,9832,398645,Pregnancy Test - Milk,Pregnant,1.649,149,66
03/05/2026,22580,398645,Pregnancy Test - Milk,Pregnant,0.496,155,112
03/05/2026,20825,398645,Pregnancy Test - Milk,Pregnant,POS,332,187
03/05/2026,22596,398645,Pregnancy Test - Milk,Pregnant,POS,267,18
03/05/2026,18375,398645,Pregnancy Test - Milk,Pregnant,1.226,146,44
03/05/2026,21010,398645,Pregnancy Test - Milk,Pregnant,1.512,246,77
03/05/2026,17557,398645,Pregnancy Test - Milk,Pregnant,0.349,207,123
03/19/2026,21051,398645,Pregnancy Test - Milk,Pregnant,0.255,152,73
03/19/2026,22941,398645,Pregnancy Test - Milk,Pregnant,0.26,191,71
03/19/2026,21512,398645,Pregnancy Test - Milk,Pregnant,0.392,171,68
03/19/2026,20468,398645,Pregnancy Test - Milk,Pregnant,2.629,414,152
03/19/2026,16414,398645,Pregnancy Test - Milk,Pregnant,0.685,163,37
03/19/2026,20718,398645,Pregnancy Test - Milk,Pregnant,2.379,305,187
03/19/2026,20082,398645,Pregnancy Test - Milk,Pregnant,1.202,155,32
03/19/2026,19957,398645,Pregnancy Test - Milk,Pregnant,0.499,159,71
03/19/2026,22585,398645,Pregnancy Test - Milk,Pregnant,1.577,273,242
03/19/2026,19890,398645,Pregnancy Test - Milk,Re-Check,0.152,134,37
03/19/2026,21137,398645,Pregnancy Test - Milk,Pregnant,0.456,255,70
03/19/2026,20549,398645,Pregnancy Test - Milk,Pregnant,2.18,411,181
03/19/2026,22923,398645,Pregnancy Test - Milk,Pregnant,0.345,152,86
03/19/2026,21065,398645,Pregnancy Test - Milk,Pregnant,2.691,261,183
03/19/2026,23073,398645,Pregnancy Test - Milk,Pregnant,0.547,155,37
03/19/2026,22676,398645,Pregnancy Test - Milk,Pregnant,0.283,160,44
03/19/2026,22518,398645,Pregnancy Test - Milk,Pregnant,0.922,263,198
03/19/2026,19581,398645,Pregnancy Test - Milk,Pregnant,0.833,258,184
03/19/2026,17850,398645,Pregnancy Test - Milk,Re-Check,0.229,267,37
03/19/2026,20087,398645,Pregnancy Test - Milk,Open,0.025,125,70
03/19/2026,15502,398645,Pregnancy Test - Milk,Pregnant,POS,342,188
03/19/2026,20822,398645,Pregnancy Test - Milk,Pregnant,1.291,353,198
03/19/2026,23062,398645,Pregnancy Test - Milk,Re-Check,0.186,141,37
03/19/2026,19435,398645,Pregnancy Test - Milk,Pregnant,1.665,256,184
03/19/2026,22738,398645,Pregnancy Test - Milk,Pregnant,0.509,207,69
03/19/2026,55308,398645,Pregnancy Test - Milk,Re-Check,0.242,150,69
03/19/2026,1400,398645,Pregnancy Test - Milk,Pregnant,1.475,212,67
03/19/2026,23000,398645,Pregnancy Test - Milk,Pregnant,0.396,151,15
03/19/2026,22453,398645,Pregnancy Test - Milk,Pregnant,0.698,207,141
03/19/2026,18697,398645,Pregnancy Test - Milk,Pregnant,2.201,287,188
03/19/2026,22623,398645,Pregnancy Test - Milk,Pregnant,1.608,267,18
03/19/2026,19241,398645,Pregnancy Test - Milk,Pregnant,0.664,166,127
03/19/2026,21952,398645,Pregnancy Test - Milk,Pregnant,2.114,438,182
03/19/2026,19475,398645,Pregnancy Test - Milk,Pregnant,1.755,258,184
03/19/2026,22713,398645,Pregnancy Test - Milk,Pregnant,0.856,244,66
03/19/2026,19607,398645,Pregnancy Test - Milk,Re-Check,0.242,159,70
03/19/2026,21132,398645,Pregnancy Test - Milk,Pregnant,0.318,148,71
03/19/2026,22535,398645,Pregnancy Test - Milk,Pregnant,2.025,266,199
03/19/2026,10166,398645,Pregnancy Test - Milk,Pregnant,1.695,287,183
03/19/2026,19408,398645,Pregnancy Test - Milk,Pregnant,1.456,265,184
03/19/2026,18251,398645,Pregnancy Test - Milk,Pregnant,0.429,128,37
03/19/2026,1577,398645,Pregnancy Test - Milk,Pregnant,2.224,280,182
03/19/2026,20854,398645,Pregnancy Test - Milk,Pregnant,2.448,347,225
03/19/2026,18340,398645,Pregnancy Test - Milk,Pregnant,0.39,145,71
03/19/2026,10101,398645,Pregnancy Test - Milk,Pregnant,0.624,324,69
03/19/2026,19264,398645,Pregnancy Test - Milk,Pregnant,0.923,224,71
03/19/2026,16700,398645,Pregnancy Test - Milk,Pregnant,0.767,178,72
03/19/2026,18333,398645,Pregnancy Test - Milk,Pregnant,0.291,177,67
03/19/2026,18557,398645,Pregnancy Test - Milk,Pregnant,0.39,144,0
03/19/2026,23093,398645,Pregnancy Test - Milk,Pregnant,0.537,138,37
03/19/2026,19076,398645,Pregnancy Test - Milk,Pregnant,2.61,256,180
03/19/2026,20898,398645,Pregnancy Test - Milk,Pregnant,0.733,255,108
03/19/2026,770,398645,Pregnancy Test - Milk,Re-Check,0.219,147,70
03/19/2026,17802,398645,Pregnancy Test - Milk,Open,-0.013,309,223
03/19/2026,19331,398645,Pregnancy Test - Milk,Pregnant,2.153,310,149
03/19/2026,21173,398645,Pregnancy Test - Milk,Pregnant,0.846,256,183
03/19/2026,1280,398645,Pregnancy Test - Milk,Pregnant,POS,313,187
03/19/2026,3533,398645,Pregnancy Test - Milk,Pregnant,1.758,258,183
03/19/2026,1871,398645,Pregnancy Test - Milk,Pregnant,0.977,271,199
03/19/2026,21987,398645,Pregnancy Test - Milk,Pregnant,1.844,394,206
03/19/2026,20495,398645,Pregnancy Test - Milk,Pregnant,0.565,271,70
03/19/2026,20583,398645,Pregnancy Test - Milk,Pregnant,0.294,165,66
03/19/2026,22329,398645,Pregnancy Test - Milk,Pregnant,2.784,273,156
03/19/2026,19966,398645,Pregnancy Test - Milk,Pregnant,POS,310,251
03/19/2026,20713,398645,Pregnancy Test - Milk,Pregnant,1.691,319,186
03/19/2026,19289,398645,Pregnancy Test - Milk,Pregnant,1.954,251,183
03/19/2026,19067,398645,Pregnancy Test - Milk,Pregnant,POS,255,186
03/19/2026,22390,398645,Pregnancy Test - Milk,Pregnant,1.932,264,198
03/19/2026,22486,398645,Pregnancy Test - Milk,Pregnant,2.392,294,3
03/19/2026,22842,398645,Pregnancy Test - Milk,Open,-0.009,192,66
03/19/2026,19096,398645,Pregnancy Test - Milk,Pregnant,0.512,137,71
03/19/2026,17569,398645,Pregnancy Test - Milk,Pregnant,1.44,320,184
03/19/2026,22922,398645,Pregnancy Test - Milk,Pregnant,0.6,149,69
03/19/2026,21373,398645,Pregnancy Test - Milk,Pregnant,0.251,186,83
03/19/2026,18131,398645,Pregnancy Test - Milk,Pregnant,0.499,177,37
03/19/2026,4161,398645,Pregnancy Test - Milk,Pregnant,0.57,133,76
03/19/2026,22595,398645,Pregnancy Test - Milk,Pregnant,1.558,267,199
03/19/2026,19848,398645,Pregnancy Test - Milk,Pregnant,0.625,188,37
03/19/2026,22327,398645,Pregnancy Test - Milk,Pregnant,1.522,282,182
03/19/2026,20986,398645,Pregnancy Test - Milk,Pregnant,2.173,302,98
03/19/2026,18431,398645,Pregnancy Test - Milk,Pregnant,0.279,185,69
03/19/2026,55256,398645,Pregnancy Test - Milk,Pregnant,0.397,151,43
03/19/2026,21089,398645,Pregnancy Test - Milk,Pregnant,0.454,251,67
03/19/2026,22908,398645,Pregnancy Test - Milk,Pregnant,0.614,194,68
03/19/2026,55270,398645,Pregnancy Test - Milk,Pregnant,0.489,137,72
03/19/2026,22974,398645,Pregnancy Test - Milk,Pregnant,0.367,136,36
03/19/2026,16579,398645,Pregnancy Test - Milk,Pregnant,1.843,355,184
03/19/2026,21002,398645,Pregnancy Test - Milk,Pregnant,0.785,157,69
03/19/2026,17654,398645,Pregnancy Test - Milk,Pregnant,1.702,257,182
03/19/2026,22634,398645,Pregnancy Test - Milk,Open,0.004,255,37
03/19/2026,23087,398645,Pregnancy Test - Milk,Re-Check,0.175,155,37
03/19/2026,20637,398645,Pregnancy Test - Milk,Pregnant,1.595,257,183
03/19/2026,21891,398645,Pregnancy Test - Milk,Pregnant,1.958,462,183
03/19/2026,1621,398645,Pregnancy Test - Milk,Pregnant,0.465,150,31
03/19/2026,17507,398645,Pregnancy Test - Milk,Pregnant,POS,274,18
03/19/2026,819,398645,Pregnancy Test - Milk,Pregnant,0.671,155,0
03/19/2026,20981,398645,Pregnancy Test - Milk,Pregnant,1.315,271,211
03/19/2026,21440,398645,Pregnancy Test - Milk,Pregnant,0.501,140,37
03/19/2026,21554,398645,Pregnancy Test - Milk,Re-Check,0.21,144,68
03/19/2026,22598,398645,Pregnancy Test - Milk,Pregnant,2.134,265,198
03/19/2026,19497,398645,Pregnancy Test - Milk,Pregnant,0.516,255,69
03/19/2026,18178,398645,Pregnancy Test - Milk,Re-Check,0.207,166,94
03/19/2026,21305,398645,Pregnancy Test - Milk,Pregnant,0.272,171,68
03/19/2026,19685,398645,Pregnancy Test - Milk,Pregnant,0.561,213,67
03/19/2026,22428,398645,Pregnancy Test - Milk,Pregnant,2.671,306,182
03/19/2026,21806,398645,Pregnancy Test - Milk,Pregnant,POS,423,149
03/19/2026,22548,398645,Pregnancy Test - Milk,Pregnant,1.826,285,183
03/19/2026,20958,398645,Pregnancy Test - Milk,Pregnant,2.403,254,149
03/19/2026,19790,398645,Pregnancy Test - Milk,Pregnant,0.254,203,37
03/19/2026,19037,398645,Pregnancy Test - Milk,Pregnant,2.369,378,225
03/19/2026,20033,398645,Pregnancy Test - Milk,Re-Check,0.246,121,67
03/19/2026,18505,398645,Pregnancy Test - Milk,Re-Check,0.149,167,30
03/19/2026,18067,398645,Pregnancy Test - Milk,Pregnant,2.372,267,55
03/19/2026,1498,398645,Pregnancy Test - Milk,Pregnant,POS,281,186
03/19/2026,20927,398645,Pregnancy Test - Milk,Pregnant,1.272,258,184
03/19/2026,55241,398645,Pregnancy Test - Milk,Pregnant,0.281,140,36
03/19/2026,19378,398645,Pregnancy Test - Milk,Re-Check,0.246,189,70
03/19/2026,22993,398645,Pregnancy Test - Milk,Pregnant,0.579,152,87
03/19/2026,21436,398645,Pregnancy Test - Milk,Pregnant,0.485,193,72
03/19/2026,1460,398645,Pregnancy Test - Milk,Pregnant,0.348,219,122
03/19/2026,19461,398645,Pregnancy Test - Milk,Pregnant,1.454,266,198
03/19/2026,22701,398645,Pregnancy Test - Milk,Pregnant,0.367,155,37
03/19/2026,22433,398645,Pregnancy Test - Milk,Pregnant,2.161,263,96
03/19/2026,19834,398645,Pregnancy Test - Milk,Pregnant,0.282,174,109
03/19/2026,20114,398645,Pregnancy Test - Milk,Pregnant,0.352,143,87
03/19/2026,19452,398645,Pregnancy Test - Milk,Pregnant,2.695,254,184
03/26/2026,16168,398645,Pregnancy Test - Milk,Pregnant,2.384,248,58
03/26/2026,21581,398645,Pregnancy Test - Milk,Pregnant,0.712,128,70
03/26/2026,20150,398645,Pregnancy Test - Milk,Re-Check,0.247,138,72
03/26/2026,19912,398645,Pregnancy Test - Milk,Pregnant,0.425,163,70
03/26/2026,22613,398645,Pregnancy Test - Milk,Pregnant,POS,265,198
03/26/2026,1602,398645,Pregnancy Test - Milk,Pregnant,0.528,179,73
03/26/2026,55233,398645,Pregnancy Test - Milk,Pregnant,0.582,153,69
03/26/2026,22489,398645,Pregnancy Test - Milk,Pregnant,POS,265,198
03/26/2026,22361,398645,Pregnancy Test - Milk,Pregnant,2.63,335,39
03/26/2026,18061,398645,Pregnancy Test - Milk,Pregnant,0.403,176,0
03/26/2026,22313,398645,Pregnancy Test - Milk,Pregnant,0.879,346,53
03/26/2026,1537,398645,Pregnancy Test - Milk,Open,0.099,151,71
03/26/2026,19491,398645,Pregnancy Test - Milk,Pregnant,0.339,145,73
03/26/2026,21443,398645,Pregnancy Test - Milk,Pregnant,1.106,165,69
03/26/2026,18343,398645,Pregnancy Test - Milk,Pregnant,2.177,242,149
03/26/2026,19923,398645,Pregnancy Test - Milk,Pregnant,0.719,197,78
03/26/2026,23079,398645,Pregnancy Test - Milk,Re-Check,0.182,150,86
03/26/2026,19304,398645,Pregnancy Test - Milk,Pregnant,0.474,233,37
03/26/2026,19385,398645,Pregnancy Test - Milk,Pregnant,2.791,307,182
03/26/2026,23095,398645,Pregnancy Test - Milk,Pregnant,0.384,155,86
03/26/2026,22617,398645,Pregnancy Test - Milk,Pregnant,0.35,242,76
03/26/2026,22466,398645,Pregnancy Test - Milk,Open,0.067,257,82
03/26/2026,21003,398645,Pregnancy Test - Milk,Pregnant,2.278,335,317
03/26/2026,21831,398645,Pregnancy Test - Milk,Pregnant,1.638,262,198
03/26/2026,22114,398645,Pregnancy Test - Milk,Pregnant,POS,372,149
03/26/2026,20345,398645,Pregnancy Test - Milk,Pregnant,POS,413,186
03/26/2026,14893,398645,Pregnancy Test - Milk,Pregnant,2.256,307,216
03/26/2026,20575,398645,Pregnancy Test - Milk,Pregnant,1.097,253,70
03/26/2026,20634,398645,Pregnancy Test - Milk,Pregnant,2.215,278,188
03/26/2026,22292,398645,Pregnancy Test - Milk,Pregnant,POS,271,156
03/26/2026,16246,398645,Pregnancy Test - Milk,Re-Check,0.195,161,73
03/26/2026,21387,398645,Pregnancy Test - Milk,Pregnant,0.54,163,68
03/26/2026,22152,398645,Pregnancy Test - Milk,Pregnant,POS,310,205
03/26/2026,22529,398645,Pregnancy Test - Milk,Pregnant,2.295,264,198
03/26/2026,55227,398645,Pregnancy Test - Milk,Pregnant,0.492,154,69
03/26/2026,23001,398645,Pregnancy Test - Milk,Re-Check,0.166,155,86
03/26/2026,22616,398645,Pregnancy Test - Milk,Pregnant,POS,266,199
03/26/2026,55262,398645,Pregnancy Test - Milk,Pregnant,0.387,155,0
03/26/2026,20073,398645,Pregnancy Test - Milk,Pregnant,0.691,132,70
03/26/2026,18511,398645,Pregnancy Test - Milk,Pregnant,0.614,148,71
03/26/2026,20706,398645,Pregnancy Test - Milk,Pregnant,POS,318,183
03/26/2026,22796,398645,Pregnancy Test - Milk,Pregnant,0.43,212,72
03/26/2026,22318,398645,Pregnancy Test - Milk,Pregnant,0.816,281,69
03/26/2026,19436,398645,Pregnancy Test - Milk,Pregnant,1.707,261,135
03/26/2026,18955,398645,Pregnancy Test - Milk,Pregnant,2.201,284,219
03/26/2026,22606,398645,Pregnancy Test - Milk,Pregnant,POS,263,182
03/26/2026,22427,398645,Pregnancy Test - Milk,Pregnant,2.06,288,148
03/26/2026,17963,398645,Pregnancy Test - Milk,Pregnant,POS,267,182
03/26/2026,17734,398645,Pregnancy Test - Milk,Pregnant,2.249,304,207
03/26/2026,20317,398645,Pregnancy Test - Milk,Pregnant,0.832,143,143
03/26/2026,17414,398645,Pregnancy Test - Milk,Pregnant,POS,320,149
03/26/2026,21990,398645,Pregnancy Test - Milk,Pregnant,POS,444,156
03/26/2026,22567,398645,Pregnancy Test - Milk,Pregnant,1.398,263,198
03/26/2026,825,398645,Pregnancy Test - Milk,Pregnant,0.93,151,70
03/26/2026,22228,398645,Pregnancy Test - Milk,Pregnant,POS,362,183
03/26/2026,18161,398645,Pregnancy Test - Milk,Pregnant,POS,362,213
03/26/2026,17536,398645,Pregnancy Test - Milk,Pregnant,0.478,198,85
03/26/2026,20838,398645,Pregnancy Test - Milk,Pregnant,2.303,298,149
03/26/2026,18487,398645,Pregnancy Test - Milk,Pregnant,POS,491,189
03/26/2026,22778,398645,Pregnancy Test - Milk,Pregnant,POS,202,70
03/26/2026,22252,398645,Pregnancy Test - Milk,Pregnant,2.61,311,149
03/26/2026,21955,398645,Pregnancy Test - Milk,Pregnant,POS,445,95
03/26/2026,23036,398645,Pregnancy Test - Milk,Open,0.095,155,86
03/26/2026,22654,398645,Pregnancy Test - Milk,Pregnant,2.217,262,149
03/26/2026,21376,398645,Pregnancy Test - Milk,Pregnant,0.524,193,70
03/26/2026,21550,398645,Pregnancy Test - Milk,Pregnant,0.36,147,68
03/26/2026,16038,398645,Pregnancy Test - Milk,Pregnant,1.387,255,184
03/26/2026,22218,398645,Pregnancy Test - Milk,Pregnant,POS,326,149
03/26/2026,22637,398645,Pregnancy Test - Milk,Pregnant,2.115,262,198
03/26/2026,22962,398645,Pregnancy Test - Milk,Re-Check,0.216,150,36
03/26/2026,22438,398645,Pregnancy Test - Milk,Open,0.019,304,149
03/26/2026,22158,398645,Pregnancy Test - Milk,Pregnant,POS,316,185
03/26/2026,9815,398645,Pregnancy Test - Milk,Pregnant,2.546,140,73
03/26/2026,21702,398645,Pregnancy Test - Milk,Pregnant,0.283,140,67
03/26/2026,21658,398645,Pregnancy Test - Milk,Re-Check,0.244,134,72
03/26/2026,55263,398645,Pregnancy Test - Milk,Pregnant,0.793,151,69
03/26/2026,22269,398645,Pregnancy Test - Milk,Pregnant,POS,329,182
03/26/2026,23056,398645,Pregnancy Test - Milk,Pregnant,0.497,154,69
03/26/2026,20756,398645,Pregnancy Test - Milk,Pregnant,POS,350,182
03/26/2026,21598,398645,Pregnancy Test - Milk,Pregnant,0.818,160,37
03/26/2026,21348,398645,Pregnancy Test - Milk,Pregnant,0.709,187,61
03/26/2026,21046,398645,Pregnancy Test - Milk,Pregnant,POS,273,128
03/26/2026,21093,398645,Pregnancy Test - Milk,Pregnant,1.963,304,181
03/26/2026,22344,398645,Pregnancy Test - Milk,Pregnant,2.665,311,149
03/26/2026,22740,398645,Pregnancy Test - Milk,Pregnant,0.319,213,87
03/26/2026,22988,398645,Pregnancy Test - Milk,Pregnant,0.471,190,37
03/26/2026,22951,398645,Pregnancy Test - Milk,Pregnant,0.296,173,70
03/26/2026,19641,398645,Pregnancy Test - Milk,Pregnant,0.571,220,70
03/26/2026,21488,398645,Pregnancy Test - Milk,Pregnant,0.641,142,70
03/26/2026,21587,398645,Pregnancy Test - Milk,Pregnant,0.532,130,67
03/26/2026,16652,398645,Pregnancy Test - Milk,Re-Check,0.241,142,69
03/26/2026,22351,398645,Pregnancy Test - Milk,Pregnant,2.204,327,39
03/26/2026,22635,398645,Pregnancy Test - Milk,Pregnant,1.23,254,30
03/26/2026,20961,398645,Pregnancy Test - Milk,Pregnant,0.903,183,71
03/26/2026,20539,398645,Pregnancy Test - Milk,Pregnant,0.975,251,67
03/26/2026,18388,398645,Pregnancy Test - Milk,Pregnant,0.306,136,66
03/26/2026,16508,398645,Pregnancy Test - Milk,Pregnant,0.329,145,70
03/26/2026,18037,398645,Pregnancy Test - Milk,Pregnant,0.603,134,71
03/26/2026,55273,398645,Pregnancy Test - Milk,Pregnant,0.269,161,104
03/26/2026,22338,398645,Pregnancy Test - Milk,Pregnant,POS,322,188
03/26/2026,22075,398645,Pregnancy Test - Milk,Pregnant,2.843,343,149
03/26/2026,23094,398645,Pregnancy Test - Milk,Pregnant,0.505,155,154
03/26/2026,21500,398645,Pregnancy Test - Milk,Pregnant,0.656,142,68
03/26/2026,17395,398645,Pregnancy Test - Milk,Pregnant,1.559,269,198
03/26/2026,19224,398645,Pregnancy Test - Milk,Pregnant,0.362,133,71
03/26/2026,22369,398645,Pregnancy Test - Milk,Pregnant,2.028,285,149
03/26/2026,22817,398645,Pregnancy Test - Milk,Pregnant,0.433,197,30
03/26/2026,18748,398645,Pregnancy Test - Milk,Pregnant,1.885,300,186
03/26/2026,22143,398645,Pregnancy Test - Milk,Pregnant,1.339,369,6
03/26/2026,21674,398645,Pregnancy Test - Milk,Pregnant,0.698,142,98
03/26/2026,22487,398645,Pregnancy Test - Milk,Pregnant,2.22,284,149
03/26/2026,22399,398645,Pregnancy Test - Milk,Pregnant,2.589,285,182
03/26/2026,18751,398645,Pregnancy Test - Milk,Pregnant,2.527,283,205
03/26/2026,21804,398645,Pregnancy Test - Milk,Re-Check,0.19,124,66
03/26/2026,21921,398645,Pregnancy Test - Milk,Pregnant,POS,453,185
03/26/2026,20355,398645,Pregnancy Test - Milk,Pregnant,2.588,331,199
03/26/2026,23081,398645,Pregnancy Test - Milk,Pregnant,0.363,150,86
03/26/2026,22011,398645,Pregnancy Test - Milk,Pregnant,POS,329,182
03/26/2026,1585,398645,Pregnancy Test - Milk,Pregnant,1.662,313,181
03/26/2026,23052,398645,Pregnancy Test - Milk,Pregnant,0.449,150,18
03/26/2026,22420,398645,Pregnancy Test - Milk,Pregnant,2.37,312,149
03/26/2026,15399,398645,Pregnancy Test - Milk,Pregnant,2.349,307,262
03/26/2026,17617,398645,Pregnancy Test - Milk,Pregnant,1.914,257,186
03/26/2026,19391,398645,Pregnancy Test - Milk,Pregnant,0.409,171,145
03/26/2026,55275,398645,Pregnancy Test - Milk,Re-Check,0.177,150,70
04/02/2026,21082,398645,Pregnancy Test - Milk,Pregnant,2.429,289,187
04/02/2026,20968,398645,Pregnancy Test - Milk,Pregnant,2.399,303,182
04/02/2026,22644,398645,Pregnancy Test - Milk,Pregnant,1.352,263,200
04/02/2026,19681,398645,Pregnancy Test - Milk,Pregnant,0.319,138,67
04/02/2026,23107,398645,Pregnancy Test - Milk,Pregnant,0.795,154,86
04/02/2026,22912,398645,Pregnancy Test - Milk,Re-Check,0.179,171,69
04/02/2026,18158,398645,Pregnancy Test - Milk,Pregnant,POS,253,183
04/02/2026,19383,398645,Pregnancy Test - Milk,Pregnant,1.504,272,187
04/02/2026,19306,398645,Pregnancy Test - Milk,Pregnant,2.274,269,165
04/02/2026,20070,398645,Pregnancy Test - Milk,Pregnant,POS,285,184
04/02/2026,19982,398645,Pregnancy Test - Milk,Pregnant,0.504,137,66
04/02/2026,20791,398645,Pregnancy Test - Milk,Pregnant,0.519,361,72
04/02/2026,21660,398645,Pregnancy Test - Milk,Pregnant,0.551,129,71
04/02/2026,1499,398645,Pregnancy Test - Milk,Pregnant,0.749,165,67
04/02/2026,20905,398645,Pregnancy Test - Milk,Pregnant,1.792,253,184
04/02/2026,21574,398645,Pregnancy Test - Milk,Pregnant,0.362,166,114
04/02/2026,19756,398645,Pregnancy Test - Milk,Pregnant,0.441,146,130
04/02/2026,17834,398645,Pregnancy Test - Milk,Pregnant,1.513,306,25
04/02/2026,3529,398645,Pregnancy Test - Milk,Pregnant,1.757,296,12
04/02/2026,19256,398645,Pregnancy Test - Milk,Pregnant,0.543,193,72
04/02/2026,949,398645,Pregnancy Test - Milk,Pregnant,0.349,147,146
04/02/2026,10098,398645,Pregnancy Test - Milk,Pregnant,2.336,253,183
04/02/2026,1624,398645,Pregnancy Test - Milk,Pregnant,0.645,152,70
04/02/2026,22393,398645,Pregnancy Test - Milk,Pregnant,1.998,287,181
04/02/2026,18059,398645,Pregnancy Test - Milk,Pregnant,1.202,227,72
04/02/2026,16557,398645,Pregnancy Test - Milk,Pregnant,0.368,143,70
04/02/2026,20195,398645,Pregnancy Test - Milk,Pregnant,0.653,164,77
04/02/2026,22447,398645,Pregnancy Test - Milk,Pregnant,2.823,266,149
04/02/2026,18049,398645,Pregnancy Test - Milk,Pregnant,2.307,252,184
04/02/2026,19134,398645,Pregnancy Test - Milk,Pregnant,POS,260,182
04/02/2026,1599,398645,Pregnancy Test - Milk,Pregnant,0.287,205,87
04/02/2026,21633,398645,Pregnancy Test - Milk,Re-Check,0.111,142,0
04/02/2026,18746,398645,Pregnancy Test - Milk,Pregnant,POS,298,183
04/02/2026,18193,398645,Pregnancy Test - Milk,Pregnant,0.288,126,69
04/02/2026,21236,398645,Pregnancy Test - Milk,Pregnant,2.688,270,199
04/02/2026,19651,398645,Pregnancy Test - Milk,Pregnant,1.528,269,187
04/02/2026,15482,398645,Pregnancy Test - Milk,Pregnant,2.211,382,216
04/02/2026,22343,398645,Pregnancy Test - Milk,Pregnant,1.846,343,214
04/02/2026,21692,398645,Pregnancy Test - Milk,Pregnant,2.355,440,182
04/02/2026,21312,398645,Pregnancy Test - Milk,Pregnant,0.491,203,74
04/02/2026,22663,398645,Pregnancy Test - Milk,Pregnant,1.924,263,149
04/02/2026,23104,398645,Pregnancy Test - Milk,Pregnant,0.492,153,17
04/02/2026,1449,398645,Pregnancy Test - Milk,Pregnant,POS,315,170
04/02/2026,21316,398645,Pregnancy Test - Milk,Pregnant,0.319,146,69
04/02/2026,23168,398645,Pregnancy Test - Milk,Pregnant,0.358,170,37
04/02/2026,23033,398645,Pregnancy Test - Milk,Pregnant,0.656,178,68
04/02/2026,22608,398645,Pregnancy Test - Milk,Pregnant,POS,275,13
04/02/2026,16428,398645,Pregnancy Test - Milk,Pregnant,1.992,255,184
04/02/2026,22638,398645,Pregnancy Test - Milk,Pregnant,POS,262,178
04/02/2026,19459,398645,Pregnancy Test - Milk,Pregnant,2.313,287,188
04/02/2026,23102,398645,Pregnancy Test - Milk,Pregnant,0.634,157,93
04/02/2026,19386,398645,Pregnancy Test - Milk,Pregnant,POS,265,182
04/02/2026,19550,398645,Pregnancy Test - Milk,Pregnant,POS,270,182
04/02/2026,21408,398645,Pregnancy Test - Milk,Pregnant,0.745,132,72
04/02/2026,21253,398645,Pregnancy Test - Milk,Open,-0.013,266,197
04/02/2026,23253,398645,Pregnancy Test - Milk,Pregnant,0.42,154,70
04/02/2026,22899,398645,Pregnancy Test - Milk,Pregnant,0.515,211,79
04/02/2026,22896,398645,Pregnancy Test - Milk,Pregnant,0.608,197,68
04/02/2026,19131,398645,Pregnancy Test - Milk,Pregnant,1.673,271,182
04/02/2026,21012,398645,Pregnancy Test - Milk,Pregnant,2.141,299,187
04/02/2026,21428,398645,Pregnancy Test - Milk,Pregnant,POS,270,240
04/02/2026,20862,398645,Pregnancy Test - Milk,Pregnant,POS,260,184
04/02/2026,21120,398645,Pregnancy Test - Milk,Pregnant,POS,302,187
04/02/2026,22278,398645,Pregnancy Test - Milk,Pregnant,2.083,335,164
04/02/2026,22593,398645,Pregnancy Test - Milk,Pregnant,1.487,261,198
04/02/2026,21628,398645,Pregnancy Test - Milk,Pregnant,0.948,143,71
04/02/2026,23137,398645,Pregnancy Test - Milk,Pregnant,0.445,149,37
04/02/2026,19559,398645,Pregnancy Test - Milk,Pregnant,POS,274,181
04/02/2026,22614,398645,Pregnancy Test - Milk,Pregnant,POS,274,128
04/02/2026,15336,398645,Pregnancy Test - Milk,Pregnant,1.63,298,84
04/02/2026,21049,398645,Pregnancy Test - Milk,Pregnant,0.313,173,71
04/02/2026,23114,398645,Pregnancy Test - Milk,Pregnant,0.315,161,76
04/02/2026,22886,398645,Pregnancy Test - Milk,Pregnant,0.531,202,75
04/02/2026,22255,398645,Pregnancy Test - Milk,Pregnant,POS,268,231
04/02/2026,19742,398645,Pregnancy Test - Milk,Pregnant,0.704,190,44
04/02/2026,20037,398645,Pregnancy Test - Milk,Pregnant,0.301,139,71
04/02/2026,1580,398645,Pregnancy Test - Milk,Pregnant,2.246,256,184
04/02/2026,19438,398645,Pregnancy Test - Milk,Pregnant,2.102,260,187
04/02/2026,10050,398645,Pregnancy Test - Milk,Pregnant,0.534,252,70
04/02/2026,22522,398645,Pregnancy Test - Milk,Pregnant,1.009,264,198
04/02/2026,23035,398645,Pregnancy Test - Milk,Pregnant,0.281,175,69
04/02/2026,14863,398645,Pregnancy Test - Milk,Pregnant,0.66,123,66
04/02/2026,804,398645,Pregnancy Test - Milk,Pregnant,0.537,170,37
04/02/2026,17222,398645,Pregnancy Test - Milk,Pregnant,0.831,139,68
04/02/2026,22673,398645,Pregnancy Test - Milk,Pregnant,0.529,213,68
04/02/2026,17853,398645,Pregnancy Test - Milk,Re-Check,0.236,218,72
04/02/2026,22581,398645,Pregnancy Test - Milk,Pregnant,2.636,262,148
04/02/2026,22660,398645,Pregnancy Test - Milk,Pregnant,2.087,264,198
04/02/2026,55205,398645,Pregnancy Test - Milk,Pregnant,0.882,154,69
04/02/2026,21346,398645,Pregnancy Test - Milk,Pregnant,0.572,191,36
04/02/2026,19269,398645,Pregnancy Test - Milk,Pregnant,2.468,267,237
04/02/2026,17816,398645,Pregnancy Test - Milk,Pregnant,0.358,188,70
04/02/2026,22199,398645,Pregnancy Test - Milk,Pregnant,2.824,376,149
04/02/2026,19496,398645,Pregnancy Test - Milk,Pregnant,2.321,239,182
04/02/2026,20757,398645,Pregnancy Test - Milk,Pregnant,2.083,245,183
04/02/2026,55314,398645,Pregnancy Test - Milk,Pregnant,0.453,137,37
04/02/2026,18268,398645,Pregnancy Test - Milk,Pregnant,2.811,243,183
04/02/2026,1604,398645,Pregnancy Test - Milk,Pregnant,0.738,171,69
04/02/2026,20872,398645,Pregnancy Test - Milk,Pregnant,0.887,267,181
04/02/2026,21041,398645,Pregnancy Test - Milk,Pregnant,2.298,272,184
04/02/2026,20687,398645,Pregnancy Test - Milk,Pregnant,2.421,300,184
04/02/2026,21143,398645,Pregnancy Test - Milk,Pregnant,2.825,247,181
04/02/2026,19325,398645,Pregnancy Test - Milk,Pregnant,1.431,258,184
04/02/2026,21289,398645,Pregnancy Test - Milk,Pregnant,0.997,202,69
04/02/2026,20778,398645,Pregnancy Test - Milk,Pregnant,1.558,359,213
04/02/2026,22776,398645,Pregnancy Test - Milk,Open,-0.007,227,18
04/02/2026,22088,398645,Pregnancy Test - Milk,Pregnant,2.422,402,149
04/02/2026,55294,398645,Pregnancy Test - Milk,Pregnant,0.427,132,71
04/02/2026,20513,398645,Pregnancy Test - Milk,Pregnant,0.889,247,80
04/02/2026,21264,398645,Pregnancy Test - Milk,Pregnant,2.844,513,155
04/02/2026,23112,398645,Pregnancy Test - Milk,Pregnant,0.589,152,69
04/02/2026,20026,398645,Pregnancy Test - Milk,Pregnant,0.507,207,67
04/02/2026,17521,398645,Pregnancy Test - Milk,Pregnant,1.66,383,21
04/02/2026,1530,398645,Pregnancy Test - Milk,Pregnant,2.618,366,149
04/02/2026,18160,398645,Pregnancy Test - Milk,Pregnant,0.363,369,108
04/02/2026,21977,398645,Pregnancy Test - Milk,Pregnant,POS,441,181
04/02/2026,55266,398645,Pregnancy Test - Milk,Pregnant,0.471,152,86
04/02/2026,23048,398645,Pregnancy Test - Milk,Pregnant,0.382,178,72
04/02/2026,18194,398645,Pregnancy Test - Milk,Pregnant,2.246,335,187
04/02/2026,22401,398645,Pregnancy Test - Milk,Pregnant,2.117,301,251
04/02/2026,21020,398645,Pregnancy Test - Milk,Pregnant,1.019,270,181
04/02/2026,21535,398645,Pregnancy Test - Milk,Re-Check,0.239,155,69
04/02/2026,22679,398645,Pregnancy Test - Milk,Pregnant,POS,264,198
04/02/2026,19192,398645,Pregnancy Test - Milk,Pregnant,2.061,270,211
04/02/2026,23012,398645,Pregnancy Test - Milk,Pregnant,0.484,188,37
04/02/2026,18126,398645,Pregnancy Test - Milk,Pregnant,0.735,236,67
04/02/2026,13057,398645,Pregnancy Test - Milk,Pregnant,2.517,277,184
04/02/2026,22985,398645,Pregnancy Test - Milk,Pregnant,0.648,169,67
04/02/2026,22656,398645,Pregnancy Test - Milk,Pregnant,1.832,267,198
04/02/2026,22182,398645,Pregnancy Test - Milk,Pregnant,1.878,353,240
04/09/2026,19212,398645,Pregnancy Test - Milk,Pregnant,0.351,235,37
04/09/2026,21131,398645,Pregnancy Test - Milk,Pregnant,0.921,272,66
04/09/2026,55287,398645,Pregnancy Test - Milk,Pregnant,0.264,149,108
04/09/2026,22242,398645,Pregnancy Test - Milk,Pregnant,2.805,262,181
04/09/2026,16501,398645,Pregnancy Test - Milk,Pregnant,0.445,148,73
04/09/2026,23129,398645,Pregnancy Test - Milk,Pregnant,0.726,155,22
04/09/2026,21784,398645,Pregnancy Test - Milk,Pregnant,1.432,447,185
04/09/2026,1558,398645,Pregnancy Test - Milk,Pregnant,2.537,505,184
04/09/2026,20650,398645,Pregnancy Test - Milk,Pregnant,POS,319,148
04/09/2026,19975,398645,Pregnancy Test - Milk,Pregnant,0.287,148,72
04/09/2026,23132,398645,Pregnancy Test - Milk,Pregnant,0.5,150,108
04/09/2026,14650,398645,Pregnancy Test - Milk,Pregnant,1.032,214,66
04/09/2026,19161,398645,Pregnancy Test - Milk,Pregnant,0.276,167,69
04/09/2026,23061,398645,Pregnancy Test - Milk,Pregnant,0.315,186,122
04/09/2026,19488,398645,Pregnancy Test - Milk,Pregnant,2.519,318,181
04/09/2026,21153,398645,Pregnancy Test - Milk,Pregnant,POS,254,186
04/09/2026,20900,398645,Pregnancy Test - Milk,Pregnant,2.212,294,91
04/09/2026,22997,398645,Pregnancy Test - Milk,Pregnant,0.491,177,69
04/09/2026,20237,398645,Pregnancy Test - Milk,Pregnant,0.438,133,67
04/09/2026,18680,398645,Pregnancy Test - Milk,Pregnant,0.281,414,69
04/09/2026,23111,398645,Pregnancy Test - Milk,Re-Check,0.195,150,69
04/09/2026,21036,398645,Pregnancy Test - Milk,Pregnant,1.614,255,184
04/09/2026,21270,398645,Pregnancy Test - Milk,Pregnant,2.761,284,182
04/09/2026,16985,398645,Pregnancy Test - Milk,Re-Check,0.205,147,71
04/09/2026,23126,398645,Pregnancy Test - Milk,Re-Check,0.168,153,72
04/09/2026,22665,398645,Pregnancy Test - Milk,Pregnant,0.939,266,102
04/09/2026,20991,398645,Pregnancy Test - Milk,Pregnant,0.452,197,71
04/09/2026,19232,398645,Pregnancy Test - Milk,Pregnant,2.345,271,187
04/09/2026,22736,398645,Pregnancy Test - Milk,Pregnant,1.988,261,181
04/09/2026,18292,398645,Pregnancy Test - Milk,Pregnant,0.483,152,32
04/09/2026,22601,398645,Pregnancy Test - Milk,Pregnant,2.252,263,149
04/09/2026,21419,398645,Pregnancy Test - Milk,Pregnant,0.698,240,66
04/09/2026,434,398645,Pregnancy Test - Milk,Pregnant,1.44,268,182
04/09/2026,22478,398645,Pregnancy Test - Milk,Pregnant,2.613,316,187
04/09/2026,22437,398645,Pregnancy Test - Milk,Pregnant,POS,325,149
04/09/2026,19167,398645,Pregnancy Test - Milk,Pregnant,POS,360,230
04/09/2026,16342,398645,Pregnancy Test - Milk,Pregnant,0.484,145,70
04/09/2026,18221,398645,Pregnancy Test - Milk,Pregnant,2.782,432,185
04/09/2026,22564,398645,Pregnancy Test - Milk,Pregnant,0.531,255,36
04/09/2026,22348,398645,Pregnancy Test - Milk,Pregnant,1.522,286,53
04/09/2026,18930,398645,Pregnancy Test - Milk,Pregnant,2.608,262,187
04/09/2026,22622,398645,Pregnancy Test - Milk,Pregnant,2.477,262,181
04/09/2026,19922,398645,Pregnancy Test - Milk,Pregnant,0.295,154,34
04/09/2026,22716,398645,Pregnancy Test - Milk,Pregnant,1.553,264,181
04/09/2026,22814,398645,Pregnancy Test - Milk,Pregnant,0.478,193,70
04/09/2026,21022,398645,Pregnancy Test - Milk,Pregnant,0.459,235,72
04/09/2026,55300,398645,Pregnancy Test - Milk,Pregnant,0.304,154,37
04/09/2026,17987,398645,Pregnancy Test - Milk,Pregnant,0.317,191,191
04/09/2026,18790,398645,Pregnancy Test - Milk,Pregnant,POS,327,182
04/09/2026,21563,398645,Pregnancy Test - Milk,Pregnant,0.339,126,66
04/09/2026,17620,398645,Pregnancy Test - Milk,Pregnant,1.541,291,158
04/09/2026,23026,398645,Pregnancy Test - Milk,Pregnant,0.481,155,86
04/09/2026,22509,398645,Pregnancy Test - Milk,Pregnant,1.683,266,149
04/09/2026,16751,398645,Pregnancy Test - Milk,Pregnant,1.426,249,183
04/09/2026,18338,398645,Pregnancy Test - Milk,Pregnant,1.739,349,185
04/09/2026,21672,398645,Pregnancy Test - Milk,Open,0.057,156,66
04/09/2026,21632,398645,Pregnancy Test - Milk,Pregnant,0.26,157,66
04/09/2026,19205,398645,Pregnancy Test - Milk,Pregnant,2.034,266,187
04/09/2026,17905,398645,Pregnancy Test - Milk,Pregnant,0.387,157,30
04/09/2026,20782,398645,Pregnancy Test - Milk,Pregnant,2.047,345,182
04/09/2026,22788,398645,Pregnancy Test - Milk,Pregnant,0.508,183,70
04/09/2026,9675,398645,Pregnancy Test - Milk,Pregnant,0.305,144,67
04/09/2026,43948,398645,Pregnancy Test - Milk,Pregnant,1.745,412,187
04/09/2026,55306,398645,Pregnancy Test - Milk,Pregnant,0.454,149,86
04/09/2026,20984,398645,Pregnancy Test - Milk,Pregnant,2.445,290,181
04/09/2026,20451,398645,Pregnancy Test - Milk,Pregnant,2.326,344,181
04/09/2026,20709,398645,Pregnancy Test - Milk,Pregnant,2.076,354,181
04/09/2026,9526,398645,Pregnancy Test - Milk,Pregnant,1.23,284,149
04/09/2026,23109,398645,Pregnancy Test - Milk,Pregnant,0.497,151,86
04/09/2026,21501,398645,Pregnancy Test - Milk,Pregnant,0.422,208,83
04/09/2026,18048,398645,Pregnancy Test - Milk,Open,0.033,262,70
04/09/2026,55265,398645,Pregnancy Test - Milk,Pregnant,0.432,173,70
04/09/2026,22565,398645,Pregnancy Test - Milk,Pregnant,1.647,295,188
04/09/2026,19731,398645,Pregnancy Test - Milk,Pregnant,1.52,255,187
04/09/2026,18139,398645,Pregnancy Test - Milk,Pregnant,1.215,146,69
04/09/2026,20096,398645,Pregnancy Test - Milk,Pregnant,0.3,142,67
04/09/2026,21707,398645,Pregnancy Test - Milk,Pregnant,0.823,148,67
04/09/2026,18243,398645,Pregnancy Test - Milk,Pregnant,1.039,181,14
04/09/2026,23135,398645,Pregnancy Test - Milk,Pregnant,0.394,145,30
04/09/2026,17746,398645,Pregnancy Test - Milk,Pregnant,1.824,297,186
04/09/2026,55269,398645,Pregnancy Test - Milk,Re-Check,0.229,176,70
04/09/2026,17450,398645,Pregnancy Test - Milk,Pregnant,POS,324,116
04/09/2026,20201,398645,Pregnancy Test - Milk,Pregnant,0.971,157,72
04/09/2026,22406,398645,Pregnancy Test - Milk,Pregnant,1.224,263,198
04/09/2026,22274,398645,Pregnancy Test - Milk,Pregnant,2.75,359,148
04/09/2026,55242,398645,Pregnancy Test - Milk,Pregnant,0.46,171,68
04/09/2026,19779,398645,Pregnancy Test - Milk,Pregnant,0.523,174,70
04/09/2026,21395,398645,Pregnancy Test - Milk,Pregnant,0.424,133,68
04/09/2026,21255,398645,Pregnancy Test - Milk,Pregnant,0.621,206,69
04/09/2026,21608,398645,Pregnancy Test - Milk,Pregnant,0.474,140,67
04/09/2026,18536,398645,Pregnancy Test - Milk,Pregnant,0.41,190,37
04/09/2026,19292,398645,Pregnancy Test - Milk,Pregnant,2.171,251,182
04/09/2026,19762,398645,Pregnancy Test - Milk,Pregnant,POS,259,185
04/09/2026,22429,398645,Pregnancy Test - Milk,Pregnant,POS,327,199
04/09/2026,20946,398645,Pregnancy Test - Milk,Pregnant,2.568,275,171
04/09/2026,1595,398645,Pregnancy Test - Milk,Pregnant,2.126,284,182
04/09/2026,22584,398645,Pregnancy Test - Milk,Pregnant,1.185,262,149
04/09/2026,19551,398645,Pregnancy Test - Milk,Pregnant,2.615,273,210
04/09/2026,22112,398645,Pregnancy Test - Milk,Pregnant,POS,310,149
04/09/2026,21509,398645,Pregnancy Test - Milk,Pregnant,0.573,190,67
04/09/2026,22991,398645,Pregnancy Test - Milk,Pregnant,0.432,162,18
04/09/2026,17992,398645,Pregnancy Test - Milk,Pregnant,1.443,319,185
04/09/2026,17599,398645,Pregnancy Test - Milk,Pregnant,1.67,266,221
04/09/2026,17442,398645,Pregnancy Test - Milk,Pregnant,2.671,346,32
04/09/2026,55303,398645,Pregnancy Test - Milk,Re-Check,0.134,150,87
04/09/2026,21106,398645,Pregnancy Test - Milk,Pregnant,1.595,286,183
04/09/2026,19432,398645,Pregnancy Test - Milk,Pregnant,0.675,197,69
04/09/2026,22398,398645,Pregnancy Test - Milk,Pregnant,0.749,343,37
04/09/2026,55224,398645,Pregnancy Test - Milk,Pregnant,0.96,158,69
04/09/2026,22757,398645,Pregnancy Test - Milk,Pregnant,0.503,221,8
04/09/2026,20787,398645,Pregnancy Test - Milk,Pregnant,POS,290,182
04/09/2026,6276,398645,Pregnancy Test - Milk,Pregnant,0.343,179,0
04/09/2026,1424,398645,Pregnancy Test - Milk,Pregnant,2.165,256,0
04/09/2026,21076,398645,Pregnancy Test - Milk,Pregnant,0.371,267,49
04/09/2026,17019,398645,Pregnancy Test - Milk,Pregnant,2.277,249,69
04/09/2026,19181,398645,Pregnancy Test - Milk,Pregnant,1.831,313,181
04/09/2026,20768,398645,Pregnancy Test - Milk,Pregnant,POS,295,197
04/09/2026,21779,398645,Pregnancy Test - Milk,Pregnant,0.27,130,69
04/09/2026,22729,398645,Pregnancy Test - Milk,Pregnant,0.309,207,68
04/09/2026,22677,398645,Pregnancy Test - Milk,Pregnant,1.16,267,197
04/09/2026,17944,398645,Pregnancy Test - Milk,Pregnant,0.373,155,68
04/09/2026,18056,398645,Pregnancy Test - Milk,Pregnant,0.276,178,72
04/09/2026,16533,398645,Pregnancy Test - Milk,Pregnant,2.091,332,186
04/09/2026,22829,398645,Pregnancy Test - Milk,Pregnant,1.805,197,70
04/09/2026,19718,398645,Pregnancy Test - Milk,Pregnant,0.646,143,69
04/09/2026,22848,398645,Pregnancy Test - Milk,Pregnant,0.633,220,71
04/09/2026,20197,398645,Pregnancy Test - Milk,Pregnant,1.648,308,116
04/09/2026,4167,398645,Pregnancy Test - Milk,Pregnant,0.511,127,68
04/09/2026,21281,398645,Pregnancy Test - Milk,Pregnant,1.345,264,67
04/09/2026,21820,398645,Pregnancy Test - Milk,Re-Check,0.245,126,69
04/09/2026,20324,398645,Pregnancy Test - Milk,Pregnant,POS,471,222
04/09/2026,22591,398645,Pregnancy Test - Milk,Pregnant,0.337,274,37
04/23/2026,14633,398645,Pregnancy Test - Milk,Pregnant,POS,329,181
04/23/2026,21548,398645,Pregnancy Test - Milk,Pregnant,0.749,194,71
04/23/2026,21437,398645,Pregnancy Test - Milk,Pregnant,POS,245,40
04/23/2026,20307,398645,Pregnancy Test - Milk,Pregnant,0.746,145,68
04/23/2026,23030,398645,Pregnancy Test - Milk,Pregnant,0.406,196,36
04/23/2026,20029,398645,Pregnancy Test - Milk,Re-Check,0.19,153,69
04/23/2026,23070,398645,Pregnancy Test - Milk,Pregnant,0.409,166,37
04/23/2026,22711,398645,Pregnancy Test - Milk,Pregnant,1.864,263,149
04/23/2026,22645,398645,Pregnancy Test - Milk,Pregnant,0.853,285,181
04/23/2026,17468,398645,Pregnancy Test - Milk,Pregnant,2.05,367,29
04/23/2026,21283,398645,Pregnancy Test - Milk,Re-Check,0.188,213,72
04/23/2026,21343,398645,Pregnancy Test - Milk,Pregnant,POS,245,188
04/23/2026,4109,398645,Pregnancy Test - Milk,Pregnant,0.582,130,68
04/23/2026,22666,398645,Pregnancy Test - Milk,Pregnant,1.337,286,149
04/23/2026,55230,398645,Pregnancy Test - Milk,Pregnant,0.531,151,37
04/23/2026,21478,398645,Pregnancy Test - Milk,Pregnant,0.362,145,68
04/23/2026,55244,398645,Pregnancy Test - Milk,Pregnant,0.671,170,37
04/23/2026,20998,398645,Pregnancy Test - Milk,Pregnant,2.164,283,185
04/23/2026,21421,398645,Pregnancy Test - Milk,Pregnant,0.81,183,78
04/23/2026,1355,398645,Pregnancy Test - Milk,Pregnant,0.612,171,148
04/23/2026,21490,398645,Pregnancy Test - Milk,Re-Check,0.244,184,73
04/23/2026,1265,398645,Pregnancy Test - Milk,Pregnant,2.622,279,24
04/23/2026,16499,398645,Pregnancy Test - Milk,Pregnant,0.356,164,70
04/23/2026,20043,398645,Pregnancy Test - Milk,Open,0.076,142,5
04/23/2026,22930,398645,Pregnancy Test - Milk,Re-Check,0.138,178,68
04/23/2026,55274,398645,Pregnancy Test - Milk,Pregnant,0.413,174,30
04/23/2026,19312,398645,Pregnancy Test - Milk,Pregnant,2.561,296,185
04/23/2026,22319,398645,Pregnancy Test - Milk,Pregnant,2.164,321,187
04/23/2026,21383,398645,Pregnancy Test - Milk,Pregnant,1.533,247,185
04/23/2026,21001,398645,Pregnancy Test - Milk,Pregnant,POS,288,181
04/23/2026,19761,398645,Pregnancy Test - Milk,Pregnant,POS,251,42
04/23/2026,19741,398645,Pregnancy Test - Milk,Pregnant,0.474,243,70
04/23/2026,20955,398645,Pregnancy Test - Milk,Pregnant,1.565,349,186
04/23/2026,17751,398645,Pregnancy Test - Milk,Pregnant,1.232,298,188
04/23/2026,22382,398645,Pregnancy Test - Milk,Pregnant,POS,353,192
04/23/2026,17849,398645,Pregnancy Test - Milk,Pregnant,2.653,313,181
04/23/2026,23127,398645,Pregnancy Test - Milk,Pregnant,0.546,153,69
04/23/2026,20990,398645,Pregnancy Test - Milk,Pregnant,POS,353,188
04/23/2026,17210,398645,Pregnancy Test - Milk,Pregnant,1.972,341,9
04/23/2026,19371,398645,Pregnancy Test - Milk,Pregnant,0.918,289,68
04/23/2026,55283,398645,Pregnancy Test - Milk,Pregnant,0.696,175,70
04/23/2026,21694,398645,Pregnancy Test - Milk,Pregnant,0.254,173,69
04/23/2026,22727,398645,Pregnancy Test - Milk,Pregnant,2.332,267,232
04/23/2026,19305,398645,Pregnancy Test - Milk,Pregnant,0.502,163,67
04/23/2026,20444,398645,Pregnancy Test - Milk,Pregnant,POS,476,185
04/23/2026,1566,398645,Pregnancy Test - Milk,Pregnant,0.81,196,70
04/23/2026,3487,398645,Pregnancy Test - Milk,Pregnant,2.5,272,185
04/23/2026,18568,398645,Pregnancy Test - Milk,Re-Check,0.182,181,70
04/23/2026,23236,398645,Pregnancy Test - Milk,Pregnant,1.155,149,25
04/23/2026,23180,398645,Pregnancy Test - Milk,Re-Check,0.198,151,37
04/23/2026,23150,398645,Pregnancy Test - Milk,Pregnant,0.44,155,37
04/23/2026,21085,398645,Pregnancy Test - Milk,Pregnant,1.147,319,181
04/23/2026,20681,398645,Pregnancy Test - Milk,Pregnant,POS,382,182
04/23/2026,19769,398645,Pregnancy Test - Milk,Pregnant,0.294,127,71
04/23/2026,23100,398645,Pregnancy Test - Milk,Pregnant,0.656,172,37
04/23/2026,22515,398645,Pregnancy Test - Milk,Pregnant,POS,265,149
04/23/2026,20957,398645,Pregnancy Test - Milk,Pregnant,2.789,364,172
04/23/2026,20296,398645,Pregnancy Test - Milk,Pregnant,0.288,128,70
04/23/2026,20104,398645,Pregnancy Test - Milk,Pregnant,0.556,155,69
04/23/2026,1568,398645,Pregnancy Test - Milk,Pregnant,2.028,348,187
04/23/2026,23068,398645,Pregnancy Test - Milk,Pregnant,0.902,199,70
04/23/2026,22517,398645,Pregnancy Test - Milk,Pregnant,0.61,319,37
04/23/2026,22290,398645,Pregnancy Test - Milk,Pregnant,2.657,374,188
04/23/2026,20001,398645,Pregnancy Test - Milk,Pregnant,POS,308,186
04/23/2026,22568,398645,Pregnancy Test - Milk,Pregnant,1.442,264,149
04/23/2026,16281,398645,Pregnancy Test - Milk,Pregnant,2.325,239,181
04/23/2026,23071,398645,Pregnancy Test - Milk,Pregnant,0.406,174,67
04/23/2026,19806,398645,Pregnancy Test - Milk,Pregnant,1.624,277,183
04/23/2026,22540,398645,Pregnancy Test - Milk,Pregnant,1.715,315,17
04/23/2026,17939,398645,Pregnancy Test - Milk,Pregnant,POS,248,149
04/23/2026,18507,398645,Pregnancy Test - Milk,Pregnant,0.315,213,69
04/23/2026,22744,398645,Pregnancy Test - Milk,Pregnant,2.812,266,199
04/23/2026,22747,398645,Pregnancy Test - Milk,Pregnant,2.651,265,67
04/23/2026,1514,398645,Pregnancy Test - Milk,Pregnant,0.97,195,70
04/23/2026,19129,398645,Pregnancy Test - Milk,Pregnant,1.941,243,185
04/23/2026,21268,398645,Pregnancy Test - Milk,Pregnant,POS,279,182
04/23/2026,21356,398645,Pregnancy Test - Milk,Pregnant,2.505,261,187
04/23/2026,9959,398645,Pregnancy Test - Milk,Pregnant,0.855,169,69
04/23/2026,18367,398645,Pregnancy Test - Milk,Pregnant,0.534,213,67
04/23/2026,17898,398645,Pregnancy Test - Milk,Pregnant,1.356,299,4
04/23/2026,19377,398645,Pregnancy Test - Milk,Pregnant,0.752,168,72
04/23/2026,20016,398645,Pregnancy Test - Milk,Pregnant,0.641,156,67
04/23/2026,18716,398645,Pregnancy Test - Milk,Pregnant,1.668,397,214
04/23/2026,19554,398645,Pregnancy Test - Milk,Pregnant,POS,274,163
04/23/2026,22741,398645,Pregnancy Test - Milk,Pregnant,2.063,266,199
04/23/2026,22498,398645,Pregnancy Test - Milk,Pregnant,2.2,324,149
04/23/2026,18472,398645,Pregnancy Test - Milk,Pregnant,1.006,143,71
04/23/2026,19682,398645,Pregnancy Test - Milk,Open,0.005,262,0
04/23/2026,15156,398645,Pregnancy Test - Milk,Pregnant,1.073,329,222
04/23/2026,22570,398645,Pregnancy Test - Milk,Not Tested,,308,240
04/23/2026,20731,398645,Pregnancy Test - Milk,Pregnant,POS,324,188
04/23/2026,22194,398645,Pregnancy Test - Milk,Pregnant,2.518,349,181
04/23/2026,19746,398645,Pregnancy Test - Milk,Pregnant,1.565,255,185
04/23/2026,19529,398645,Pregnancy Test - Milk,Pregnant,0.702,316,67
04/23/2026,1484,398645,Pregnancy Test - Milk,Pregnant,2.524,344,163
04/23/2026,18286,398645,Pregnancy Test - Milk,Pregnant,1.593,274,108
04/23/2026,19546,398645,Pregnancy Test - Milk,Pregnant,2.622,301,181
04/23/2026,21610,398645,Pregnancy Test - Milk,Pregnant,0.471,190,175
04/23/2026,19468,398645,Pregnancy Test - Milk,Pregnant,2.73,271,187
04/23/2026,18027,398645,Pregnancy Test - Milk,Pregnant,1.587,243,94
04/23/2026,19556,398645,Pregnancy Test - Milk,Pregnant,1.995,279,183
04/23/2026,22602,398645,Pregnancy Test - Milk,Pregnant,1.221,264,198
04/23/2026,19437,398645,Pregnancy Test - Milk,Pregnant,2.058,275,185
04/23/2026,22710,398645,Pregnancy Test - Milk,Pregnant,1.007,265,149
04/23/2026,21634,398645,Pregnancy Test - Milk,Pregnant,0.303,206,37
04/23/2026,20671,398645,Pregnancy Test - Milk,Pregnant,1.518,271,71
04/23/2026,22627,398645,Pregnancy Test - Milk,Pregnant,2.389,296,149
04/23/2026,55261,398645,Pregnancy Test - Milk,Pregnant,0.586,173,69
04/23/2026,21426,398645,Pregnancy Test - Milk,Pregnant,1.587,244,182
04/23/2026,16573,398645,Pregnancy Test - Milk,Pregnant,0.255,130,69
04/23/2026,22763,398645,Pregnancy Test - Milk,Pregnant,1.627,263,143
04/23/2026,21100,398645,Pregnancy Test - Milk,Pregnant,2.576,308,205
04/23/2026,20406,398645,Pregnancy Test - Milk,Pregnant,2.628,448,186
04/23/2026,20886,398645,Pregnancy Test - Milk,Pregnant,1.97,296,221
04/23/2026,19379,398645,Pregnancy Test - Milk,Pregnant,0.452,169,46
04/23/2026,22641,398645,Pregnancy Test - Milk,Pregnant,1.351,265,149
04/23/2026,20106,398645,Pregnancy Test - Milk,Pregnant,0.601,189,71
04/23/2026,9918,398645,Pregnancy Test - Milk,Re-Check,0.16,133,70
04/23/2026,17354,398645,Pregnancy Test - Milk,Pregnant,POS,305,182
04/23/2026,19326,398645,Pregnancy Test - Milk,Pregnant,0.374,219,10
04/23/2026,21453,398645,Pregnancy Test - Milk,Pregnant,POS,244,186
04/23/2026,20027,398645,Pregnancy Test - Milk,Pregnant,0.341,206,68
04/23/2026,22767,398645,Pregnancy Test - Milk,Pregnant,POS,265,181
04/23/2026,17757,398645,Pregnancy Test - Milk,Pregnant,0.565,191,78
04/23/2026,20093,398645,Pregnancy Test - Milk,Pregnant,0.74,149,37
04/23/2026,18060,398645,Pregnancy Test - Milk,Pregnant,1.323,164,75
04/23/2026,21374,398645,Pregnancy Test - Milk,Pregnant,2.016,250,187
04/23/2026,21006,398645,Pregnancy Test - Milk,Pregnant,2.222,261,186
04/23/2026,21269,398645,Pregnancy Test - Milk,Pregnant,0.755,235,72
04/23/2026,22615,398645,Pregnancy Test - Milk,Pregnant,0.806,278,37
04/23/2026,20236,398645,Pregnancy Test - Milk,Re-Check,0.23,128,67
04/23/2026,21213,398645,Pregnancy Test - Milk,Pregnant,1.892,259,183
04/23/2026,19380,398645,Pregnancy Test - Milk,Pregnant,POS,238,183
04/23/2026,16306,398645,Pregnancy Test - Milk,Pregnant,0.481,274,69
04/23/2026,22536,398645,Pregnancy Test - Milk,Pregnant,POS,316,149
04/23/2026,21360,398645,Pregnancy Test - Milk,Pregnant,POS,271,184
04/23/2026,18093,398645,Pregnancy Test - Milk,Pregnant,POS,242,181
04/23/2026,22384,398645,Pregnancy Test - Milk,Pregnant,1.738,325,128
04/30/2026,21866,398645,Pregnancy Test - Milk,Pregnant,0.412,132,71
04/30/2026,19812,398645,Pregnancy Test - Milk,Pregnant,0.683,131,71
04/30/2026,23200,398645,Pregnancy Test - Milk,Pregnant,0.534,151,37
04/30/2026,20809,398645,Pregnancy Test - Milk,Pregnant,2.301,377,216
04/30/2026,10093,398645,Pregnancy Test - Milk,Pregnant,2.724,273,149
04/30/2026,21202,398645,Pregnancy Test - Milk,Pregnant,0.264,177,30
04/30/2026,20983,398645,Pregnancy Test - Milk,Pregnant,0.63,193,69
04/30/2026,19336,398645,Pregnancy Test - Milk,Pregnant,0.914,278,70
04/30/2026,20118,398645,Pregnancy Test - Milk,Pregnant,0.483,137,69
04/30/2026,21679,398645,Pregnancy Test - Milk,Re-Check,0.207,178,66
04/30/2026,21200,398645,Pregnancy Test - Milk,Pregnant,0.523,239,72
04/30/2026,20205,398645,Pregnancy Test - Milk,Re-Check,0.218,128,73
04/30/2026,23198,398645,Pregnancy Test - Milk,Pregnant,0.328,153,87
04/30/2026,19915,398645,Pregnancy Test - Milk,Pregnant,0.58,167,127
04/30/2026,22773,398645,Pregnancy Test - Milk,Pregnant,1.933,264,219
04/30/2026,21736,398645,Pregnancy Test - Milk,Pregnant,0.489,167,69
04/30/2026,1456,398645,Pregnancy Test - Milk,Pregnant,1.839,395,181
04/30/2026,22653,398645,Pregnancy Test - Milk,Pregnant,0.997,282,149
04/30/2026,1234,398645,Pregnancy Test - Milk,Pregnant,0.634,125,66
04/30/2026,21630,398645,Pregnancy Test - Milk,Pregnant,1.565,168,70
04/30/2026,15723,398645,Pregnancy Test - Milk,Pregnant,POS,285,149
04/30/2026,19614,398645,Pregnancy Test - Milk,Pregnant,2.43,246,183
04/30/2026,20627,398645,Pregnancy Test - Milk,Pregnant,1.591,375,183
04/30/2026,23199,398645,Pregnancy Test - Milk,Pregnant,0.277,153,86
04/30/2026,22374,398645,Pregnancy Test - Milk,Pregnant,2.27,332,186
04/30/2026,55248,398645,Pregnancy Test - Milk,Pregnant,0.599,167,66
04/30/2026,19603,398645,Pregnancy Test - Milk,Pregnant,0.434,186,37
04/30/2026,23046,398645,Pregnancy Test - Milk,Pregnant,0.408,205,44
04/30/2026,19602,398645,Pregnancy Test - Milk,Pregnant,1.411,258,133
04/30/2026,21446,398645,Pregnancy Test - Milk,Pregnant,0.382,133,67
04/30/2026,19763,398645,Pregnancy Test - Milk,Pregnant,1.071,272,89
04/30/2026,19166,398645,Pregnancy Test - Milk,Pregnant,1.558,272,184
04/30/2026,21147,398645,Pregnancy Test - Milk,Pregnant,0.264,160,71
04/30/2026,21492,398645,Pregnancy Test - Milk,Pregnant,0.787,179,109
04/30/2026,19771,398645,Pregnancy Test - Milk,Pregnant,1.13,284,187
04/30/2026,19323,398645,Pregnancy Test - Milk,Pregnant,2.3,383,184
04/30/2026,20336,398645,Pregnancy Test - Milk,Re-Check,0.197,147,71
04/30/2026,22636,398645,Pregnancy Test - Milk,Pregnant,2.793,302,194
04/30/2026,22378,398645,Pregnancy Test - Milk,Pregnant,POS,336,186
04/30/2026,22610,398645,Pregnancy Test - Milk,Pregnant,1.645,288,181
04/30/2026,22813,398645,Pregnancy Test - Milk,Pregnant,2.235,263,199
04/30/2026,19618,398645,Pregnancy Test - Milk,Open,0.014,233,70
04/30/2026,17794,398645,Pregnancy Test - Milk,Pregnant,2.031,284,188
04/30/2026,19324,398645,Pregnancy Test - Milk,Pregnant,0.523,202,72
04/30/2026,20856,398645,Pregnancy Test - Milk,Pregnant,2.1,293,186
04/30/2026,21354,398645,Pregnancy Test - Milk,Pregnant,0.483,139,30
04/30/2026,20024,398645,Pregnancy Test - Milk,Pregnant,0.653,150,70
04/30/2026,19928,398645,Pregnancy Test - Milk,Pregnant,1.767,265,186
04/30/2026,1440,398645,Pregnancy Test - Milk,Pregnant,0.767,147,67
04/30/2026,21067,398645,Pregnancy Test - Milk,Pregnant,2.627,282,185
04/30/2026,22646,398645,Pregnancy Test - Milk,Pregnant,2.079,267,198
04/30/2026,21183,398645,Pregnancy Test - Milk,Pregnant,0.363,206,37
04/30/2026,14374,398645,Pregnancy Test - Milk,Pregnant,0.852,291,206
04/30/2026,17119,398645,Pregnancy Test - Milk,Pregnant,1.843,252,149
04/30/2026,17810,398645,Pregnancy Test - Milk,Pregnant,0.344,214,67
04/30/2026,23089,398645,Pregnancy Test - Milk,Pregnant,0.734,139,72
04/30/2026,22505,398645,Pregnancy Test - Milk,Pregnant,2.647,322,7
04/30/2026,20851,398645,Pregnancy Test - Milk,Pregnant,POS,379,52
04/30/2026,17993,398645,Pregnancy Test - Milk,Pregnant,2.835,250,191
04/30/2026,16466,398645,Pregnancy Test - Milk,Pregnant,1.145,388,181
04/30/2026,20892,398645,Pregnancy Test - Milk,Pregnant,POS,301,182
04/30/2026,19639,398645,Pregnancy Test - Milk,Pregnant,0.617,173,72
04/30/2026,22787,398645,Pregnancy Test - Milk,Pregnant,POS,253,149
04/30/2026,22506,398645,Pregnancy Test - Milk,Pregnant,2.629,332,149
04/30/2026,19091,398645,Pregnancy Test - Milk,Pregnant,1.561,337,186
04/30/2026,17703,398645,Pregnancy Test - Milk,Pregnant,POS,329,187
04/30/2026,15675,398645,Pregnancy Test - Milk,Pregnant,1.934,307,10
04/30/2026,22733,398645,Pregnancy Test - Milk,Pregnant,1.063,264,33
04/30/2026,23060,398645,Pregnancy Test - Milk,Pregnant,0.317,149,70
04/30/2026,465,398645,Pregnancy Test - Milk,Pregnant,1.072,332,181
04/30/2026,23214,398645,Pregnancy Test - Milk,Pregnant,0.356,140,53
04/30/2026,20669,398645,Pregnancy Test - Milk,Pregnant,POS,371,184
04/30/2026,20116,398645,Pregnancy Test - Milk,Pregnant,0.292,125,71
04/30/2026,19720,398645,Pregnancy Test - Milk,Pregnant,1.585,262,187
04/30/2026,13482,398645,Pregnancy Test - Milk,Pregnant,1.352,296,186
04/30/2026,22895,398645,Pregnancy Test - Milk,Pregnant,2.578,248,183
04/30/2026,17689,398645,Pregnancy Test - Milk,Pregnant,POS,344,149
04/30/2026,22586,398645,Pregnancy Test - Milk,Pregnant,2.371,263,199
04/30/2026,22764,398645,Pregnancy Test - Milk,Pregnant,1.779,265,224
04/30/2026,22556,398645,Pregnancy Test - Milk,Pregnant,1.682,252,149
04/30/2026,23263,398645,Pregnancy Test - Milk,Pregnant,0.495,153,69
04/30/2026,19692,398645,Pregnancy Test - Milk,Pregnant,1.765,266,188
04/30/2026,19733,398645,Pregnancy Test - Milk,Re-Check,0.237,129,30
04/30/2026,19737,398645,Pregnancy Test - Milk,Pregnant,POS,279,225
04/30/2026,18147,398645,Pregnancy Test - Milk,Pregnant,POS,274,186
04/30/2026,19413,398645,Pregnancy Test - Milk,Pregnant,1.645,277,68
04/30/2026,22454,398645,Pregnancy Test - Milk,Pregnant,1.936,262,199
04/30/2026,23142,398645,Pregnancy Test - Milk,Re-Check,0.244,159,44
04/30/2026,19943,398645,Pregnancy Test - Milk,Pregnant,POS,239,181
04/30/2026,21248,398645,Pregnancy Test - Milk,Pregnant,2.658,291,149
04/30/2026,22599,398645,Pregnancy Test - Milk,Pregnant,1.364,295,148
04/30/2026,21205,398645,Pregnancy Test - Milk,Pregnant,1.286,239,183
04/30/2026,20115,398645,Pregnancy Test - Milk,Pregnant,0.611,143,70
04/30/2026,19568,398645,Pregnancy Test - Milk,Pregnant,0.6,149,72
04/30/2026,20817,398645,Pregnancy Test - Milk,Pregnant,2.822,394,186
04/30/2026,19925,398645,Pregnancy Test - Milk,Pregnant,0.255,240,69
04/30/2026,19458,398645,Pregnancy Test - Milk,Pregnant,2.802,340,181
04/30/2026,20799,398645,Pregnancy Test - Milk,Pregnant,1.097,321,194
04/30/2026,22661,398645,Pregnancy Test - Milk,Pregnant,2.225,300,233
04/30/2026,23279,398645,Pregnancy Test - Milk,Pregnant,0.329,148,71
04/30/2026,22690,398645,Pregnancy Test - Milk,Pregnant,1.655,283,148
04/30/2026,21125,398645,Pregnancy Test - Milk,Pregnant,POS,328,186
04/30/2026,21580,398645,Pregnancy Test - Milk,Pregnant,0.471,190,86
04/30/2026,21844,398645,Pregnancy Test - Milk,Pregnant,0.274,134,66
04/30/2026,21273,398645,Pregnancy Test - Milk,Pregnant,0.439,293,69
04/30/2026,17623,398645,Pregnancy Test - Milk,Pregnant,1.708,263,112
04/30/2026,55277,398645,Pregnancy Test - Milk,Re-Check,0.171,183,69
04/30/2026,20907,398645,Pregnancy Test - Milk,Pregnant,2.493,251,188
04/30/2026,23171,398645,Pregnancy Test - Milk,Pregnant,0.373,159,44
04/30/2026,22755,398645,Pregnancy Test - Milk,Pregnant,POS,250,170
04/30/2026,18435,398645,Pregnancy Test - Milk,Re-Check,0.22,146,57
04/30/2026,22113,398645,Pregnancy Test - Milk,Pregnant,1.863,421,13
04/30/2026,19494,398645,Pregnancy Test - Milk,Pregnant,0.599,207,47
04/30/2026,22560,398645,Pregnancy Test - Milk,Pregnant,2.017,311,187
04/30/2026,22582,398645,Pregnancy Test - Milk,Pregnant,2.132,309,184
04/30/2026,21889,398645,Pregnancy Test - Milk,Pregnant,0.276,139,69
04/30/2026,15386,398645,Pregnancy Test - Milk,Pregnant,1.552,423,182
04/30/2026,20992,398645,Pregnancy Test - Milk,Pregnant,0.573,367,73
04/30/2026,21698,398645,Pregnancy Test - Milk,Pregnant,0.258,170,72
04/30/2026,21769,398645,Pregnancy Test - Milk,Re-Check,0.159,129,72
04/30/2026,22360,398645,Pregnancy Test - Milk,Pregnant,2.678,331,186
04/30/2026,22633,398645,Pregnancy Test - Milk,Pregnant,0.726,272,182
04/30/2026,22213,398645,Pregnancy Test - Milk,Pregnant,POS,380,128
04/30/2026,21822,398645,Pregnancy Test - Milk,Pregnant,0.362,143,71
04/30/2026,22659,398645,Pregnancy Test - Milk,Pregnant,2.578,271,104
04/30/2026,21235,398645,Pregnancy Test - Milk,Pregnant,2.136,294,184
04/30/2026,22900,398645,Pregnancy Test - Milk,Pregnant,1.178,242,69
04/30/2026,55206,398645,Pregnancy Test - Milk,Pregnant,0.273,155,86
04/30/2026,1483,398645,Pregnancy Test - Milk,Pregnant,2.004,277,186
04/30/2026,22546,398645,Pregnancy Test - Milk,Pregnant,2.073,296,139
04/30/2026,10094,398645,Pregnancy Test - Milk,Pregnant,2.789,341,42
04/30/2026,17136,398645,Pregnancy Test - Milk,Pregnant,0.301,167,70
04/30/2026,19447,398645,Pregnancy Test - Milk,Pregnant,1.668,247,188
04/30/2026,20832,398645,Pregnancy Test - Milk,Pregnant,0.569,170,38
04/30/2026,19034,398645,Pregnancy Test - Milk,Pregnant,1.174,290,185
04/30/2026,4175,398645,Pregnancy Test - Milk,Pregnant,0.303,180,72
04/30/2026,22559,398645,Pregnancy Test - Milk,Pregnant,0.531,263,199
04/30/2026,23205,398645,Pregnancy Test - Milk,Pregnant,0.335,149,86
04/30/2026,55214,398645,Pregnancy Test - Milk,Pregnant,1.447,195,66
04/30/2026,21139,398645,Pregnancy Test - Milk,Pregnant,1.852,261,187
04/30/2026,55305,398645,Pregnancy Test - Milk,Pregnant,0.262,188,124
04/30/2026,21314,398645,Pregnancy Test - Milk,Pregnant,0.534,281,68
04/30/2026,19695,398645,Pregnancy Test - Milk,Re-Check,0.232,141,9
04/30/2026,19650,398645,Pregnancy Test - Milk,Pregnant,0.46,218,30
04/30/2026,19244,398645,Pregnancy Test - Milk,Pregnant,0.817,243,182
04/30/2026,18854,398645,Pregnancy Test - Milk,Re-Check,0.24,141,30
04/30/2026,1526,398645,Pregnancy Test - Milk,Pregnant,POS,361,183
04/30/2026,19492,398645,Pregnancy Test - Milk,Pregnant,2.041,305,188
04/30/2026,7940,398645,Pregnancy Test - Milk,Not Tested,,275,185
04/30/2026,21328,398645,Pregnancy Test - Milk,Pregnant,0.644,227,37
05/07/2026,21249,398645,Pregnancy Test - Milk,Pregnant,0.422,189,73
05/07/2026,20726,398645,Pregnancy Test - Milk,Pregnant,2.476,263,0
05/07/2026,18151,398645,Pregnancy Test - Milk,Pregnant,1.741,282,104
05/07/2026,1601,398645,Pregnancy Test - Milk,Re-Check,0.184,268,70
05/07/2026,21011,398645,Pregnancy Test - Milk,Pregnant,0.59,272,0
05/07/2026,12247,398645,Pregnancy Test - Milk,Pregnant,0.348,280,182
05/07/2026,15823,398645,Pregnancy Test - Milk,Pregnant,0.324,129,70
05/07/2026,21199,398645,Pregnancy Test - Milk,Pregnant,0.538,291,104
05/07/2026,21192,398645,Pregnancy Test - Milk,Pregnant,POS,259,192
05/07/2026,19301,398645,Pregnancy Test - Milk,Pregnant,0.496,203,68
05/07/2026,21720,398645,Pregnancy Test - Milk,Pregnant,0.534,175,77
05/07/2026,22308,398645,Pregnancy Test - Milk,Pregnant,POS,370,191
05/07/2026,16060,398645,Pregnancy Test - Milk,Pregnant,2.092,322,184
05/07/2026,21059,398645,Pregnancy Test - Milk,Pregnant,2.731,332,181
05/07/2026,21569,398645,Pregnancy Test - Milk,Pregnant,0.792,193,37
05/07/2026,19859,398645,Pregnancy Test - Milk,Re-Check,0.198,204,71
05/07/2026,20954,398645,Pregnancy Test - Milk,Pregnant,2.242,327,217
05/07/2026,21716,398645,Pregnancy Test - Milk,Pregnant,0.271,139,69
05/07/2026,22811,398645,Pregnancy Test - Milk,Pregnant,0.295,307,72
05/07/2026,19268,398645,Pregnancy Test - Milk,Pregnant,1.641,257,0
05/07/2026,21251,398645,Pregnancy Test - Milk,Re-Check,0.227,235,71
05/07/2026,21714,398645,Pregnancy Test - Milk,Re-Check,0.174,126,71
05/07/2026,19596,398645,Pregnancy Test - Milk,Pregnant,POS,282,187
05/07/2026,23167,398645,Pregnancy Test - Milk,Re-Check,0.207,158,123
05/07/2026,21391,398645,Pregnancy Test - Milk,Pregnant,1.896,276,183
05/07/2026,19648,398645,Pregnancy Test - Milk,Pregnant,2.511,297,181
05/07/2026,22297,398645,Pregnancy Test - Milk,Pregnant,1.457,317,236
05/07/2026,21325,398645,Pregnancy Test - Milk,Pregnant,0.982,181,69
05/07/2026,21686,398645,Pregnancy Test - Milk,Pregnant,0.307,170,30
05/07/2026,18822,398645,Pregnancy Test - Milk,Pregnant,0.257,146,0
05/07/2026,20437,398645,Pregnancy Test - Milk,Re-Check,0.238,131,70
05/07/2026,18425,398645,Pregnancy Test - Milk,Pregnant,1.395,265,0
05/07/2026,21353,398645,Pregnancy Test - Milk,Pregnant,1.851,260,0
05/07/2026,19454,398645,Pregnancy Test - Milk,Pregnant,1.004,279,226
05/07/2026,16647,398645,Pregnancy Test - Milk,Pregnant,0.251,171,70
05/07/2026,1536,398645,Pregnancy Test - Milk,Pregnant,2.523,247,182
05/07/2026,21329,398645,Pregnancy Test - Milk,Pregnant,1.39,265,182
05/07/2026,19947,398645,Pregnancy Test - Milk,Re-Check,0.142,242,30
05/07/2026,21220,398645,Pregnancy Test - Milk,Pregnant,1.866,276,182
05/07/2026,21899,398645,Pregnancy Test - Milk,Pregnant,0.423,133,68
05/07/2026,22570,398645,Pregnancy Test - Milk,Pregnant,POS,322,254
05/07/2026,18839,398645,Pregnancy Test - Milk,Pregnant,1.354,261,218
05/07/2026,19981,398645,Pregnancy Test - Milk,Pregnant,1.68,496,181
05/07/2026,17352,398645,Pregnancy Test - Milk,Pregnant,2.275,355,185
05/07/2026,10023,398645,Pregnancy Test - Milk,Re-Check,0.148,277,69
05/07/2026,20550,398645,Pregnancy Test - Milk,Pregnant,2.57,335,181
05/07/2026,22709,398645,Pregnancy Test - Milk,Pregnant,0.303,285,30
05/07/2026,19337,398645,Pregnancy Test - Milk,Pregnant,0.347,211,70
05/07/2026,18269,398645,Pregnancy Test - Milk,Pregnant,1.367,321,73
05/07/2026,6352,398645,Pregnancy Test - Milk,Pregnant,0.456,153,88
05/07/2026,19499,398645,Pregnancy Test - Milk,Pregnant,2.098,303,18
05/07/2026,8505,398645,Pregnancy Test - Milk,Pregnant,1.377,253,81
05/07/2026,21635,398645,Pregnancy Test - Milk,Pregnant,0.709,193,69
05/07/2026,21386,398645,Pregnancy Test - Milk,Pregnant,2.328,253,187
05/07/2026,15341,398645,Pregnancy Test - Milk,Re-Check,0.244,193,71
05/07/2026,22462,398645,Pregnancy Test - Milk,Pregnant,POS,339,81
05/07/2026,10200,398645,Pregnancy Test - Milk,Pregnant,2.104,302,184
05/07/2026,19822,398645,Pregnancy Test - Milk,Pregnant,2.427,279,279
05/07/2026,21394,398645,Pregnancy Test - Milk,Pregnant,0.755,275,187
05/07/2026,21318,398645,Pregnancy Test - Milk,Pregnant,0.269,235,37
05/07/2026,21931,398645,Pregnancy Test - Milk,Pregnant,1.816,129,74
05/07/2026,19086,398645,Pregnancy Test - Milk,Pregnant,0.288,229,67
05/07/2026,22422,398645,Pregnancy Test - Milk,Pregnant,2.027,299,182
05/07/2026,17780,398645,Pregnancy Test - Milk,Pregnant,POS,280,181
05/07/2026,19347,398645,Pregnancy Test - Milk,Pregnant,0.353,273,91
05/07/2026,22631,398645,Pregnancy Test - Milk,Pregnant,2.442,286,183
05/07/2026,20409,398645,Pregnancy Test - Milk,Pregnant,0.325,167,78
05/07/2026,20616,398645,Pregnancy Test - Milk,Pregnant,2.4,280,149
05/07/2026,18445,398645,Pregnancy Test - Milk,Pregnant,0.385,148,67
05/07/2026,5548,398645,Pregnancy Test - Milk,Pregnant,1.251,184,69
05/07/2026,21442,398645,Pregnancy Test - Milk,Re-Check,0.156,148,40
05/07/2026,19697,398645,Pregnancy Test - Milk,Pregnant,0.413,162,37
05/07/2026,21518,398645,Pregnancy Test - Milk,Re-Check,0.201,161,69
05/07/2026,19994,398645,Pregnancy Test - Milk,Pregnant,1.856,247,183
05/07/2026,22726,398645,Pregnancy Test - Milk,Pregnant,1.203,263,220
05/07/2026,23213,398645,Pregnancy Test - Milk,Pregnant,0.995,155,86
05/07/2026,1454,398645,Pregnancy Test - Milk,Pregnant,1.625,281,182
05/07/2026,19993,398645,Pregnancy Test - Milk,Pregnant,0.341,123,68
05/07/2026,21425,398645,Pregnancy Test - Milk,Pregnant,0.523,146,70
05/07/2026,21639,398645,Pregnancy Test - Milk,Pregnant,0.284,169,30
05/07/2026,22356,398645,Pregnancy Test - Milk,Pregnant,2.46,326,120
05/07/2026,21088,398645,Pregnancy Test - Milk,Pregnant,1.139,304,182
05/07/2026,20708,398645,Pregnancy Test - Milk,Pregnant,2.089,420,181
05/07/2026,19736,398645,Pregnancy Test - Milk,Pregnant,2.208,245,8
05/07/2026,5540,398645,Pregnancy Test - Milk,Pregnant,0.527,172,120
05/07/2026,17645,398645,Pregnancy Test - Milk,Pregnant,1.017,300,184
05/07/2026,21457,398645,Pregnancy Test - Milk,Pregnant,0.596,166,37
05/07/2026,17177,398645,Pregnancy Test - Milk,Pregnant,1.989,329,186
05/07/2026,21191,398645,Pregnancy Test - Milk,Pregnant,1.877,279,205
05/07/2026,22657,398645,Pregnancy Test - Milk,Pregnant,POS,304,53
05/07/2026,17758,398645,Pregnancy Test - Milk,Re-Check,0.194,205,69
05/07/2026,21359,398645,Pregnancy Test - Milk,Pregnant,2.262,267,94
05/07/2026,19913,398645,Pregnancy Test - Milk,Pregnant,1.461,270,182
05/07/2026,16612,398645,Pregnancy Test - Milk,Re-Check,0.205,210,71
05/07/2026,21240,398645,Pregnancy Test - Milk,Pregnant,1.486,259,187
05/07/2026,23188,398645,Pregnancy Test - Milk,Pregnant,0.544,160,70
05/07/2026,16457,398645,Pregnancy Test - Milk,Pregnant,POS,247,186
05/07/2026,19987,398645,Pregnancy Test - Milk,Open,-0.013,134,70
05/07/2026,23149,398645,Pregnancy Test - Milk,Pregnant,0.936,175,72
05/07/2026,19320,398645,Pregnancy Test - Milk,Pregnant,2.015,299,232
05/07/2026,21819,398645,Pregnancy Test - Milk,Pregnant,0.282,147,69
05/07/2026,16592,398645,Pregnancy Test - Milk,Pregnant,2.018,258,193
05/07/2026,22798,398645,Pregnancy Test - Milk,Pregnant,1.023,262,109
05/07/2026,19328,398645,Pregnancy Test - Milk,Pregnant,1.431,247,185
05/07/2026,21496,398645,Pregnancy Test - Milk,Pregnant,0.486,153,70
05/07/2026,23169,398645,Pregnancy Test - Milk,Pregnant,0.305,155,86
05/07/2026,22671,398645,Pregnancy Test - Milk,Pregnant,1.685,286,6
05/07/2026,16138,398645,Pregnancy Test - Milk,Pregnant,1.639,270,188
05/07/2026,19722,398645,Pregnancy Test - Milk,Pregnant,1.999,249,159
05/07/2026,21382,398645,Pregnancy Test - Milk,Pregnant,2.076,256,190
05/21/2026,19569,398645,Pregnancy Test - Milk,Pregnant,2.009,247,181
05/21/2026,18403,398645,Pregnancy Test - Milk,Pregnant,0.623,125,68
05/21/2026,16793,398645,Pregnancy Test - Milk,Pregnant,0.692,131,72
05/21/2026,22718,398645,Pregnancy Test - Milk,Pregnant,1.768,266,198
05/21/2026,18036,398645,Pregnancy Test - Milk,Pregnant,1.348,496,191
05/21/2026,17542,398645,Pregnancy Test - Milk,Pregnant,0.441,167,127
05/21/2026,20057,398645,Pregnancy Test - Milk,Pregnant,1.479,184,24
05/21/2026,21380,398645,Pregnancy Test - Milk,Pregnant,1.043,171,148
05/21/2026,21315,398645,Pregnancy Test - Milk,Pregnant,1.148,268,187
05/21/2026,20059,398645,Pregnancy Test - Milk,Pregnant,0.398,145,66
05/21/2026,17033,398645,Pregnancy Test - Milk,Pregnant,2.197,339,183
05/21/2026,22714,398645,Pregnancy Test - Milk,Pregnant,1.46,265,198
05/21/2026,17874,398645,Pregnancy Test - Milk,Pregnant,0.295,221,220
05/21/2026,21291,398645,Pregnancy Test - Milk,Pregnant,POS,320,201
05/21/2026,18424,398645,Pregnancy Test - Milk,Pregnant,2.41,263,0
05/21/2026,22751,398645,Pregnancy Test - Milk,Pregnant,1.703,288,149
05/21/2026,10155,398645,Pregnancy Test - Milk,Re-Check,0.161,153,70
05/21/2026,21909,398645,Pregnancy Test - Milk,Re-Check,0.181,150,72
05/21/2026,19638,398645,Pregnancy Test - Milk,Pregnant,0.279,222,18
05/21/2026,18276,398645,Pregnancy Test - Milk,Pregnant,0.31,209,70
05/21/2026,21773,398645,Pregnancy Test - Milk,Re-Check,0.189,173,69
05/21/2026,21053,398645,Pregnancy Test - Milk,Pregnant,POS,293,218
05/21/2026,21988,398645,Pregnancy Test - Milk,Pregnant,0.307,127,66
05/21/2026,23143,398645,Pregnancy Test - Milk,Pregnant,0.545,177,70
05/21/2026,19295,398645,Pregnancy Test - Milk,Pregnant,POS,253,58
05/21/2026,20887,398645,Pregnancy Test - Milk,Pregnant,POS,306,21
05/21/2026,18514,398645,Pregnancy Test - Milk,Pregnant,0.317,133,32
05/21/2026,22783,398645,Pregnancy Test - Milk,Pregnant,1.549,268,198
05/21/2026,55259,398645,Pregnancy Test - Milk,Pregnant,0.588,188,121
05/21/2026,22884,398645,Pregnancy Test - Milk,Pregnant,1.683,266,149
05/21/2026,18647,398645,Pregnancy Test - Milk,Pregnant,2.21,364,186
05/21/2026,22839,398645,Pregnancy Test - Milk,Pregnant,1.043,268,198
05/21/2026,23274,398645,Pregnancy Test - Milk,Pregnant,0.388,151,149
05/21/2026,22712,398645,Pregnancy Test - Milk,Pregnant,2.173,283,181
05/21/2026,21588,398645,Pregnancy Test - Milk,Pregnant,0.35,154,66
05/21/2026,23308,398645,Pregnancy Test - Milk,Re-Check,0.114,153,86
05/21/2026,6257,398645,Pregnancy Test - Milk,Pregnant,0.547,224,69
05/21/2026,10171,398645,Pregnancy Test - Milk,Pregnant,2.101,323,149
05/21/2026,18916,398645,Pregnancy Test - Milk,Open,0.002,147,0
05/21/2026,19395,398645,Pregnancy Test - Milk,Pregnant,1.547,286,148
05/21/2026,22879,398645,Pregnancy Test - Milk,Pregnant,1.661,264,183
05/21/2026,19019,398645,Pregnancy Test - Milk,Pregnant,1.943,288,218
05/21/2026,23172,398645,Pregnancy Test - Milk,Pregnant,0.356,173,70
05/21/2026,23238,398645,Pregnancy Test - Milk,Pregnant,0.395,156,86
05/21/2026,22667,398645,Pregnancy Test - Milk,Pregnant,2.33,291,95
05/21/2026,18919,398645,Pregnancy Test - Milk,Pregnant,0.472,129,70
05/21/2026,20691,398645,Pregnancy Test - Milk,Pregnant,POS,378,4
05/21/2026,20048,398645,Pregnancy Test - Milk,Pregnant,0.344,195,66
05/21/2026,23251,398645,Pregnancy Test - Milk,Pregnant,0.791,171,70
05/21/2026,23235,398645,Pregnancy Test - Milk,Pregnant,0.561,152,69
05/21/2026,21528,398645,Pregnancy Test - Milk,Pregnant,2.606,257,4
05/21/2026,19653,398645,Pregnancy Test - Milk,Pregnant,0.411,234,86
05/21/2026,22557,398645,Pregnancy Test - Milk,Pregnant,2.344,335,149
05/21/2026,22901,398645,Pregnancy Test - Milk,Pregnant,2.785,263,199
05/21/2026,20861,398645,Pregnancy Test - Milk,Pregnant,POS,387,182
05/21/2026,22836,398645,Pregnancy Test - Milk,Pregnant,2.214,265,0
05/21/2026,19480,398645,Pregnancy Test - Milk,Pregnant,2.851,283,188
05/21/2026,17290,398645,Pregnancy Test - Milk,Pregnant,2.06,424,181
05/21/2026,1306,398645,Pregnancy Test - Milk,Re-Check,0.233,127,71
05/21/2026,16680,398645,Pregnancy Test - Milk,Pregnant,2.263,260,95
05/21/2026,23252,398645,Pregnancy Test - Milk,Pregnant,0.274,156,86
05/21/2026,6274,398645,Pregnancy Test - Milk,Pregnant,0.357,156,86
05/21/2026,23220,398645,Pregnancy Test - Milk,Pregnant,0.438,162,70
05/21/2026,20964,398645,Pregnancy Test - Milk,Pregnant,1.863,341,186
05/21/2026,813,398645,Pregnancy Test - Milk,Pregnant,2.622,294,186
05/21/2026,19343,398645,Pregnancy Test - Milk,Pregnant,2.281,324,188
05/21/2026,7993,398645,Pregnancy Test - Milk,Re-Check,0.232,196,72
05/21/2026,21406,398645,Pregnancy Test - Milk,Pregnant,2.193,275,34
05/21/2026,19748,398645,Pregnancy Test - Milk,Pregnant,1.494,273,201
05/21/2026,21072,398645,Pregnancy Test - Milk,Pregnant,POS,320,186
05/21/2026,21508,398645,Pregnancy Test - Milk,Pregnant,0.882,212,67
05/21/2026,55312,398645,Pregnancy Test - Milk,Pregnant,0.817,201,72
05/21/2026,18715,398645,Pregnancy Test - Milk,Pregnant,0.549,127,68
05/21/2026,21525,398645,Pregnancy Test - Milk,Pregnant,0.439,199,72
05/21/2026,21460,398645,Pregnancy Test - Milk,Pregnant,0.595,166,67
05/21/2026,21432,398645,Pregnancy Test - Milk,Pregnant,0.542,181,70
05/21/2026,21167,398645,Pregnancy Test - Milk,Pregnant,2.06,324,184
05/21/2026,21009,398645,Pregnancy Test - Milk,Pregnant,0.498,217,104
05/21/2026,15938,398645,Pregnancy Test - Milk,Pregnant,2.594,260,182
05/21/2026,16990,398645,Pregnancy Test - Milk,Pregnant,0.275,190,18
05/21/2026,17866,398645,Pregnancy Test - Milk,Pregnant,2.08,283,144
05/21/2026,22946,398645,Pregnancy Test - Milk,Pregnant,0.546,262,181
05/21/2026,10075,398645,Pregnancy Test - Milk,Pregnant,2.587,333,188
05/21/2026,55208,398645,Pregnancy Test - Milk,Pregnant,0.276,151,87
05/21/2026,21695,398645,Pregnancy Test - Milk,Pregnant,0.879,149,66
05/21/2026,22841,398645,Pregnancy Test - Milk,Pregnant,POS,264,198
05/21/2026,18103,398645,Pregnancy Test - Milk,Pregnant,2.343,281,182
05/21/2026,22989,398645,Pregnancy Test - Milk,Pregnant,0.263,245,30
05/21/2026,23207,398645,Pregnancy Test - Milk,Re-Check,0.124,153,69
05/21/2026,21292,398645,Pregnancy Test - Milk,Pregnant,2.735,262,184
05/21/2026,15332,398645,Pregnancy Test - Milk,Pregnant,0.474,202,69
05/21/2026,20394,398645,Pregnancy Test - Milk,Pregnant,0.356,153,17
05/21/2026,20178,398645,Pregnancy Test - Milk,Pregnant,0.257,221,69
05/21/2026,18681,398645,Pregnancy Test - Milk,Pregnant,0.575,185,72
05/21/2026,20820,398645,Pregnancy Test - Milk,Pregnant,1.762,328,185
05/21/2026,1607,398645,Pregnancy Test - Milk,Pregnant,POS,262,181
05/21/2026,23123,398645,Pregnancy Test - Milk,Pregnant,0.342,197,72
05/21/2026,19587,398645,Pregnancy Test - Milk,Pregnant,POS,246,182
05/21/2026,19313,398645,Pregnancy Test - Milk,Pregnant,0.435,313,30
05/21/2026,22874,398645,Pregnancy Test - Milk,Open,0.002,259,69
05/21/2026,21402,398645,Pregnancy Test - Milk,Pregnant,POS,281,200
05/21/2026,22868,398645,Pregnancy Test - Milk,Pregnant,2.512,266,198
05/21/2026,21332,398645,Pregnancy Test - Milk,Pregnant,2.361,262,186
05/21/2026,14011,398645,Pregnancy Test - Milk,Pregnant,0.342,184,73
05/21/2026,19789,398645,Pregnancy Test - Milk,Pregnant,2.12,257,99
05/21/2026,21170,398645,Pregnancy Test - Milk,Pregnant,0.423,191,70
05/21/2026,8483,398645,Pregnancy Test - Milk,Pregnant,1.614,303,123
05/21/2026,21334,398645,Pregnancy Test - Milk,Pregnant,1.932,255,0
05/21/2026,21375,398645,Pregnancy Test - Milk,Pregnant,1.852,268,247
05/21/2026,22419,398645,Pregnancy Test - Milk,Pregnant,POS,338,103
05/21/2026,21644,398645,Pregnancy Test - Milk,Pregnant,0.534,201,106
05/21/2026,19939,398645,Pregnancy Test - Milk,Pregnant,1.835,245,187
05/21/2026,16172,398645,Pregnancy Test - Milk,Pregnant,1.795,308,184
05/21/2026,22380,398645,Pregnancy Test - Milk,Pregnant,POS,337,149
05/21/2026,18545,398645,Pregnancy Test - Milk,Pregnant,0.259,134,70
05/21/2026,19997,398645,Pregnancy Test - Milk,Pregnant,2.613,256,187
05/21/2026,22538,398645,Pregnancy Test - Milk,Pregnant,1.489,263,198
05/21/2026,19804,398645,Pregnancy Test - Milk,Pregnant,2.001,284,185
05/21/2026,23233,398645,Pregnancy Test - Milk,Pregnant,0.368,144,71
05/21/2026,15975,398645,Pregnancy Test - Milk,Pregnant,1.033,272,70
05/21/2026,23285,398645,Pregnancy Test - Milk,Re-Check,0.191,151,37
05/21/2026,22854,398645,Pregnancy Test - Milk,Pregnant,1.8,263,149
05/21/2026,23117,398645,Pregnancy Test - Milk,Pregnant,0.299,194,29
,,,,,,,
