Date Collected,CowID,ClientID,Test,Result,S-N Value,DIM,DSLB
05/29/2025,17380,401430,Pregnancy Test - Milk,Pregnant,0.937,174,38
05/29/2025,19346,401430,Pregnancy Test - Milk,Pregnant,1.587,231,38
05/29/2025,13377,401430,Pregnancy Test - Milk,Pregnant,0.524,164,77
05/29/2025,19598,401430,Pregnancy Test - Milk,Pregnant,1.575,159,37
05/29/2025,10901,401430,Pregnancy Test - Milk,Pregnant,1.31,213,35
05/29/2025,14317,401430,Pregnancy Test - Milk,Pregnant,0.885,122,35
05/29/2025,16505,401430,Pregnancy Test - Milk,Pregnant,0.993,282,74
05/29/2025,18810,401430,Pregnancy Test - Milk,Open,0.031,302,76
05/29/2025,17269,401430,Pregnancy Test - Milk,Pregnant,1.321,191,74
05/29/2025,17651,401430,Pregnancy Test - Milk,Pregnant,1.672,123,35
05/29/2025,17339,401430,Pregnancy Test - Milk,Pregnant,0.485,186,75
05/29/2025,9817,401430,Pregnancy Test - Milk,Pregnant,1.762,226,40
05/29/2025,19369,401430,Pregnancy Test - Milk,Pregnant,0.566,175,71
05/29/2025,19853,401430,Pregnancy Test - Milk,Pregnant,0.441,117,35
05/29/2025,16936,401430,Pregnancy Test - Milk,Open,0.005,192,0
05/29/2025,17659,401430,Pregnancy Test - Milk,Pregnant,1.665,121,35
05/29/2025,16916,401430,Pregnancy Test - Milk,Pregnant,1.223,120,35
05/29/2025,10224,401430,Pregnancy Test - Milk,Pregnant,0.276,223,91
05/29/2025,19563,401430,Pregnancy Test - Milk,Pregnant,0.608,165,77
05/29/2025,15110,401430,Pregnancy Test - Milk,Pregnant,0.434,129,42
05/29/2025,17131,401430,Pregnancy Test - Milk,Pregnant,0.543,203,35
05/29/2025,17882,401430,Pregnancy Test - Milk,Pregnant,0.968,117,35
05/29/2025,17158,401430,Pregnancy Test - Milk,Pregnant,0.526,219,75
05/29/2025,7611,401430,Pregnancy Test - Milk,Pregnant,0.75,163,77
05/29/2025,14421,401430,Pregnancy Test - Milk,Pregnant,0.794,306,40
05/29/2025,10216,401430,Pregnancy Test - Milk,Pregnant,0.665,161,34
05/29/2025,17154,401430,Pregnancy Test - Milk,Pregnant,0.749,122,35
05/29/2025,13023,401430,Pregnancy Test - Milk,Pregnant,0.38,161,77
05/29/2025,19536,401430,Pregnancy Test - Milk,Re-Check,0.158,159,55
05/29/2025,15190,401430,Pregnancy Test - Milk,Pregnant,0.345,165,77
05/29/2025,17319,401430,Pregnancy Test - Milk,Pregnant,0.704,163,77
05/29/2025,5228,401430,Pregnancy Test - Milk,Pregnant,0.514,286,73
05/29/2025,11697,401430,Pregnancy Test - Milk,Open,0.017,264,35
05/29/2025,16698,401430,Pregnancy Test - Milk,Pregnant,0.472,246,70
05/29/2025,14724,401430,Pregnancy Test - Milk,Pregnant,0.287,200,74
05/29/2025,19484,401430,Pregnancy Test - Milk,Pregnant,0.4,162,77
05/29/2025,1543,401430,Pregnancy Test - Milk,Pregnant,0.673,159,77
05/29/2025,7591,401430,Pregnancy Test - Milk,Open,0.032,167,35
05/29/2025,19736,401430,Pregnancy Test - Milk,Pregnant,0.981,121,35
05/29/2025,19698,401430,Pregnancy Test - Milk,Pregnant,0.954,120,35
05/29/2025,17046,401430,Pregnancy Test - Milk,Pregnant,1.554,123,35
05/29/2025,17520,401430,Pregnancy Test - Milk,Pregnant,0.69,164,36
05/29/2025,19430,401430,Pregnancy Test - Milk,Pregnant,0.28,159,77
05/29/2025,19686,401430,Pregnancy Test - Milk,Open,0.03,141,37
05/29/2025,13369,401430,Pregnancy Test - Milk,Open,0.019,121,35
05/29/2025,17346,401430,Pregnancy Test - Milk,Re-Check,0.113,170,84
05/29/2025,15319,401430,Pregnancy Test - Milk,Pregnant,0.751,219,77
05/29/2025,1003,401430,Pregnancy Test - Milk,Re-Check,0.215,159,77
05/29/2025,19776,401430,Pregnancy Test - Milk,Pregnant,1.038,117,35
05/29/2025,16454,401430,Pregnancy Test - Milk,Pregnant,0.263,213,37
05/29/2025,17081,401430,Pregnancy Test - Milk,Pregnant,0.616,167,70
05/29/2025,17120,401430,Pregnancy Test - Milk,Open,0.072,223,40
05/29/2025,4058,401430,Pregnancy Test - Milk,Pregnant,0.451,164,77
05/29/2025,16847,401430,Pregnancy Test - Milk,Pregnant,0.512,204,74
05/29/2025,15217,401430,Pregnancy Test - Milk,Pregnant,1.021,123,35
05/29/2025,9584,401430,Pregnancy Test - Milk,Pregnant,0.962,201,35
05/29/2025,10507,401430,Pregnancy Test - Milk,Open,0.023,133,36
05/29/2025,17223,401430,Pregnancy Test - Milk,Pregnant,0.925,119,35
05/29/2025,18787,401430,Pregnancy Test - Milk,Pregnant,0.892,296,76
05/29/2025,17297,401430,Pregnancy Test - Milk,Pregnant,0.706,199,39
05/29/2025,18871,401430,Pregnancy Test - Milk,Pregnant,0.442,216,74
05/29/2025,10712,401430,Pregnancy Test - Milk,Pregnant,1.318,230,37
05/29/2025,19621,401430,Pregnancy Test - Milk,Pregnant,0.53,164,77
05/29/2025,3856,401430,Pregnancy Test - Milk,Pregnant,0.423,123,35
05/29/2025,17488,401430,Pregnancy Test - Milk,Pregnant,1.688,144,35
05/29/2025,7613,401430,Pregnancy Test - Milk,Pregnant,0.909,158,35
05/29/2025,16538,401430,Pregnancy Test - Milk,Pregnant,0.582,221,77
05/29/2025,13338,401430,Pregnancy Test - Milk,Pregnant,1.234,121,35
05/29/2025,16529,401430,Pregnancy Test - Milk,Pregnant,1.214,161,77
05/29/2025,19457,401430,Pregnancy Test - Milk,Pregnant,0.333,179,72
05/29/2025,13626,401430,Pregnancy Test - Milk,Pregnant,2.014,121,35
05/29/2025,10439,401430,Pregnancy Test - Milk,Open,0.072,166,35
05/29/2025,17779,401430,Pregnancy Test - Milk,Open,0.023,123,35
05/29/2025,19362,401430,Pregnancy Test - Milk,Pregnant,0.601,191,82
05/29/2025,5259,401430,Pregnancy Test - Milk,Pregnant,0.519,192,72
05/29/2025,19483,401430,Pregnancy Test - Milk,Open,0.02,160,77
05/29/2025,19750,401430,Pregnancy Test - Milk,Pregnant,1.193,121,35
05/29/2025,19676,401430,Pregnancy Test - Milk,Pregnant,0.517,161,77
05/29/2025,2527,401430,Pregnancy Test - Milk,Pregnant,0.323,161,77
05/29/2025,17590,401430,Pregnancy Test - Milk,Pregnant,1.124,163,37
05/29/2025,16407,401430,Pregnancy Test - Milk,Pregnant,0.63,309,40
05/29/2025,14864,401430,Pregnancy Test - Milk,Pregnant,1.118,217,37
05/29/2025,14594,401430,Pregnancy Test - Milk,Pregnant,0.294,244,82
05/29/2025,11941,401430,Pregnancy Test - Milk,Pregnant,0.455,182,74
05/29/2025,17715,401430,Pregnancy Test - Milk,Pregnant,0.493,152,70
05/29/2025,12932,401430,Pregnancy Test - Milk,Pregnant,1.97,159,77
05/29/2025,772,401430,Pregnancy Test - Milk,Open,0.081,119,35
05/29/2025,3166,401430,Pregnancy Test - Milk,Re-Check,0.158,163,77
05/29/2025,7608,401430,Pregnancy Test - Milk,Pregnant,0.401,163,77
05/29/2025,19833,401430,Pregnancy Test - Milk,Pregnant,0.611,147,37
05/29/2025,7590,401430,Pregnancy Test - Milk,Pregnant,0.711,165,77
05/29/2025,5186,401430,Pregnancy Test - Milk,Pregnant,0.587,145,40
05/29/2025,5029,401430,Pregnancy Test - Milk,Open,0.028,273,70
05/29/2025,19885,401430,Pregnancy Test - Milk,Pregnant,1.172,118,35
05/29/2025,2704,401430,Pregnancy Test - Milk,Pregnant,0.261,218,77
05/29/2025,19724,401430,Pregnancy Test - Milk,Open,0.004,117,35
05/29/2025,2941,401430,Pregnancy Test - Milk,Pregnant,0.532,159,77
05/29/2025,19417,401430,Pregnancy Test - Milk,Pregnant,1.176,177,38
05/29/2025,19486,401430,Pregnancy Test - Milk,Pregnant,0.324,180,76
05/29/2025,5178,401430,Pregnancy Test - Milk,Pregnant,0.391,157,70
05/29/2025,16870,401430,Pregnancy Test - Milk,Pregnant,0.69,231,71
05/29/2025,17156,401430,Pregnancy Test - Milk,Pregnant,0.903,119,35
05/29/2025,16102,401430,Pregnancy Test - Milk,Open,0.083,257,36
05/29/2025,14789,401430,Pregnancy Test - Milk,Pregnant,1.079,202,36
05/29/2025,11230,401430,Pregnancy Test - Milk,Pregnant,0.825,119,35
05/29/2025,19818,401430,Pregnancy Test - Milk,Pregnant,1.188,119,35
05/29/2025,19703,401430,Pregnancy Test - Milk,Pregnant,1.977,118,35
05/29/2025,7415,401430,Pregnancy Test - Milk,Pregnant,1.618,120,36
05/29/2025,15357,401430,Pregnancy Test - Milk,Pregnant,0.911,120,35
05/29/2025,17587,401430,Pregnancy Test - Milk,Pregnant,0.978,120,35
05/29/2025,2260,401430,Pregnancy Test - Milk,Pregnant,0.463,155,70
05/29/2025,15036,401430,Pregnancy Test - Milk,Pregnant,1.449,137,38
05/29/2025,17499,401430,Pregnancy Test - Milk,Pregnant,1.647,162,35
05/29/2025,7624,401430,Pregnancy Test - Milk,Pregnant,1.033,162,77
05/29/2025,19489,401430,Pregnancy Test - Milk,Pregnant,2.235,160,77
05/29/2025,15700,401430,Pregnancy Test - Milk,Pregnant,0.45,154,70
05/29/2025,11887,401430,Pregnancy Test - Milk,Pregnant,0.532,303,71
05/29/2025,19126,401430,Pregnancy Test - Milk,Pregnant,0.733,180,77
05/29/2025,19385,401430,Pregnancy Test - Milk,Pregnant,0.582,164,77
05/29/2025,19491,401430,Pregnancy Test - Milk,Pregnant,0.61,160,77
05/29/2025,17806,401430,Pregnancy Test - Milk,Pregnant,0.325,165,77
05/29/2025,19651,401430,Pregnancy Test - Milk,Pregnant,1.296,118,35
05/29/2025,14311,401430,Pregnancy Test - Milk,Pregnant,0.642,232,72
05/29/2025,13545,401430,Pregnancy Test - Milk,Pregnant,0.727,120,35
05/29/2025,10016,401430,Pregnancy Test - Milk,Pregnant,0.619,120,37
05/29/2025,17560,401430,Pregnancy Test - Milk,Pregnant,1.289,118,35
05/29/2025,2995,401430,Pregnancy Test - Milk,Re-Check,0.223,145,41
05/29/2025,19694,401430,Pregnancy Test - Milk,Pregnant,1.508,123,35
05/29/2025,17302,401430,Pregnancy Test - Milk,Re-Check,0.112,153,46
05/29/2025,1544,401430,Pregnancy Test - Milk,Pregnant,0.763,239,77
05/29/2025,18835,401430,Pregnancy Test - Milk,Pregnant,0.782,325,74
05/29/2025,3983,401430,Pregnancy Test - Milk,Pregnant,0.673,182,75
05/29/2025,16550,401430,Pregnancy Test - Milk,Pregnant,0.681,272,71
05/29/2025,17232,401430,Pregnancy Test - Milk,Pregnant,1.136,146,35
05/29/2025,2206,401430,Pregnancy Test - Milk,Open,0.017,130,56
05/29/2025,19784,401430,Pregnancy Test - Milk,Pregnant,1.235,117,35
05/29/2025,17365,401430,Pregnancy Test - Milk,Pregnant,0.529,152,70
05/29/2025,17498,401430,Pregnancy Test - Milk,Pregnant,0.774,184,38
05/29/2025,13519,401430,Pregnancy Test - Milk,Re-Check,0.225,120,35
05/29/2025,16781,401430,Pregnancy Test - Milk,Pregnant,1.128,193,35
05/29/2025,19473,401430,Pregnancy Test - Milk,Pregnant,0.715,190,73
05/29/2025,13381,401430,Pregnancy Test - Milk,Pregnant,0.414,213,75
05/29/2025,19442,401430,Pregnancy Test - Milk,Pregnant,0.47,164,77
05/29/2025,17309,401430,Pregnancy Test - Milk,Pregnant,0.892,149,73
05/29/2025,13402,401430,Pregnancy Test - Milk,Pregnant,0.725,182,76
05/29/2025,17511,401430,Pregnancy Test - Milk,Open,0.013,171,40
05/29/2025,12775,401430,Pregnancy Test - Milk,Pregnant,0.276,159,77
05/29/2025,19726,401430,Pregnancy Test - Milk,Pregnant,1.3,122,35
05/29/2025,14542,401430,Pregnancy Test - Milk,Pregnant,0.803,196,35
05/29/2025,13610,401430,Pregnancy Test - Milk,Pregnant,0.618,168,35
05/29/2025,3914,401430,Pregnancy Test - Milk,Pregnant,0.71,165,77
05/29/2025,12804,401430,Pregnancy Test - Milk,Open,0.026,173,35
05/29/2025,1827,401430,Pregnancy Test - Milk,Pregnant,0.487,232,77
05/29/2025,899,401430,Pregnancy Test - Milk,Pregnant,0.283,170,84
05/29/2025,13473,401430,Pregnancy Test - Milk,Pregnant,0.68,121,35
05/29/2025,11568,401430,Pregnancy Test - Milk,Pregnant,0.462,204,37
05/29/2025,9378,401430,Pregnancy Test - Milk,Re-Check,0.228,122,35
05/29/2025,3812,401430,Pregnancy Test - Milk,Pregnant,0.376,118,35
05/29/2025,14027,401430,Pregnancy Test - Milk,Open,0.062,211,35
05/29/2025,17367,401430,Pregnancy Test - Milk,Pregnant,0.26,212,72
05/29/2025,17510,401430,Pregnancy Test - Milk,Pregnant,0.318,164,77
05/29/2025,11902,401430,Pregnancy Test - Milk,Open,0.034,175,42
05/29/2025,19499,401430,Pregnancy Test - Milk,Pregnant,0.299,183,79
05/29/2025,14906,401430,Pregnancy Test - Milk,Pregnant,0.317,178,35
05/29/2025,19523,401430,Pregnancy Test - Milk,Pregnant,0.659,207,40
05/29/2025,14267,401430,Pregnancy Test - Milk,Pregnant,0.769,165,77
05/29/2025,13146,401430,Pregnancy Test - Milk,Pregnant,0.963,156,70
05/29/2025,11245,401430,Pregnancy Test - Milk,Pregnant,0.264,162,77
05/29/2025,9773,401430,Pregnancy Test - Milk,Re-Check,0.124,154,44
05/29/2025,19696,401430,Pregnancy Test - Milk,Pregnant,0.849,141,35
05/29/2025,17185,401430,Pregnancy Test - Milk,Pregnant,0.346,190,79
05/29/2025,15040,401430,Pregnancy Test - Milk,Pregnant,0.662,170,35
05/29/2025,19502,401430,Pregnancy Test - Milk,Pregnant,0.484,165,77
05/29/2025,17533,401430,Pregnancy Test - Milk,Pregnant,0.483,147,41
05/29/2025,5121,401430,Pregnancy Test - Milk,Pregnant,0.761,213,40
05/29/2025,10510,401430,Pregnancy Test - Milk,Pregnant,1.167,238,34
05/30/2025,14913,401430,Pregnancy Test - Milk,Pregnant,0.521,123,36
05/30/2025,15384,401430,Pregnancy Test - Milk,Open,0.003,124,36
05/30/2025,15321,401430,Pregnancy Test - Milk,Pregnant,0.402,186,92
05/30/2025,15480,401430,Pregnancy Test - Milk,Open,0.023,140,38
05/30/2025,15473,401430,Pregnancy Test - Milk,Pregnant,0.357,161,78
05/30/2025,19761,401430,Pregnancy Test - Milk,Pregnant,0.908,130,38
05/30/2025,16314,401430,Pregnancy Test - Milk,Pregnant,1.615,213,83
05/30/2025,15144,401430,Pregnancy Test - Milk,Re-Check,0.118,121,36
05/30/2025,14776,401430,Pregnancy Test - Milk,Pregnant,0.895,150,39
05/30/2025,12984,401430,Pregnancy Test - Milk,Open,0.004,119,36
05/30/2025,14878,401430,Pregnancy Test - Milk,Pregnant,0.814,148,81
05/30/2025,16210,401430,Pregnancy Test - Milk,Pregnant,0.297,306,78
05/30/2025,17981,401430,Pregnancy Test - Milk,Pregnant,0.323,107,39
05/30/2025,15197,401430,Pregnancy Test - Milk,Pregnant,0.443,149,81
05/30/2025,15527,401430,Pregnancy Test - Milk,Pregnant,0.823,109,38
05/30/2025,16737,401430,Pregnancy Test - Milk,Pregnant,0.561,211,36
05/30/2025,15179,401430,Pregnancy Test - Milk,Re-Check,0.145,235,41
05/30/2025,16556,401430,Pregnancy Test - Milk,Pregnant,0.37,282,88
05/30/2025,15207,401430,Pregnancy Test - Milk,Pregnant,1.224,196,82
05/30/2025,19134,401430,Pregnancy Test - Milk,Pregnant,0.505,222,85
05/30/2025,19148,401430,Pregnancy Test - Milk,Pregnant,1.231,221,39
05/30/2025,15516,401430,Pregnancy Test - Milk,Re-Check,0.174,123,36
05/30/2025,13215,401430,Pregnancy Test - Milk,Pregnant,0.678,170,85
05/30/2025,16956,401430,Pregnancy Test - Milk,Pregnant,1.262,220,40
05/30/2025,13345,401430,Pregnancy Test - Milk,Pregnant,1.293,173,79
05/30/2025,18092,401430,Pregnancy Test - Milk,Pregnant,0.772,105,39
05/30/2025,16995,401430,Pregnancy Test - Milk,Pregnant,1.353,217,35
05/30/2025,15209,401430,Pregnancy Test - Milk,Open,0,118,36
05/30/2025,15337,401430,Pregnancy Test - Milk,Pregnant,0.806,123,36
05/30/2025,13900,401430,Pregnancy Test - Milk,Pregnant,0.532,227,83
05/30/2025,18976,401430,Pregnancy Test - Milk,Pregnant,0.685,254,83
05/30/2025,19155,401430,Pregnancy Test - Milk,Pregnant,0.76,252,35
05/30/2025,15593,401430,Pregnancy Test - Milk,Pregnant,0.563,146,40
05/30/2025,15212,401430,Pregnancy Test - Milk,Pregnant,0.392,197,90
05/30/2025,15082,401430,Pregnancy Test - Milk,Re-Check,0.224,169,85
05/30/2025,15330,401430,Pregnancy Test - Milk,Re-Check,0.224,168,44
05/30/2025,14917,401430,Pregnancy Test - Milk,Pregnant,1.122,199,83
05/30/2025,15242,401430,Pregnancy Test - Milk,Pregnant,0.638,155,39
05/30/2025,17177,401430,Pregnancy Test - Milk,Pregnant,0.322,173,41
05/30/2025,19096,401430,Pregnancy Test - Milk,Pregnant,0.392,240,83
05/30/2025,13213,401430,Pregnancy Test - Milk,Open,0.041,121,36
05/30/2025,19667,401430,Pregnancy Test - Milk,Open,0.002,151,39
05/30/2025,14057,401430,Pregnancy Test - Milk,Pregnant,0.796,181,36
05/30/2025,15415,401430,Pregnancy Test - Milk,Open,-0.01,119,36
05/30/2025,11834,401430,Pregnancy Test - Milk,Pregnant,0.3,159,36
05/30/2025,1609,401430,Pregnancy Test - Milk,Open,0.006,118,36
05/30/2025,18708,401430,Pregnancy Test - Milk,Open,-0.005,256,36
05/30/2025,15475,401430,Pregnancy Test - Milk,Pregnant,0.6,157,36
06/04/2025,14329,401430,Pregnancy Test - Milk,Pregnant,0.828,158,70
06/04/2025,3496,401430,Pregnancy Test - Milk,Pregnant,0.906,384,76
06/04/2025,18677,401430,Pregnancy Test - Milk,Pregnant,1.024,351,35
06/04/2025,12727,401430,Pregnancy Test - Milk,Pregnant,1.161,277,34
06/04/2025,17500,401430,Pregnancy Test - Milk,Pregnant,0.472,161,71
06/04/2025,11132,401430,Pregnancy Test - Milk,Re-Check,0.238,209,72
06/04/2025,16881,401430,Pregnancy Test - Milk,Pregnant,2.138,165,39
06/04/2025,12139,401430,Pregnancy Test - Milk,Pregnant,0.591,207,35
06/04/2025,9667,401430,Pregnancy Test - Milk,Pregnant,0.346,154,70
06/04/2025,10929,401430,Pregnancy Test - Milk,Pregnant,1.107,117,35
06/04/2025,13326,401430,Pregnancy Test - Milk,Pregnant,0.89,139,34
06/04/2025,20088,401430,Pregnancy Test - Milk,Pregnant,2.188,122,35
06/04/2025,18056,401430,Pregnancy Test - Milk,Pregnant,1.561,363,72
06/04/2025,10761,401430,Pregnancy Test - Milk,Pregnant,1.128,155,70
06/04/2025,5204,401430,Pregnancy Test - Milk,Pregnant,1.472,251,37
06/04/2025,13527,401430,Pregnancy Test - Milk,Pregnant,0.559,237,36
06/04/2025,9773,401430,Pregnancy Test - Milk,Open,0.049,161,1
06/04/2025,9136,401430,Pregnancy Test - Milk,Pregnant,0.649,155,70
06/04/2025,9153,401430,Pregnancy Test - Milk,Pregnant,0.458,118,35
06/04/2025,9198,401430,Pregnancy Test - Milk,Pregnant,0.806,280,36
06/04/2025,17579,401430,Pregnancy Test - Milk,Pregnant,1.007,118,35
06/04/2025,11144,401430,Pregnancy Test - Milk,Pregnant,1.289,140,36
06/04/2025,5255,401430,Pregnancy Test - Milk,Pregnant,0.8,154,70
06/04/2025,5206,401430,Pregnancy Test - Milk,Pregnant,0.59,158,70
06/04/2025,9486,401430,Pregnancy Test - Milk,Pregnant,0.666,121,35
06/04/2025,17656,401430,Pregnancy Test - Milk,Pregnant,0.277,156,70
06/04/2025,17521,401430,Pregnancy Test - Milk,Pregnant,0.532,158,70
06/04/2025,12808,401430,Pregnancy Test - Milk,Pregnant,0.369,183,70
06/04/2025,17320,401430,Pregnancy Test - Milk,Pregnant,0.89,118,35
06/04/2025,11725,401430,Pregnancy Test - Milk,Pregnant,1.561,313,70
06/04/2025,11018,401430,Pregnancy Test - Milk,Pregnant,0.336,163,75
06/04/2025,10744,401430,Pregnancy Test - Milk,Pregnant,0.404,152,70
06/04/2025,17346,401430,Pregnancy Test - Milk,Re-Check,0.106,177,91
06/04/2025,12015,401430,Pregnancy Test - Milk,Pregnant,1.206,229,39
06/04/2025,9378,401430,Pregnancy Test - Milk,Re-Check,0.132,129,42
06/04/2025,11377,401430,Pregnancy Test - Milk,Pregnant,0.878,154,70
06/04/2025,13339,401430,Pregnancy Test - Milk,Pregnant,0.966,122,35
06/04/2025,13072,401430,Pregnancy Test - Milk,Pregnant,1.177,120,35
06/04/2025,7167,401430,Pregnancy Test - Milk,Pregnant,0.481,152,71
06/04/2025,17344,401430,Pregnancy Test - Milk,Pregnant,0.541,120,35
06/04/2025,10180,401430,Pregnancy Test - Milk,Pregnant,0.258,157,70
06/04/2025,16957,401430,Pregnancy Test - Milk,Pregnant,1.131,244,35
06/04/2025,17866,401430,Pregnancy Test - Milk,Pregnant,0.918,129,38
06/04/2025,9912,401430,Pregnancy Test - Milk,Pregnant,0.583,194,70
06/04/2025,15378,401430,Pregnancy Test - Milk,Pregnant,0.709,117,35
06/04/2025,12168,401430,Pregnancy Test - Milk,Pregnant,POS,157,71
06/04/2025,7236,401430,Pregnancy Test - Milk,Pregnant,0.325,158,70
06/04/2025,14712,401430,Pregnancy Test - Milk,Pregnant,0.876,120,35
06/04/2025,12839,401430,Pregnancy Test - Milk,Pregnant,0.666,182,71
06/04/2025,15275,401430,Pregnancy Test - Milk,Open,0.059,156,70
06/04/2025,12416,401430,Pregnancy Test - Milk,Pregnant,1.125,172,35
06/04/2025,13482,401430,Pregnancy Test - Milk,Pregnant,0.376,177,71
06/04/2025,12511,401430,Pregnancy Test - Milk,Pregnant,0.672,231,34
06/04/2025,19932,401430,Pregnancy Test - Milk,Pregnant,0.687,120,35
06/04/2025,16961,401430,Pregnancy Test - Milk,Pregnant,1.185,253,37
06/04/2025,9937,401430,Pregnancy Test - Milk,Pregnant,0.608,122,35
06/04/2025,11748,401430,Pregnancy Test - Milk,Open,0.016,117,35
06/04/2025,16967,401430,Pregnancy Test - Milk,Open,0.008,224,73
06/05/2025,7622,401430,Pregnancy Test - Milk,Pregnant,1.071,176,71
06/05/2025,1020,401430,Pregnancy Test - Milk,Pregnant,0.469,177,41
06/05/2025,15262,401430,Pregnancy Test - Milk,Pregnant,0.629,234,75
06/05/2025,17188,401430,Pregnancy Test - Milk,Open,0.027,268,39
06/05/2025,19847,401430,Pregnancy Test - Milk,Pregnant,1.028,123,35
06/05/2025,17078,401430,Pregnancy Test - Milk,Pregnant,0.844,156,38
06/05/2025,19317,401430,Pregnancy Test - Milk,Pregnant,1.108,186,75
06/05/2025,3207,401430,Pregnancy Test - Milk,Pregnant,2.208,161,77
06/05/2025,16768,401430,Pregnancy Test - Milk,Pregnant,1.178,200,76
06/05/2025,2538,401430,Pregnancy Test - Milk,Pregnant,0.622,308,76
06/05/2025,14091,401430,Pregnancy Test - Milk,Open,0.06,183,35
06/05/2025,19014,401430,Pregnancy Test - Milk,Pregnant,2.139,196,75
06/05/2025,19458,401430,Pregnancy Test - Milk,Pregnant,0.462,170,84
06/05/2025,16813,401430,Pregnancy Test - Milk,Pregnant,0.433,162,77
06/05/2025,19711,401430,Pregnancy Test - Milk,Pregnant,0.927,163,77
06/05/2025,3332,401430,Pregnancy Test - Milk,Pregnant,0.527,311,74
06/05/2025,14475,401430,Pregnancy Test - Milk,Pregnant,0.705,163,77
06/05/2025,506,401430,Pregnancy Test - Milk,Open,0.072,91,35
06/05/2025,8917,401430,Pregnancy Test - Milk,Pregnant,0.668,123,35
06/05/2025,7627,401430,Pregnancy Test - Milk,Pregnant,0.618,197,75
06/05/2025,19137,401430,Pregnancy Test - Milk,Pregnant,0.993,217,77
06/05/2025,19788,401430,Pregnancy Test - Milk,Pregnant,1.501,118,35
06/05/2025,16712,401430,Pregnancy Test - Milk,Pregnant,0.594,161,77
06/05/2025,17791,401430,Pregnancy Test - Milk,Pregnant,1.056,119,35
06/05/2025,17574,401430,Pregnancy Test - Milk,Open,-0.003,161,41
06/05/2025,19603,401430,Pregnancy Test - Milk,Pregnant,2.282,160,77
06/05/2025,14196,401430,Pregnancy Test - Milk,Pregnant,0.771,291,77
06/05/2025,19416,401430,Pregnancy Test - Milk,Pregnant,1.673,197,72
06/05/2025,3906,401430,Pregnancy Test - Milk,Pregnant,0.28,161,77
06/05/2025,19516,401430,Pregnancy Test - Milk,Pregnant,0.922,176,71
06/05/2025,19264,401430,Pregnancy Test - Milk,Pregnant,1.256,196,41
06/05/2025,17229,401430,Pregnancy Test - Milk,Pregnant,0.277,164,40
06/05/2025,14168,401430,Pregnancy Test - Milk,Pregnant,0.305,183,72
06/05/2025,13703,401430,Pregnancy Test - Milk,Pregnant,0.48,187,73
06/05/2025,17074,401430,Pregnancy Test - Milk,Pregnant,0.468,266,73
06/05/2025,12684,401430,Pregnancy Test - Milk,Open,0.01,121,35
06/05/2025,8902,401430,Pregnancy Test - Milk,Pregnant,0.378,161,77
06/05/2025,19801,401430,Pregnancy Test - Milk,Pregnant,1.036,119,35
06/05/2025,19510,401430,Pregnancy Test - Milk,Pregnant,1.218,171,39
06/05/2025,17254,401430,Pregnancy Test - Milk,Pregnant,0.842,163,77
06/05/2025,13101,401430,Pregnancy Test - Milk,Pregnant,0.56,160,77
06/05/2025,19421,401430,Pregnancy Test - Milk,Pregnant,1.306,213,36
06/05/2025,14793,401430,Pregnancy Test - Milk,Pregnant,0.761,161,77
06/05/2025,19453,401430,Pregnancy Test - Milk,Pregnant,0.986,217,40
06/05/2025,19641,401430,Pregnancy Test - Milk,Pregnant,1.707,148,35
06/05/2025,19078,401430,Pregnancy Test - Milk,Pregnant,0.77,241,41
06/05/2025,17302,401430,Pregnancy Test - Milk,Re-Check,0.174,160,53
06/05/2025,14294,401430,Pregnancy Test - Milk,Pregnant,0.869,165,77
06/05/2025,19823,401430,Pregnancy Test - Milk,Pregnant,1.018,119,35
06/05/2025,19276,401430,Pregnancy Test - Milk,Pregnant,1.344,213,74
06/05/2025,19536,401430,Pregnancy Test - Milk,Pregnant,0.283,166,62
06/05/2025,17206,401430,Pregnancy Test - Milk,Pregnant,0.297,219,75
06/05/2025,15089,401430,Pregnancy Test - Milk,Pregnant,0.621,164,77
06/05/2025,14204,401430,Pregnancy Test - Milk,Open,0.096,181,41
06/05/2025,17464,401430,Pregnancy Test - Milk,Pregnant,0.317,161,77
06/05/2025,17209,401430,Pregnancy Test - Milk,Pregnant,1.397,118,35
06/05/2025,19705,401430,Pregnancy Test - Milk,Pregnant,0.68,150,41
06/05/2025,2835,401430,Pregnancy Test - Milk,Pregnant,0.462,119,35
06/05/2025,19646,401430,Pregnancy Test - Milk,Pregnant,1.168,148,41
06/05/2025,17248,401430,Pregnancy Test - Milk,Pregnant,0.538,159,77
06/05/2025,14987,401430,Pregnancy Test - Milk,Pregnant,0.78,119,35
06/05/2025,18796,401430,Pregnancy Test - Milk,Pregnant,0.698,297,75
06/05/2025,16934,401430,Pregnancy Test - Milk,Pregnant,0.838,208,76
06/05/2025,17721,401430,Pregnancy Test - Milk,Pregnant,1.053,120,35
06/05/2025,16681,401430,Pregnancy Test - Milk,Pregnant,1.041,183,72
06/05/2025,13017,401430,Pregnancy Test - Milk,Pregnant,0.628,163,73
06/05/2025,19837,401430,Pregnancy Test - Milk,Pregnant,1.392,117,35
06/05/2025,17401,401430,Pregnancy Test - Milk,Pregnant,0.837,164,77
06/05/2025,16756,401430,Pregnancy Test - Milk,Pregnant,0.471,256,74
06/05/2025,2353,401430,Pregnancy Test - Milk,Pregnant,0.295,123,35
06/05/2025,19808,401430,Pregnancy Test - Milk,Pregnant,0.87,122,35
06/05/2025,19335,401430,Pregnancy Test - Milk,Pregnant,0.731,196,40
06/05/2025,17810,401430,Pregnancy Test - Milk,Pregnant,1.013,118,35
06/05/2025,14983,401430,Pregnancy Test - Milk,Pregnant,0.32,286,73
06/05/2025,19785,401430,Pregnancy Test - Milk,Pregnant,1.733,121,35
06/05/2025,8997,401430,Pregnancy Test - Milk,Pregnant,0.375,155,37
06/05/2025,16725,401430,Pregnancy Test - Milk,Pregnant,0.763,194,72
06/05/2025,13167,401430,Pregnancy Test - Milk,Pregnant,1.098,184,76
06/05/2025,19384,401430,Pregnancy Test - Milk,Pregnant,2.497,164,77
06/05/2025,15530,401430,Pregnancy Test - Milk,Pregnant,0.482,163,77
06/05/2025,7601,401430,Pregnancy Test - Milk,Pregnant,0.939,185,38
06/05/2025,19809,401430,Pregnancy Test - Milk,Pregnant,1.248,118,35
06/05/2025,17392,401430,Pregnancy Test - Milk,Re-Check,0.196,213,40
06/05/2025,17038,401430,Pregnancy Test - Milk,Pregnant,0.664,144,38
06/05/2025,997,401430,Pregnancy Test - Milk,Open,-0.005,172,35
06/05/2025,17294,401430,Pregnancy Test - Milk,Pregnant,0.581,235,75
06/05/2025,17402,401430,Pregnancy Test - Milk,Pregnant,1.556,117,35
06/05/2025,15584,401430,Pregnancy Test - Milk,Pregnant,0.271,118,35
06/05/2025,15821,401430,Pregnancy Test - Milk,Pregnant,1.483,118,35
06/05/2025,13519,401430,Pregnancy Test - Milk,Re-Check,0.144,127,42
06/05/2025,3166,401430,Pregnancy Test - Milk,Re-Check,0.229,170,84
06/05/2025,17932,401430,Pregnancy Test - Milk,Pregnant,1.327,123,35
06/05/2025,17426,401430,Pregnancy Test - Milk,Pregnant,0.658,165,77
06/05/2025,14791,401430,Pregnancy Test - Milk,Pregnant,0.406,184,77
06/05/2025,19669,401430,Pregnancy Test - Milk,Pregnant,0.787,163,35
06/05/2025,19360,401430,Pregnancy Test - Milk,Pregnant,1.02,198,72
06/05/2025,14246,401430,Pregnancy Test - Milk,Pregnant,0.691,187,35
06/05/2025,17786,401430,Pregnancy Test - Milk,Re-Check,0.107,118,35
06/05/2025,19892,401430,Pregnancy Test - Milk,Pregnant,1.186,118,35
06/05/2025,14597,401430,Pregnancy Test - Milk,Pregnant,0.728,163,77
06/05/2025,1625,401430,Pregnancy Test - Milk,Pregnant,1.038,164,77
06/05/2025,19854,401430,Pregnancy Test - Milk,Pregnant,1.805,123,35
06/05/2025,16829,401430,Pregnancy Test - Milk,Pregnant,0.685,162,77
06/05/2025,12913,401430,Pregnancy Test - Milk,Open,-0.207,151,36
06/05/2025,19293,401430,Pregnancy Test - Milk,Pregnant,1.257,284,35
06/05/2025,15261,401430,Pregnancy Test - Milk,Pregnant,0.746,159,77
06/05/2025,15970,401430,Pregnancy Test - Milk,Pregnant,0.735,123,35
06/05/2025,19089,401430,Pregnancy Test - Milk,Pregnant,0.636,299,73
06/05/2025,15354,401430,Pregnancy Test - Milk,Pregnant,0.665,119,35
06/05/2025,17146,401430,Pregnancy Test - Milk,Pregnant,0.64,161,77
06/05/2025,7574,401430,Pregnancy Test - Milk,Pregnant,1.301,121,35
06/05/2025,2995,401430,Pregnancy Test - Milk,Re-Check,0.213,152,48
06/05/2025,17374,401430,Pregnancy Test - Milk,Open,0.037,169,35
06/05/2025,1836,401430,Pregnancy Test - Milk,Pregnant,0.904,122,35
06/05/2025,19476,401430,Pregnancy Test - Milk,Pregnant,1.157,161,77
06/05/2025,17449,401430,Pregnancy Test - Milk,Pregnant,1.148,166,38
06/05/2025,17142,401430,Pregnancy Test - Milk,Pregnant,0.57,164,77
06/05/2025,19566,401430,Pregnancy Test - Milk,Pregnant,0.959,214,74
06/05/2025,18998,401430,Pregnancy Test - Milk,Pregnant,0.892,335,72
06/05/2025,2984,401430,Pregnancy Test - Milk,Pregnant,0.336,161,77
06/05/2025,5407,401430,Pregnancy Test - Milk,Pregnant,0.855,164,77
06/05/2025,895,401430,Pregnancy Test - Milk,Pregnant,0.591,208,76
06/05/2025,14190,401430,Pregnancy Test - Milk,Pregnant,0.396,180,72
06/05/2025,19625,401430,Pregnancy Test - Milk,Pregnant,1.427,119,35
06/05/2025,19583,401430,Pregnancy Test - Milk,Pregnant,0.709,165,77
06/05/2025,3700,401430,Pregnancy Test - Milk,Pregnant,0.898,337,36
06/06/2025,19189,401430,Pregnancy Test - Milk,Open,0.009,256,41
06/06/2025,15690,401430,Pregnancy Test - Milk,Re-Check,0.121,110,38
06/06/2025,13386,401430,Pregnancy Test - Milk,Open,0.007,151,40
06/06/2025,15082,401430,Pregnancy Test - Milk,Pregnant,0.344,176,92
06/06/2025,16820,401430,Pregnancy Test - Milk,Pregnant,0.383,147,80
06/06/2025,18081,401430,Pregnancy Test - Milk,Pregnant,0.644,105,38
06/06/2025,14824,401430,Pregnancy Test - Milk,Pregnant,0.494,256,80
06/06/2025,14984,401430,Pregnancy Test - Milk,Open,0.003,210,37
06/06/2025,15318,401430,Pregnancy Test - Milk,Re-Check,0.107,161,78
06/06/2025,13832,401430,Pregnancy Test - Milk,Re-Check,0.229,123,36
06/06/2025,1588,401430,Pregnancy Test - Milk,Pregnant,0.527,183,38
06/06/2025,15427,401430,Pregnancy Test - Milk,Re-Check,0.169,155,81
06/06/2025,15417,401430,Pregnancy Test - Milk,Open,0.032,121,36
06/06/2025,14431,401430,Pregnancy Test - Milk,Pregnant,0.38,217,79
06/06/2025,14821,401430,Pregnancy Test - Milk,Pregnant,1.267,331,84
06/06/2025,13109,401430,Pregnancy Test - Milk,Pregnant,0.655,151,80
06/06/2025,17926,401430,Pregnancy Test - Milk,Open,0.003,118,36
06/06/2025,13533,401430,Pregnancy Test - Milk,Pregnant,0.385,162,78
06/06/2025,15144,401430,Pregnancy Test - Milk,Open,0.039,128,43
06/06/2025,17957,401430,Pregnancy Test - Milk,Pregnant,0.884,123,36
06/06/2025,15152,401430,Pregnancy Test - Milk,Pregnant,0.343,193,84
06/06/2025,16646,401430,Pregnancy Test - Milk,Pregnant,0.962,212,84
06/06/2025,15591,401430,Pregnancy Test - Milk,Pregnant,0.389,146,39
06/06/2025,15328,401430,Pregnancy Test - Milk,Pregnant,0.393,158,36
06/06/2025,5433,401430,Pregnancy Test - Milk,Open,-0.004,127,43
06/06/2025,1524,401430,Pregnancy Test - Milk,Pregnant,0.622,141,36
06/06/2025,15302,401430,Pregnancy Test - Milk,Open,0.003,119,36
06/06/2025,15179,401430,Pregnancy Test - Milk,Re-Check,0.214,242,48
06/06/2025,19749,401430,Pregnancy Test - Milk,Pregnant,0.537,147,80
06/06/2025,15330,401430,Pregnancy Test - Milk,Re-Check,0.164,175,51
06/06/2025,15516,401430,Pregnancy Test - Milk,Re-Check,0.113,130,43
06/12/2025,17603,401430,Pregnancy Test - Milk,Open,0.027,202,0
06/12/2025,11132,401430,Pregnancy Test - Milk,Pregnant,0.378,216,79
06/12/2025,20016,401430,Pregnancy Test - Milk,Pregnant,1.513,120,36
06/12/2025,19537,401430,Pregnancy Test - Milk,Pregnant,1.429,160,78
06/12/2025,5849,401430,Pregnancy Test - Milk,Pregnant,0.755,161,41
06/12/2025,736,401430,Pregnancy Test - Milk,Pregnant,0.534,165,78
06/12/2025,19812,401430,Pregnancy Test - Milk,Pregnant,1.127,122,35
06/12/2025,8990,401430,Pregnancy Test - Milk,Pregnant,0.505,158,72
06/12/2025,17457,401430,Pregnancy Test - Milk,Pregnant,1.097,144,36
06/12/2025,13555,401430,Pregnancy Test - Milk,Pregnant,1.127,123,37
06/12/2025,19639,401430,Pregnancy Test - Milk,Open,0.079,168,36
06/12/2025,13088,401430,Pregnancy Test - Milk,Pregnant,0.554,121,35
06/12/2025,16927,401430,Pregnancy Test - Milk,Pregnant,1.052,166,78
06/12/2025,13898,401430,Pregnancy Test - Milk,Pregnant,0.41,121,36
06/12/2025,17794,401430,Pregnancy Test - Milk,Pregnant,1.559,119,36
06/12/2025,17813,401430,Pregnancy Test - Milk,Pregnant,1.346,142,36
06/12/2025,15084,401430,Pregnancy Test - Milk,Open,0.041,206,35
06/12/2025,17589,401430,Pregnancy Test - Milk,Open,0.035,147,38
06/12/2025,12628,401430,Pregnancy Test - Milk,Pregnant,0.376,203,38
06/12/2025,19645,401430,Pregnancy Test - Milk,Pregnant,1.292,122,36
06/12/2025,2995,401430,Pregnancy Test - Milk,Re-Check,0.207,160,56
06/12/2025,7596,401430,Pregnancy Test - Milk,Pregnant,2.016,188,37
06/12/2025,17086,401430,Pregnancy Test - Milk,Pregnant,1.02,181,37
06/12/2025,16618,401430,Pregnancy Test - Milk,Pregnant,0.535,166,78
06/12/2025,12584,401430,Pregnancy Test - Milk,Pregnant,0.634,179,35
06/12/2025,15793,401430,Pregnancy Test - Milk,Pregnant,0.376,158,78
06/12/2025,17848,401430,Pregnancy Test - Milk,Pregnant,0.419,120,36
06/12/2025,13056,401430,Pregnancy Test - Milk,Pregnant,1.173,204,36
06/12/2025,4003,401430,Pregnancy Test - Milk,Pregnant,0.294,148,42
06/12/2025,20008,401430,Pregnancy Test - Milk,Pregnant,1.61,121,36
06/12/2025,19596,401430,Pregnancy Test - Milk,Pregnant,1.088,124,36
06/12/2025,5160,401430,Pregnancy Test - Milk,Pregnant,0.75,118,35
06/12/2025,10962,401430,Pregnancy Test - Milk,Pregnant,0.368,123,35
06/12/2025,13813,401430,Pregnancy Test - Milk,Pregnant,0.264,117,35
06/12/2025,19553,401430,Pregnancy Test - Milk,Pregnant,0.864,177,77
06/12/2025,7629,401430,Pregnancy Test - Milk,Pregnant,0.903,197,78
06/12/2025,17126,401430,Pregnancy Test - Milk,Pregnant,0.936,118,36
06/12/2025,19917,401430,Pregnancy Test - Milk,Pregnant,1.095,119,36
06/12/2025,19799,401430,Pregnancy Test - Milk,Pregnant,0.269,161,78
06/12/2025,19033,401430,Pregnancy Test - Milk,Open,0.01,269,36
06/12/2025,12589,401430,Pregnancy Test - Milk,Pregnant,2.122,255,73
06/12/2025,13578,401430,Pregnancy Test - Milk,Pregnant,1.095,121,35
06/12/2025,7980,401430,Pregnancy Test - Milk,Pregnant,0.34,236,70
06/12/2025,15407,401430,Pregnancy Test - Milk,Re-Check,0.239,172,39
06/12/2025,13148,401430,Pregnancy Test - Milk,Pregnant,0.448,156,70
06/12/2025,1003,401430,Pregnancy Test - Milk,Pregnant,0.316,174,92
06/12/2025,17436,401430,Pregnancy Test - Milk,Pregnant,0.378,181,73
06/12/2025,14334,401430,Pregnancy Test - Milk,Open,0.08,313,42
06/12/2025,12612,401430,Pregnancy Test - Milk,Pregnant,0.658,207,36
06/12/2025,19864,401430,Pregnancy Test - Milk,Pregnant,1.419,123,36
06/12/2025,19082,401430,Pregnancy Test - Milk,Re-Check,0.231,308,42
06/12/2025,17444,401430,Pregnancy Test - Milk,Pregnant,0.481,118,36
06/12/2025,19607,401430,Pregnancy Test - Milk,Pregnant,0.646,162,78
06/12/2025,18163,401430,Pregnancy Test - Milk,Pregnant,1.596,120,36
06/12/2025,19564,401430,Pregnancy Test - Milk,Pregnant,0.502,181,78
06/12/2025,19764,401430,Pregnancy Test - Milk,Pregnant,0.936,120,36
06/12/2025,14348,401430,Pregnancy Test - Milk,Pregnant,POS,330,77
06/12/2025,17834,401430,Pregnancy Test - Milk,Pregnant,0.829,118,36
06/12/2025,19402,401430,Pregnancy Test - Milk,Pregnant,0.698,220,76
06/12/2025,10169,401430,Pregnancy Test - Milk,Pregnant,0.598,119,35
06/12/2025,3034,401430,Pregnancy Test - Milk,Pregnant,0.706,264,70
06/12/2025,19873,401430,Pregnancy Test - Milk,Pregnant,1.233,122,35
06/12/2025,17346,401430,Pregnancy Test - Milk,Re-Check,0.204,184,98
06/12/2025,9342,401430,Pregnancy Test - Milk,Pregnant,1.011,197,37
06/12/2025,10011,401430,Pregnancy Test - Milk,Pregnant,0.688,282,35
06/12/2025,17397,401430,Pregnancy Test - Milk,Pregnant,0.591,130,43
06/12/2025,15507,401430,Pregnancy Test - Milk,Open,0.02,173,36
06/12/2025,15030,401430,Pregnancy Test - Milk,Pregnant,0.503,211,78
06/12/2025,13322,401430,Pregnancy Test - Milk,Pregnant,0.686,152,41
06/12/2025,19546,401430,Pregnancy Test - Milk,Pregnant,0.963,198,75
06/12/2025,17687,401430,Pregnancy Test - Milk,Pregnant,0.535,163,78
06/12/2025,17762,401430,Pregnancy Test - Milk,Pregnant,0.563,161,78
06/12/2025,17786,401430,Pregnancy Test - Milk,Open,0.079,126,43
06/12/2025,17108,401430,Pregnancy Test - Milk,Pregnant,0.364,163,78
06/12/2025,17790,401430,Pregnancy Test - Milk,Pregnant,1.194,129,40
06/12/2025,16653,401430,Pregnancy Test - Milk,Pregnant,0.319,161,78
06/12/2025,19570,401430,Pregnancy Test - Milk,Re-Check,0.246,161,78
06/12/2025,19767,401430,Pregnancy Test - Milk,Pregnant,1.572,124,36
06/12/2025,7540,401430,Pregnancy Test - Milk,Pregnant,1.316,170,36
06/12/2025,8287,401430,Pregnancy Test - Milk,Pregnant,0.577,323,38
06/12/2025,12530,401430,Pregnancy Test - Milk,Open,0.03,154,36
06/12/2025,17084,401430,Pregnancy Test - Milk,Pregnant,1.601,178,40
06/12/2025,19794,401430,Pregnancy Test - Milk,Pregnant,0.629,161,78
06/12/2025,12712,401430,Pregnancy Test - Milk,Pregnant,0.345,122,36
06/12/2025,19552,401430,Pregnancy Test - Milk,Open,0.016,122,36
06/12/2025,17601,401430,Pregnancy Test - Milk,Pregnant,0.773,154,70
06/12/2025,16340,401430,Pregnancy Test - Milk,Pregnant,0.781,358,70
06/12/2025,10708,401430,Pregnancy Test - Milk,Open,0.031,122,35
06/12/2025,17700,401430,Pregnancy Test - Milk,Pregnant,1.114,122,36
06/12/2025,15495,401430,Pregnancy Test - Milk,Pregnant,0.525,161,78
06/12/2025,19582,401430,Pregnancy Test - Milk,Pregnant,0.503,206,73
06/12/2025,17478,401430,Pregnancy Test - Milk,Pregnant,1.036,171,39
06/12/2025,13409,401430,Pregnancy Test - Milk,Pregnant,0.488,120,36
06/12/2025,15176,401430,Pregnancy Test - Milk,Pregnant,0.87,164,78
06/12/2025,17962,401430,Pregnancy Test - Milk,Pregnant,0.714,123,36
06/12/2025,18012,401430,Pregnancy Test - Milk,Pregnant,1.019,120,36
06/12/2025,14916,401430,Pregnancy Test - Milk,Pregnant,0.604,151,41
06/12/2025,19478,401430,Pregnancy Test - Milk,Open,0.039,160,78
06/12/2025,19759,401430,Pregnancy Test - Milk,Pregnant,1.574,118,36
06/12/2025,19635,401430,Pregnancy Test - Milk,Pregnant,0.571,120,36
06/12/2025,12898,401430,Pregnancy Test - Milk,Pregnant,0.286,202,76
06/12/2025,9378,401430,Pregnancy Test - Milk,Re-Check,0.13,136,49
06/12/2025,19462,401430,Pregnancy Test - Milk,Pregnant,0.836,175,48
06/12/2025,19376,401430,Pregnancy Test - Milk,Pregnant,0.421,165,78
06/12/2025,19825,401430,Pregnancy Test - Milk,Pregnant,0.641,124,36
06/12/2025,19865,401430,Pregnancy Test - Milk,Pregnant,1.439,118,36
06/12/2025,19168,401430,Pregnancy Test - Milk,Pregnant,0.76,206,76
06/12/2025,13519,401430,Pregnancy Test - Milk,Re-Check,0.169,135,50
06/12/2025,19945,401430,Pregnancy Test - Milk,Pregnant,0.742,122,37
06/12/2025,5235,401430,Pregnancy Test - Milk,Pregnant,1.288,324,36
06/12/2025,15583,401430,Pregnancy Test - Milk,Pregnant,0.928,118,36
06/12/2025,1144,401430,Pregnancy Test - Milk,Pregnant,0.527,165,78
06/12/2025,17036,401430,Pregnancy Test - Milk,Pregnant,1.148,170,38
06/12/2025,2014,401430,Pregnancy Test - Milk,Pregnant,1.225,167,41
06/12/2025,18993,401430,Pregnancy Test - Milk,Pregnant,0.373,313,78
06/12/2025,18828,401430,Pregnancy Test - Milk,Pregnant,1.382,350,36
06/12/2025,16978,401430,Pregnancy Test - Milk,Pregnant,0.684,163,78
06/12/2025,19573,401430,Pregnancy Test - Milk,Pregnant,0.37,118,36
06/12/2025,19943,401430,Pregnancy Test - Milk,Pregnant,1.05,121,36
06/12/2025,1862,401430,Pregnancy Test - Milk,Pregnant,1.239,122,36
06/12/2025,15210,401430,Pregnancy Test - Milk,Open,0.092,121,36
06/12/2025,12679,401430,Pregnancy Test - Milk,Pregnant,0.285,162,78
06/12/2025,19927,401430,Pregnancy Test - Milk,Pregnant,1.675,120,36
06/12/2025,19368,401430,Pregnancy Test - Milk,Pregnant,0.354,201,72
06/12/2025,11093,401430,Pregnancy Test - Milk,Pregnant,0.4,121,36
06/12/2025,19187,401430,Pregnancy Test - Milk,Pregnant,0.724,211,78
06/12/2025,19937,401430,Pregnancy Test - Milk,Pregnant,2.099,123,36
06/12/2025,13491,401430,Pregnancy Test - Milk,Pregnant,0.364,119,35
06/12/2025,12329,401430,Pregnancy Test - Milk,Pregnant,1.36,307,36
06/12/2025,9514,401430,Pregnancy Test - Milk,Pregnant,0.618,241,72
06/12/2025,14393,401430,Pregnancy Test - Milk,Pregnant,0.561,120,36
06/12/2025,19791,401430,Pregnancy Test - Milk,Pregnant,0.92,123,36
06/12/2025,15668,401430,Pregnancy Test - Milk,Re-Check,0.119,122,35
06/12/2025,7068,401430,Pregnancy Test - Milk,Pregnant,0.439,156,70
06/12/2025,15129,401430,Pregnancy Test - Milk,Pregnant,0.294,150,39
06/12/2025,19840,401430,Pregnancy Test - Milk,Pregnant,0.837,118,36
06/12/2025,17544,401430,Pregnancy Test - Milk,Pregnant,0.738,160,78
06/12/2025,13102,401430,Pregnancy Test - Milk,Pregnant,1.188,163,78
06/12/2025,19683,401430,Pregnancy Test - Milk,Pregnant,1.203,166,38
06/12/2025,15622,401430,Pregnancy Test - Milk,Pregnant,1.082,123,36
06/12/2025,15070,401430,Pregnancy Test - Milk,Pregnant,0.442,208,74
06/12/2025,1632,401430,Pregnancy Test - Milk,Pregnant,1.87,173,39
06/12/2025,19644,401430,Pregnancy Test - Milk,Pregnant,1.244,123,36
06/12/2025,19512,401430,Pregnancy Test - Milk,Pregnant,0.751,220,70
06/12/2025,17420,401430,Pregnancy Test - Milk,Pregnant,0.498,193,37
06/12/2025,13344,401430,Pregnancy Test - Milk,Open,0.006,302,40
06/12/2025,19903,401430,Pregnancy Test - Milk,Pregnant,0.728,119,36
06/12/2025,17302,401430,Pregnancy Test - Milk,Re-Check,0.156,168,61
06/12/2025,19772,401430,Pregnancy Test - Milk,Pregnant,1.31,124,37
06/12/2025,19830,401430,Pregnancy Test - Milk,Pregnant,0.997,123,36
06/12/2025,5418,401430,Pregnancy Test - Milk,Re-Check,0.157,151,41
06/12/2025,17337,401430,Pregnancy Test - Milk,Pregnant,0.535,152,70
06/12/2025,11202,401430,Pregnancy Test - Milk,Pregnant,0.422,167,38
06/12/2025,15219,401430,Pregnancy Test - Milk,Pregnant,0.889,146,42
06/12/2025,17276,401430,Pregnancy Test - Milk,Pregnant,1.218,288,78
06/12/2025,19875,401430,Pregnancy Test - Milk,Pregnant,0.811,122,36
06/12/2025,3166,401430,Pregnancy Test - Milk,Pregnant,0.307,178,92
06/12/2025,19751,401430,Pregnancy Test - Milk,Pregnant,0.927,119,36
06/12/2025,19664,401430,Pregnancy Test - Milk,Pregnant,1.409,122,36
06/12/2025,13501,401430,Pregnancy Test - Milk,Pregnant,0.479,165,78
06/12/2025,19649,401430,Pregnancy Test - Milk,Pregnant,0.712,164,78
06/12/2025,19677,401430,Pregnancy Test - Milk,Pregnant,2.154,122,39
06/12/2025,19541,401430,Pregnancy Test - Milk,Pregnant,2.404,176,73
06/12/2025,14867,401430,Pregnancy Test - Milk,Pregnant,0.69,121,36
06/12/2025,12593,401430,Pregnancy Test - Milk,Pregnant,0.672,281,70
06/13/2025,15690,401430,Pregnancy Test - Milk,Open,0.036,117,45
06/13/2025,13458,401430,Pregnancy Test - Milk,Re-Check,0.224,193,84
06/13/2025,15364,401430,Pregnancy Test - Milk,Pregnant,0.442,123,36
06/13/2025,11457,401430,Pregnancy Test - Milk,Pregnant,0.398,173,80
06/13/2025,15320,401430,Pregnancy Test - Milk,Pregnant,0.255,122,36
06/13/2025,17758,401430,Pregnancy Test - Milk,Pregnant,0.672,105,39
06/13/2025,13353,401430,Pregnancy Test - Milk,Pregnant,0.419,183,36
06/13/2025,16784,401430,Pregnancy Test - Milk,Pregnant,0.395,122,36
06/13/2025,15430,401430,Pregnancy Test - Milk,Pregnant,0.334,164,78
06/13/2025,13604,401430,Pregnancy Test - Milk,Pregnant,0.401,152,80
06/13/2025,17082,401430,Pregnancy Test - Milk,Re-Check,0.215,161,78
06/13/2025,16739,401430,Pregnancy Test - Milk,Pregnant,0.325,208,82
06/13/2025,14532,401430,Pregnancy Test - Milk,Pregnant,1.816,327,84
06/13/2025,15497,401430,Pregnancy Test - Milk,Pregnant,0.634,173,78
06/13/2025,15330,401430,Pregnancy Test - Milk,Open,0.02,182,58
06/13/2025,15318,401430,Pregnancy Test - Milk,Pregnant,0.327,168,85
06/13/2025,15326,401430,Pregnancy Test - Milk,Re-Check,0.191,165,78
06/13/2025,17019,401430,Pregnancy Test - Milk,Re-Check,0.128,120,36
06/13/2025,18978,401430,Pregnancy Test - Milk,Pregnant,0.471,251,79
06/13/2025,15216,401430,Pregnancy Test - Milk,Pregnant,0.621,124,36
06/13/2025,15545,401430,Pregnancy Test - Milk,Pregnant,0.456,163,78
06/13/2025,16469,401430,Pregnancy Test - Milk,Pregnant,0.479,298,82
06/13/2025,15179,401430,Pregnancy Test - Milk,Open,0.042,249,55
06/13/2025,15565,401430,Pregnancy Test - Milk,Open,0.011,120,36
06/13/2025,14839,401430,Pregnancy Test - Milk,Open,0.099,152,80
06/13/2025,19131,401430,Pregnancy Test - Milk,Pregnant,1.399,243,36
06/13/2025,15427,401430,Pregnancy Test - Milk,Re-Check,0.23,162,88
06/13/2025,18925,401430,Pregnancy Test - Milk,Pregnant,0.653,238,36
06/13/2025,18018,401430,Pregnancy Test - Milk,Pregnant,1.164,121,36
06/13/2025,18143,401430,Pregnancy Test - Milk,Pregnant,0.476,120,36
06/13/2025,13627,401430,Pregnancy Test - Milk,Pregnant,0.28,149,81
06/13/2025,5342,401430,Pregnancy Test - Milk,Pregnant,0.271,153,47
06/13/2025,15612,401430,Pregnancy Test - Milk,Open,-0.01,119,36
06/13/2025,12661,401430,Pregnancy Test - Milk,Re-Check,0.157,162,78
06/13/2025,13832,401430,Pregnancy Test - Milk,Pregnant,0.613,130,43
06/13/2025,17961,401430,Pregnancy Test - Milk,Open,-0.006,106,39
06/13/2025,18895,401430,Pregnancy Test - Milk,Pregnant,0.813,265,81
06/13/2025,15251,401430,Pregnancy Test - Milk,Pregnant,0.554,195,82
06/13/2025,12462,401430,Pregnancy Test - Milk,Open,0.093,121,36
06/13/2025,16981,401430,Pregnancy Test - Milk,Pregnant,0.355,248,79
06/13/2025,15523,401430,Pregnancy Test - Milk,Open,-0.007,170,41
06/13/2025,13036,401430,Pregnancy Test - Milk,Re-Check,0.218,164,78
06/13/2025,12890,401430,Pregnancy Test - Milk,Pregnant,0.333,228,37
06/13/2025,14016,401430,Pregnancy Test - Milk,Open,0.045,123,36
06/19/2025,19850,401430,Pregnancy Test - Milk,Pregnant,0.893,170,84
06/19/2025,17749,401430,Pregnancy Test - Milk,Pregnant,1.047,126,42
06/19/2025,17405,401430,Pregnancy Test - Milk,Pregnant,2.103,171,84
06/19/2025,756,401430,Pregnancy Test - Milk,Pregnant,0.739,209,81
06/19/2025,13290,401430,Pregnancy Test - Milk,Pregnant,0.528,126,42
06/19/2025,3154,401430,Pregnancy Test - Milk,Pregnant,0.379,214,43
06/19/2025,17990,401430,Pregnancy Test - Milk,Pregnant,0.932,125,42
06/19/2025,20039,401430,Pregnancy Test - Milk,Pregnant,0.526,129,42
06/19/2025,19254,401430,Pregnancy Test - Milk,Pregnant,0.646,264,81
06/19/2025,17894,401430,Pregnancy Test - Milk,Pregnant,0.796,126,42
06/19/2025,2995,401430,Pregnancy Test - Milk,Re-Check,0.213,173,69
06/19/2025,17427,401430,Pregnancy Test - Milk,Pregnant,1.031,206,42
06/19/2025,13318,401430,Pregnancy Test - Milk,Pregnant,0.719,167,84
06/19/2025,5288,401430,Pregnancy Test - Milk,Re-Check,0.157,153,70
06/19/2025,17690,401430,Pregnancy Test - Milk,Open,0.077,120,35
06/19/2025,10209,401430,Pregnancy Test - Milk,Pregnant,0.595,272,70
06/19/2025,7129,401430,Pregnancy Test - Milk,Pregnant,1.766,121,35
06/19/2025,15407,401430,Pregnancy Test - Milk,Re-Check,0.156,179,46
06/19/2025,10815,401430,Pregnancy Test - Milk,Pregnant,0.34,123,35
06/19/2025,17554,401430,Pregnancy Test - Milk,Pregnant,0.271,154,70
06/19/2025,17070,401430,Pregnancy Test - Milk,Pregnant,1.112,169,84
06/19/2025,11327,401430,Pregnancy Test - Milk,Pregnant,0.597,191,83
06/19/2025,17327,401430,Pregnancy Test - Milk,Pregnant,0.527,124,42
06/19/2025,13784,401430,Pregnancy Test - Milk,Open,0.027,125,42
06/19/2025,19650,401430,Pregnancy Test - Milk,Pregnant,0.762,175,48
06/19/2025,19662,401430,Pregnancy Test - Milk,Pregnant,0.622,176,81
06/19/2025,19713,401430,Pregnancy Test - Milk,Pregnant,0.733,127,42
06/19/2025,19570,401430,Pregnancy Test - Milk,Pregnant,0.321,174,91
06/19/2025,13067,401430,Pregnancy Test - Milk,Pregnant,0.458,129,42
06/19/2025,12270,401430,Pregnancy Test - Milk,Open,0.077,173,45
06/19/2025,17461,401430,Pregnancy Test - Milk,Re-Check,0.13,157,4
06/19/2025,17564,401430,Pregnancy Test - Milk,Pregnant,0.99,128,42
06/19/2025,17243,401430,Pregnancy Test - Milk,Pregnant,0.286,170,84
06/19/2025,19838,401430,Pregnancy Test - Milk,Not Tested,,172,84
06/19/2025,15079,401430,Pregnancy Test - Milk,Pregnant,0.573,252,78
06/19/2025,17346,401430,Pregnancy Test - Milk,Re-Check,0.153,191,105
06/19/2025,17301,401430,Pregnancy Test - Milk,Pregnant,0.428,185,74
06/19/2025,17213,401430,Pregnancy Test - Milk,Pregnant,0.775,118,35
06/19/2025,11536,401430,Pregnancy Test - Milk,Pregnant,0.32,153,70
06/19/2025,17018,401430,Pregnancy Test - Milk,Pregnant,0.47,120,35
06/19/2025,19879,401430,Pregnancy Test - Milk,Pregnant,0.695,126,42
06/19/2025,2371,401430,Pregnancy Test - Milk,Open,0.089,122,52
06/19/2025,16787,401430,Pregnancy Test - Milk,Pregnant,0.447,299,80
06/19/2025,14690,401430,Pregnancy Test - Milk,Pregnant,1.015,142,42
06/19/2025,16471,401430,Pregnancy Test - Milk,Pregnant,0.922,343,45
06/19/2025,17364,401430,Pregnancy Test - Milk,Pregnant,1.127,229,43
06/19/2025,15381,401430,Pregnancy Test - Milk,Pregnant,0.573,152,47
06/19/2025,17679,401430,Pregnancy Test - Milk,Open,0.017,120,35
06/19/2025,17665,401430,Pregnancy Test - Milk,Pregnant,0.601,118,35
06/19/2025,17542,401430,Pregnancy Test - Milk,Pregnant,1.051,170,84
06/19/2025,19819,401430,Pregnancy Test - Milk,Pregnant,0.771,170,44
06/19/2025,15032,401430,Pregnancy Test - Milk,Pregnant,1.176,167,84
06/19/2025,15405,401430,Pregnancy Test - Milk,Pregnant,0.398,156,70
06/19/2025,17569,401430,Pregnancy Test - Milk,Pregnant,0.969,129,42
06/19/2025,3358,401430,Pregnancy Test - Milk,Open,0.014,163,1
06/19/2025,19432,401430,Pregnancy Test - Milk,Pregnant,1.294,195,45
06/19/2025,16731,401430,Pregnancy Test - Milk,Pregnant,0.412,211,80
06/19/2025,19849,401430,Pregnancy Test - Milk,Pregnant,1.579,130,42
06/19/2025,19841,401430,Pregnancy Test - Milk,Pregnant,0.972,129,42
06/19/2025,19631,401430,Pregnancy Test - Milk,Pregnant,1.435,181,46
06/19/2025,2470,401430,Pregnancy Test - Milk,Pregnant,0.26,171,84
06/19/2025,17795,401430,Pregnancy Test - Milk,Open,0.056,126,42
06/19/2025,19828,401430,Pregnancy Test - Milk,Pregnant,0.666,125,42
06/19/2025,19973,401430,Pregnancy Test - Milk,Pregnant,1.627,127,42
06/19/2025,14442,401430,Pregnancy Test - Milk,Pregnant,0.404,171,84
06/19/2025,13334,401430,Pregnancy Test - Milk,Open,0.014,167,35
06/19/2025,15942,401430,Pregnancy Test - Milk,Pregnant,0.67,234,36
06/19/2025,16840,401430,Pregnancy Test - Milk,Pregnant,0.301,271,80
06/19/2025,17370,401430,Pregnancy Test - Milk,Pregnant,0.368,173,42
06/19/2025,19509,401430,Pregnancy Test - Milk,Pregnant,1.568,215,48
06/19/2025,16688,401430,Pregnancy Test - Milk,Re-Check,0.122,179,42
06/19/2025,7604,401430,Pregnancy Test - Milk,Pregnant,0.99,207,42
06/19/2025,2227,401430,Pregnancy Test - Milk,Open,0.04,113,47
06/19/2025,13519,401430,Pregnancy Test - Milk,Re-Check,0.113,148,63
06/19/2025,13431,401430,Pregnancy Test - Milk,Pregnant,0.338,202,1
06/19/2025,13173,401430,Pregnancy Test - Milk,Re-Check,0.112,218,42
06/19/2025,16482,401430,Pregnancy Test - Milk,Pregnant,0.663,170,40
06/19/2025,10345,401430,Pregnancy Test - Milk,Pregnant,0.46,157,70
06/19/2025,15005,401430,Pregnancy Test - Milk,Pregnant,0.346,265,84
06/19/2025,17343,401430,Pregnancy Test - Milk,Pregnant,0.362,170,84
06/19/2025,19191,401430,Pregnancy Test - Milk,Open,0.018,195,44
06/19/2025,15696,401430,Pregnancy Test - Milk,Pregnant,1.407,130,42
06/19/2025,7582,401430,Pregnancy Test - Milk,Pregnant,1.445,208,47
06/19/2025,13269,401430,Pregnancy Test - Milk,Pregnant,0.682,175,42
06/19/2025,9137,401430,Pregnancy Test - Milk,Pregnant,0.758,151,35
06/19/2025,17663,401430,Pregnancy Test - Milk,Pregnant,0.273,153,70
06/19/2025,14960,401430,Pregnancy Test - Milk,Re-Check,0.223,153,70
06/19/2025,15563,401430,Pregnancy Test - Milk,Pregnant,2.241,119,35
06/19/2025,15083,401430,Pregnancy Test - Milk,Pregnant,0.906,263,73
06/19/2025,12581,401430,Pregnancy Test - Milk,Pregnant,0.317,156,70
06/19/2025,16398,401430,Pregnancy Test - Milk,Pregnant,0.575,306,48
06/19/2025,9074,401430,Pregnancy Test - Milk,Pregnant,0.49,121,35
06/19/2025,12068,401430,Pregnancy Test - Milk,Open,0.019,167,35
06/19/2025,19593,401430,Pregnancy Test - Milk,Pregnant,0.476,171,84
06/19/2025,12687,401430,Pregnancy Test - Milk,Pregnant,0.624,126,42
06/19/2025,17964,401430,Pregnancy Test - Milk,Pregnant,0.661,126,42
06/19/2025,16039,401430,Pregnancy Test - Milk,Pregnant,0.669,209,48
06/19/2025,19321,401430,Pregnancy Test - Milk,Pregnant,0.759,203,47
06/19/2025,17689,401430,Pregnancy Test - Milk,Pregnant,0.598,156,48
06/19/2025,19678,401430,Pregnancy Test - Milk,Pregnant,1.243,128,42
06/19/2025,19536,401430,Pregnancy Test - Milk,Pregnant,0.284,187,83
06/19/2025,19634,401430,Pregnancy Test - Milk,Pregnant,0.814,180,80
06/19/2025,13688,401430,Pregnancy Test - Milk,Pregnant,0.84,130,42
06/19/2025,17712,401430,Pregnancy Test - Milk,Pregnant,0.612,118,35
06/19/2025,10814,401430,Pregnancy Test - Milk,Pregnant,0.383,122,35
06/19/2025,15101,401430,Pregnancy Test - Milk,Re-Check,0.128,226,36
06/19/2025,10199,401430,Pregnancy Test - Milk,Open,0.021,118,35
06/19/2025,11891,401430,Pregnancy Test - Milk,Pregnant,1.25,317,79
06/19/2025,15243,401430,Pregnancy Test - Milk,Pregnant,0.421,169,84
06/19/2025,15062,401430,Pregnancy Test - Milk,Pregnant,0.452,168,84
06/19/2025,19629,401430,Pregnancy Test - Milk,Not Tested,,172,84
06/19/2025,13611,401430,Pregnancy Test - Milk,Pregnant,1.006,129,4
06/19/2025,17025,401430,Pregnancy Test - Milk,Pregnant,1.566,169,84
06/19/2025,7496,401430,Pregnancy Test - Milk,Pregnant,0.533,211,78
06/19/2025,13618,401430,Pregnancy Test - Milk,Pregnant,0.524,168,84
06/19/2025,18746,401430,Pregnancy Test - Milk,Pregnant,0.551,285,72
06/19/2025,15453,401430,Pregnancy Test - Milk,Pregnant,0.558,119,35
06/19/2025,16875,401430,Pregnancy Test - Milk,Pregnant,2.186,257,34
06/19/2025,13863,401430,Pregnancy Test - Milk,Pregnant,0.346,297,74
06/19/2025,17472,401430,Pregnancy Test - Milk,Pregnant,0.476,155,44
06/19/2025,2372,401430,Pregnancy Test - Milk,Open,-0.014,119,49
06/19/2025,13568,401430,Pregnancy Test - Milk,Pregnant,1.038,166,35
06/19/2025,19806,401430,Pregnancy Test - Milk,Pregnant,0.509,171,84
06/19/2025,17395,401430,Pregnancy Test - Milk,Pregnant,0.726,130,42
06/19/2025,17611,401430,Pregnancy Test - Milk,Pregnant,1.41,125,42
06/19/2025,19719,401430,Pregnancy Test - Milk,Pregnant,0.919,191,83
06/19/2025,7625,401430,Pregnancy Test - Milk,Pregnant,1.605,203,47
06/19/2025,5402,401430,Pregnancy Test - Milk,Pregnant,0.398,155,70
06/19/2025,18561,401430,Pregnancy Test - Milk,Pregnant,1.663,315,42
06/19/2025,11322,401430,Pregnancy Test - Milk,Pregnant,0.381,155,70
06/19/2025,16706,401430,Pregnancy Test - Milk,Pregnant,0.522,192,83
06/19/2025,17194,401430,Pregnancy Test - Milk,Pregnant,0.757,232,46
06/19/2025,17831,401430,Pregnancy Test - Milk,Open,0.05,119,35
06/19/2025,15074,401430,Pregnancy Test - Milk,Pregnant,0.474,171,84
06/19/2025,17302,401430,Pregnancy Test - Milk,Re-Check,0.248,181,74
06/19/2025,13424,401430,Pregnancy Test - Milk,Pregnant,0.507,166,84
06/19/2025,17577,401430,Pregnancy Test - Milk,Pregnant,0.924,126,42
06/19/2025,6945,401430,Pregnancy Test - Milk,Pregnant,POS,230,39
06/19/2025,15428,401430,Pregnancy Test - Milk,Re-Check,0.181,119,35
06/19/2025,909,401430,Pregnancy Test - Milk,Re-Check,0.161,208,45
06/19/2025,18165,401430,Pregnancy Test - Milk,Pregnant,0.832,128,42
06/19/2025,19555,401430,Pregnancy Test - Milk,Pregnant,0.453,206,79
06/19/2025,17058,401430,Pregnancy Test - Milk,Pregnant,0.93,304,47
06/19/2025,18716,401430,Pregnancy Test - Milk,Pregnant,1.117,303,43
06/19/2025,17290,401430,Pregnancy Test - Milk,Pregnant,0.385,189,80
06/19/2025,19206,401430,Pregnancy Test - Milk,Pregnant,0.671,216,84
06/19/2025,19831,401430,Pregnancy Test - Milk,Pregnant,0.682,172,84
06/19/2025,9378,401430,Pregnancy Test - Milk,Re-Check,0.152,143,56
06/19/2025,17783,401430,Pregnancy Test - Milk,Open,0.003,142,34
06/19/2025,11067,401430,Pregnancy Test - Milk,Re-Check,0.117,152,70
06/19/2025,13225,401430,Pregnancy Test - Milk,Open,0.094,177,36
06/19/2025,11231,401430,Pregnancy Test - Milk,Pregnant,0.745,119,35
06/19/2025,13776,401430,Pregnancy Test - Milk,Pregnant,0.788,219,84
06/19/2025,17658,401430,Pregnancy Test - Milk,Pregnant,0.661,134,48
06/19/2025,17912,401430,Pregnancy Test - Milk,Open,0.063,128,1
06/19/2025,19572,401430,Pregnancy Test - Milk,Pregnant,0.59,188,81
06/19/2025,17296,401430,Pregnancy Test - Milk,Pregnant,0.438,167,84
06/19/2025,10328,401430,Pregnancy Test - Milk,Pregnant,0.386,248,84
06/19/2025,3425,401430,Pregnancy Test - Milk,Pregnant,0.859,124,42
06/19/2025,2381,401430,Pregnancy Test - Milk,Open,0.004,121,49
06/19/2025,19532,401430,Pregnancy Test - Milk,Pregnant,0.507,189,83
06/19/2025,7659,401430,Pregnancy Test - Milk,Pregnant,0.536,153,44
06/19/2025,13446,401430,Pregnancy Test - Milk,Pregnant,0.939,125,42
06/19/2025,17652,401430,Pregnancy Test - Milk,Pregnant,0.765,119,35
06/19/2025,10863,401430,Pregnancy Test - Milk,Open,0.016,206,35
06/19/2025,17740,401430,Pregnancy Test - Milk,Open,0.07,140,34
06/19/2025,13432,401430,Pregnancy Test - Milk,Pregnant,1.437,171,81
06/19/2025,15400,401430,Pregnancy Test - Milk,Re-Check,0.145,244,84
06/19/2025,9358,401430,Pregnancy Test - Milk,Pregnant,0.327,125,42
06/19/2025,16631,401430,Pregnancy Test - Milk,Pregnant,0.543,166,84
06/19/2025,17407,401430,Pregnancy Test - Milk,Re-Check,0.218,171,84
06/19/2025,17584,401430,Pregnancy Test - Milk,Pregnant,0.694,130,3
06/19/2025,19356,401430,Pregnancy Test - Milk,Open,0.047,197,47
06/19/2025,17362,401430,Pregnancy Test - Milk,Re-Check,0.171,169,84
06/19/2025,18017,401430,Pregnancy Test - Milk,Pregnant,0.574,127,42
06/19/2025,17408,401430,Pregnancy Test - Milk,Open,-0.001,158,46
06/20/2025,13182,401430,Pregnancy Test - Milk,Pregnant,0.709,211,78
06/20/2025,17087,401430,Pregnancy Test - Milk,Open,0.027,170,36
06/20/2025,17515,401430,Pregnancy Test - Milk,Pregnant,0.5,107,40
06/20/2025,7657,401430,Pregnancy Test - Milk,Open,0.013,142,35
06/20/2025,15208,401430,Pregnancy Test - Milk,Open,0.014,118,36
06/20/2025,5368,401430,Pregnancy Test - Milk,Re-Check,0.246,160,78
06/20/2025,17454,401430,Pregnancy Test - Milk,Pregnant,0.312,160,36
06/20/2025,12661,401430,Pregnancy Test - Milk,Pregnant,0.584,169,85
06/20/2025,17019,401430,Pregnancy Test - Milk,Open,0.056,127,43
06/20/2025,15401,401430,Pregnancy Test - Milk,Pregnant,0.299,147,81
06/20/2025,13222,401430,Pregnancy Test - Milk,Pregnant,1.078,146,39
06/20/2025,17708,401430,Pregnancy Test - Milk,Pregnant,0.645,108,39
06/20/2025,12645,401430,Pregnancy Test - Milk,Pregnant,0.654,191,81
06/20/2025,18000,401430,Pregnancy Test - Milk,Re-Check,0.116,107,39
06/20/2025,15326,401430,Pregnancy Test - Milk,Pregnant,0.264,172,85
06/20/2025,19710,401430,Pregnancy Test - Milk,Pregnant,0.658,164,78
06/20/2025,19990,401430,Pregnancy Test - Milk,Pregnant,0.809,142,39
06/20/2025,13036,401430,Pregnancy Test - Milk,Pregnant,0.347,171,85
06/20/2025,13458,401430,Pregnancy Test - Milk,Pregnant,0.482,200,91
06/20/2025,5892,401430,Pregnancy Test - Milk,Pregnant,0.99,123,36
06/20/2025,18915,401430,Pregnancy Test - Milk,Pregnant,0.369,267,80
06/20/2025,15427,401430,Pregnancy Test - Milk,Pregnant,0.298,169,95
06/20/2025,14607,401430,Pregnancy Test - Milk,Pregnant,1.003,212,78
06/20/2025,17082,401430,Pregnancy Test - Milk,Pregnant,0.41,168,85
06/20/2025,19121,401430,Pregnancy Test - Milk,Pregnant,0.631,217,37
06/26/2025,15014,401430,Pregnancy Test - Milk,Pregnant,0.94,172,39
06/26/2025,15616,401430,Pregnancy Test - Milk,Pregnant,0.972,123,35
06/26/2025,7614,401430,Pregnancy Test - Milk,Pregnant,1.275,197,35
06/26/2025,16460,401430,Pregnancy Test - Milk,Pregnant,0.886,280,75
06/26/2025,17136,401430,Pregnancy Test - Milk,Pregnant,0.599,183,75
06/26/2025,11236,401430,Pregnancy Test - Milk,Pregnant,0.706,141,35
06/26/2025,19979,401430,Pregnancy Test - Milk,Pregnant,1.323,118,35
06/26/2025,17514,401430,Pregnancy Test - Milk,Open,0.09,206,38
06/26/2025,14256,401430,Pregnancy Test - Milk,Pregnant,0.379,175,36
06/26/2025,19884,401430,Pregnancy Test - Milk,Pregnant,1.234,118,35
06/26/2025,17607,401430,Pregnancy Test - Milk,Pregnant,0.383,189,72
06/26/2025,7609,401430,Pregnancy Test - Milk,Pregnant,0.734,213,77
06/26/2025,17366,401430,Pregnancy Test - Milk,Pregnant,0.33,151,40
06/26/2025,13530,401430,Pregnancy Test - Milk,Pregnant,1.034,173,35
06/26/2025,17180,401430,Pregnancy Test - Milk,Pregnant,0.422,182,76
06/26/2025,10202,401430,Pregnancy Test - Milk,Pregnant,0.66,150,39
06/26/2025,16277,401430,Pregnancy Test - Milk,Pregnant,0.505,324,39
06/26/2025,14034,401430,Pregnancy Test - Milk,Pregnant,0.963,117,35
06/26/2025,5254,401430,Pregnancy Test - Milk,Pregnant,0.439,157,70
06/26/2025,15113,401430,Pregnancy Test - Milk,Pregnant,0.608,123,35
06/26/2025,19498,401430,Pregnancy Test - Milk,Pregnant,0.868,157,38
06/26/2025,19633,401430,Pregnancy Test - Milk,Pregnant,0.873,118,35
06/26/2025,15314,401430,Pregnancy Test - Milk,Pregnant,0.592,121,35
06/26/2025,13198,401430,Pregnancy Test - Milk,Pregnant,0.513,184,72
06/26/2025,10010,401430,Pregnancy Test - Milk,Pregnant,0.56,121,35
06/26/2025,3184,401430,Pregnancy Test - Milk,Pregnant,0.971,302,75
06/26/2025,19906,401430,Pregnancy Test - Milk,Pregnant,0.982,122,35
06/26/2025,15562,401430,Pregnancy Test - Milk,Pregnant,0.672,164,37
06/26/2025,17340,401430,Pregnancy Test - Milk,Pregnant,0.418,163,77
06/26/2025,11504,401430,Pregnancy Test - Milk,Pregnant,0.477,194,36
06/26/2025,13887,401430,Pregnancy Test - Milk,Pregnant,0.607,117,35
06/26/2025,13218,401430,Pregnancy Test - Milk,Re-Check,0.177,158,70
06/26/2025,17750,401430,Pregnancy Test - Milk,Pregnant,0.542,141,35
06/26/2025,17428,401430,Pregnancy Test - Milk,Pregnant,0.532,225,35
06/26/2025,10093,401430,Pregnancy Test - Milk,Pregnant,0.445,158,70
06/26/2025,17491,401430,Pregnancy Test - Milk,Pregnant,0.27,153,70
06/26/2025,17467,401430,Pregnancy Test - Milk,Pregnant,0.279,160,36
06/26/2025,11034,401430,Pregnancy Test - Milk,Re-Check,0.229,182,0
06/26/2025,19725,401430,Pregnancy Test - Milk,Pregnant,1.007,160,77
06/26/2025,19452,401430,Pregnancy Test - Milk,Pregnant,0.557,192,76
06/26/2025,17138,401430,Pregnancy Test - Milk,Pregnant,0.531,205,76
06/26/2025,12677,401430,Pregnancy Test - Milk,Open,0.074,120,35
06/26/2025,13651,401430,Pregnancy Test - Milk,Pregnant,0.668,119,40
06/26/2025,16718,401430,Pregnancy Test - Milk,Pregnant,1.081,182,76
06/26/2025,11531,401430,Pregnancy Test - Milk,Pregnant,0.52,155,70
06/26/2025,12435,401430,Pregnancy Test - Milk,Pregnant,0.9,254,75
06/26/2025,10025,401430,Pregnancy Test - Milk,Pregnant,0.692,145,38
06/26/2025,9247,401430,Pregnancy Test - Milk,Pregnant,0.798,430,76
06/26/2025,3645,401430,Pregnancy Test - Milk,Open,0.052,118,35
06/26/2025,3693,401430,Pregnancy Test - Milk,Re-Check,0.216,123,35
06/26/2025,17720,401430,Pregnancy Test - Milk,Open,0.044,117,35
06/26/2025,10700,401430,Pregnancy Test - Milk,Pregnant,0.574,119,35
06/26/2025,11511,401430,Pregnancy Test - Milk,Pregnant,1.289,149,38
06/26/2025,17717,401430,Pregnancy Test - Milk,Pregnant,0.574,156,70
06/26/2025,16903,401430,Pregnancy Test - Milk,Re-Check,0.198,229,72
06/26/2025,15428,401430,Pregnancy Test - Milk,Re-Check,0.13,126,42
06/26/2025,19679,401430,Pregnancy Test - Milk,Pregnant,0.742,120,35
06/26/2025,19665,401430,Pregnancy Test - Milk,Pregnant,0.575,159,77
06/26/2025,11258,401430,Pregnancy Test - Milk,Open,0.031,119,35
06/26/2025,11713,401430,Pregnancy Test - Milk,Pregnant,0.261,153,70
06/26/2025,5062,401430,Pregnancy Test - Milk,Pregnant,0.377,183,73
06/26/2025,9921,401430,Pregnancy Test - Milk,Pregnant,0.333,158,70
06/26/2025,14657,401430,Pregnancy Test - Milk,Pregnant,0.902,123,36
06/26/2025,12849,401430,Pregnancy Test - Milk,Re-Check,0.133,237,39
06/26/2025,19574,401430,Pregnancy Test - Milk,Pregnant,1.444,186,40
06/26/2025,17049,401430,Pregnancy Test - Milk,Pregnant,0.472,168,40
06/26/2025,17787,401430,Pregnancy Test - Milk,Pregnant,0.673,119,35
06/26/2025,14897,401430,Pregnancy Test - Milk,Pregnant,1.439,151,38
06/26/2025,9378,401430,Pregnancy Test - Milk,Re-Check,0.115,150,63
06/26/2025,14960,401430,Pregnancy Test - Milk,Pregnant,0.376,160,77
06/26/2025,15802,401430,Pregnancy Test - Milk,Pregnant,0.375,119,35
06/26/2025,19748,401430,Pregnancy Test - Milk,Pregnant,1.854,139,36
06/26/2025,11660,401430,Pregnancy Test - Milk,Pregnant,0.583,170,36
06/26/2025,17253,401430,Pregnancy Test - Milk,Re-Check,0.163,193,38
06/26/2025,19745,401430,Pregnancy Test - Milk,Pregnant,1.266,157,72
06/26/2025,15101,401430,Pregnancy Test - Milk,Re-Check,0.109,233,43
06/26/2025,19691,401430,Pregnancy Test - Milk,Open,0.04,172,35
06/26/2025,13508,401430,Pregnancy Test - Milk,Re-Check,0.212,283,40
06/26/2025,15407,401430,Pregnancy Test - Milk,Re-Check,0.19,186,53
06/26/2025,1015,401430,Pregnancy Test - Milk,Pregnant,0.783,117,35
06/26/2025,9836,401430,Pregnancy Test - Milk,Pregnant,0.314,156,70
06/26/2025,19844,401430,Pregnancy Test - Milk,Pregnant,0.774,139,35
06/26/2025,19992,401430,Pregnancy Test - Milk,Pregnant,1.41,122,35
06/26/2025,19249,401430,Pregnancy Test - Milk,Pregnant,0.33,239,72
06/26/2025,17939,401430,Pregnancy Test - Milk,Pregnant,0.336,117,35
06/26/2025,10994,401430,Pregnancy Test - Milk,Pregnant,0.281,158,70
06/26/2025,17119,401430,Pregnancy Test - Milk,Pregnant,1.083,123,35
06/26/2025,17417,401430,Pregnancy Test - Milk,Pregnant,0.755,123,35
06/26/2025,19629,401430,Pregnancy Test - Milk,Pregnant,0.886,172,84
06/26/2025,5288,401430,Pregnancy Test - Milk,Pregnant,0.269,160,77
06/26/2025,9732,401430,Pregnancy Test - Milk,Pregnant,0.321,264,76
06/26/2025,19133,401430,Pregnancy Test - Milk,Pregnant,1.512,290,39
06/26/2025,19580,401430,Pregnancy Test - Milk,Pregnant,0.978,189,39
06/26/2025,12403,401430,Pregnancy Test - Milk,Pregnant,0.27,242,71
06/26/2025,12674,401430,Pregnancy Test - Milk,Pregnant,0.871,260,73
06/26/2025,13637,401430,Pregnancy Test - Milk,Re-Check,0.132,152,70
06/26/2025,15758,401430,Pregnancy Test - Milk,Pregnant,0.746,345,72
06/26/2025,19921,401430,Pregnancy Test - Milk,Pregnant,1.114,120,35
06/26/2025,19810,401430,Pregnancy Test - Milk,Pregnant,0.576,118,35
06/26/2025,19680,401430,Pregnancy Test - Milk,Pregnant,0.387,178,71
06/26/2025,15410,401430,Pregnancy Test - Milk,Pregnant,0.264,201,70
06/26/2025,17839,401430,Pregnancy Test - Milk,Pregnant,1.162,161,77
06/26/2025,17713,401430,Pregnancy Test - Milk,Pregnant,0.807,180,75
06/26/2025,17161,401430,Pregnancy Test - Milk,Pregnant,0.763,228,76
06/26/2025,17492,401430,Pregnancy Test - Milk,Pregnant,1.108,170,38
06/26/2025,19474,401430,Pregnancy Test - Milk,Open,0.044,188,35
06/26/2025,17751,401430,Pregnancy Test - Milk,Pregnant,0.381,173,72
06/26/2025,17313,401430,Pregnancy Test - Milk,Pregnant,0.955,236,73
06/26/2025,10980,401430,Pregnancy Test - Milk,Pregnant,0.326,313,70
06/26/2025,17602,401430,Pregnancy Test - Milk,Pregnant,0.496,165,77
06/26/2025,14696,401430,Pregnancy Test - Milk,Pregnant,0.482,305,71
06/26/2025,15386,401430,Pregnancy Test - Milk,Pregnant,0.457,157,70
06/26/2025,17588,401430,Pregnancy Test - Milk,Pregnant,1.06,120,35
06/26/2025,17644,401430,Pregnancy Test - Milk,Pregnant,0.561,163,77
06/26/2025,19755,401430,Pregnancy Test - Milk,Pregnant,1.571,122,36
06/26/2025,17412,401430,Pregnancy Test - Milk,Re-Check,0.132,119,35
06/26/2025,19592,401430,Pregnancy Test - Milk,Pregnant,0.623,164,77
06/26/2025,7443,401430,Pregnancy Test - Milk,Pregnant,0.517,157,70
06/26/2025,12302,401430,Pregnancy Test - Milk,Pregnant,0.3,121,35
06/26/2025,19783,401430,Pregnancy Test - Milk,Pregnant,1.356,138,38
06/26/2025,11028,401430,Pregnancy Test - Milk,Pregnant,0.453,125,38
06/26/2025,19658,401430,Pregnancy Test - Milk,Pregnant,0.912,164,77
06/26/2025,3783,401430,Pregnancy Test - Milk,Pregnant,0.894,150,36
06/26/2025,19872,401430,Pregnancy Test - Milk,Pregnant,1.499,119,35
06/26/2025,19654,401430,Pregnancy Test - Milk,Pregnant,1.767,168,35
06/26/2025,17382,401430,Pregnancy Test - Milk,Pregnant,1.095,198,37
06/26/2025,7652,401430,Pregnancy Test - Milk,Pregnant,0.832,143,36
06/26/2025,19507,401430,Pregnancy Test - Milk,Open,0.039,211,41
06/26/2025,15908,401430,Pregnancy Test - Milk,Open,0.022,117,35
06/26/2025,19586,401430,Pregnancy Test - Milk,Pregnant,1.279,156,38
06/26/2025,19002,401430,Pregnancy Test - Milk,Pregnant,0.451,235,72
06/26/2025,11067,401430,Pregnancy Test - Milk,Re-Check,0.126,159,77
06/26/2025,10034,401430,Pregnancy Test - Milk,Pregnant,0.722,325,74
06/26/2025,16346,401430,Pregnancy Test - Milk,Open,0.057,207,40
06/26/2025,20040,401430,Pregnancy Test - Milk,Pregnant,1.161,119,35
06/27/2025,14969,401430,Pregnancy Test - Milk,Re-Check,0.217,196,81
06/27/2025,15615,401430,Pregnancy Test - Milk,Pregnant,0.832,124,37
06/27/2025,15124,401430,Pregnancy Test - Milk,Pregnant,1.334,212,37
06/27/2025,15762,401430,Pregnancy Test - Milk,Pregnant,1.705,119,37
06/27/2025,13100,401430,Pregnancy Test - Milk,Open,0.004,166,79
06/27/2025,19352,401430,Pregnancy Test - Milk,Pregnant,0.712,162,79
06/27/2025,18006,401430,Pregnancy Test - Milk,Open,0.013,130,40
06/27/2025,17641,401430,Pregnancy Test - Milk,Pregnant,1.271,120,37
06/27/2025,17322,401430,Pregnancy Test - Milk,Re-Check,0.134,156,38
06/27/2025,15502,401430,Pregnancy Test - Milk,Pregnant,1.378,178,39
06/27/2025,12999,401430,Pregnancy Test - Milk,Pregnant,0.736,124,37
06/27/2025,18000,401430,Pregnancy Test - Milk,Pregnant,0.741,115,47
06/27/2025,17007,401430,Pregnancy Test - Milk,Pregnant,1.628,242,36
06/27/2025,5368,401430,Pregnancy Test - Milk,Pregnant,1.221,168,86
06/27/2025,17870,401430,Pregnancy Test - Milk,Open,0.054,123,37
06/27/2025,17032,401430,Pregnancy Test - Milk,Pregnant,1.537,258,36
06/27/2025,15624,401430,Pregnancy Test - Milk,Open,0.009,164,79
06/27/2025,13321,401430,Pregnancy Test - Milk,Open,0.06,240,82
06/27/2025,12887,401430,Pregnancy Test - Milk,Pregnant,1.002,132,44
06/27/2025,15376,401430,Pregnancy Test - Milk,Re-Check,0.118,162,79
07/01/2025,10712,401430,Pregnancy Test - Milk,Pregnant,0.54,264,71
07/01/2025,17630,401430,Pregnancy Test - Milk,Pregnant,0.725,120,34
07/01/2025,15357,401430,Pregnancy Test - Milk,Re-Check,0.215,154,69
07/01/2025,11227,401430,Pregnancy Test - Milk,Pregnant,0.434,116,34
07/01/2025,10901,401430,Pregnancy Test - Milk,Pregnant,0.571,247,69
07/01/2025,11370,401430,Pregnancy Test - Milk,Open,0.013,121,1
07/01/2025,9378,401430,Pregnancy Test - Milk,Re-Check,0.145,156,69
07/01/2025,11323,401430,Pregnancy Test - Milk,Pregnant,0.37,120,34
07/01/2025,17471,401430,Pregnancy Test - Milk,Pregnant,0.418,119,34
07/01/2025,7744,401430,Pregnancy Test - Milk,Pregnant,0.594,250,34
07/01/2025,5029,401430,Pregnancy Test - Milk,Pregnant,0.851,307,33
07/01/2025,17659,401430,Pregnancy Test - Milk,Pregnant,0.611,155,69
07/01/2025,17223,401430,Pregnancy Test - Milk,Re-Check,0.141,153,69
07/01/2025,10016,401430,Pregnancy Test - Milk,Pregnant,0.299,154,71
07/01/2025,9584,401430,Pregnancy Test - Milk,Re-Check,0.203,235,69
07/01/2025,2913,401430,Pregnancy Test - Milk,Re-Check,0.1,118,34
07/01/2025,16877,401430,Pregnancy Test - Milk,Pregnant,0.671,224,35
07/01/2025,11260,401430,Pregnancy Test - Milk,Pregnant,0.404,185,75
07/01/2025,9817,401430,Pregnancy Test - Milk,Pregnant,0.683,260,74
07/01/2025,17156,401430,Pregnancy Test - Milk,Pregnant,0.524,153,69
07/01/2025,9986,401430,Pregnancy Test - Milk,Pregnant,0.876,120,34
07/01/2025,5267,401430,Pregnancy Test - Milk,Pregnant,1.122,164,33
07/01/2025,17587,401430,Pregnancy Test - Milk,Pregnant,0.795,154,69
07/01/2025,10465,401430,Pregnancy Test - Milk,Pregnant,0.779,345,34
07/01/2025,11341,401430,Pregnancy Test - Milk,Pregnant,0.307,116,34
07/01/2025,17651,401430,Pregnancy Test - Milk,Pregnant,1.945,157,69
07/01/2025,18032,401430,Pregnancy Test - Milk,Pregnant,1.071,120,34
07/01/2025,1063,401430,Pregnancy Test - Milk,Pregnant,1.16,119,34
07/01/2025,3147,401430,Pregnancy Test - Milk,Pregnant,0.698,118,34
07/01/2025,16903,401430,Pregnancy Test - Milk,Re-Check,0.182,235,78
07/01/2025,11067,401430,Pregnancy Test - Milk,Re-Check,0.212,165,83
07/02/2025,13473,401430,Pregnancy Test - Milk,Pregnant,0.373,155,69
07/02/2025,5217,401430,Pregnancy Test - Milk,Pregnant,0.545,120,34
07/02/2025,18087,401430,Pregnancy Test - Milk,Re-Check,0.209,129,35
07/02/2025,15498,401430,Pregnancy Test - Milk,Re-Check,0.231,173,38
07/02/2025,19226,401430,Pregnancy Test - Milk,Pregnant,0.273,254,77
07/02/2025,15403,401430,Pregnancy Test - Milk,Re-Check,0.107,119,34
07/02/2025,1594,401430,Pregnancy Test - Milk,Open,0.035,98,34
07/02/2025,13331,401430,Pregnancy Test - Milk,Open,0.018,227,37
07/02/2025,19184,401430,Pregnancy Test - Milk,Open,0.049,118,34
07/02/2025,14421,401430,Pregnancy Test - Milk,Pregnant,0.528,340,74
07/02/2025,13218,401430,Pregnancy Test - Milk,Re-Check,0.226,164,76
07/02/2025,13545,401430,Pregnancy Test - Milk,Pregnant,0.371,154,69
07/02/2025,15323,401430,Pregnancy Test - Milk,Pregnant,0.684,116,34
07/02/2025,14634,401430,Pregnancy Test - Milk,Pregnant,0.337,188,35
07/02/2025,1600,401430,Pregnancy Test - Milk,Re-Check,0.107,159,76
07/02/2025,17334,401430,Pregnancy Test - Milk,Re-Check,0.151,248,76
07/02/2025,14969,401430,Pregnancy Test - Milk,Re-Check,0.117,200,85
07/02/2025,11568,401430,Pregnancy Test - Milk,Pregnant,0.343,238,71
07/02/2025,13468,401430,Pregnancy Test - Milk,Open,0.089,120,34
07/02/2025,12217,401430,Pregnancy Test - Milk,Pregnant,0.728,290,34
07/02/2025,14679,401430,Pregnancy Test - Milk,Open,0.062,194,38
07/02/2025,16939,401430,Pregnancy Test - Milk,Open,0.067,161,76
07/02/2025,16738,401430,Pregnancy Test - Milk,Open,0.097,173,82
07/02/2025,5186,401430,Pregnancy Test - Milk,Pregnant,0.529,179,74
07/02/2025,15217,401430,Pregnancy Test - Milk,Pregnant,0.629,157,69
07/02/2025,13453,401430,Pregnancy Test - Milk,Re-Check,0.182,122,34
07/02/2025,14898,401430,Pregnancy Test - Milk,Pregnant,0.611,236,34
07/02/2025,15588,401430,Pregnancy Test - Milk,Open,0.01,176,34
07/02/2025,15101,401430,Pregnancy Test - Milk,Re-Check,0.149,239,49
07/02/2025,13449,401430,Pregnancy Test - Milk,Re-Check,0.151,116,34
07/02/2025,11584,401430,Pregnancy Test - Milk,Pregnant,0.36,353,38
07/02/2025,12963,401430,Pregnancy Test - Milk,Pregnant,1.175,120,34
07/02/2025,20022,401430,Pregnancy Test - Milk,Pregnant,0.319,107,37
07/02/2025,17322,401430,Pregnancy Test - Milk,Pregnant,0.275,160,42
07/02/2025,5121,401430,Pregnancy Test - Milk,Pregnant,0.884,247,74
07/02/2025,19732,401430,Pregnancy Test - Milk,Re-Check,0.224,147,38
07/02/2025,17005,401430,Pregnancy Test - Milk,Re-Check,0.152,163,76
07/02/2025,15732,401430,Pregnancy Test - Milk,Pregnant,0.434,127,34
07/02/2025,14488,401430,Pregnancy Test - Milk,Re-Check,0.119,209,76
07/02/2025,15482,401430,Pregnancy Test - Milk,Pregnant,0.349,161,76
07/02/2025,15485,401430,Pregnancy Test - Milk,Pregnant,0.426,122,34
07/02/2025,14689,401430,Pregnancy Test - Milk,Pregnant,0.298,208,75
07/02/2025,13958,401430,Pregnancy Test - Milk,Open,0.036,117,34
07/02/2025,12750,401430,Pregnancy Test - Milk,Re-Check,0.209,159,76
07/02/2025,15282,401430,Pregnancy Test - Milk,Open,0.095,121,34
07/02/2025,13637,401430,Pregnancy Test - Milk,Re-Check,0.12,158,76
07/02/2025,13626,401430,Pregnancy Test - Milk,Pregnant,0.513,155,69
07/02/2025,17363,401430,Pregnancy Test - Milk,Re-Check,0.155,211,35
07/02/2025,15407,401430,Pregnancy Test - Milk,Pregnant,0.326,192,59
07/02/2025,19057,401430,Pregnancy Test - Milk,Pregnant,0.387,258,38
07/02/2025,16321,401430,Pregnancy Test - Milk,Open,0.089,262,34
07/02/2025,15689,401430,Pregnancy Test - Milk,Re-Check,0.179,149,79
07/02/2025,14415,401430,Pregnancy Test - Milk,Re-Check,0.24,161,76
07/02/2025,15376,401430,Pregnancy Test - Milk,Pregnant,0.276,166,83
07/02/2025,15867,401430,Pregnancy Test - Milk,Pregnant,0.496,106,36
07/02/2025,6754,401430,Pregnancy Test - Milk,Pregnant,0.302,121,34
07/02/2025,15560,401430,Pregnancy Test - Milk,Pregnant,0.529,166,34
07/02/2025,14881,401430,Pregnancy Test - Milk,Open,0.013,116,34
07/02/2025,7642,401430,Pregnancy Test - Milk,Re-Check,0.175,161,76
07/02/2025,7415,401430,Pregnancy Test - Milk,Pregnant,0.478,154,70
07/03/2025,19805,401430,Pregnancy Test - Milk,Pregnant,0.638,122,35
07/03/2025,17860,401430,Pregnancy Test - Milk,Pregnant,0.274,162,77
07/03/2025,17265,401430,Pregnancy Test - Milk,Pregnant,0.531,299,35
07/03/2025,19504,401430,Pregnancy Test - Milk,Pregnant,0.492,167,84
07/03/2025,15372,401430,Pregnancy Test - Milk,Pregnant,0.259,164,77
07/03/2025,13403,401430,Pregnancy Test - Milk,Pregnant,0.374,166,84
07/03/2025,19716,401430,Pregnancy Test - Milk,Pregnant,0.294,165,77
07/03/2025,15231,401430,Pregnancy Test - Milk,Pregnant,0.553,122,35
07/03/2025,2332,401430,Pregnancy Test - Milk,Pregnant,0.777,124,39
07/03/2025,16407,401430,Pregnancy Test - Milk,Pregnant,0.555,344,75
07/03/2025,16936,401430,Pregnancy Test - Milk,Pregnant,0.735,227,35
07/03/2025,19762,401430,Pregnancy Test - Milk,Pregnant,0.559,166,84
07/03/2025,17770,401430,Pregnancy Test - Milk,Pregnant,0.34,159,77
07/03/2025,17380,401430,Pregnancy Test - Milk,Pregnant,0.601,209,73
07/03/2025,15400,401430,Pregnancy Test - Milk,Open,0.089,251,91
07/03/2025,17165,401430,Pregnancy Test - Milk,Pregnant,0.389,168,39
07/03/2025,19636,401430,Pregnancy Test - Milk,Open,0.076,151,36
07/03/2025,19576,401430,Pregnancy Test - Milk,Pregnant,0.716,122,35
07/03/2025,19778,401430,Pregnancy Test - Milk,Pregnant,0.987,119,35
07/03/2025,17836,401430,Pregnancy Test - Milk,Open,-0.024,119,35
07/03/2025,19967,401430,Pregnancy Test - Milk,Pregnant,1.174,142,36
07/03/2025,17590,401430,Pregnancy Test - Milk,Pregnant,0.443,198,72
07/03/2025,13144,401430,Pregnancy Test - Milk,Pregnant,0.295,160,77
07/03/2025,17145,401430,Pregnancy Test - Milk,Pregnant,0.626,181,35
07/03/2025,12101,401430,Pregnancy Test - Milk,Pregnant,1.142,355,82
07/03/2025,17297,401430,Pregnancy Test - Milk,Pregnant,0.325,234,74
07/03/2025,14391,401430,Pregnancy Test - Milk,Pregnant,0.433,332,77
07/03/2025,19562,401430,Pregnancy Test - Milk,Pregnant,0.674,162,77
07/03/2025,15036,401430,Pregnancy Test - Milk,Pregnant,0.372,172,73
07/03/2025,17817,401430,Pregnancy Test - Milk,Pregnant,0.501,159,77
07/03/2025,15256,401430,Pregnancy Test - Milk,Open,-0.002,235,36
07/03/2025,19789,401430,Pregnancy Test - Milk,Pregnant,0.888,141,37
07/03/2025,19702,401430,Pregnancy Test - Milk,Pregnant,0.487,121,35
07/03/2025,14994,401430,Pregnancy Test - Milk,Re-Check,0.248,237,78
07/03/2025,1066,401430,Pregnancy Test - Milk,Pregnant,0.303,163,77
07/03/2025,15110,401430,Pregnancy Test - Milk,Pregnant,0.291,164,77
07/03/2025,14789,401430,Pregnancy Test - Milk,Re-Check,0.172,237,71
07/03/2025,17479,401430,Pregnancy Test - Milk,Pregnant,0.66,149,40
07/03/2025,14141,401430,Pregnancy Test - Milk,Open,0.078,221,0
07/03/2025,19523,401430,Pregnancy Test - Milk,Pregnant,0.752,242,75
07/03/2025,20186,401430,Pregnancy Test - Milk,Pregnant,0.393,118,35
07/03/2025,3942,401430,Pregnancy Test - Milk,Pregnant,0.399,169,84
07/03/2025,12854,401430,Pregnancy Test - Milk,Open,0.084,194,36
07/03/2025,16980,401430,Pregnancy Test - Milk,Pregnant,1.845,245,37
07/03/2025,3814,401430,Pregnancy Test - Milk,Open,0.064,171,35
07/03/2025,18071,401430,Pregnancy Test - Milk,Pregnant,0.428,123,35
07/03/2025,780,401430,Pregnancy Test - Milk,Pregnant,0.585,162,77
07/03/2025,19431,401430,Pregnancy Test - Milk,Open,0.029,241,35
07/03/2025,20030,401430,Pregnancy Test - Milk,Pregnant,0.884,119,35
07/03/2025,16501,401430,Pregnancy Test - Milk,Pregnant,1.115,256,35
07/03/2025,13219,401430,Pregnancy Test - Milk,Pregnant,0.436,170,84
07/03/2025,17878,401430,Pregnancy Test - Milk,Pregnant,0.649,168,84
07/03/2025,15069,401430,Pregnancy Test - Milk,Re-Check,0.166,166,84
07/03/2025,19835,401430,Pregnancy Test - Milk,Pregnant,0.588,124,36
07/03/2025,17645,401430,Pregnancy Test - Milk,Pregnant,0.291,162,77
07/03/2025,19838,401430,Pregnancy Test - Milk,Pregnant,0.838,179,91
07/03/2025,2995,401430,Pregnancy Test - Milk,Pregnant,0.254,180,76
07/03/2025,11103,401430,Pregnancy Test - Milk,Pregnant,0.303,165,77
07/03/2025,17677,401430,Pregnancy Test - Milk,Pregnant,0.445,159,77
07/03/2025,17520,401430,Pregnancy Test - Milk,Pregnant,0.688,199,71
07/03/2025,11250,401430,Pregnancy Test - Milk,Re-Check,0.218,170,77
07/03/2025,17852,401430,Pregnancy Test - Milk,Re-Check,0.242,160,77
07/03/2025,13438,401430,Pregnancy Test - Milk,Re-Check,0.233,163,77
07/03/2025,13511,401430,Pregnancy Test - Milk,Pregnant,0.559,123,35
07/03/2025,19887,401430,Pregnancy Test - Milk,Pregnant,1.082,122,35
07/03/2025,17883,401430,Pregnancy Test - Milk,Pregnant,0.569,118,35
07/03/2025,1676,401430,Pregnancy Test - Milk,Pregnant,0.306,319,46
07/03/2025,8943,401430,Pregnancy Test - Milk,Pregnant,0.577,353,39
07/03/2025,17731,401430,Pregnancy Test - Milk,Pregnant,0.534,122,35
07/03/2025,14762,401430,Pregnancy Test - Milk,Pregnant,1.242,170,84
07/03/2025,19417,401430,Pregnancy Test - Milk,Pregnant,0.573,212,73
07/03/2025,11481,401430,Pregnancy Test - Milk,Pregnant,0.286,172,35
07/03/2025,17971,401430,Pregnancy Test - Milk,Pregnant,0.395,119,35
07/03/2025,17207,401430,Pregnancy Test - Milk,Pregnant,0.874,204,35
07/03/2025,19860,401430,Pregnancy Test - Milk,Pregnant,0.862,123,35
07/03/2025,14632,401430,Pregnancy Test - Milk,Pregnant,0.916,220,84
07/03/2025,3794,401430,Pregnancy Test - Milk,Pregnant,0.287,209,77
07/03/2025,17681,401430,Pregnancy Test - Milk,Open,-0.025,122,35
07/03/2025,15116,401430,Pregnancy Test - Milk,Pregnant,0.675,118,35
07/03/2025,15726,401430,Pregnancy Test - Milk,Pregnant,0.616,165,77
07/03/2025,17809,401430,Pregnancy Test - Milk,Pregnant,0.416,168,84
07/03/2025,19612,401430,Pregnancy Test - Milk,Pregnant,0.743,164,77
07/03/2025,12835,401430,Pregnancy Test - Milk,Re-Check,0.225,515,79
07/03/2025,17407,401430,Pregnancy Test - Milk,Pregnant,0.291,178,91
07/03/2025,915,401430,Pregnancy Test - Milk,Pregnant,0.553,242,83
07/03/2025,19565,401430,Pregnancy Test - Milk,Pregnant,0.59,169,84
07/03/2025,19346,401430,Pregnancy Test - Milk,Pregnant,0.457,266,73
07/03/2025,17212,401430,Pregnancy Test - Milk,Pregnant,0.515,171,84
07/03/2025,19526,401430,Pregnancy Test - Milk,Re-Check,0.177,194,77
07/03/2025,15452,401430,Pregnancy Test - Milk,Open,0.095,121,35
07/03/2025,14570,401430,Pregnancy Test - Milk,Pregnant,0.41,123,35
07/03/2025,19925,401430,Pregnancy Test - Milk,Open,0.019,117,35
07/03/2025,17557,401430,Pregnancy Test - Milk,Re-Check,0.203,160,77
07/03/2025,14864,401430,Pregnancy Test - Milk,Pregnant,0.39,252,72
07/03/2025,19610,401430,Pregnancy Test - Milk,Pregnant,0.363,189,35
07/03/2025,19690,401430,Pregnancy Test - Milk,Pregnant,0.484,163,41
07/03/2025,15342,401430,Pregnancy Test - Milk,Re-Check,0.246,142,35
07/03/2025,12137,401430,Pregnancy Test - Milk,Open,0.019,170,35
07/03/2025,17653,401430,Pregnancy Test - Milk,Pregnant,0.49,130,39
07/03/2025,13314,401430,Pregnancy Test - Milk,Re-Check,0.173,170,84
07/03/2025,17310,401430,Pregnancy Test - Milk,Pregnant,0.799,146,42
07/03/2025,12007,401430,Pregnancy Test - Milk,Pregnant,0.437,194,37
07/03/2025,969,401430,Pregnancy Test - Milk,Pregnant,0.586,170,84
07/03/2025,19946,401430,Pregnancy Test - Milk,Not Tested,,136,35
07/03/2025,14734,401430,Pregnancy Test - Milk,Re-Check,0.195,170,84
07/03/2025,909,401430,Pregnancy Test - Milk,Open,0.023,215,52
07/03/2025,15091,401430,Pregnancy Test - Milk,Pregnant,0.491,172,84
07/03/2025,19599,401430,Pregnancy Test - Milk,Pregnant,0.434,160,77
07/03/2025,13508,401430,Pregnancy Test - Milk,Open,0.078,290,47
07/03/2025,15162,401430,Pregnancy Test - Milk,Pregnant,0.309,250,77
07/03/2025,17498,401430,Pregnancy Test - Milk,Pregnant,0.318,219,73
07/03/2025,17956,401430,Pregnancy Test - Milk,Pregnant,0.275,117,35
07/03/2025,13467,401430,Pregnancy Test - Milk,Re-Check,0.171,165,77
07/03/2025,17115,401430,Pregnancy Test - Milk,Re-Check,0.176,243,82
07/03/2025,19721,401430,Pregnancy Test - Milk,Pregnant,0.569,171,84
07/03/2025,13624,401430,Pregnancy Test - Milk,Pregnant,0.946,137,35
07/03/2025,3545,401430,Pregnancy Test - Milk,Pregnant,0.4,331,77
07/03/2025,15672,401430,Pregnancy Test - Milk,Pregnant,0.303,119,35
07/03/2025,216,401430,Pregnancy Test - Milk,Pregnant,0.446,170,84
07/03/2025,17702,401430,Pregnancy Test - Milk,Pregnant,0.261,165,77
07/03/2025,19673,401430,Pregnancy Test - Milk,Pregnant,1.255,172,84
07/03/2025,17789,401430,Pregnancy Test - Milk,Pregnant,0.439,117,35
07/03/2025,13519,401430,Pregnancy Test - Milk,Open,0.096,155,70
07/03/2025,15519,401430,Pregnancy Test - Milk,Re-Check,0.132,170,80
07/03/2025,19855,401430,Pregnancy Test - Milk,Open,-0.001,122,35
07/03/2025,20038,401430,Pregnancy Test - Milk,Open,0.023,121,35
07/03/2025,17943,401430,Pregnancy Test - Milk,Pregnant,0.44,198,41
07/03/2025,5362,401430,Pregnancy Test - Milk,Re-Check,0.155,163,77
07/03/2025,3765,401430,Pregnancy Test - Milk,Pregnant,0.465,208,77
07/03/2025,19598,401430,Pregnancy Test - Milk,Pregnant,0.448,194,72
07/03/2025,17902,401430,Pregnancy Test - Milk,Pregnant,0.4,165,77
07/03/2025,19626,401430,Pregnancy Test - Milk,Pregnant,0.341,181,80
07/03/2025,19709,401430,Pregnancy Test - Milk,Open,0.014,163,77
07/03/2025,1942,401430,Pregnancy Test - Milk,Pregnant,0.399,243,37
07/03/2025,4047,401430,Pregnancy Test - Milk,Pregnant,0.301,172,84
07/03/2025,17403,401430,Pregnancy Test - Milk,Pregnant,0.353,168,47
07/03/2025,12935,401430,Pregnancy Test - Milk,Pregnant,0.358,260,83
07/03/2025,17643,401430,Pregnancy Test - Milk,Pregnant,0.344,172,35
07/03/2025,16945,401430,Pregnancy Test - Milk,Pregnant,0.795,188,35
07/03/2025,19833,401430,Pregnancy Test - Milk,Pregnant,0.474,182,72
07/03/2025,3984,401430,Pregnancy Test - Milk,Pregnant,0.413,165,77
07/03/2025,17947,401430,Pregnancy Test - Milk,Pregnant,0.523,162,77
07/03/2025,17362,401430,Pregnancy Test - Milk,Re-Check,0.106,176,91
07/03/2025,4873,401430,Pregnancy Test - Milk,Pregnant,0.424,230,77
07/10/2025,18124,401430,Pregnancy Test - Milk,Pregnant,0.864,140,36
07/10/2025,15069,401430,Pregnancy Test - Milk,Pregnant,0.558,173,91
07/10/2025,18072,401430,Pregnancy Test - Milk,Pregnant,0.662,120,35
07/10/2025,3700,401430,Pregnancy Test - Milk,Pregnant,0.306,372,71
07/10/2025,15217,401430,Pregnancy Test - Milk,Pregnant,0.784,165,77
07/10/2025,15040,401430,Pregnancy Test - Milk,Pregnant,0.329,212,77
07/10/2025,9198,401430,Pregnancy Test - Milk,Pregnant,1.136,315,71
07/10/2025,14891,401430,Pregnancy Test - Milk,Pregnant,0.614,119,35
07/10/2025,18161,401430,Pregnancy Test - Milk,Open,0.086,107,38
07/10/2025,13218,401430,Pregnancy Test - Milk,Pregnant,0.389,172,84
07/10/2025,14789,401430,Pregnancy Test - Milk,Pregnant,0.353,244,78
07/10/2025,17476,401430,Pregnancy Test - Milk,Open,0.042,195,35
07/10/2025,17499,401430,Pregnancy Test - Milk,Pregnant,1.187,204,77
07/10/2025,10216,401430,Pregnancy Test - Milk,Re-Check,0.197,203,76
07/10/2025,5204,401430,Pregnancy Test - Milk,Pregnant,0.926,286,72
07/10/2025,9486,401430,Pregnancy Test - Milk,Pregnant,0.697,156,70
07/10/2025,18307,401430,Pregnancy Test - Milk,Pregnant,0.692,117,35
07/10/2025,19972,401430,Pregnancy Test - Milk,Pregnant,1.451,118,35
07/10/2025,19882,401430,Pregnancy Test - Milk,Pregnant,0.842,149,38
07/10/2025,14948,401430,Pregnancy Test - Milk,Pregnant,0.84,254,37
07/10/2025,17320,401430,Pregnancy Test - Milk,Pregnant,0.543,153,70
07/10/2025,17223,401430,Pregnancy Test - Milk,Re-Check,0.209,161,77
07/10/2025,19694,401430,Pregnancy Test - Milk,Pregnant,0.307,165,77
07/10/2025,16781,401430,Pregnancy Test - Milk,Pregnant,0.413,235,77
07/10/2025,14317,401430,Pregnancy Test - Milk,Pregnant,0.578,164,77
07/10/2025,17154,401430,Pregnancy Test - Milk,Pregnant,0.419,164,77
07/10/2025,12433,401430,Pregnancy Test - Milk,Re-Check,0.202,332,35
07/10/2025,500,401430,Pregnancy Test - Milk,Pregnant,0.504,120,35
07/10/2025,12577,401430,Pregnancy Test - Milk,Open,0.008,203,35
07/10/2025,19240,401430,Pregnancy Test - Milk,Pregnant,1.649,271,38
07/10/2025,13072,401430,Pregnancy Test - Milk,Pregnant,0.43,155,70
07/10/2025,13527,401430,Pregnancy Test - Milk,Re-Check,0.193,272,71
07/10/2025,12015,401430,Pregnancy Test - Milk,Pregnant,0.648,264,74
07/10/2025,12416,401430,Pregnancy Test - Milk,Pregnant,0.347,207,70
07/10/2025,15153,401430,Pregnancy Test - Milk,Pregnant,0.434,219,35
07/10/2025,7651,401430,Pregnancy Test - Milk,Pregnant,1.276,129,38
07/10/2025,17342,401430,Pregnancy Test - Milk,Open,0.023,123,35
07/10/2025,13610,401430,Pregnancy Test - Milk,Pregnant,0.568,210,77
07/10/2025,13460,401430,Pregnancy Test - Milk,Pregnant,0.726,202,39
07/10/2025,10901,401430,Pregnancy Test - Milk,Pregnant,0.692,255,77
07/10/2025,19703,401430,Pregnancy Test - Milk,Pregnant,0.318,160,77
07/10/2025,19885,401430,Pregnancy Test - Milk,Pregnant,0.91,160,77
07/10/2025,14734,401430,Pregnancy Test - Milk,Pregnant,0.364,177,91
07/10/2025,19421,401430,Pregnancy Test - Milk,Pregnant,0.413,248,71
07/10/2025,19736,401430,Pregnancy Test - Milk,Pregnant,POS,163,77
07/10/2025,9153,401430,Pregnancy Test - Milk,Open,0.026,153,70
07/10/2025,13950,401430,Pregnancy Test - Milk,Pregnant,0.53,106,38
07/10/2025,19257,401430,Pregnancy Test - Milk,Re-Check,0.144,205,37
07/10/2025,19526,401430,Pregnancy Test - Milk,Pregnant,0.507,201,84
07/10/2025,17579,401430,Pregnancy Test - Milk,Pregnant,0.367,153,70
07/10/2025,9378,401430,Pregnancy Test - Milk,Re-Check,0.114,164,77
07/10/2025,15935,401430,Pregnancy Test - Milk,Pregnant,0.467,121,35
07/10/2025,2707,401430,Pregnancy Test - Milk,Pregnant,0.41,276,36
07/10/2025,19007,401430,Pregnancy Test - Milk,Pregnant,0.346,241,38
07/10/2025,14994,401430,Pregnancy Test - Milk,Pregnant,0.482,244,85
07/10/2025,9776,401430,Pregnancy Test - Milk,Pregnant,0.723,119,35
07/10/2025,19696,401430,Pregnancy Test - Milk,Pregnant,0.339,183,77
07/10/2025,19705,401430,Pregnancy Test - Milk,Pregnant,0.427,185,76
07/10/2025,17815,401430,Pregnancy Test - Milk,Open,0.052,121,36
07/10/2025,19750,401430,Pregnancy Test - Milk,Pregnant,1.007,163,77
07/10/2025,13626,401430,Pregnancy Test - Milk,Pregnant,0.519,163,77
07/10/2025,14518,401430,Pregnancy Test - Milk,Pregnant,0.369,117,35
07/10/2025,15357,401430,Pregnancy Test - Milk,Pregnant,0.39,162,77
07/10/2025,13473,401430,Pregnancy Test - Milk,Pregnant,0.42,163,77
07/10/2025,15378,401430,Pregnancy Test - Milk,Pregnant,0.429,152,70
07/10/2025,10580,401430,Pregnancy Test - Milk,Pregnant,0.376,149,36
07/10/2025,17560,401430,Pregnancy Test - Milk,Pregnant,0.564,160,77
07/10/2025,3660,401430,Pregnancy Test - Milk,Pregnant,0.596,196,37
07/10/2025,17849,401430,Pregnancy Test - Milk,Pregnant,1.029,120,35
07/10/2025,11124,401430,Pregnancy Test - Milk,Re-Check,0.247,169,35
07/10/2025,19984,401430,Pregnancy Test - Milk,Pregnant,1.062,121,35
07/10/2025,19766,401430,Pregnancy Test - Milk,Pregnant,1.383,122,35
07/10/2025,19784,401430,Pregnancy Test - Milk,Pregnant,0.361,159,77
07/10/2025,19453,401430,Pregnancy Test - Milk,Pregnant,0.799,252,75
07/10/2025,19355,401430,Pregnancy Test - Milk,Pregnant,1.378,248,38
07/10/2025,17859,401430,Pregnancy Test - Milk,Pregnant,0.804,168,36
07/10/2025,11067,401430,Pregnancy Test - Milk,Re-Check,0.165,173,91
07/10/2025,17511,401430,Pregnancy Test - Milk,Open,0.012,213,38
07/10/2025,17574,401430,Pregnancy Test - Milk,Re-Check,0.236,196,35
07/10/2025,17384,401430,Pregnancy Test - Milk,Re-Check,0.199,118,36
07/10/2025,20088,401430,Pregnancy Test - Milk,Pregnant,1.814,157,70
07/10/2025,9977,401430,Pregnancy Test - Milk,Pregnant,0.636,145,40
07/10/2025,15691,401430,Pregnancy Test - Milk,Pregnant,0.464,122,35
07/10/2025,19998,401430,Pregnancy Test - Milk,Pregnant,1.092,122,35
07/10/2025,19264,401430,Pregnancy Test - Milk,Pregnant,0.678,231,76
07/10/2025,12208,401430,Pregnancy Test - Milk,Pregnant,1.091,117,35
07/10/2025,17661,401430,Pregnancy Test - Milk,Pregnant,0.519,122,35
07/10/2025,19456,401430,Pregnancy Test - Milk,Pregnant,0.421,182,37
07/10/2025,19948,401430,Pregnancy Test - Milk,Pregnant,0.8,123,35
07/10/2025,17229,401430,Pregnancy Test - Milk,Re-Check,0.196,199,35
07/10/2025,13524,401430,Pregnancy Test - Milk,Pregnant,0.727,145,38
07/10/2025,10497,401430,Pregnancy Test - Milk,Pregnant,0.841,117,35
07/10/2025,13637,401430,Pregnancy Test - Milk,Open,0.098,166,84
07/10/2025,6413,401430,Pregnancy Test - Milk,Pregnant,1.613,265,36
07/10/2025,19462,401430,Pregnancy Test - Milk,Pregnant,0.625,202,75
07/10/2025,17429,401430,Pregnancy Test - Milk,Pregnant,1.964,184,35
07/10/2025,17725,401430,Pregnancy Test - Milk,Pregnant,0.469,158,36
07/10/2025,19002,401430,Pregnancy Test - Milk,Pregnant,0.682,249,86
07/10/2025,17410,401430,Pregnancy Test - Milk,Open,-0.01,185,38
07/10/2025,19078,401430,Pregnancy Test - Milk,Pregnant,0.516,276,76
07/10/2025,18173,401430,Pregnancy Test - Milk,Open,-0.001,118,35
07/10/2025,19981,401430,Pregnancy Test - Milk,Pregnant,1.193,118,35
07/10/2025,19776,401430,Pregnancy Test - Milk,Open,0.002,159,37
07/10/2025,14380,401430,Pregnancy Test - Milk,Pregnant,0.901,330,76
07/10/2025,19715,401430,Pregnancy Test - Milk,Pregnant,0.806,121,35
07/10/2025,11250,401430,Pregnancy Test - Milk,Pregnant,0.328,177,84
07/10/2025,11166,401430,Pregnancy Test - Milk,Pregnant,0.893,120,35
07/10/2025,19946,401430,Pregnancy Test - Milk,Open,0.044,143,42
07/10/2025,17587,401430,Pregnancy Test - Milk,Pregnant,0.813,162,77
07/10/2025,10929,401430,Pregnancy Test - Milk,Pregnant,0.572,152,70
07/10/2025,17846,401430,Pregnancy Test - Milk,Pregnant,0.74,143,36
07/10/2025,19726,401430,Pregnancy Test - Milk,Pregnant,0.713,164,77
07/10/2025,17078,401430,Pregnancy Test - Milk,Pregnant,0.672,191,73
07/10/2025,13339,401430,Pregnancy Test - Milk,Pregnant,0.303,157,70
07/10/2025,7472,401430,Pregnancy Test - Milk,Pregnant,1.082,216,35
07/10/2025,14980,401430,Pregnancy Test - Milk,Pregnant,0.559,217,36
07/10/2025,17866,401430,Pregnancy Test - Milk,Open,0.026,164,73
07/10/2025,17488,401430,Pregnancy Test - Milk,Pregnant,1.107,186,77
07/10/2025,3981,401430,Pregnancy Test - Milk,Pregnant,0.57,166,35
07/10/2025,19786,401430,Pregnancy Test - Milk,Pregnant,1.027,141,36
07/10/2025,13214,401430,Pregnancy Test - Milk,Pregnant,0.607,168,36
07/10/2025,17651,401430,Pregnancy Test - Milk,Pregnant,1.585,165,77
07/10/2025,7601,401430,Pregnancy Test - Milk,Pregnant,0.475,220,73
07/10/2025,18782,401430,Pregnancy Test - Milk,Open,0.003,364,76
07/10/2025,13449,401430,Pregnancy Test - Milk,Re-Check,0.136,124,42
07/10/2025,16961,401430,Pregnancy Test - Milk,Pregnant,0.708,288,72
07/10/2025,11129,401430,Pregnancy Test - Milk,Pregnant,0.856,151,39
07/10/2025,14652,401430,Pregnancy Test - Milk,Pregnant,0.842,120,35
07/10/2025,9773,401430,Pregnancy Test - Milk,Pregnant,0.291,196,36
07/10/2025,15342,401430,Pregnancy Test - Milk,Re-Check,0.166,149,42
07/10/2025,8997,401430,Pregnancy Test - Milk,Pregnant,0.463,190,72
07/10/2025,7613,401430,Pregnancy Test - Milk,Pregnant,0.678,200,77
07/10/2025,17115,401430,Pregnancy Test - Milk,Pregnant,0.435,250,89
07/10/2025,17046,401430,Pregnancy Test - Milk,Pregnant,2.228,165,77
07/10/2025,16028,401430,Pregnancy Test - Milk,Pregnant,0.716,319,36
07/10/2025,19629,401430,Pregnancy Test - Milk,Pregnant,1.206,186,98
07/10/2025,14955,401430,Pregnancy Test - Milk,Pregnant,0.838,180,38
07/10/2025,17156,401430,Pregnancy Test - Milk,Pregnant,0.586,161,77
07/10/2025,16881,401430,Pregnancy Test - Milk,Pregnant,0.811,200,74
07/10/2025,11317,401430,Pregnancy Test - Milk,Pregnant,0.48,117,40
07/10/2025,5362,401430,Pregnancy Test - Milk,Pregnant,0.33,170,84
07/10/2025,19651,401430,Pregnancy Test - Milk,Pregnant,0.792,160,77
07/10/2025,20046,401430,Pregnancy Test - Milk,Pregnant,1.397,120,35
07/10/2025,19510,401430,Pregnancy Test - Milk,Pregnant,0.864,206,74
07/10/2025,19820,401430,Pregnancy Test - Milk,Pregnant,0.252,181,39
07/10/2025,2554,401430,Pregnancy Test - Milk,Pregnant,0.59,195,38
07/10/2025,19646,401430,Pregnancy Test - Milk,Pregnant,0.866,183,76
07/10/2025,17131,401430,Pregnancy Test - Milk,Pregnant,0.458,245,77
07/10/2025,15064,401430,Pregnancy Test - Milk,Pregnant,2.555,172,35
07/10/2025,9584,401430,Pregnancy Test - Milk,Open,0.049,243,77
07/10/2025,13976,401430,Pregnancy Test - Milk,Pregnant,0.745,119,38
07/10/2025,11144,401430,Pregnancy Test - Milk,Pregnant,0.489,175,71
07/10/2025,10833,401430,Pregnancy Test - Milk,Pregnant,0.736,166,40
07/10/2025,651,401430,Pregnancy Test - Milk,Pregnant,0.738,224,37
07/10/2025,7662,401430,Pregnancy Test - Milk,Pregnant,0.712,123,35
07/10/2025,19698,401430,Pregnancy Test - Milk,Pregnant,0.679,162,77
07/10/2025,10420,401430,Pregnancy Test - Milk,Pregnant,1.161,123,35
07/10/2025,19827,401430,Pregnancy Test - Milk,Pregnant,0.667,122,37
07/10/2025,10510,401430,Pregnancy Test - Milk,Pregnant,1.099,280,76
07/10/2025,16957,401430,Pregnancy Test - Milk,Pregnant,0.623,279,70
07/10/2025,15101,401430,Pregnancy Test - Milk,Re-Check,0.152,247,57
07/10/2025,16903,401430,Pregnancy Test - Milk,Pregnant,0.383,243,86
07/10/2025,20300,401430,Pregnancy Test - Milk,Pregnant,1.02,138,39
07/10/2025,18175,401430,Pregnancy Test - Milk,Pregnant,0.427,120,35
07/10/2025,19961,401430,Pregnancy Test - Milk,Pregnant,1.054,149,36
07/10/2025,402,401430,Pregnancy Test - Milk,Pregnant,1.312,122,36
07/10/2025,13545,401430,Pregnancy Test - Milk,Pregnant,0.37,162,77
07/10/2025,1020,401430,Pregnancy Test - Milk,Pregnant,0.553,212,76
07/10/2025,13467,401430,Pregnancy Test - Milk,Pregnant,0.487,172,84
07/10/2025,1876,401430,Pregnancy Test - Milk,Open,0.026,117,35
07/10/2025,17769,401430,Pregnancy Test - Milk,Pregnant,1.336,145,38
07/10/2025,19818,401430,Pregnancy Test - Milk,Pregnant,1.205,161,77
07/10/2025,13718,401430,Pregnancy Test - Milk,Pregnant,0.743,122,35
07/10/2025,13695,401430,Pregnancy Test - Milk,Pregnant,0.369,181,41
07/10/2025,13338,401430,Pregnancy Test - Milk,Pregnant,1.371,163,77
07/10/2025,17362,401430,Pregnancy Test - Milk,Pregnant,0.315,183,98
07/10/2025,18677,401430,Pregnancy Test - Milk,Re-Check,0.112,386,70
07/10/2025,17379,401430,Pregnancy Test - Milk,Re-Check,0.106,120,35
07/10/2025,15194,401430,Pregnancy Test - Milk,Pregnant,0.539,149,40
07/10/2025,17659,401430,Pregnancy Test - Milk,Pregnant,0.777,163,77
07/11/2025,15504,401430,Pregnancy Test - Milk,Pregnant,0.55,192,35
07/11/2025,15689,401430,Pregnancy Test - Milk,Pregnant,0.424,158,88
07/11/2025,15154,401430,Pregnancy Test - Milk,Pregnant,POS,174,39
07/11/2025,18087,401430,Pregnancy Test - Milk,Pregnant,0.696,138,44
07/11/2025,19999,401430,Pregnancy Test - Milk,Pregnant,0.252,118,36
07/11/2025,13453,401430,Pregnancy Test - Milk,Re-Check,0.129,131,43
07/11/2025,15242,401430,Pregnancy Test - Milk,Pregnant,0.732,197,81
07/11/2025,17177,401430,Pregnancy Test - Milk,Pregnant,0.438,215,83
07/11/2025,18092,401430,Pregnancy Test - Milk,Re-Check,0.229,147,81
07/11/2025,14725,401430,Pregnancy Test - Milk,Open,0.038,148,40
07/11/2025,19186,401430,Pregnancy Test - Milk,Pregnant,0.822,271,36
07/11/2025,14488,401430,Pregnancy Test - Milk,Pregnant,0.383,218,85
07/11/2025,17005,401430,Pregnancy Test - Milk,Pregnant,0.315,172,85
07/11/2025,19606,401430,Pregnancy Test - Milk,Pregnant,0.715,221,36
07/11/2025,18190,401430,Pregnancy Test - Milk,Pregnant,1.182,120,36
07/11/2025,19732,401430,Pregnancy Test - Milk,Pregnant,0.285,156,47
07/11/2025,7668,401430,Pregnancy Test - Milk,Re-Check,0.118,119,36
07/11/2025,15527,401430,Pregnancy Test - Milk,Pregnant,0.337,151,80
07/11/2025,17107,401430,Pregnancy Test - Milk,Re-Check,0.241,169,36
07/11/2025,16956,401430,Pregnancy Test - Milk,Pregnant,0.689,262,82
07/11/2025,14969,401430,Pregnancy Test - Milk,Pregnant,0.309,209,94
07/11/2025,15337,401430,Pregnancy Test - Milk,Pregnant,0.321,165,78
07/11/2025,11834,401430,Pregnancy Test - Milk,Pregnant,0.283,201,78
07/11/2025,19667,401430,Pregnancy Test - Milk,Pregnant,0.752,193,39
07/11/2025,19761,401430,Pregnancy Test - Milk,Re-Check,0.211,172,80
07/11/2025,17363,401430,Pregnancy Test - Milk,Pregnant,0.394,220,44
07/11/2025,1600,401430,Pregnancy Test - Milk,Pregnant,0.277,168,85
07/11/2025,17981,401430,Pregnancy Test - Milk,Pregnant,0.47,149,81
07/11/2025,14429,401430,Pregnancy Test - Milk,Re-Check,0.156,245,40
07/11/2025,14415,401430,Pregnancy Test - Milk,Pregnant,2.206,170,85
07/11/2025,18999,401430,Pregnancy Test - Milk,Pregnant,0.854,261,36
07/11/2025,20086,401430,Pregnancy Test - Milk,Pregnant,0.967,101,39
07/11/2025,16737,401430,Pregnancy Test - Milk,Pregnant,0.702,253,78
07/11/2025,15482,401430,Pregnancy Test - Milk,Pregnant,0.515,170,85
07/11/2025,14913,401430,Pregnancy Test - Milk,Pregnant,0.321,165,78
07/11/2025,19148,401430,Pregnancy Test - Milk,Pregnant,0.902,263,81
07/11/2025,17334,401430,Pregnancy Test - Milk,Pregnant,0.594,257,85
07/11/2025,15498,401430,Pregnancy Test - Milk,Open,0.093,182,47
07/11/2025,14072,401430,Pregnancy Test - Milk,Pregnant,0.35,130,40
07/11/2025,7642,401430,Pregnancy Test - Milk,Pregnant,0.811,170,85
07/11/2025,15054,401430,Pregnancy Test - Milk,Pregnant,0.668,268,40
07/11/2025,15593,401430,Pregnancy Test - Milk,Pregnant,0.37,188,82
07/11/2025,12750,401430,Pregnancy Test - Milk,Pregnant,1.058,168,85
07/11/2025,14776,401430,Pregnancy Test - Milk,Pregnant,0.898,192,81
07/11/2025,15475,401430,Pregnancy Test - Milk,Pregnant,0.406,199,78
07/17/2025,12727,401430,Pregnancy Test - Milk,Pregnant,0.827,319,76
07/17/2025,10282,401430,Pregnancy Test - Milk,Open,0.045,119,35
07/17/2025,15078,401430,Pregnancy Test - Milk,Pregnant,1.897,369,206
07/17/2025,19115,401430,Pregnancy Test - Milk,Pregnant,0.707,246,40
07/17/2025,7648,401430,Pregnancy Test - Milk,Pregnant,0.472,148,42
07/17/2025,19933,401430,Pregnancy Test - Milk,Pregnant,0.769,117,36
07/17/2025,13314,401430,Pregnancy Test - Milk,Pregnant,0.386,185,99
07/17/2025,13813,401430,Pregnancy Test - Milk,Re-Check,0.222,152,70
07/17/2025,17080,401430,Pregnancy Test - Milk,Open,-0.001,118,36
07/17/2025,19293,401430,Pregnancy Test - Milk,Pregnant,0.617,327,78
07/17/2025,19769,401430,Pregnancy Test - Milk,Pregnant,1.184,140,36
07/17/2025,14668,401430,Pregnancy Test - Milk,Pregnant,0.625,117,36
07/17/2025,18243,401430,Pregnancy Test - Milk,Pregnant,0.957,119,36
07/17/2025,17557,401430,Pregnancy Test - Milk,Pregnant,1.201,175,92
07/17/2025,11230,401430,Pregnancy Test - Milk,Re-Check,0.207,169,85
07/17/2025,19739,401430,Pregnancy Test - Milk,Open,0.064,140,36
07/17/2025,15714,401430,Pregnancy Test - Milk,Pregnant,0.429,120,36
07/17/2025,19932,401430,Pregnancy Test - Milk,Re-Check,0.238,163,78
07/17/2025,17852,401430,Pregnancy Test - Milk,Pregnant,0.477,175,92
07/17/2025,16916,401430,Pregnancy Test - Milk,Pregnant,0.417,170,85
07/17/2025,16929,401430,Pregnancy Test - Milk,Open,0.015,240,1
07/17/2025,17855,401430,Pregnancy Test - Milk,Pregnant,0.619,183,36
07/17/2025,19772,401430,Pregnancy Test - Milk,Pregnant,0.794,159,72
07/17/2025,19922,401430,Pregnancy Test - Milk,Pregnant,0.658,123,36
07/17/2025,15831,401430,Pregnancy Test - Milk,Pregnant,0.742,120,36
07/17/2025,19677,401430,Pregnancy Test - Milk,Pregnant,0.902,157,74
07/17/2025,3943,401430,Pregnancy Test - Milk,Pregnant,0.697,192,39
07/17/2025,12329,401430,Pregnancy Test - Milk,Pregnant,0.703,342,71
07/17/2025,15801,401430,Pregnancy Test - Milk,Pregnant,0.47,121,35
07/17/2025,15252,401430,Pregnancy Test - Milk,Pregnant,0.636,162,37
07/17/2025,17868,401430,Pregnancy Test - Milk,Open,0.01,488,205
07/17/2025,17924,401430,Pregnancy Test - Milk,Pregnant,0.89,173,42
07/17/2025,20100,401430,Pregnancy Test - Milk,Open,0.016,119,36
07/17/2025,18034,401430,Pregnancy Test - Milk,Pregnant,0.987,123,36
07/17/2025,17120,401430,Pregnancy Test - Milk,Pregnant,0.975,273,36
07/17/2025,13584,401430,Pregnancy Test - Milk,Pregnant,0.626,150,38
07/17/2025,13438,401430,Pregnancy Test - Milk,Pregnant,0.399,178,92
07/17/2025,20310,401430,Pregnancy Test - Milk,Pregnant,0.638,118,36
07/17/2025,13833,401430,Pregnancy Test - Milk,Open,0.003,116,35
07/17/2025,19804,401430,Pregnancy Test - Milk,Pregnant,0.544,158,41
07/17/2025,19125,401430,Pregnancy Test - Milk,Pregnant,0.697,271,38
07/17/2025,19823,401430,Pregnancy Test - Milk,Pregnant,0.467,162,78
07/17/2025,5849,401430,Pregnancy Test - Milk,Pregnant,0.381,196,76
07/17/2025,17402,401430,Pregnancy Test - Milk,Pregnant,0.537,160,78
07/17/2025,14981,401430,Pregnancy Test - Milk,Pregnant,0.469,120,35
07/17/2025,16102,401430,Pregnancy Test - Milk,Open,0.004,306,35
07/17/2025,14056,401430,Pregnancy Test - Milk,Open,0.049,252,35
07/17/2025,19847,401430,Pregnancy Test - Milk,Pregnant,0.677,166,78
07/17/2025,17810,401430,Pregnancy Test - Milk,Open,0.08,161,78
07/17/2025,17036,401430,Pregnancy Test - Milk,Pregnant,0.491,205,73
07/17/2025,14237,401430,Pregnancy Test - Milk,Pregnant,0.606,201,39
07/17/2025,19858,401430,Pregnancy Test - Milk,Pregnant,1.023,152,42
07/17/2025,15342,401430,Pregnancy Test - Milk,Re-Check,0.147,157,50
07/17/2025,10216,401430,Pregnancy Test - Milk,Re-Check,0.159,210,83
07/17/2025,11067,401430,Pregnancy Test - Milk,Pregnant,0.304,180,98
07/17/2025,5132,401430,Pregnancy Test - Milk,Open,0.073,120,35
07/17/2025,10169,401430,Pregnancy Test - Milk,Pregnant,0.382,154,70
07/17/2025,19748,401430,Pregnancy Test - Milk,Pregnant,0.456,161,58
07/17/2025,19483,401430,Pregnancy Test - Milk,Open,0.014,210,36
07/17/2025,4003,401430,Pregnancy Test - Milk,Pregnant,0.335,183,77
07/17/2025,2415,401430,Pregnancy Test - Milk,Pregnant,0.807,120,36
07/17/2025,15141,401430,Pregnancy Test - Milk,Re-Check,0.217,288,41
07/17/2025,17686,401430,Pregnancy Test - Milk,Pregnant,0.696,167,38
07/17/2025,19808,401430,Pregnancy Test - Milk,Pregnant,0.68,165,78
07/17/2025,17384,401430,Pregnancy Test - Milk,Open,0.024,126,44
07/17/2025,17397,401430,Pregnancy Test - Milk,Pregnant,0.441,165,78
07/17/2025,17232,401430,Pregnancy Test - Milk,Pregnant,0.615,196,85
07/17/2025,17571,401430,Pregnancy Test - Milk,Pregnant,1.251,122,36
07/17/2025,8917,401430,Pregnancy Test - Milk,Pregnant,0.533,166,78
07/17/2025,13174,401430,Pregnancy Test - Milk,Open,0.045,120,35
07/17/2025,12584,401430,Pregnancy Test - Milk,Pregnant,0.268,214,70
07/17/2025,9378,401430,Pregnancy Test - Milk,Open,0.019,171,84
07/17/2025,19892,401430,Pregnancy Test - Milk,Open,-0.002,161,0
07/17/2025,20043,401430,Pregnancy Test - Milk,Pregnant,0.497,144,39
07/17/2025,19548,401430,Pregnancy Test - Milk,Pregnant,1.021,189,40
07/17/2025,19854,401430,Pregnancy Test - Milk,Pregnant,0.705,166,78
07/17/2025,18264,401430,Pregnancy Test - Milk,Open,0.003,117,36
07/17/2025,19837,401430,Pregnancy Test - Milk,Pregnant,0.493,160,78
07/17/2025,17864,401430,Pregnancy Test - Milk,Pregnant,0.276,167,40
07/17/2025,17086,401430,Pregnancy Test - Milk,Pregnant,0.456,216,72
07/17/2025,17084,401430,Pregnancy Test - Milk,Pregnant,0.903,213,75
07/17/2025,19929,401430,Pregnancy Test - Milk,Pregnant,0.758,142,36
07/17/2025,19907,401430,Pregnancy Test - Milk,Pregnant,1.035,123,36
07/17/2025,13676,401430,Pregnancy Test - Milk,Pregnant,0.644,115,35
07/17/2025,5160,401430,Pregnancy Test - Milk,Re-Check,0.227,153,70
07/17/2025,19812,401430,Pregnancy Test - Milk,Pregnant,0.749,157,70
07/17/2025,13440,401430,Pregnancy Test - Milk,Re-Check,0.231,175,36
07/17/2025,19641,401430,Pregnancy Test - Milk,Pregnant,0.338,191,78
07/17/2025,19683,401430,Pregnancy Test - Milk,Pregnant,0.386,201,73
07/17/2025,2835,401430,Pregnancy Test - Milk,Pregnant,0.622,162,78
07/17/2025,15219,401430,Pregnancy Test - Milk,Pregnant,0.611,181,77
07/17/2025,3550,401430,Pregnancy Test - Milk,Pregnant,0.567,278,40
07/17/2025,14542,401430,Pregnancy Test - Milk,Pregnant,0.545,246,85
07/17/2025,12835,401430,Pregnancy Test - Milk,Pregnant,0.474,530,94
07/17/2025,17460,401430,Pregnancy Test - Milk,Pregnant,0.671,116,35
07/17/2025,17420,401430,Pregnancy Test - Milk,Re-Check,0.217,228,72
07/17/2025,14916,401430,Pregnancy Test - Milk,Re-Check,0.183,186,76
07/17/2025,17790,401430,Pregnancy Test - Milk,Pregnant,0.506,164,75
07/17/2025,12433,401430,Pregnancy Test - Milk,Re-Check,0.204,339,42
07/17/2025,15101,401430,Pregnancy Test - Milk,Re-Check,0.102,254,64
07/17/2025,17379,401430,Pregnancy Test - Milk,Open,0.006,127,42
07/17/2025,10011,401430,Pregnancy Test - Milk,Re-Check,0.237,317,70
07/17/2025,18677,401430,Pregnancy Test - Milk,Open,0.029,393,77
07/17/2025,18039,401430,Pregnancy Test - Milk,Pregnant,0.665,118,36
07/17/2025,19893,401430,Pregnancy Test - Milk,Pregnant,0.345,159,37
07/17/2025,5176,401430,Pregnancy Test - Milk,Pregnant,0.496,283,39
07/17/2025,15970,401430,Pregnancy Test - Milk,Pregnant,0.305,166,78
07/17/2025,15798,401430,Pregnancy Test - Milk,Pregnant,0.533,117,36
07/17/2025,16241,401430,Pregnancy Test - Milk,Open,-0.002,272,39
07/17/2025,17931,401430,Pregnancy Test - Milk,Pregnant,0.755,122,36
07/17/2025,15407,401430,Pregnancy Test - Milk,Open,0.053,207,74
07/17/2025,15129,401430,Pregnancy Test - Milk,Re-Check,0.14,185,74
07/17/2025,13578,401430,Pregnancy Test - Milk,Pregnant,0.305,156,70
07/17/2025,17023,401430,Pregnancy Test - Milk,Pregnant,0.927,228,38
07/17/2025,19731,401430,Pregnancy Test - Milk,Open,0.001,156,41
07/17/2025,13629,401430,Pregnancy Test - Milk,Pregnant,0.697,152,37
07/17/2025,17882,401430,Pregnancy Test - Milk,Pregnant,0.306,167,85
07/17/2025,17721,401430,Pregnancy Test - Milk,Pregnant,0.654,163,78
07/17/2025,17465,401430,Pregnancy Test - Milk,Pregnant,0.518,162,38
07/17/2025,11486,401430,Pregnancy Test - Milk,Open,0.029,122,36
07/17/2025,19724,401430,Pregnancy Test - Milk,Pregnant,0.775,167,36
07/17/2025,20142,401430,Pregnancy Test - Milk,Pregnant,1.162,123,36
07/17/2025,15597,401430,Pregnancy Test - Milk,Pregnant,0.489,119,36
07/17/2025,1836,401430,Pregnancy Test - Milk,Pregnant,0.29,165,78
07/17/2025,17533,401430,Pregnancy Test - Milk,Pregnant,1.006,197,39
07/17/2025,15354,401430,Pregnancy Test - Milk,Pregnant,0.264,162,78
07/17/2025,14137,401430,Pregnancy Test - Milk,Pregnant,1.119,120,36
07/17/2025,12052,401430,Pregnancy Test - Milk,Pregnant,0.647,123,36
07/17/2025,8287,401430,Pregnancy Test - Milk,Pregnant,0.627,358,73
07/17/2025,18399,401430,Pregnancy Test - Milk,Pregnant,POS,394,226
07/17/2025,14027,401430,Pregnancy Test - Milk,Pregnant,0.268,261,36
07/17/2025,2353,401430,Pregnancy Test - Milk,Pregnant,0.417,166,39
07/17/2025,19908,401430,Pregnancy Test - Milk,Open,0.006,116,36
07/17/2025,14906,401430,Pregnancy Test - Milk,Pregnant,0.295,228,85
07/17/2025,1375,401430,Pregnancy Test - Milk,Pregnant,0.8,296,42
07/17/2025,13555,401430,Pregnancy Test - Milk,Re-Check,0.159,158,72
07/17/2025,12455,401430,Pregnancy Test - Milk,Pregnant,0.412,177,38
07/17/2025,10507,401430,Pregnancy Test - Milk,Open,0.017,182,35
07/17/2025,9183,401430,Pregnancy Test - Milk,Open,-0.003,123,35
07/17/2025,7661,401430,Pregnancy Test - Milk,Pregnant,0.967,122,36
07/17/2025,18732,401430,Pregnancy Test - Milk,Pregnant,1.528,376,224
07/17/2025,19809,401430,Pregnancy Test - Milk,Pregnant,0.728,161,78
07/17/2025,17478,401430,Pregnancy Test - Milk,Pregnant,0.527,206,74
07/17/2025,13527,401430,Pregnancy Test - Milk,Pregnant,0.336,279,78
07/17/2025,13449,401430,Pregnancy Test - Milk,Open,0.073,131,49
07/17/2025,15645,401430,Pregnancy Test - Milk,Pregnant,0.382,121,35
07/17/2025,15698,401430,Pregnancy Test - Milk,Pregnant,1.022,119,35
07/17/2025,13114,401430,Pregnancy Test - Milk,Pregnant,0.299,172,40
07/17/2025,10810,401430,Pregnancy Test - Milk,Open,0.008,139,38
07/17/2025,19801,401430,Pregnancy Test - Milk,Pregnant,1.18,162,78
07/17/2025,1632,401430,Pregnancy Test - Milk,Pregnant,0.493,208,74
07/17/2025,19873,401430,Pregnancy Test - Milk,Pregnant,0.431,157,70
07/17/2025,17223,401430,Pregnancy Test - Milk,Re-Check,0.165,168,84
07/17/2025,19945,401430,Pregnancy Test - Milk,Re-Check,0.247,157,72
07/17/2025,16779,401430,Pregnancy Test - Milk,Pregnant,2.302,355,205
07/17/2025,19669,401430,Pregnancy Test - Milk,Pregnant,0.297,206,78
07/17/2025,15821,401430,Pregnancy Test - Milk,Pregnant,0.472,161,78
07/17/2025,14246,401430,Pregnancy Test - Milk,Pregnant,0.267,230,78
07/17/2025,10439,401430,Pregnancy Test - Milk,Pregnant,0.261,215,35
07/17/2025,4082,401430,Pregnancy Test - Milk,Pregnant,2.374,211,42
07/17/2025,19438,401430,Pregnancy Test - Milk,Pregnant,0.485,122,36
07/17/2025,19370,401430,Pregnancy Test - Milk,Pregnant,0.609,218,37
07/17/2025,19686,401430,Pregnancy Test - Milk,Open,0.007,191,36
07/17/2025,19853,401430,Pregnancy Test - Milk,Open,0.009,167,13
07/17/2025,17933,401430,Pregnancy Test - Milk,Pregnant,0.667,117,36
07/17/2025,20113,401430,Pregnancy Test - Milk,Pregnant,0.81,120,37
07/17/2025,14987,401430,Pregnancy Test - Milk,Re-Check,0.185,162,78
07/17/2025,14650,401430,Pregnancy Test - Milk,Pregnant,1.377,204,36
07/17/2025,16166,401430,Pregnancy Test - Milk,Pregnant,0.828,116,36
07/17/2025,772,401430,Pregnancy Test - Milk,Open,0.052,169,36
07/17/2025,13326,401430,Pregnancy Test - Milk,Pregnant,0.308,181,76
07/17/2025,17987,401430,Pregnancy Test - Milk,Pregnant,0.541,148,40
07/17/2025,19788,401430,Pregnancy Test - Milk,Pregnant,0.535,161,78
07/17/2025,19904,401430,Pregnancy Test - Milk,Pregnant,1.012,118,36
07/17/2025,19861,401430,Pregnancy Test - Milk,Pregnant,0.841,120,36
07/17/2025,17954,401430,Pregnancy Test - Milk,Open,-0.002,504,207
07/17/2025,17449,401430,Pregnancy Test - Milk,Pregnant,0.558,209,81
07/17/2025,3812,401430,Pregnancy Test - Milk,Re-Check,0.223,168,85
07/17/2025,17378,401430,Pregnancy Test - Milk,Pregnant,0.818,152,41
07/17/2025,12992,401430,Pregnancy Test - Milk,Open,0.018,120,41
07/17/2025,13322,401430,Pregnancy Test - Milk,Pregnant,0.446,187,76
07/17/2025,11202,401430,Pregnancy Test - Milk,Re-Check,0.201,202,73
07/17/2025,13876,401430,Pregnancy Test - Milk,Pregnant,0.961,122,35
07/17/2025,12628,401430,Pregnancy Test - Milk,Pregnant,0.293,238,73
07/17/2025,20267,401430,Pregnancy Test - Milk,Open,0,122,36
07/17/2025,19625,401430,Pregnancy Test - Milk,Pregnant,0.781,162,78
07/17/2025,19785,401430,Pregnancy Test - Milk,Pregnant,0.879,164,78
07/17/2025,19996,401430,Pregnancy Test - Milk,Open,0.012,118,37
07/17/2025,7596,401430,Pregnancy Test - Milk,Pregnant,0.783,223,72
07/17/2025,11902,401430,Pregnancy Test - Milk,Open,0.071,225,36
07/17/2025,17209,401430,Pregnancy Test - Milk,Pregnant,0.637,161,78
07/17/2025,2014,401430,Pregnancy Test - Milk,Pregnant,0.453,202,76
07/17/2025,19828,401430,Pregnancy Test - Milk,Pregnant,0.563,147,64
07/17/2025,15519,401430,Pregnancy Test - Milk,Re-Check,0.243,185,95
07/17/2025,17791,401430,Pregnancy Test - Milk,Pregnant,0.548,162,78
07/17/2025,737,401430,Pregnancy Test - Milk,Open,-0.005,122,36
07/17/2025,19970,401430,Pregnancy Test - Milk,Pregnant,0.956,116,36
07/17/2025,17528,401430,Pregnancy Test - Milk,Pregnant,0.87,174,36
07/17/2025,13088,401430,Pregnancy Test - Milk,Pregnant,0.342,156,70
07/18/2025,5308,401430,Pregnancy Test - Milk,Open,0.022,117,36
07/18/2025,5342,401430,Pregnancy Test - Milk,Pregnant,0.632,188,82
07/18/2025,12984,401430,Pregnancy Test - Milk,Open,0.024,168,36
07/18/2025,13213,401430,Pregnancy Test - Milk,Open,0.044,170,36
07/18/2025,12748,401430,Pregnancy Test - Milk,Pregnant,0.332,237,40
07/18/2025,19953,401430,Pregnancy Test - Milk,Open,-0.032,121,36
07/18/2025,19761,401430,Pregnancy Test - Milk,Re-Check,0.174,179,87
07/18/2025,18114,401430,Pregnancy Test - Milk,Open,-0.002,121,36
07/18/2025,7605,401430,Pregnancy Test - Milk,Open,-0.005,120,36
07/18/2025,16995,401430,Pregnancy Test - Milk,Pregnant,1.191,266,84
07/18/2025,13591,401430,Pregnancy Test - Milk,Pregnant,0.544,218,40
07/18/2025,14057,401430,Pregnancy Test - Milk,Pregnant,0.352,230,85
07/18/2025,1524,401430,Pregnancy Test - Milk,Pregnant,0.725,183,78
07/18/2025,1588,401430,Pregnancy Test - Milk,Pregnant,0.432,225,80
07/18/2025,20044,401430,Pregnancy Test - Milk,Pregnant,1.504,124,36
07/18/2025,15328,401430,Pregnancy Test - Milk,Pregnant,0.39,200,78
07/18/2025,15390,401430,Pregnancy Test - Milk,Open,-0.008,168,41
07/18/2025,14429,401430,Pregnancy Test - Milk,Open,0.098,252,47
07/18/2025,13453,401430,Pregnancy Test - Milk,Open,0.068,138,50
07/18/2025,15598,401430,Pregnancy Test - Milk,Open,0.014,195,35
07/18/2025,15209,401430,Pregnancy Test - Milk,Pregnant,0.608,167,36
07/18/2025,15745,401430,Pregnancy Test - Milk,Pregnant,0.304,116,36
07/18/2025,5433,401430,Pregnancy Test - Milk,Pregnant,POS,169,37
07/18/2025,19155,401430,Pregnancy Test - Milk,Pregnant,0.372,301,84
07/18/2025,17957,401430,Pregnancy Test - Milk,Pregnant,0.914,165,78
07/18/2025,19900,401430,Pregnancy Test - Milk,Pregnant,0.748,121,36
07/18/2025,15591,401430,Pregnancy Test - Milk,Pregnant,0.731,188,81
07/18/2025,17994,401430,Pregnancy Test - Milk,Pregnant,1.536,116,36
07/18/2025,18708,401430,Pregnancy Test - Milk,Open,0.096,305,36
07/18/2025,19995,401430,Pregnancy Test - Milk,Pregnant,0.564,119,36
07/18/2025,18092,401430,Pregnancy Test - Milk,Re-Check,0.237,154,88
07/18/2025,17107,401430,Pregnancy Test - Milk,Re-Check,0.114,176,43
07/18/2025,18081,401430,Pregnancy Test - Milk,Re-Check,0.182,147,80
07/18/2025,20149,401430,Pregnancy Test - Milk,Open,0.002,122,36
07/18/2025,17889,401430,Pregnancy Test - Milk,Pregnant,1.517,145,38
07/18/2025,17525,401430,Pregnancy Test - Milk,Open,-0.001,146,41
07/24/2025,14292,401430,Pregnancy Test - Milk,Pregnant,0.561,117,36
07/24/2025,19891,401430,Pregnancy Test - Milk,Pregnant,1.253,146,41
07/24/2025,14987,401430,Pregnancy Test - Milk,Pregnant,0.485,169,85
07/24/2025,19573,401430,Pregnancy Test - Milk,Open,0.008,160,78
07/24/2025,19937,401430,Pregnancy Test - Milk,Pregnant,0.622,165,78
07/24/2025,18309,401430,Pregnancy Test - Milk,Pregnant,1.007,113,35
07/24/2025,18168,401430,Pregnancy Test - Milk,Pregnant,0.642,114,35
07/24/2025,15275,401430,Pregnancy Test - Milk,Pregnant,0.934,205,35
07/24/2025,15563,401430,Pregnancy Test - Milk,Pregnant,0.847,154,70
07/24/2025,13056,401430,Pregnancy Test - Milk,Pregnant,1.036,246,78
07/24/2025,19807,401430,Pregnancy Test - Milk,Pregnant,1.123,119,36
07/24/2025,16039,401430,Pregnancy Test - Milk,Pregnant,0.617,238,77
07/24/2025,18012,401430,Pregnancy Test - Milk,Pregnant,0.521,162,78
07/24/2025,19767,401430,Pregnancy Test - Milk,Pregnant,POS,166,78
07/24/2025,19660,401430,Pregnancy Test - Milk,Pregnant,1.808,168,37
07/24/2025,17980,401430,Pregnancy Test - Milk,Pregnant,0.766,149,39
07/24/2025,17346,401430,Pregnancy Test - Milk,Pregnant,0.414,226,35
07/24/2025,11231,401430,Pregnancy Test - Milk,Pregnant,0.253,154,70
07/24/2025,14751,401430,Pregnancy Test - Milk,Pregnant,2.842,281,38
07/24/2025,17194,401430,Pregnancy Test - Milk,Pregnant,1.203,261,75
07/24/2025,12612,401430,Pregnancy Test - Milk,Pregnant,0.509,249,78
07/24/2025,17457,401430,Pregnancy Test - Milk,Pregnant,0.833,186,78
07/24/2025,17390,401430,Pregnancy Test - Milk,Pregnant,0.736,150,40
07/24/2025,13555,401430,Pregnancy Test - Milk,Open,0.073,165,79
07/24/2025,17730,401430,Pregnancy Test - Milk,Pregnant,1.157,172,40
07/24/2025,17364,401430,Pregnancy Test - Milk,Pregnant,0.326,258,72
07/24/2025,20225,401430,Pregnancy Test - Milk,Pregnant,1.841,116,36
07/24/2025,19840,401430,Pregnancy Test - Milk,Pregnant,0.331,160,78
07/24/2025,17208,401430,Pregnancy Test - Milk,Pregnant,1.72,172,38
07/24/2025,18716,401430,Pregnancy Test - Milk,Pregnant,0.82,332,72
07/24/2025,15933,401430,Pregnancy Test - Milk,Re-Check,0.218,120,36
07/24/2025,19764,401430,Pregnancy Test - Milk,Pregnant,0.5,162,78
07/24/2025,12913,401430,Pregnancy Test - Milk,Open,0.057,201,36
07/24/2025,11202,401430,Pregnancy Test - Milk,Pregnant,0.4,209,80
07/24/2025,17665,401430,Pregnancy Test - Milk,Open,0.049,153,70
07/24/2025,1862,401430,Pregnancy Test - Milk,Pregnant,1.5,164,78
07/24/2025,19120,401430,Pregnancy Test - Milk,Pregnant,0.384,222,42
07/24/2025,15684,401430,Pregnancy Test - Milk,Pregnant,0.752,122,36
07/24/2025,19321,401430,Pregnancy Test - Milk,Pregnant,1.137,232,76
07/24/2025,15081,401430,Pregnancy Test - Milk,Open,0.042,115,36
07/24/2025,19909,401430,Pregnancy Test - Milk,Pregnant,1.681,122,36
07/24/2025,19737,401430,Pregnancy Test - Milk,Open,0.037,205,39
07/24/2025,15507,401430,Pregnancy Test - Milk,Pregnant,1.11,215,42
07/24/2025,3868,401430,Pregnancy Test - Milk,Pregnant,0.367,203,40
07/24/2025,17834,401430,Pregnancy Test - Milk,Pregnant,0.432,160,78
07/24/2025,13600,401430,Pregnancy Test - Milk,Pregnant,0.844,235,46
07/24/2025,11212,401430,Pregnancy Test - Milk,Open,0.041,173,35
07/24/2025,15583,401430,Pregnancy Test - Milk,Pregnant,0.629,160,78
07/24/2025,12684,401430,Pregnancy Test - Milk,Pregnant,0.253,171,36
07/24/2025,19825,401430,Pregnancy Test - Milk,Pregnant,0.579,166,78
07/24/2025,13677,401430,Pregnancy Test - Milk,Open,0.024,121,36
07/24/2025,19644,401430,Pregnancy Test - Milk,Pregnant,1.379,165,78
07/24/2025,10011,401430,Pregnancy Test - Milk,Re-Check,0.225,324,77
07/24/2025,17018,401430,Pregnancy Test - Milk,Pregnant,0.411,155,70
07/24/2025,7129,401430,Pregnancy Test - Milk,Pregnant,0.551,156,70
07/24/2025,17472,401430,Pregnancy Test - Milk,Open,0.024,184,24
07/24/2025,10271,401430,Pregnancy Test - Milk,Pregnant,1.537,118,36
07/24/2025,17420,401430,Pregnancy Test - Milk,Pregnant,0.363,235,79
07/24/2025,15820,401430,Pregnancy Test - Milk,Pregnant,0.429,116,35
07/24/2025,5160,401430,Pregnancy Test - Milk,Pregnant,0.268,160,77
07/24/2025,14916,401430,Pregnancy Test - Milk,Pregnant,0.277,193,83
07/24/2025,19661,401430,Pregnancy Test - Milk,Pregnant,1.801,169,39
07/24/2025,20102,401430,Pregnancy Test - Milk,Pregnant,0.971,115,36
07/24/2025,17700,401430,Pregnancy Test - Milk,Pregnant,0.449,164,78
07/24/2025,6945,401430,Pregnancy Test - Milk,Pregnant,POS,265,74
07/24/2025,13813,401430,Pregnancy Test - Milk,Pregnant,0.274,159,77
07/24/2025,17652,401430,Pregnancy Test - Milk,Pregnant,0.497,154,70
07/24/2025,16967,401430,Pregnancy Test - Milk,Open,-0.001,273,35
07/24/2025,19945,401430,Pregnancy Test - Milk,Pregnant,0.621,164,79
07/24/2025,19917,401430,Pregnancy Test - Milk,Pregnant,1.155,161,78
07/24/2025,13916,401430,Pregnancy Test - Milk,Pregnant,0.61,117,36
07/24/2025,17969,401430,Pregnancy Test - Milk,Re-Check,0.131,114,36
07/24/2025,19650,401430,Pregnancy Test - Milk,Pregnant,0.628,204,77
07/24/2025,15915,401430,Pregnancy Test - Milk,Pregnant,0.823,150,40
07/24/2025,20068,401430,Pregnancy Test - Milk,Open,0.066,122,36
07/24/2025,19927,401430,Pregnancy Test - Milk,Pregnant,0.826,162,78
07/24/2025,17962,401430,Pregnancy Test - Milk,Pregnant,0.596,165,78
07/24/2025,16482,401430,Pregnancy Test - Milk,Pregnant,0.322,205,75
07/24/2025,10814,401430,Pregnancy Test - Milk,Pregnant,0.762,157,70
07/24/2025,16467,401430,Pregnancy Test - Milk,Pregnant,0.524,164,46
07/24/2025,15129,401430,Pregnancy Test - Milk,Pregnant,0.271,192,81
07/24/2025,13568,401430,Pregnancy Test - Milk,Pregnant,1.226,201,70
07/24/2025,17658,401430,Pregnancy Test - Milk,Pregnant,0.982,163,77
07/24/2025,15381,401430,Pregnancy Test - Milk,Pregnant,0.318,181,76
07/24/2025,18828,401430,Pregnancy Test - Milk,Re-Check,0.147,392,78
07/24/2025,13415,401430,Pregnancy Test - Milk,Pregnant,1.01,192,38
07/24/2025,5418,401430,Pregnancy Test - Milk,Pregnant,1.005,193,38
07/24/2025,3154,401430,Pregnancy Test - Milk,Re-Check,0.223,243,72
07/24/2025,19663,401430,Pregnancy Test - Milk,Pregnant,0.347,188,42
07/24/2025,14393,401430,Pregnancy Test - Milk,Pregnant,0.779,162,78
07/24/2025,15453,401430,Pregnancy Test - Milk,Pregnant,0.367,154,70
07/24/2025,13898,401430,Pregnancy Test - Milk,Pregnant,0.422,163,78
07/24/2025,17618,401430,Pregnancy Test - Milk,Open,0.047,181,37
07/24/2025,19781,401430,Pregnancy Test - Milk,Re-Check,0.17,146,39
07/24/2025,19664,401430,Pregnancy Test - Milk,Pregnant,0.833,164,78
07/24/2025,15942,401430,Pregnancy Test - Milk,Pregnant,0.781,269,71
07/24/2025,18115,401430,Pregnancy Test - Milk,Pregnant,0.799,118,35
07/24/2025,16855,401430,Pregnancy Test - Milk,Pregnant,1.356,270,35
07/24/2025,12227,401430,Pregnancy Test - Milk,Pregnant,0.656,118,35
07/24/2025,18320,401430,Pregnancy Test - Milk,Open,-0.006,113,35
07/24/2025,12433,401430,Pregnancy Test - Milk,Re-Check,0.184,346,49
07/24/2025,17223,401430,Pregnancy Test - Milk,Re-Check,0.21,175,91
07/24/2025,14663,401430,Pregnancy Test - Milk,Pregnant,0.912,302,39
07/24/2025,18299,401430,Pregnancy Test - Milk,Pregnant,1.066,116,35
07/24/2025,11033,401430,Pregnancy Test - Milk,Open,0.002,149,39
07/24/2025,10815,401430,Pregnancy Test - Milk,Pregnant,0.41,158,70
07/24/2025,3812,401430,Pregnancy Test - Milk,Pregnant,0.442,175,92
07/24/2025,13712,401430,Pregnancy Test - Milk,Open,0.046,143,37
07/24/2025,19875,401430,Pregnancy Test - Milk,Pregnant,0.925,164,78
07/24/2025,7625,401430,Pregnancy Test - Milk,Pregnant,1.307,232,76
07/24/2025,19852,401430,Pregnancy Test - Milk,Pregnant,1.116,118,36
07/24/2025,19751,401430,Pregnancy Test - Milk,Pregnant,0.66,161,78
07/24/2025,19791,401430,Pregnancy Test - Milk,Pregnant,0.493,165,78
07/24/2025,19440,401430,Pregnancy Test - Milk,Pregnant,0.817,215,39
07/24/2025,15668,401430,Pregnancy Test - Milk,Pregnant,1.027,164,37
07/24/2025,13831,401430,Pregnancy Test - Milk,Pregnant,0.582,117,35
07/24/2025,17813,401430,Pregnancy Test - Milk,Pregnant,0.807,184,78
07/24/2025,17959,401430,Pregnancy Test - Milk,Open,0.077,114,36
07/24/2025,19932,401430,Pregnancy Test - Milk,Pregnant,0.477,170,85
07/24/2025,3682,401430,Pregnancy Test - Milk,Open,0.069,117,36
07/24/2025,14091,401430,Pregnancy Test - Milk,Re-Check,0.167,233,36
07/24/2025,13850,401430,Pregnancy Test - Milk,Pregnant,1.84,120,36
07/24/2025,7540,401430,Pregnancy Test - Milk,Pregnant,2.054,212,78
07/24/2025,13409,401430,Pregnancy Test - Milk,Pregnant,0.428,162,78
07/24/2025,19943,401430,Pregnancy Test - Milk,Pregnant,1.229,163,78
07/24/2025,19432,401430,Pregnancy Test - Milk,Pregnant,0.832,224,74
07/24/2025,14867,401430,Pregnancy Test - Milk,Pregnant,0.745,163,78
07/24/2025,16471,401430,Pregnancy Test - Milk,Pregnant,0.297,372,74
07/24/2025,15519,401430,Pregnancy Test - Milk,Pregnant,0.386,192,102
07/24/2025,19865,401430,Pregnancy Test - Milk,Pregnant,0.889,160,78
07/24/2025,9137,401430,Pregnancy Test - Milk,Pregnant,0.429,186,70
07/24/2025,17288,401430,Pregnancy Test - Milk,Pregnant,2.105,261,39
07/24/2025,17355,401430,Pregnancy Test - Milk,Pregnant,1.21,114,35
07/24/2025,13440,401430,Pregnancy Test - Milk,Pregnant,0.598,182,43
07/24/2025,7099,401430,Pregnancy Test - Milk,Open,0.098,155,38
07/24/2025,18212,401430,Pregnancy Test - Milk,Pregnant,1.34,115,35
07/24/2025,12712,401430,Pregnancy Test - Milk,Re-Check,0.249,164,78
07/24/2025,15000,401430,Pregnancy Test - Milk,Pregnant,0.907,114,36
07/24/2025,20008,401430,Pregnancy Test - Milk,Pregnant,0.832,163,78
07/24/2025,15342,401430,Pregnancy Test - Milk,Re-Check,0.166,164,57
07/24/2025,17689,401430,Pregnancy Test - Milk,Pregnant,1.058,185,77
07/24/2025,16398,401430,Pregnancy Test - Milk,Pregnant,0.773,335,77
07/24/2025,20016,401430,Pregnancy Test - Milk,Pregnant,1.064,162,78
07/24/2025,9963,401430,Pregnancy Test - Milk,Pregnant,0.634,147,34
07/24/2025,13652,401430,Pregnancy Test - Milk,Open,0.045,224,35
07/24/2025,10216,401430,Pregnancy Test - Milk,Pregnant,0.287,217,90
07/24/2025,15622,401430,Pregnancy Test - Milk,Pregnant,0.908,165,78
07/24/2025,17057,401430,Pregnancy Test - Milk,Open,0.039,186,39
07/24/2025,19596,401430,Pregnancy Test - Milk,Open,0.039,166,78
07/24/2025,15141,401430,Pregnancy Test - Milk,Pregnant,0.297,295,48
07/24/2025,20115,401430,Pregnancy Test - Milk,Pregnant,1,116,36
07/24/2025,17848,401430,Pregnancy Test - Milk,Pregnant,0.598,162,78
07/24/2025,17126,401430,Pregnancy Test - Milk,Pregnant,0.443,160,78
07/24/2025,19635,401430,Pregnancy Test - Milk,Pregnant,0.881,162,78
07/24/2025,15785,401430,Pregnancy Test - Milk,Pregnant,1.35,119,36
07/24/2025,15932,401430,Pregnancy Test - Milk,Pregnant,0.677,125,38
07/24/2025,7515,401430,Pregnancy Test - Milk,Pregnant,2.259,115,35
07/24/2025,13491,401430,Pregnancy Test - Milk,Pregnant,1.044,161,35
07/24/2025,3987,401430,Pregnancy Test - Milk,Open,0.039,117,36
07/24/2025,17794,401430,Pregnancy Test - Milk,Pregnant,1.525,161,78
07/24/2025,19903,401430,Pregnancy Test - Milk,Pregnant,0.465,161,78
07/24/2025,17712,401430,Pregnancy Test - Milk,Pregnant,0.582,153,70
07/24/2025,18163,401430,Pregnancy Test - Milk,Pregnant,0.55,162,78
07/24/2025,17058,401430,Pregnancy Test - Milk,Pregnant,0.432,333,76
07/24/2025,19631,401430,Pregnancy Test - Milk,Pregnant,0.968,210,75
07/24/2025,19830,401430,Pregnancy Test - Milk,Pregnant,0.686,165,78
07/24/2025,19819,401430,Pregnancy Test - Milk,Pregnant,0.721,199,73
07/24/2025,11230,401430,Pregnancy Test - Milk,Pregnant,0.291,176,92
07/24/2025,19509,401430,Pregnancy Test - Milk,Pregnant,1.097,244,77
07/24/2025,3581,401430,Pregnancy Test - Milk,Pregnant,1.719,148,38
07/24/2025,2687,401430,Pregnancy Test - Milk,Pregnant,0.904,181,36
07/24/2025,9074,401430,Pregnancy Test - Milk,Pregnant,0.491,156,70
07/24/2025,15101,401430,Pregnancy Test - Milk,Open,0.087,261,71
07/24/2025,19857,401430,Pregnancy Test - Milk,Pregnant,1.161,153,41
07/24/2025,19864,401430,Pregnancy Test - Milk,Pregnant,1.436,165,78
07/24/2025,7582,401430,Pregnancy Test - Milk,Pregnant,0.994,237,76
07/25/2025,13673,401430,Pregnancy Test - Milk,Pregnant,0.485,140,38
07/25/2025,15020,401430,Pregnancy Test - Milk,Pregnant,0.814,249,39
07/25/2025,14996,401430,Pregnancy Test - Milk,Open,0.008,116,36
07/25/2025,19761,401430,Pregnancy Test - Milk,Pregnant,0.301,186,94
07/25/2025,15216,401430,Pregnancy Test - Milk,Pregnant,0.405,166,78
07/25/2025,18092,401430,Pregnancy Test - Milk,Re-Check,0.193,161,95
07/25/2025,19131,401430,Pregnancy Test - Milk,Pregnant,0.477,285,78
07/25/2025,15201,401430,Pregnancy Test - Milk,Pregnant,0.521,261,39
07/25/2025,17107,401430,Pregnancy Test - Milk,Re-Check,0.162,183,50
07/25/2025,17758,401430,Pregnancy Test - Milk,Pregnant,0.794,147,81
07/25/2025,15330,401430,Pregnancy Test - Milk,Pregnant,0.261,224,40
07/25/2025,16784,401430,Pregnancy Test - Milk,Open,0.011,164,78
07/25/2025,20010,401430,Pregnancy Test - Milk,Pregnant,0.875,104,39
07/25/2025,17599,401430,Pregnancy Test - Milk,Open,0.004,116,36
07/25/2025,15523,401430,Pregnancy Test - Milk,Pregnant,0.751,212,39
07/25/2025,19744,401430,Pregnancy Test - Milk,Open,0.024,118,36
07/25/2025,15417,401430,Pregnancy Test - Milk,Re-Check,0.149,170,41
07/25/2025,15951,401430,Pregnancy Test - Milk,Pregnant,0.443,117,36
07/25/2025,15320,401430,Pregnancy Test - Milk,Open,0.036,164,38
07/25/2025,17973,401430,Pregnancy Test - Milk,Pregnant,0.539,145,35
07/25/2025,12890,401430,Pregnancy Test - Milk,Pregnant,0.63,270,79
07/25/2025,13353,401430,Pregnancy Test - Milk,Open,0.046,225,78
07/25/2025,19958,401430,Pregnancy Test - Milk,Pregnant,1.161,119,36
07/25/2025,18925,401430,Pregnancy Test - Milk,Pregnant,0.546,280,78
07/25/2025,19994,401430,Pregnancy Test - Milk,Open,0.004,100,39
07/25/2025,18018,401430,Pregnancy Test - Milk,Pregnant,1.319,163,78
07/25/2025,14132,401430,Pregnancy Test - Milk,Pregnant,0.562,142,35
07/25/2025,20159,401430,Pregnancy Test - Milk,Pregnant,0.664,117,39
07/25/2025,13894,401430,Pregnancy Test - Milk,Pregnant,1.515,148,35
07/25/2025,13693,401430,Pregnancy Test - Milk,Pregnant,0.479,147,40
07/25/2025,18081,401430,Pregnancy Test - Milk,Re-Check,0.221,154,87
07/25/2025,15364,401430,Pregnancy Test - Milk,Re-Check,0.218,165,78
07/31/2025,18561,401430,Pregnancy Test - Milk,Pregnant,1.221,350,77
07/31/2025,18218,401430,Pregnancy Test - Milk,Pregnant,0.96,118,35
07/31/2025,17049,401430,Pregnancy Test - Milk,Pregnant,0.687,203,75
07/31/2025,12712,401430,Pregnancy Test - Milk,Re-Check,0.246,170,84
07/31/2025,15478,401430,Pregnancy Test - Milk,Open,0.09,113,35
07/31/2025,11660,401430,Pregnancy Test - Milk,Pregnant,0.805,205,71
07/31/2025,9358,401430,Pregnancy Test - Milk,Re-Check,0.101,160,77
07/31/2025,20081,401430,Pregnancy Test - Milk,Open,0,116,35
07/31/2025,19763,401430,Pregnancy Test - Milk,Pregnant,0.952,170,35
07/31/2025,17382,401430,Pregnancy Test - Milk,Pregnant,0.505,233,72
07/31/2025,19033,401430,Pregnancy Test - Milk,Open,-0.005,318,35
07/31/2025,13290,401430,Pregnancy Test - Milk,Pregnant,0.76,161,77
07/31/2025,10010,401430,Pregnancy Test - Milk,Re-Check,0.14,156,70
07/31/2025,406,401430,Pregnancy Test - Milk,Pregnant,0.698,115,35
07/31/2025,11511,401430,Pregnancy Test - Milk,Pregnant,0.57,184,73
07/31/2025,14541,401430,Pregnancy Test - Milk,Pregnant,1.017,308,36
07/31/2025,13975,401430,Pregnancy Test - Milk,Open,0.005,111,35
07/31/2025,5043,401430,Pregnancy Test - Milk,Open,0.015,319,1
07/31/2025,11028,401430,Pregnancy Test - Milk,Pregnant,0.836,160,73
07/31/2025,19678,401430,Pregnancy Test - Milk,Pregnant,0.543,163,77
07/31/2025,19821,401430,Pregnancy Test - Milk,Open,0.009,116,35
07/31/2025,17427,401430,Pregnancy Test - Milk,Pregnant,0.606,241,77
07/31/2025,706,401430,Pregnancy Test - Milk,Pregnant,0.737,117,35
07/31/2025,20144,401430,Pregnancy Test - Milk,Pregnant,1.235,115,35
07/31/2025,20123,401430,Pregnancy Test - Milk,Pregnant,0.518,113,35
07/31/2025,17395,401430,Pregnancy Test - Milk,Pregnant,0.876,165,77
07/31/2025,15014,401430,Pregnancy Test - Milk,Pregnant,0.336,207,74
07/31/2025,19910,401430,Pregnancy Test - Milk,Pregnant,0.669,151,43
07/31/2025,17802,401430,Pregnancy Test - Milk,Pregnant,0.683,111,35
07/31/2025,17403,401430,Pregnancy Test - Milk,Open,0.033,196,2
07/31/2025,17327,401430,Pregnancy Test - Milk,Pregnant,0.696,159,77
07/31/2025,20445,401430,Pregnancy Test - Milk,Pregnant,1.4,112,35
07/31/2025,15702,401430,Pregnancy Test - Milk,Open,0.008,119,35
07/31/2025,17701,401430,Pregnancy Test - Milk,Pregnant,1.264,127,37
07/31/2025,17982,401430,Pregnancy Test - Milk,Re-Check,0.101,112,35
07/31/2025,18042,401430,Pregnancy Test - Milk,Open,0.01,119,35
07/31/2025,13342,401430,Pregnancy Test - Milk,Open,-0.005,199,37
07/31/2025,17119,401430,Pregnancy Test - Milk,Pregnant,0.773,158,70
07/31/2025,17990,401430,Pregnancy Test - Milk,Pregnant,0.608,160,77
07/31/2025,19574,401430,Pregnancy Test - Milk,Pregnant,1.042,221,75
07/31/2025,14690,401430,Pregnancy Test - Milk,Pregnant,0.977,177,77
07/31/2025,16875,401430,Pregnancy Test - Milk,Pregnant,POS,299,76
07/31/2025,11484,401430,Pregnancy Test - Milk,Open,0.01,113,35
07/31/2025,16277,401430,Pregnancy Test - Milk,Pregnant,0.876,359,74
07/31/2025,17223,401430,Pregnancy Test - Milk,Pregnant,0.363,182,98
07/31/2025,15084,401430,Pregnancy Test - Milk,Pregnant,0.506,255,38
07/31/2025,10025,401430,Pregnancy Test - Milk,Pregnant,0.896,180,73
07/31/2025,13067,401430,Pregnancy Test - Milk,Pregnant,0.544,164,77
07/31/2025,19713,401430,Pregnancy Test - Milk,Pregnant,2.297,162,77
07/31/2025,3154,401430,Pregnancy Test - Milk,Re-Check,0.223,249,78
07/31/2025,19755,401430,Pregnancy Test - Milk,Pregnant,0.855,157,71
07/31/2025,19586,401430,Pregnancy Test - Milk,Pregnant,0.709,191,73
07/31/2025,13249,401430,Pregnancy Test - Milk,Pregnant,1.121,114,35
07/31/2025,9087,401430,Pregnancy Test - Milk,Pregnant,0.76,112,35
07/31/2025,19133,401430,Pregnancy Test - Milk,Pregnant,0.431,325,74
07/31/2025,17611,401430,Pregnancy Test - Milk,Pregnant,1.39,160,77
07/31/2025,7652,401430,Pregnancy Test - Milk,Pregnant,1.097,178,71
07/31/2025,17539,401430,Pregnancy Test - Milk,Open,0.005,213,40
07/31/2025,18227,401430,Pregnancy Test - Milk,Pregnant,1.152,115,35
07/31/2025,17939,401430,Pregnancy Test - Milk,Pregnant,0.312,152,70
07/31/2025,17964,401430,Pregnancy Test - Milk,Pregnant,0.453,161,77
07/31/2025,19781,401430,Pregnancy Test - Milk,Re-Check,0.185,152,45
07/31/2025,20165,401430,Pregnancy Test - Milk,Pregnant,0.985,113,35
07/31/2025,15268,401430,Pregnancy Test - Milk,Pregnant,0.844,200,0
07/31/2025,11697,401430,Pregnancy Test - Milk,Pregnant,0.918,327,37
07/31/2025,13688,401430,Pregnancy Test - Milk,Pregnant,0.324,165,77
07/31/2025,19894,401430,Pregnancy Test - Milk,Pregnant,0.846,113,35
07/31/2025,19397,401430,Pregnancy Test - Milk,Pregnant,0.546,207,40
07/31/2025,13427,401430,Pregnancy Test - Milk,Re-Check,0.102,116,35
07/31/2025,17894,401430,Pregnancy Test - Milk,Pregnant,0.865,161,77
07/31/2025,15696,401430,Pregnancy Test - Milk,Pregnant,0.623,165,77
07/31/2025,19695,401430,Pregnancy Test - Milk,Pregnant,0.495,166,36
07/31/2025,17589,401430,Pregnancy Test - Milk,Open,0.082,196,35
07/31/2025,16565,401430,Pregnancy Test - Milk,Pregnant,1.214,168,39
07/31/2025,19734,401430,Pregnancy Test - Milk,Pregnant,0.573,178,36
07/31/2025,11236,401430,Pregnancy Test - Milk,Pregnant,0.844,176,70
07/31/2025,14034,401430,Pregnancy Test - Milk,Pregnant,0.551,152,70
07/31/2025,15103,401430,Pregnancy Test - Milk,Pregnant,1.145,113,35
07/31/2025,15891,401430,Pregnancy Test - Milk,Pregnant,0.594,119,35
07/31/2025,19849,401430,Pregnancy Test - Milk,Pregnant,0.93,165,77
07/31/2025,14256,401430,Pregnancy Test - Milk,Pregnant,0.499,210,71
07/31/2025,17213,401430,Pregnancy Test - Milk,Pregnant,0.563,160,77
07/31/2025,18113,401430,Pregnancy Test - Milk,Pregnant,0.507,115,35
07/31/2025,18171,401430,Pregnancy Test - Milk,Pregnant,1.243,115,35
07/31/2025,17370,401430,Pregnancy Test - Milk,Pregnant,0.574,208,77
07/31/2025,16688,401430,Pregnancy Test - Milk,Open,0.099,214,77
07/31/2025,17749,401430,Pregnancy Test - Milk,Pregnant,0.979,161,77
07/31/2025,505,401430,Pregnancy Test - Milk,Pregnant,0.331,152,36
07/31/2025,17482,401430,Pregnancy Test - Milk,Re-Check,0.138,208,40
07/31/2025,10202,401430,Pregnancy Test - Milk,Pregnant,0.448,185,74
07/31/2025,17467,401430,Pregnancy Test - Milk,Pregnant,0.315,195,71
07/31/2025,1015,401430,Pregnancy Test - Milk,Pregnant,0.497,152,70
07/31/2025,17492,401430,Pregnancy Test - Milk,Pregnant,0.961,205,73
07/31/2025,3783,401430,Pregnancy Test - Milk,Pregnant,0.439,185,71
07/31/2025,19828,401430,Pregnancy Test - Milk,Pregnant,0.711,160,77
07/31/2025,18017,401430,Pregnancy Test - Milk,Pregnant,0.471,162,77
07/31/2025,11817,401430,Pregnancy Test - Milk,Open,0.026,113,35
07/31/2025,19552,401430,Pregnancy Test - Milk,Re-Check,0.113,170,35
07/31/2025,20154,401430,Pregnancy Test - Milk,Pregnant,1.569,115,35
07/31/2025,12687,401430,Pregnancy Test - Milk,Pregnant,0.298,161,77
07/31/2025,7604,401430,Pregnancy Test - Milk,Pregnant,0.994,242,77
07/31/2025,20183,401430,Pregnancy Test - Milk,Pregnant,0.461,111,35
07/31/2025,13887,401430,Pregnancy Test - Milk,Open,0.012,152,70
07/31/2025,14332,401430,Pregnancy Test - Milk,Pregnant,1.326,113,35
07/31/2025,19973,401430,Pregnancy Test - Milk,Pregnant,0.963,162,77
07/31/2025,17366,401430,Pregnancy Test - Milk,Pregnant,0.381,186,75
07/31/2025,12139,401430,Pregnancy Test - Milk,Pregnant,0.632,263,35
07/31/2025,19916,401430,Pregnancy Test - Milk,Open,0.007,113,35
07/31/2025,19779,401430,Pregnancy Test - Milk,Pregnant,0.869,116,35
07/31/2025,15562,401430,Pregnancy Test - Milk,Pregnant,0.28,199,72
07/31/2025,18193,401430,Pregnancy Test - Milk,Pregnant,1.547,119,35
07/31/2025,17569,401430,Pregnancy Test - Milk,Pregnant,0.492,164,77
07/31/2025,3900,401430,Pregnancy Test - Milk,Pregnant,0.896,191,38
07/31/2025,19748,401430,Pregnancy Test - Milk,Pregnant,0.828,174,71
07/31/2025,14897,401430,Pregnancy Test - Milk,Pregnant,0.692,186,73
07/31/2025,11356,401430,Pregnancy Test - Milk,Pregnant,1.015,112,35
07/31/2025,16073,401430,Pregnancy Test - Milk,Pregnant,0.672,113,35
07/31/2025,19498,401430,Pregnancy Test - Milk,Pregnant,0.737,192,73
07/31/2025,13446,401430,Pregnancy Test - Milk,Pregnant,1.193,160,77
07/31/2025,18165,401430,Pregnancy Test - Milk,Pregnant,0.506,163,77
07/31/2025,17577,401430,Pregnancy Test - Milk,Pregnant,0.793,161,77
07/31/2025,17707,401430,Pregnancy Test - Milk,Pregnant,0.622,119,35
07/31/2025,13431,401430,Pregnancy Test - Milk,Pregnant,0.774,237,36
07/31/2025,19841,401430,Pregnancy Test - Milk,Pregnant,0.901,164,77
07/31/2025,18828,401430,Pregnancy Test - Milk,Re-Check,0.118,398,84
07/31/2025,10011,401430,Pregnancy Test - Milk,Pregnant,0.417,331,84
07/31/2025,10103,401430,Pregnancy Test - Milk,Pregnant,0.502,228,38
07/31/2025,10700,401430,Pregnancy Test - Milk,Pregnant,0.519,154,70
07/31/2025,10708,401430,Pregnancy Test - Milk,Open,0.011,171,35
07/31/2025,17564,401430,Pregnancy Test - Milk,Pregnant,0.591,163,77
07/31/2025,19783,401430,Pregnancy Test - Milk,Pregnant,0.979,173,73
07/31/2025,14091,401430,Pregnancy Test - Milk,Open,0.031,239,42
07/31/2025,12547,401430,Pregnancy Test - Milk,Open,0.001,115,35
07/31/2025,18145,401430,Pregnancy Test - Milk,Pregnant,0.782,114,35
07/31/2025,13872,401430,Pregnancy Test - Milk,Pregnant,1.016,115,35
07/31/2025,13236,401430,Pregnancy Test - Milk,Pregnant,1.849,111,35
07/31/2025,14896,401430,Pregnancy Test - Milk,Open,0.008,274,37
07/31/2025,15850,401430,Pregnancy Test - Milk,Pregnant,0.727,118,35
07/31/2025,13611,401430,Pregnancy Test - Milk,Pregnant,1.463,164,39
07/31/2025,13530,401430,Pregnancy Test - Milk,Pregnant,0.866,208,70
07/31/2025,1676,401430,Pregnancy Test - Milk,Pregnant,0.73,347,74
07/31/2025,17612,401430,Pregnancy Test - Milk,Open,0.012,115,35
07/31/2025,13269,401430,Pregnancy Test - Milk,Re-Check,0.201,210,77
07/31/2025,17619,401430,Pregnancy Test - Milk,Pregnant,1.014,238,35
07/31/2025,3425,401430,Pregnancy Test - Milk,Pregnant,0.874,159,77
07/31/2025,15342,401430,Pregnancy Test - Milk,Pregnant,0.364,170,63
07/31/2025,14657,401430,Pregnancy Test - Milk,Pregnant,0.352,158,71
07/31/2025,20031,401430,Pregnancy Test - Milk,Pregnant,0.594,146,41
07/31/2025,13599,401430,Pregnancy Test - Milk,Open,0.05,113,35
07/31/2025,9184,401430,Pregnancy Test - Milk,Pregnant,0.773,113,35
08/01/2025,17515,401430,Pregnancy Test - Milk,Pregnant,0.375,149,82
08/01/2025,17708,401430,Pregnancy Test - Milk,Pregnant,0.502,150,81
08/01/2025,15364,401430,Pregnancy Test - Milk,Pregnant,0.415,172,85
08/01/2025,7635,401430,Pregnancy Test - Milk,Re-Check,0.159,238,36
08/01/2025,15586,401430,Pregnancy Test - Milk,Pregnant,0.954,170,40
08/01/2025,15480,401430,Pregnancy Test - Milk,Pregnant,0.564,203,36
08/01/2025,7637,401430,Pregnancy Test - Milk,Pregnant,0.273,119,36
08/01/2025,19990,401430,Pregnancy Test - Milk,Pregnant,0.665,184,81
08/01/2025,5892,401430,Pregnancy Test - Milk,Pregnant,0.857,165,78
08/01/2025,14688,401430,Pregnancy Test - Milk,Open,0.036,114,36
08/01/2025,13222,401430,Pregnancy Test - Milk,Pregnant,0.481,188,81
08/01/2025,15417,401430,Pregnancy Test - Milk,Pregnant,0.321,177,48
08/01/2025,17454,401430,Pregnancy Test - Milk,Pregnant,0.457,202,78
08/01/2025,19121,401430,Pregnancy Test - Milk,Pregnant,0.576,259,79
08/01/2025,14710,401430,Pregnancy Test - Milk,Open,-0.003,114,36
08/01/2025,18092,401430,Pregnancy Test - Milk,Re-Check,0.183,168,102
08/01/2025,5269,401430,Pregnancy Test - Milk,Pregnant,0.261,113,36
08/01/2025,17107,401430,Pregnancy Test - Milk,Re-Check,0.128,190,57
08/01/2025,18081,401430,Pregnancy Test - Milk,Pregnant,0.392,161,94
08/07/2025,17885,401430,Pregnancy Test - Milk,Pregnant,0.699,139,36
08/07/2025,12007,401430,Pregnancy Test - Milk,Pregnant,0.605,229,72
08/07/2025,16980,401430,Pregnancy Test - Milk,Pregnant,1.059,280,72
08/07/2025,20084,401430,Pregnancy Test - Milk,Re-Check,0.1,109,35
08/07/2025,13197,401430,Pregnancy Test - Milk,Open,0.037,116,40
08/07/2025,19844,401430,Pregnancy Test - Milk,Pregnant,0.841,181,77
08/07/2025,14416,401430,Pregnancy Test - Milk,Pregnant,1.031,115,35
08/07/2025,13292,401430,Pregnancy Test - Milk,Open,0.005,117,35
08/07/2025,15529,401430,Pregnancy Test - Milk,Pregnant,0.921,113,35
08/07/2025,15246,401430,Pregnancy Test - Milk,Pregnant,0.931,116,35
08/07/2025,15584,401430,Pregnancy Test - Milk,Pregnant,0.333,181,36
08/07/2025,12688,401430,Pregnancy Test - Milk,Pregnant,0.678,211,38
08/07/2025,17588,401430,Pregnancy Test - Milk,Pregnant,0.312,162,77
08/07/2025,7649,401430,Pregnancy Test - Milk,Open,0.071,113,35
08/07/2025,17417,401430,Pregnancy Test - Milk,Re-Check,0.243,165,77
08/07/2025,15556,401430,Pregnancy Test - Milk,Pregnant,0.605,111,35
08/07/2025,19580,401430,Pregnancy Test - Milk,Pregnant,0.506,231,40
08/07/2025,678,401430,Pregnancy Test - Milk,Open,0.022,181,41
08/07/2025,17797,401430,Pregnancy Test - Milk,Pregnant,0.596,116,35
08/07/2025,3154,401430,Pregnancy Test - Milk,Pregnant,0.39,256,85
08/07/2025,12068,401430,Pregnancy Test - Milk,Open,0.007,216,35
08/07/2025,17940,401430,Pregnancy Test - Milk,Pregnant,0.734,117,35
08/07/2025,19690,401430,Pregnancy Test - Milk,Pregnant,0.425,198,76
08/07/2025,17750,401430,Pregnancy Test - Milk,Re-Check,0.223,183,77
08/07/2025,6754,401430,Pregnancy Test - Milk,Pregnant,0.337,157,70
08/07/2025,10199,401430,Pregnancy Test - Milk,Open,0.015,167,0
08/07/2025,8918,401430,Pregnancy Test - Milk,Pregnant,1.019,313,34
08/07/2025,14473,401430,Pregnancy Test - Milk,Pregnant,0.701,114,35
08/07/2025,5343,401430,Pregnancy Test - Milk,Pregnant,0.364,111,35
08/07/2025,7744,401430,Pregnancy Test - Milk,Pregnant,0.33,286,70
08/07/2025,12766,401430,Pregnancy Test - Milk,Pregnant,0.262,155,36
08/07/2025,17943,401430,Pregnancy Test - Milk,Pregnant,0.78,233,76
08/07/2025,19810,401430,Pregnancy Test - Milk,Pregnant,2.555,160,77
08/07/2025,19781,401430,Pregnancy Test - Milk,Open,0.068,159,52
08/07/2025,12217,401430,Pregnancy Test - Milk,Re-Check,0.244,326,70
08/07/2025,9428,401430,Pregnancy Test - Milk,Pregnant,1.055,112,35
08/07/2025,9734,401430,Pregnancy Test - Milk,Pregnant,0.485,170,35
08/07/2025,8960,401430,Pregnancy Test - Milk,Pregnant,1.492,110,35
08/07/2025,19789,401430,Pregnancy Test - Milk,Pregnant,0.379,176,72
08/07/2025,13651,401430,Pregnancy Test - Milk,Pregnant,0.906,161,37
08/07/2025,14898,401430,Pregnancy Test - Milk,Pregnant,0.394,272,34
08/07/2025,14378,401430,Pregnancy Test - Milk,Pregnant,0.315,111,35
08/07/2025,17514,401430,Pregnancy Test - Milk,Open,0.052,248,40
08/07/2025,19884,401430,Pregnancy Test - Milk,Pregnant,0.766,160,77
08/07/2025,19979,401430,Pregnancy Test - Milk,Pregnant,0.504,160,77
08/07/2025,17165,401430,Pregnancy Test - Milk,Pregnant,0.411,203,74
08/07/2025,17388,401430,Pregnancy Test - Milk,Pregnant,0.634,140,35
08/07/2025,38,401430,Pregnancy Test - Milk,Open,-0.01,111,35
08/07/2025,19633,401430,Pregnancy Test - Milk,Pregnant,0.358,160,77
08/07/2025,2339,401430,Pregnancy Test - Milk,Pregnant,1.018,142,35
08/07/2025,11584,401430,Pregnancy Test - Milk,Pregnant,0.748,389,74
08/07/2025,12963,401430,Pregnancy Test - Milk,Pregnant,0.296,156,70
08/07/2025,10465,401430,Pregnancy Test - Milk,Pregnant,0.804,381,70
08/07/2025,18032,401430,Pregnancy Test - Milk,Pregnant,0.435,156,70
08/07/2025,14634,401430,Pregnancy Test - Milk,Re-Check,0.103,224,71
08/07/2025,11341,401430,Pregnancy Test - Milk,Open,0.008,152,70
08/07/2025,15804,401430,Pregnancy Test - Milk,Pregnant,0.78,117,35
08/07/2025,18067,401430,Pregnancy Test - Milk,Pregnant,0.886,113,35
08/07/2025,18828,401430,Pregnancy Test - Milk,Open,0.077,405,91
08/07/2025,2230,401430,Pregnancy Test - Milk,Pregnant,0.494,155,41
08/07/2025,11504,401430,Pregnancy Test - Milk,Pregnant,0.425,236,38
08/07/2025,9986,401430,Pregnancy Test - Milk,Pregnant,0.448,156,70
08/07/2025,18187,401430,Pregnancy Test - Milk,Pregnant,0.486,114,35
08/07/2025,20265,401430,Pregnancy Test - Milk,Pregnant,0.702,110,35
08/07/2025,19921,401430,Pregnancy Test - Milk,Pregnant,0.322,162,77
08/07/2025,9720,401430,Pregnancy Test - Milk,Pregnant,0.274,112,35
08/07/2025,17740,401430,Pregnancy Test - Milk,Open,0.088,189,0
08/07/2025,1942,401430,Pregnancy Test - Milk,Pregnant,0.286,278,72
08/07/2025,17479,401430,Pregnancy Test - Milk,Open,0.024,184,75
08/07/2025,15341,401430,Pregnancy Test - Milk,Open,0.009,111,35
08/07/2025,12712,401430,Pregnancy Test - Milk,Re-Check,0.201,177,91
08/07/2025,17955,401430,Pregnancy Test - Milk,Pregnant,0.473,115,35
08/07/2025,10863,401430,Pregnancy Test - Milk,Open,0.019,255,35
08/07/2025,17541,401430,Pregnancy Test - Milk,Open,-0.008,139,35
,,,,,,,
08/07/2025,2361,401430,Pregnancy Test - Milk,Pregnant,0.631,113,35
08/07/2025,506,401430,Pregnancy Test - Milk,Pregnant,0.306,154,37
08/07/2025,19552,401430,Pregnancy Test - Milk,Open,0.074,177,42
08/07/2025,19872,401430,Pregnancy Test - Milk,Pregnant,0.581,161,77
08/07/2025,15323,401430,Pregnancy Test - Milk,Pregnant,0.51,152,70
08/07/2025,13427,401430,Pregnancy Test - Milk,Re-Check,0.148,123,42
08/07/2025,14204,401430,Pregnancy Test - Milk,Pregnant,0.582,244,40
08/07/2025,13698,401430,Pregnancy Test - Milk,Pregnant,0.521,109,35
08/07/2025,18414,401430,Pregnancy Test - Milk,Pregnant,0.531,113,35
08/07/2025,19656,401430,Pregnancy Test - Milk,Pregnant,0.76,171,37
08/07/2025,18052,401430,Pregnancy Test - Milk,Pregnant,0.891,115,35
08/07/2025,13265,401430,Pregnancy Test - Milk,Pregnant,1.085,257,39
08/07/2025,5217,401430,Pregnancy Test - Milk,Pregnant,0.635,156,70
08/07/2025,8613,401430,Pregnancy Test - Milk,Open,0.029,116,35
08/07/2025,1063,401430,Pregnancy Test - Milk,Pregnant,0.945,155,70
08/07/2025,3147,401430,Pregnancy Test - Milk,Re-Check,0.188,154,70
08/07/2025,15113,401430,Pregnancy Test - Milk,Pregnant,0.488,165,77
08/07/2025,20027,401430,Pregnancy Test - Milk,Pregnant,1.117,109,35
08/07/2025,17982,401430,Pregnancy Test - Milk,Open,0.023,119,42
08/07/2025,17653,401430,Pregnancy Test - Milk,Pregnant,0.329,165,74
08/07/2025,11370,401430,Pregnancy Test - Milk,Pregnant,0.712,157,37
08/07/2025,20358,401430,Pregnancy Test - Milk,Open,0.029,111,35
08/07/2025,10010,401430,Pregnancy Test - Milk,Re-Check,0.16,163,77
08/07/2025,20040,401430,Pregnancy Test - Milk,Pregnant,0.475,161,77
08/07/2025,20233,401430,Pregnancy Test - Milk,Pregnant,0.624,114,35
08/07/2025,8943,401430,Pregnancy Test - Milk,Pregnant,0.375,388,74
08/07/2025,17787,401430,Pregnancy Test - Milk,Pregnant,0.291,161,77
08/07/2025,18001,401430,Pregnancy Test - Milk,Open,0.094,110,35
08/07/2025,18010,401430,Pregnancy Test - Milk,Pregnant,0.665,140,35
08/07/2025,16877,401430,Pregnancy Test - Milk,Pregnant,0.28,260,71
08/07/2025,18389,401430,Pregnancy Test - Milk,Pregnant,0.881,115,35
08/07/2025,7663,401430,Pregnancy Test - Milk,Re-Check,0.193,151,36
08/07/2025,15616,401430,Pregnancy Test - Milk,Pregnant,0.372,165,77
08/07/2025,9933,401430,Pregnancy Test - Milk,Pregnant,0.49,116,35
08/07/2025,5270,401430,Pregnancy Test - Milk,Pregnant,0.815,117,35
08/07/2025,17534,401430,Pregnancy Test - Milk,Open,0.036,117,35
08/07/2025,4110,401430,Pregnancy Test - Milk,Pregnant,0.712,180,36
08/07/2025,20093,401430,Pregnancy Test - Milk,Pregnant,0.299,139,35
08/07/2025,15147,401430,Pregnancy Test - Milk,Pregnant,0.394,136,34
08/07/2025,17630,401430,Pregnancy Test - Milk,Pregnant,0.481,156,70
08/07/2025,17719,401430,Pregnancy Test - Milk,Pregnant,0.555,113,35
08/07/2025,15314,401430,Pregnancy Test - Milk,Re-Check,0.183,163,77
08/07/2025,2332,401430,Pregnancy Test - Milk,Pregnant,0.462,159,74
08/07/2025,11093,401430,Pregnancy Test - Milk,Open,0.026,176,35
08/07/2025,7591,401430,Pregnancy Test - Milk,Open,0.088,237,38
08/07/2025,20078,401430,Pregnancy Test - Milk,Pregnant,1.135,117,35
08/07/2025,13225,401430,Pregnancy Test - Milk,Pregnant,0.74,226,35
08/07/2025,17779,401430,Pregnancy Test - Milk,Pregnant,0.506,193,36
,,,,,,,
08/07/2025,9358,401430,Pregnancy Test - Milk,Open,0.035,167,84
08/07/2025,19688,401430,Pregnancy Test - Milk,Open,-0.009,144,40
08/07/2025,753,401430,Pregnancy Test - Milk,Re-Check,0.18,145,40
08/07/2025,13269,401430,Pregnancy Test - Milk,Re-Check,0.195,217,84
08/07/2025,19906,401430,Pregnancy Test - Milk,Pregnant,0.828,164,77
08/07/2025,19967,401430,Pregnancy Test - Milk,Pregnant,0.611,177,71
08/07/2025,17690,401430,Pregnancy Test - Milk,Open,0.022,169,0
08/07/2025,17291,401430,Pregnancy Test - Milk,Pregnant,0.611,171,36
08/07/2025,2218,401430,Pregnancy Test - Milk,Pregnant,1.183,112,35
08/07/2025,20147,401430,Pregnancy Test - Milk,Open,0.005,116,35
08/07/2025,15371,401430,Pregnancy Test - Milk,Pregnant,0.863,169,37
08/07/2025,13062,401430,Pregnancy Test - Milk,Pregnant,0.527,190,38
08/07/2025,15867,401430,Pregnancy Test - Milk,Re-Check,0.228,142,72
08/07/2025,11726,401430,Pregnancy Test - Milk,Open,0.015,179,39
08/07/2025,17310,401430,Pregnancy Test - Milk,Pregnant,1.273,181,77
08/07/2025,5268,401430,Pregnancy Test - Milk,Re-Check,0.102,157,40
08/07/2025,19835,401430,Pregnancy Test - Milk,Pregnant,0.453,159,71
08/07/2025,18305,401430,Pregnancy Test - Milk,Pregnant,1.183,110,35
08/07/2025,14007,401430,Pregnancy Test - Milk,Pregnant,0.641,110,35
08/07/2025,20451,401430,Pregnancy Test - Milk,Pregnant,0.494,109,35
08/07/2025,18380,401430,Pregnancy Test - Milk,Pregnant,0.86,116,35
08/07/2025,20039,401430,Pregnancy Test - Milk,Pregnant,0.345,171,84
08/07/2025,11875,401430,Pregnancy Test - Milk,Re-Check,0.141,117,35
08/07/2025,11837,401430,Pregnancy Test - Milk,Pregnant,0.37,116,35
08/07/2025,15560,401430,Pregnancy Test - Milk,Open,0.019,202,70
08/07/2025,15896,401430,Pregnancy Test - Milk,Pregnant,0.864,110,35
08/07/2025,19654,401430,Pregnancy Test - Milk,Pregnant,0.462,210,77
08/07/2025,7614,401430,Pregnancy Test - Milk,Pregnant,0.338,239,77
08/07/2025,19992,401430,Pregnancy Test - Milk,Pregnant,0.468,164,77
08/07/2025,15795,401430,Pregnancy Test - Milk,Re-Check,0.148,116,35
08/08/2025,15565,401430,Pregnancy Test - Milk,Pregnant,0.549,176,35
08/08/2025,20169,401430,Pregnancy Test - Milk,Open,0.055,112,36
08/08/2025,17107,401430,Pregnancy Test - Milk,Open,0.081,197,64
08/08/2025,15615,401430,Pregnancy Test - Milk,Re-Check,0.225,165,78
08/08/2025,19955,401430,Pregnancy Test - Milk,Pregnant,0.72,142,35
08/08/2025,20194,401430,Pregnancy Test - Milk,Pregnant,0.425,114,36
08/08/2025,20160,401430,Pregnancy Test - Milk,Pregnant,0.786,111,36
08/08/2025,15661,401430,Pregnancy Test - Milk,Re-Check,0.236,140,36
08/08/2025,18092,401430,Pregnancy Test - Milk,Re-Check,0.179,175,109
08/08/2025,17322,401430,Pregnancy Test - Milk,Pregnant,0.508,197,79
08/08/2025,16111,401430,Pregnancy Test - Milk,Pregnant,0.425,137,36
08/08/2025,13832,401430,Pregnancy Test - Milk,Pregnant,1.124,186,35
08/08/2025,12999,401430,Pregnancy Test - Milk,Pregnant,0.936,165,78
08/08/2025,19988,401430,Pregnancy Test - Milk,Open,0.082,114,36
08/08/2025,20302,401430,Pregnancy Test - Milk,Pregnant,0.626,115,36
08/08/2025,20140,401430,Pregnancy Test - Milk,Pregnant,0.341,114,36
08/08/2025,20109,401430,Pregnancy Test - Milk,Pregnant,0.468,115,36
08/08/2025,17641,401430,Pregnancy Test - Milk,Pregnant,0.605,161,78
08/08/2025,15773,401430,Pregnancy Test - Milk,Open,0.046,117,36
08/08/2025,15144,401430,Pregnancy Test - Milk,Re-Check,0.219,191,36
08/08/2025,1609,401430,Pregnancy Test - Milk,Pregnant,0.757,188,39
08/14/2025,12206,401430,Pregnancy Test - Milk,Pregnant,0.405,108,35
08/14/2025,402,401430,Pregnancy Test - Milk,Pregnant,2.422,157,71
08/14/2025,17408,401430,Pregnancy Test - Milk,Open,0.007,207,35
08/14/2025,16945,401430,Pregnancy Test - Milk,Pregnant,0.47,230,77
08/14/2025,15867,401430,Pregnancy Test - Milk,Pregnant,0.51,149,79
08/14/2025,17859,401430,Pregnancy Test - Milk,Re-Check,0.232,203,71
08/14/2025,14955,401430,Pregnancy Test - Milk,Pregnant,0.739,215,73
08/14/2025,17358,401430,Pregnancy Test - Milk,Pregnant,0.549,182,35
08/14/2025,12712,401430,Pregnancy Test - Milk,Pregnant,0.376,184,98
08/14/2025,19882,401430,Pregnancy Test - Milk,Pregnant,0.867,184,73
08/14/2025,17643,401430,Pregnancy Test - Milk,Re-Check,0.133,214,77
08/14/2025,16043,401430,Pregnancy Test - Milk,Pregnant,0.91,124,38
08/14/2025,2913,401430,Pregnancy Test - Milk,Open,0.085,161,40
08/14/2025,20073,401430,Pregnancy Test - Milk,Pregnant,0.805,115,35
08/14/2025,13571,401430,Pregnancy Test - Milk,Pregnant,0.559,108,35
08/14/2025,7574,401430,Pregnancy Test - Milk,Pregnant,0.969,191,39
08/14/2025,20186,401430,Pregnancy Test - Milk,Pregnant,0.584,160,77
08/14/2025,19820,401430,Pregnancy Test - Milk,Pregnant,0.524,216,74
08/14/2025,17265,401430,Pregnancy Test - Milk,Pregnant,0.391,341,77
08/14/2025,753,401430,Pregnancy Test - Milk,Re-Check,0.246,152,47
08/14/2025,10497,401430,Pregnancy Test - Milk,Pregnant,0.7,152,70
08/14/2025,14570,401430,Pregnancy Test - Milk,Pregnant,0.482,165,77
08/14/2025,11875,401430,Pregnancy Test - Milk,Re-Check,0.103,124,42
08/14/2025,19860,401430,Pregnancy Test - Milk,Pregnant,0.7,165,77
08/14/2025,12270,401430,Pregnancy Test - Milk,Pregnant,0.562,222,35
08/14/2025,17750,401430,Pregnancy Test - Milk,Pregnant,0.304,190,84
08/14/2025,15116,401430,Pregnancy Test - Milk,Pregnant,0.288,160,77
08/14/2025,5267,401430,Pregnancy Test - Milk,Pregnant,0.627,207,76
08/14/2025,5349,401430,Pregnancy Test - Milk,Pregnant,0.382,108,35
08/14/2025,17782,401430,Pregnancy Test - Milk,Pregnant,0.853,115,35
08/14/2025,15795,401430,Pregnancy Test - Milk,Pregnant,0.35,123,42
08/14/2025,19951,401430,Pregnancy Test - Milk,Pregnant,0.454,172,40
08/14/2025,20155,401430,Pregnancy Test - Milk,Pregnant,1.015,114,35
08/14/2025,17584,401430,Pregnancy Test - Milk,Open,0.03,179,41
08/14/2025,19576,401430,Pregnancy Test - Milk,Pregnant,0.626,164,77
08/14/2025,18637,401430,Pregnancy Test - Milk,Pregnant,0.721,108,35
08/14/2025,17769,401430,Pregnancy Test - Milk,Pregnant,0.968,180,73
08/14/2025,2285,401430,Pregnancy Test - Milk,Pregnant,0.775,109,35
08/14/2025,20036,401430,Pregnancy Test - Milk,Open,-0.006,144,41
08/14/2025,16141,401430,Pregnancy Test - Milk,Pregnant,0.721,114,35
08/14/2025,15882,401430,Pregnancy Test - Milk,Pregnant,0.381,107,35
08/14/2025,17696,401430,Pregnancy Test - Milk,Pregnant,0.739,107,35
08/14/2025,15908,401430,Pregnancy Test - Milk,Open,0.072,166,38
08/14/2025,16028,401430,Pregnancy Test - Milk,Pregnant,0.513,354,71
08/14/2025,12474,401430,Pregnancy Test - Milk,Re-Check,0.175,113,35
08/14/2025,15639,401430,Pregnancy Test - Milk,Open,0.003,114,35
08/14/2025,19240,401430,Pregnancy Test - Milk,Pregnant,0.774,306,73
08/14/2025,19855,401430,Pregnancy Test - Milk,Pregnant,1.112,164,37
08/14/2025,5268,401430,Pregnancy Test - Milk,Pregnant,0.251,164,47
08/14/2025,20053,401430,Pregnancy Test - Milk,Pregnant,0.836,115,35
08/14/2025,19610,401430,Pregnancy Test - Milk,Re-Check,0.241,231,77
08/14/2025,20336,401430,Pregnancy Test - Milk,Pregnant,1.238,113,35
08/14/2025,15231,401430,Pregnancy Test - Milk,Pregnant,0.445,164,77
08/14/2025,13369,401430,Pregnancy Test - Milk,Open,0.086,198,40
08/14/2025,18377,401430,Pregnancy Test - Milk,Pregnant,1.74,110,35
08/14/2025,14980,401430,Pregnancy Test - Milk,Re-Check,0.206,252,71
08/14/2025,19474,401430,Pregnancy Test - Milk,Open,0.078,237,35
08/14/2025,20029,401430,Pregnancy Test - Milk,Pregnant,0.747,146,35
08/14/2025,17159,401430,Pregnancy Test - Milk,Pregnant,0.828,107,35
08/14/2025,15477,401430,Pregnancy Test - Milk,Pregnant,1.331,218,36
08/14/2025,19805,401430,Pregnancy Test - Milk,Pregnant,0.603,164,37
08/14/2025,3645,401430,Pregnancy Test - Milk,Open,0.025,167,35
08/14/2025,14948,401430,Pregnancy Test - Milk,Pregnant,0.423,289,72
08/14/2025,16351,401430,Pregnancy Test - Milk,Re-Check,0.199,111,35
08/14/2025,3147,401430,Pregnancy Test - Milk,Pregnant,0.309,161,77
08/14/2025,12508,401430,Pregnancy Test - Milk,Pregnant,0.709,114,35
08/14/2025,15746,401430,Pregnancy Test - Milk,Open,0.062,112,35
08/14/2025,15314,401430,Pregnancy Test - Milk,Pregnant,0.263,170,84
08/14/2025,18071,401430,Pregnancy Test - Milk,Re-Check,0.115,165,77
08/14/2025,17679,401430,Pregnancy Test - Milk,Re-Check,0.132,176,38
08/14/2025,14634,401430,Pregnancy Test - Milk,Pregnant,0.283,231,78
08/14/2025,10580,401430,Pregnancy Test - Milk,Pregnant,0.468,184,71
08/14/2025,16507,401430,Pregnancy Test - Milk,Open,0.045,168,40
08/14/2025,19778,401430,Pregnancy Test - Milk,Pregnant,1.228,161,77
08/14/2025,18573,401430,Pregnancy Test - Milk,Pregnant,0.79,112,35
08/14/2025,17932,401430,Pregnancy Test - Milk,Pregnant,0.784,193,37
08/14/2025,18298,401430,Pregnancy Test - Milk,Pregnant,0.35,114,35
08/14/2025,15342,401430,Pregnancy Test - Milk,Pregnant,0.358,184,77
08/14/2025,5047,401430,Pregnancy Test - Milk,Pregnant,0.728,108,35
08/14/2025,9977,401430,Pregnancy Test - Milk,Pregnant,0.743,180,75
08/14/2025,11755,401430,Pregnancy Test - Milk,Open,0.03,107,35
08/14/2025,19691,401430,Pregnancy Test - Milk,Open,0.012,221,35
08/14/2025,13423,401430,Pregnancy Test - Milk,Pregnant,0.441,203,41
08/14/2025,7651,401430,Pregnancy Test - Milk,Pregnant,0.753,164,73
08/14/2025,1860,401430,Pregnancy Test - Milk,Re-Check,0.165,162,38
08/14/2025,17883,401430,Pregnancy Test - Milk,Pregnant,0.834,160,77
08/14/2025,18263,401430,Pregnancy Test - Milk,Pregnant,0.614,108,35
08/14/2025,15256,401430,Pregnancy Test - Milk,Open,0.017,277,35
08/14/2025,3902,401430,Pregnancy Test - Milk,Pregnant,1.401,110,35
08/14/2025,10068,401430,Pregnancy Test - Milk,Pregnant,0.573,108,35
08/14/2025,14891,401430,Pregnancy Test - Milk,Pregnant,0.5,154,70
08/14/2025,10010,401430,Pregnancy Test - Milk,Re-Check,0.229,170,84
08/14/2025,11317,401430,Pregnancy Test - Milk,Pregnant,0.253,152,75
08/14/2025,9446,401430,Pregnancy Test - Milk,Pregnant,1.194,108,35
08/14/2025,16090,401430,Pregnancy Test - Milk,Pregnant,0.587,110,35
08/14/2025,19681,401430,Pregnancy Test - Milk,Open,-0.008,220,41
08/14/2025,15946,401430,Pregnancy Test - Milk,Pregnant,0.913,108,35
08/14/2025,19961,401430,Pregnancy Test - Milk,Pregnant,0.567,184,71
08/14/2025,20045,401430,Pregnancy Test - Milk,Pregnant,0.292,111,35
08/14/2025,19959,401430,Pregnancy Test - Milk,Pregnant,0.631,112,35
08/14/2025,6413,401430,Pregnancy Test - Milk,Pregnant,1.822,300,71
08/14/2025,9773,401430,Pregnancy Test - Milk,Pregnant,0.435,231,71
08/14/2025,19944,401430,Pregnancy Test - Milk,Open,0.03,110,35
08/14/2025,17096,401430,Pregnancy Test - Milk,Pregnant,0.694,172,40
08/14/2025,12588,401430,Pregnancy Test - Milk,Open,0.012,107,35
08/14/2025,20298,401430,Pregnancy Test - Milk,Re-Check,0.17,110,35
08/14/2025,15659,401430,Pregnancy Test - Milk,Pregnant,0.708,112,35
08/14/2025,2554,401430,Pregnancy Test - Milk,Pregnant,0.321,230,73
08/14/2025,17417,401430,Pregnancy Test - Milk,Pregnant,0.46,172,84
08/14/2025,11129,401430,Pregnancy Test - Milk,Pregnant,0.577,186,74
08/14/2025,7472,401430,Pregnancy Test - Milk,Pregnant,0.631,251,70
08/14/2025,13524,401430,Pregnancy Test - Milk,Pregnant,0.467,180,73
08/14/2025,18124,401430,Pregnancy Test - Milk,Pregnant,0.484,175,71
08/14/2025,15971,401430,Pregnancy Test - Milk,Open,0.007,113,35
08/14/2025,20530,401430,Pregnancy Test - Milk,Pregnant,1.106,115,35
08/14/2025,11087,401430,Pregnancy Test - Milk,Pregnant,0.759,111,35
08/14/2025,17900,401430,Pregnancy Test - Milk,Pregnant,1.138,113,35
08/14/2025,3660,401430,Pregnancy Test - Milk,Pregnant,0.358,231,72
08/14/2025,18324,401430,Pregnancy Test - Milk,Pregnant,1.126,110,35
08/14/2025,20099,401430,Pregnancy Test - Milk,Open,0.007,114,37
08/14/2025,17846,401430,Pregnancy Test - Milk,Pregnant,0.25,178,71
08/14/2025,13269,401430,Pregnancy Test - Milk,Pregnant,0.358,224,91
08/14/2025,13950,401430,Pregnancy Test - Milk,Pregnant,0.332,141,73
08/14/2025,12160,401430,Pregnancy Test - Milk,Pregnant,0.452,114,35
08/14/2025,18274,401430,Pregnancy Test - Milk,Pregnant,1.076,109,35
08/14/2025,20030,401430,Pregnancy Test - Milk,Pregnant,0.78,161,77
08/14/2025,2381,401430,Pregnancy Test - Milk,Pregnant,0.978,170,35
08/14/2025,779,401430,Pregnancy Test - Milk,Pregnant,1.783,147,40
08/14/2025,7638,401430,Pregnancy Test - Milk,Open,0,144,40
08/14/2025,19964,401430,Pregnancy Test - Milk,Open,-0.003,159,37
08/14/2025,13838,401430,Pregnancy Test - Milk,Pregnant,0.563,150,40
08/14/2025,19827,401430,Pregnancy Test - Milk,Pregnant,0.407,157,72
08/14/2025,16936,401430,Pregnancy Test - Milk,Pregnant,0.43,269,77
08/14/2025,16501,401430,Pregnancy Test - Milk,Pregnant,1.781,298,77
08/14/2025,15840,401430,Pregnancy Test - Milk,Open,0.033,129,36
08/14/2025,15064,401430,Pregnancy Test - Milk,Pregnant,0.866,207,70
08/14/2025,10339,401430,Pregnancy Test - Milk,Pregnant,1.056,108,35
08/14/2025,19518,401430,Pregnancy Test - Milk,Pregnant,0.295,222,41
08/14/2025,18157,401430,Pregnancy Test - Milk,Open,0.066,107,35
08/14/2025,13196,401430,Pregnancy Test - Milk,Pregnant,0.509,264,35
08/14/2025,14440,401430,Pregnancy Test - Milk,Pregnant,0.339,273,38
08/14/2025,19878,401430,Pregnancy Test - Milk,Open,0.014,168,41
08/14/2025,13784,401430,Pregnancy Test - Milk,Pregnant,1.236,174,35
08/14/2025,12137,401430,Pregnancy Test - Milk,Pregnant,1.651,212,41
08/14/2025,20455,401430,Pregnancy Test - Milk,Pregnant,1.002,113,35
08/14/2025,18133,401430,Pregnancy Test - Milk,Pregnant,1.086,109,35
08/14/2025,20300,401430,Pregnancy Test - Milk,Pregnant,0.372,173,74
08/14/2025,13214,401430,Pregnancy Test - Milk,Re-Check,0.218,203,71
08/14/2025,17207,401430,Pregnancy Test - Milk,Pregnant,0.921,246,77
08/14/2025,12217,401430,Pregnancy Test - Milk,Pregnant,0.673,333,77
08/14/2025,13976,401430,Pregnancy Test - Milk,Pregnant,0.277,154,73
08/14/2025,13695,401430,Pregnancy Test - Milk,Pregnant,0.368,216,76
08/14/2025,19702,401430,Pregnancy Test - Milk,Pregnant,0.282,163,77
08/14/2025,18057,401430,Pregnancy Test - Milk,Pregnant,0.887,109,35
08/14/2025,17777,401430,Pregnancy Test - Milk,Pregnant,0.381,114,35
08/14/2025,15352,401430,Pregnancy Test - Milk,Open,0.054,110,35
08/14/2025,19786,401430,Pregnancy Test - Milk,Pregnant,0.751,176,71
08/14/2025,7663,401430,Pregnancy Test - Milk,Open,0.035,158,43
08/14/2025,15476,401430,Pregnancy Test - Milk,Pregnant,1.097,200,37
08/14/2025,14518,401430,Pregnancy Test - Milk,Open,0.07,152,70
08/14/2025,14176,401430,Pregnancy Test - Milk,Pregnant,0.722,110,35
08/14/2025,15222,401430,Pregnancy Test - Milk,Pregnant,0.802,108,35
08/14/2025,17789,401430,Pregnancy Test - Milk,Open,-0.004,159,13
08/14/2025,19456,401430,Pregnancy Test - Milk,Pregnant,0.768,217,72
08/14/2025,20295,401430,Pregnancy Test - Milk,Pregnant,0.539,137,35
08/14/2025,13511,401430,Pregnancy Test - Milk,Pregnant,1.168,165,77
08/14/2025,10833,401430,Pregnancy Test - Milk,Pregnant,0.338,201,75
08/14/2025,5029,401430,Pregnancy Test - Milk,Pregnant,0.772,350,76
08/14/2025,17725,401430,Pregnancy Test - Milk,Re-Check,0.196,193,71
08/14/2025,651,401430,Pregnancy Test - Milk,Pregnant,0.726,259,72
08/14/2025,17170,401430,Pregnancy Test - Milk,Open,0.066,187,40
08/14/2025,17357,401430,Pregnancy Test - Milk,Pregnant,0.613,174,40
08/14/2025,2257,401430,Pregnancy Test - Milk,Pregnant,0.894,113,35
08/14/2025,13624,401430,Pregnancy Test - Milk,Pregnant,0.574,179,77
08/14/2025,19355,401430,Pregnancy Test - Milk,Pregnant,0.842,283,73
08/14/2025,10962,401430,Pregnancy Test - Milk,Pregnant,0.678,186,36
08/15/2025,15254,401430,Pregnancy Test - Milk,Pregnant,0.28,142,36
08/15/2025,17363,401430,Pregnancy Test - Milk,Pregnant,0.447,255,79
08/15/2025,20164,401430,Pregnancy Test - Milk,Pregnant,0.62,115,36
08/15/2025,14928,401430,Pregnancy Test - Milk,Open,0.097,293,36
08/15/2025,17723,401430,Pregnancy Test - Milk,Open,0.007,140,36
08/15/2025,19732,401430,Pregnancy Test - Milk,Re-Check,0.224,191,82
08/15/2025,15732,401430,Pregnancy Test - Milk,Pregnant,0.313,171,78
08/15/2025,15415,401430,Pregnancy Test - Milk,Open,0.004,196,41
08/15/2025,15384,401430,Pregnancy Test - Milk,Open,0.03,201,41
08/15/2025,14637,401430,Pregnancy Test - Milk,Pregnant,0.252,274,39
08/15/2025,13960,401430,Pregnancy Test - Milk,Open,0.003,108,36
08/15/2025,15661,401430,Pregnancy Test - Milk,Re-Check,0.162,147,43
08/15/2025,14155,401430,Pregnancy Test - Milk,Pregnant,0.45,109,36
08/15/2025,20394,401430,Pregnancy Test - Milk,Pregnant,0.776,108,36
08/15/2025,15505,401430,Pregnancy Test - Milk,Re-Check,0.207,115,36
08/15/2025,17870,401430,Pregnancy Test - Milk,Open,0.083,171,41
08/15/2025,18087,401430,Pregnancy Test - Milk,Pregnant,0.318,173,79
08/15/2025,14006,401430,Pregnancy Test - Milk,Pregnant,0.408,109,36
08/15/2025,18215,401430,Pregnancy Test - Milk,Pregnant,1.284,111,36
08/15/2025,18092,401430,Pregnancy Test - Milk,Re-Check,0.126,182,116
08/15/2025,13386,401430,Pregnancy Test - Milk,Pregnant,0.73,221,36
08/15/2025,19057,401430,Pregnancy Test - Milk,Pregnant,0.865,302,82
08/15/2025,15456,401430,Pregnancy Test - Milk,Pregnant,0.294,111,36
08/15/2025,15485,401430,Pregnancy Test - Milk,Re-Check,0.247,166,78
08/15/2025,20022,401430,Pregnancy Test - Milk,Pregnant,0.353,151,81
08/15/2025,17775,401430,Pregnancy Test - Milk,Pregnant,0.672,184,37
08/15/2025,17067,401430,Pregnancy Test - Milk,Open,0,151,41
08/15/2025,15311,401430,Pregnancy Test - Milk,Open,0.027,115,36
08/15/2025,15615,401430,Pregnancy Test - Milk,Pregnant,0.262,172,85
08/20/2025,12269,401430,Pregnancy Test - Milk,Pregnant,1.162,147,38
08/20/2025,12969,401430,Pregnancy Test - Milk,Pregnant,0.755,111,35
08/20/2025,5207,401430,Pregnancy Test - Milk,Pregnant,1.047,111,35
08/20/2025,17023,401430,Pregnancy Test - Milk,Pregnant,0.597,263,73
08/20/2025,13994,401430,Pregnancy Test - Milk,Re-Check,0.155,138,1
08/20/2025,12455,401430,Pregnancy Test - Milk,Pregnant,0.538,212,73
08/20/2025,15801,401430,Pregnancy Test - Milk,Re-Check,0.233,156,70
08/20/2025,14980,401430,Pregnancy Test - Milk,Pregnant,0.266,259,78
08/20/2025,13114,401430,Pregnancy Test - Milk,Pregnant,0.357,207,75
08/20/2025,14147,401430,Pregnancy Test - Milk,Pregnant,0.794,143,40
08/20/2025,13676,401430,Pregnancy Test - Milk,Pregnant,0.681,150,70
08/20/2025,15576,401430,Pregnancy Test - Milk,Open,0.049,112,35
08/20/2025,17793,401430,Pregnancy Test - Milk,Pregnant,0.773,189,41
08/20/2025,11164,401430,Pregnancy Test - Milk,Pregnant,0.437,109,35
08/20/2025,17471,401430,Pregnancy Test - Milk,Pregnant,0.872,169,40
08/20/2025,10010,401430,Pregnancy Test - Milk,Pregnant,0.341,177,91
08/20/2025,13631,401430,Pregnancy Test - Milk,Pregnant,0.683,106,35
08/20/2025,10439,401430,Pregnancy Test - Milk,Re-Check,0.249,250,70
08/20/2025,17603,401430,Pregnancy Test - Milk,Pregnant,1.235,272,36
08/20/2025,13061,401430,Pregnancy Test - Milk,Open,0.024,110,35
08/20/2025,9438,401430,Pregnancy Test - Milk,Open,0.038,108,35
08/20/2025,15252,401430,Pregnancy Test - Milk,Pregnant,0.5,197,72
08/20/2025,13792,401430,Pregnancy Test - Milk,Pregnant,0.794,113,35
08/20/2025,13468,401430,Pregnancy Test - Milk,Pregnant,0.983,170,35
08/20/2025,18623,401430,Pregnancy Test - Milk,Open,0.01,111,1
08/20/2025,16509,401430,Pregnancy Test - Milk,Pregnant,1.163,108,35
08/20/2025,17859,401430,Pregnancy Test - Milk,Pregnant,0.328,210,78
08/20/2025,9153,401430,Pregnancy Test - Milk,Pregnant,0.452,195,38
08/20/2025,13440,401430,Pregnancy Test - Milk,Pregnant,0.326,210,71
08/20/2025,14095,401430,Pregnancy Test - Milk,Re-Check,0.223,120,38
08/20/2025,11405,401430,Pregnancy Test - Milk,Open,0.076,111,35
08/20/2025,17987,401430,Pregnancy Test - Milk,Pregnant,0.573,183,75
08/20/2025,14166,401430,Pregnancy Test - Milk,Pregnant,1.116,113,35
08/20/2025,13707,401430,Pregnancy Test - Milk,Pregnant,POS,106,35
08/20/2025,9824,401430,Pregnancy Test - Milk,Pregnant,0.471,105,35
08/20/2025,3864,401430,Pregnancy Test - Milk,Open,0.025,110,35
08/20/2025,10482,401430,Pregnancy Test - Milk,Pregnant,0.453,109,35
08/20/2025,15590,401430,Pregnancy Test - Milk,Pregnant,0.991,105,35
08/20/2025,16467,401430,Pregnancy Test - Milk,Pregnant,0.564,192,74
08/20/2025,14981,401430,Pregnancy Test - Milk,Pregnant,0.385,155,70
08/20/2025,13876,401430,Pregnancy Test - Milk,Pregnant,0.511,157,70
08/20/2025,15484,401430,Pregnancy Test - Milk,Pregnant,0.35,108,35
08/20/2025,9909,401430,Pregnancy Test - Milk,Pregnant,0.683,110,35
08/20/2025,13203,401430,Pregnancy Test - Milk,Pregnant,0.936,171,36
08/20/2025,12474,401430,Pregnancy Test - Milk,Re-Check,0.213,120,42
08/20/2025,18571,401430,Pregnancy Test - Milk,Pregnant,1.925,110,35
08/20/2025,13736,401430,Pregnancy Test - Milk,Pregnant,0.404,108,35
08/20/2025,14185,401430,Pregnancy Test - Milk,Pregnant,1.064,138,34
08/20/2025,17783,401430,Pregnancy Test - Milk,Pregnant,0.763,205,35
08/20/2025,15698,401430,Pregnancy Test - Milk,Pregnant,2.498,154,70
08/20/2025,15645,401430,Pregnancy Test - Milk,Pregnant,0.32,156,70
08/20/2025,15802,401430,Pregnancy Test - Milk,Open,0.075,175,35
08/21/2025,18072,401430,Pregnancy Test - Milk,Pregnant,0.642,162,77
08/21/2025,813817,401430,Pregnancy Test - Milk,Re-Check,0.196,108,0
08/21/2025,2206,401430,Pregnancy Test - Milk,Open,0.027,214,0
08/21/2025,11875,401430,Pregnancy Test - Milk,Open,0.035,131,49
08/21/2025,18709,401430,Pregnancy Test - Milk,Pregnant,0.62,108,35
08/21/2025,17801,401430,Pregnancy Test - Milk,Pregnant,0.557,211,39
08/21/2025,184168,401430,Pregnancy Test - Milk,Pregnant,1.323,108,35
08/21/2025,15141,401430,Pregnancy Test - Milk,Pregnant,0.565,322,75
08/21/2025,13584,401430,Pregnancy Test - Milk,Pregnant,0.603,184,72
08/21/2025,17378,401430,Pregnancy Test - Milk,Pregnant,0.858,186,75
08/21/2025,17511,401430,Pregnancy Test - Milk,Pregnant,0.812,255,41
08/21/2025,19804,401430,Pregnancy Test - Milk,Pregnant,0.521,192,75
08/21/2025,813972,401430,Pregnancy Test - Milk,Pregnant,1.258,109,35
08/21/2025,14237,401430,Pregnancy Test - Milk,Pregnant,0.346,235,73
08/21/2025,19449,401430,Pregnancy Test - Milk,Open,0.037,139,35
08/21/2025,18071,401430,Pregnancy Test - Milk,Re-Check,0.198,172,84
08/21/2025,19115,401430,Pregnancy Test - Milk,Pregnant,1.212,280,74
08/21/2025,18031,401430,Pregnancy Test - Milk,Pregnant,0.995,133,37
08/21/2025,18318,401430,Pregnancy Test - Milk,Pregnant,1.1,113,35
08/21/2025,17394,401430,Pregnancy Test - Milk,Pregnant,0.602,236,41
08/21/2025,13600,401430,Pregnancy Test - Milk,Pregnant,0.631,262,73
08/21/2025,997,401430,Pregnancy Test - Milk,Pregnant,0.607,249,35
08/21/2025,20012,401430,Pregnancy Test - Milk,Open,-0.007,106,35
08/21/2025,20043,401430,Pregnancy Test - Milk,Open,0.092,178,20
08/21/2025,19478,401430,Pregnancy Test - Milk,Pregnant,0.925,229,36
08/21/2025,19991,401430,Pregnancy Test - Milk,Pregnant,1.342,168,37
08/21/2025,19125,401430,Pregnancy Test - Milk,Pregnant,0.457,305,72
08/21/2025,3981,401430,Pregnancy Test - Milk,Pregnant,0.487,208,77
08/21/2025,20314,401430,Pregnancy Test - Milk,Pregnant,1.4,106,35
08/21/2025,13629,401430,Pregnancy Test - Milk,Pregnant,0.754,186,71
08/21/2025,7662,401430,Pregnancy Test - Milk,Open,-0.003,165,77
08/21/2025,18307,401430,Pregnancy Test - Milk,Pregnant,0.431,159,77
08/21/2025,753,401430,Pregnancy Test - Milk,Pregnant,0.346,159,54
08/21/2025,17574,401430,Pregnancy Test - Milk,Pregnant,0.549,238,36
08/21/2025,15050,401430,Pregnancy Test - Milk,Pregnant,0.736,291,35
08/21/2025,19998,401430,Pregnancy Test - Milk,Pregnant,0.574,164,77
08/21/2025,813988,401430,Pregnancy Test - Milk,Open,0.035,105,35
08/21/2025,19802,401430,Pregnancy Test - Milk,Pregnant,1.244,202,37
08/21/2025,19742,401430,Pregnancy Test - Milk,Open,0.06,141,41
08/21/2025,19548,401430,Pregnancy Test - Milk,Pregnant,0.663,223,74
08/21/2025,17429,401430,Pregnancy Test - Milk,Open,0.053,226,77
08/21/2025,11166,401430,Pregnancy Test - Milk,Pregnant,0.55,162,77
08/21/2025,20503,401430,Pregnancy Test - Milk,Open,0.012,106,35
08/21/2025,18175,401430,Pregnancy Test - Milk,Pregnant,1.122,162,38
08/21/2025,20241,401430,Pregnancy Test - Milk,Open,0.027,109,35
08/21/2025,19948,401430,Pregnancy Test - Milk,Pregnant,0.788,165,77
08/21/2025,13214,401430,Pregnancy Test - Milk,Pregnant,0.293,210,78
08/21/2025,20113,401430,Pregnancy Test - Milk,Pregnant,1.821,154,71
08/21/2025,12208,401430,Pregnancy Test - Milk,Pregnant,0.475,159,77
08/21/2025,19981,401430,Pregnancy Test - Milk,Pregnant,0.903,160,77
08/21/2025,19610,401430,Pregnancy Test - Milk,Pregnant,0.481,238,84
08/21/2025,1375,401430,Pregnancy Test - Milk,Pregnant,0.711,330,76
08/21/2025,15691,401430,Pregnancy Test - Milk,Pregnant,0.254,164,77
08/21/2025,20621,401430,Pregnancy Test - Milk,Pregnant,1.63,108,35
08/21/2025,11481,401430,Pregnancy Test - Milk,Pregnant,1.91,221,39
08/21/2025,17661,401430,Pregnancy Test - Milk,Open,0.093,164,15
08/21/2025,17725,401430,Pregnancy Test - Milk,Pregnant,0.368,200,78
08/21/2025,20141,401430,Pregnancy Test - Milk,Pregnant,0.907,106,35
08/21/2025,16483,401430,Pregnancy Test - Milk,Pregnant,0.858,139,35
08/21/2025,20585,401430,Pregnancy Test - Milk,Pregnant,1.033,106,36
08/21/2025,9776,401430,Pregnancy Test - Milk,Pregnant,1.174,161,77
08/21/2025,17669,401430,Pregnancy Test - Milk,Pregnant,0.862,105,35
08/21/2025,3483,401430,Pregnancy Test - Milk,Open,0.046,147,40
08/21/2025,19972,401430,Pregnancy Test - Milk,Pregnant,1.167,160,77
08/21/2025,15842,401430,Pregnancy Test - Milk,Pregnant,1.379,141,37
08/21/2025,17643,401430,Pregnancy Test - Milk,Re-Check,0.207,221,84
08/21/2025,19858,401430,Pregnancy Test - Milk,Pregnant,0.739,186,76
08/21/2025,500,401430,Pregnancy Test - Milk,Pregnant,0.274,162,77
08/21/2025,20104,401430,Pregnancy Test - Milk,Open,-0.005,134,36
08/21/2025,19639,401430,Pregnancy Test - Milk,Open,0.063,237,36
08/21/2025,19766,401430,Pregnancy Test - Milk,Pregnant,1.454,164,77
08/21/2025,17287,401430,Pregnancy Test - Milk,Pregnant,1.126,214,36
08/21/2025,20046,401430,Pregnancy Test - Milk,Pregnant,0.577,162,77
08/21/2025,19257,401430,Pregnancy Test - Milk,Pregnant,1.056,247,39
08/21/2025,11124,401430,Pregnancy Test - Milk,Pregnant,0.971,211,38
08/21/2025,17857,401430,Pregnancy Test - Milk,Pregnant,1.273,110,35
08/21/2025,17864,401430,Pregnancy Test - Milk,Pregnant,0.663,201,74
08/21/2025,10420,401430,Pregnancy Test - Milk,Pregnant,0.482,165,77
08/21/2025,3943,401430,Pregnancy Test - Milk,Pregnant,0.919,226,73
08/21/2025,19706,401430,Pregnancy Test - Milk,Pregnant,0.268,245,41
08/21/2025,17465,401430,Pregnancy Test - Milk,Pregnant,0.32,196,72
08/21/2025,2353,401430,Pregnancy Test - Milk,Pregnant,1.611,200,73
08/21/2025,20536,401430,Pregnancy Test - Milk,Pregnant,1.079,109,36
08/21/2025,17924,401430,Pregnancy Test - Milk,Pregnant,0.869,207,76
08/21/2025,18364,401430,Pregnancy Test - Milk,Pregnant,0.633,105,35
08/21/2025,19893,401430,Pregnancy Test - Milk,Pregnant,1.055,193,71
08/21/2025,136956,401430,Pregnancy Test - Milk,Open,-0.01,109,35
08/21/2025,19887,401430,Pregnancy Test - Milk,Pregnant,1.33,171,84
08/21/2025,813539,401430,Pregnancy Test - Milk,Open,0.083,108,35
08/21/2025,20512,401430,Pregnancy Test - Milk,Pregnant,1.143,109,35
08/21/2025,19370,401430,Pregnancy Test - Milk,Pregnant,0.618,252,71
08/21/2025,20110,401430,Pregnancy Test - Milk,Open,0.002,136,40
08/21/2025,18251,401430,Pregnancy Test - Milk,Pregnant,0.979,111,35
08/21/2025,13653,401430,Pregnancy Test - Milk,Pregnant,0.586,171,35
08/21/2025,15823,401430,Pregnancy Test - Milk,Open,-0.001,111,35
08/21/2025,20066,401430,Pregnancy Test - Milk,Open,0.099,108,35
08/21/2025,17563,401430,Pregnancy Test - Milk,Pregnant,1.015,111,35
08/21/2025,7648,401430,Pregnancy Test - Milk,Pregnant,0.782,182,76
08/21/2025,17754,401430,Pregnancy Test - Milk,Pregnant,0.757,214,38
08/21/2025,15117,401430,Pregnancy Test - Milk,Pregnant,0.393,241,38
08/21/2025,15672,401430,Pregnancy Test - Milk,Pregnant,0.33,168,84
08/21/2025,19813,401430,Pregnancy Test - Milk,Pregnant,0.479,139,36
08/21/2025,20273,401430,Pregnancy Test - Milk,Open,0.085,106,35
08/21/2025,17686,401430,Pregnancy Test - Milk,Pregnant,0.489,201,72
08/21/2025,20124,401430,Pregnancy Test - Milk,Pregnant,1.356,112,37
08/21/2025,19984,401430,Pregnancy Test - Milk,Pregnant,1.018,163,77
08/21/2025,17849,401430,Pregnancy Test - Milk,Pregnant,0.509,162,77
08/21/2025,5176,401430,Pregnancy Test - Milk,Pregnant,0.385,317,73
08/21/2025,17490,401430,Pregnancy Test - Milk,Pregnant,0.902,144,38
08/21/2025,15153,401430,Pregnancy Test - Milk,Open,0.036,261,77
08/21/2025,18003,401430,Pregnancy Test - Milk,Pregnant,1.204,105,35
08/21/2025,17533,401430,Pregnancy Test - Milk,Pregnant,0.719,231,73
08/21/2025,20060,401430,Pregnancy Test - Milk,Open,-0.011,138,35
08/21/2025,18200,401430,Pregnancy Test - Milk,Pregnant,1.569,113,35
08/22/2025,20488,401430,Pregnancy Test - Milk,Open,0.003,114,36
08/22/2025,18079,401430,Pregnancy Test - Milk,Pregnant,0.705,173,37
08/22/2025,18999,401430,Pregnancy Test - Milk,Pregnant,0.638,303,78
08/22/2025,15485,401430,Pregnancy Test - Milk,Pregnant,0.922,173,85
08/22/2025,17670,401430,Pregnancy Test - Milk,Pregnant,0.956,186,39
08/22/2025,20215,401430,Pregnancy Test - Milk,Pregnant,0.779,114,36
08/22/2025,13958,401430,Pregnancy Test - Milk,Open,-0.011,168,36
08/22/2025,20086,401430,Pregnancy Test - Milk,Pregnant,0.921,143,81
08/22/2025,19999,401430,Pregnancy Test - Milk,Re-Check,0.145,160,78
08/22/2025,18092,401430,Pregnancy Test - Milk,Pregnant,1.806,189,123
08/22/2025,16738,401430,Pregnancy Test - Milk,Open,0.064,224,36
08/22/2025,20111,401430,Pregnancy Test - Milk,Open,0.08,111,36
08/22/2025,19606,401430,Pregnancy Test - Milk,Pregnant,0.356,263,78
08/22/2025,20000,401430,Pregnancy Test - Milk,Pregnant,0.916,113,36
08/22/2025,13100,401430,Pregnancy Test - Milk,Open,0.006,221,36
08/22/2025,20083,401430,Pregnancy Test - Milk,Open,0.014,111,36
08/22/2025,19186,401430,Pregnancy Test - Milk,Pregnant,0.451,313,78
08/22/2025,20475,401430,Pregnancy Test - Milk,Open,-0.004,111,36
08/22/2025,20331,401430,Pregnancy Test - Milk,Pregnant,0.916,114,36
08/22/2025,15661,401430,Pregnancy Test - Milk,Re-Check,0.174,154,50
08/22/2025,15054,401430,Pregnancy Test - Milk,Pregnant,0.841,310,82
08/22/2025,19667,401430,Pregnancy Test - Milk,Pregnant,0.512,235,81
08/22/2025,18190,401430,Pregnancy Test - Milk,Pregnant,0.792,162,78
08/22/2025,15505,401430,Pregnancy Test - Milk,Pregnant,0.394,122,43
08/22/2025,14881,401430,Pregnancy Test - Milk,Open,-0.014,167,36
08/22/2025,19732,401430,Pregnancy Test - Milk,Pregnant,0.399,198,89
08/22/2025,7668,401430,Pregnancy Test - Milk,Re-Check,0.206,161,41
08/22/2025,1668,401430,Pregnancy Test - Milk,Pregnant,1.505,109,36
08/22/2025,15152,401430,Pregnancy Test - Milk,Re-Check,0.197,270,37
08/22/2025,17926,401430,Pregnancy Test - Milk,Pregnant,1.16,195,36
08/22/2025,15628,401430,Pregnancy Test - Milk,Re-Check,0.164,114,36
08/22/2025,18974,401430,Pregnancy Test - Milk,Pregnant,1.5,304,36
08/27/2025,15932,401430,Pregnancy Test - Milk,Pregnant,0.487,160,73
08/27/2025,47941,401430,Pregnancy Test - Milk,Re-Check,0.206,128,35
08/27/2025,15834,401430,Pregnancy Test - Milk,Re-Check,0.232,110,35
08/27/2025,13174,401430,Pregnancy Test - Milk,Open,0.007,162,38
08/27/2025,15428,401430,Pregnancy Test - Milk,Pregnant,0.867,189,38
08/27/2025,14095,401430,Pregnancy Test - Milk,Re-Check,0.182,127,45
08/27/2025,10271,401430,Pregnancy Test - Milk,Pregnant,0.646,153,71
08/27/2025,53805,401430,Pregnancy Test - Milk,Pregnant,1.096,116,35
08/27/2025,13751,401430,Pregnancy Test - Milk,Pregnant,1.197,139,38
08/27/2025,14663,401430,Pregnancy Test - Milk,Pregnant,0.672,337,74
08/27/2025,18168,401430,Pregnancy Test - Milk,Pregnant,0.376,149,70
08/27/2025,14370,401430,Pregnancy Test - Milk,Pregnant,0.701,107,35
08/27/2025,53894,401430,Pregnancy Test - Milk,Re-Check,0.1,121,35
08/27/2025,48360,401430,Pregnancy Test - Milk,Open,0.003,129,36
08/27/2025,48585,401430,Pregnancy Test - Milk,Pregnant,0.952,129,35
08/27/2025,53319,401430,Pregnancy Test - Milk,Pregnant,1.142,116,35
08/27/2025,2687,401430,Pregnancy Test - Milk,Pregnant,0.459,216,71
08/27/2025,54372,401430,Pregnancy Test - Milk,Pregnant,1.746,114,35
08/27/2025,12474,401430,Pregnancy Test - Milk,Open,0.082,127,49
08/27/2025,52122,401430,Pregnancy Test - Milk,Pregnant,1.53,123,35
08/27/2025,54151,401430,Pregnancy Test - Milk,Pregnant,0.921,117,35
08/27/2025,54036,401430,Pregnancy Test - Milk,Pregnant,1.097,110,35
08/27/2025,53209,401430,Pregnancy Test - Milk,Pregnant,1.19,123,35
08/27/2025,48931,401430,Pregnancy Test - Milk,Pregnant,1.954,118,35
08/27/2025,18228,401430,Pregnancy Test - Milk,Pregnant,1.134,130,36
08/27/2025,5092,401430,Pregnancy Test - Milk,Pregnant,0.542,107,35
08/27/2025,15814,401430,Pregnancy Test - Milk,Open,0.048,108,35
08/27/2025,8601,401430,Pregnancy Test - Milk,Re-Check,0.209,106,35
08/27/2025,18309,401430,Pregnancy Test - Milk,Pregnant,0.399,148,70
08/27/2025,5211,401430,Pregnancy Test - Milk,Pregnant,0.918,106,35
08/27/2025,54443,401430,Pregnancy Test - Milk,Open,0.02,109,35
08/27/2025,15820,401430,Pregnancy Test - Milk,Re-Check,0.249,151,70
08/27/2025,8476,401430,Pregnancy Test - Milk,Open,0.061,227,37
08/27/2025,48860,401430,Pregnancy Test - Milk,Pregnant,1.497,128,35
08/27/2025,54132,401430,Pregnancy Test - Milk,Pregnant,0.745,116,35
08/27/2025,48551,401430,Pregnancy Test - Milk,Pregnant,1.159,128,35
08/27/2025,17355,401430,Pregnancy Test - Milk,Pregnant,0.817,149,70
08/27/2025,47464,401430,Pregnancy Test - Milk,Open,0.061,128,35
08/27/2025,16855,401430,Pregnancy Test - Milk,Open,0.023,305,70
08/27/2025,49059,401430,Pregnancy Test - Milk,Open,0.089,127,35
08/27/2025,17346,401430,Pregnancy Test - Milk,Re-Check,0.239,261,70
08/27/2025,15801,401430,Pregnancy Test - Milk,Pregnant,0.253,163,77
08/27/2025,18115,401430,Pregnancy Test - Milk,Pregnant,0.574,153,70
08/27/2025,47729,401430,Pregnancy Test - Milk,Open,0.039,119,35
08/27/2025,15329,401430,Pregnancy Test - Milk,Pregnant,0.654,110,35
08/27/2025,18212,401430,Pregnancy Test - Milk,Pregnant,0.624,150,70
08/27/2025,17208,401430,Pregnancy Test - Milk,Pregnant,1.926,207,73
08/27/2025,17866,401430,Pregnancy Test - Milk,Pregnant,1.11,213,36
08/27/2025,53938,401430,Pregnancy Test - Milk,Open,0.056,112,35
08/27/2025,18245,401430,Pregnancy Test - Milk,Pregnant,0.967,111,35
08/27/2025,5124,401430,Pregnancy Test - Milk,Pregnant,1.096,110,35
08/27/2025,53492,401430,Pregnancy Test - Milk,Pregnant,0.562,122,35
08/27/2025,53823,401430,Pregnancy Test - Milk,Pregnant,1.247,120,35
08/27/2025,17980,401430,Pregnancy Test - Milk,Pregnant,0.353,184,74
08/27/2025,13262,401430,Pregnancy Test - Milk,Pregnant,0.618,110,35
08/27/2025,54121,401430,Pregnancy Test - Milk,Pregnant,1.214,112,35
08/27/2025,17455,401430,Pregnancy Test - Milk,Pregnant,0.504,105,0
08/27/2025,13831,401430,Pregnancy Test - Milk,Pregnant,0.269,152,70
08/27/2025,11637,401430,Pregnancy Test - Milk,Pregnant,0.742,106,35
08/27/2025,13491,401430,Pregnancy Test - Milk,Pregnant,0.839,196,70
08/27/2025,16106,401430,Pregnancy Test - Milk,Pregnant,0.618,111,35
08/27/2025,54071,401430,Pregnancy Test - Milk,Pregnant,1.348,122,35
08/27/2025,54088,401430,Pregnancy Test - Milk,Pregnant,0.916,123,35
08/27/2025,12909,401430,Pregnancy Test - Milk,Pregnant,0.356,152,39
08/27/2025,53987,401430,Pregnancy Test - Milk,Pregnant,0.759,121,35
08/27/2025,8675,401430,Pregnancy Test - Milk,Pregnant,0.303,141,38
08/27/2025,49018,401430,Pregnancy Test - Milk,Open,0.011,127,35
08/27/2025,19099,401430,Pregnancy Test - Milk,Not Tested,,108,35
08/27/2025,52706,401430,Pregnancy Test - Milk,Pregnant,0.82,112,35
08/27/2025,51695,401430,Pregnancy Test - Milk,Re-Check,0.133,121,35
08/27/2025,6913,401430,Pregnancy Test - Milk,Pregnant,0.562,108,35
08/27/2025,15668,401430,Pregnancy Test - Milk,Pregnant,0.329,199,72
08/27/2025,15663,401430,Pregnancy Test - Milk,Pregnant,0.829,110,35
08/27/2025,54010,401430,Pregnancy Test - Milk,Pregnant,0.67,109,35
08/27/2025,17288,401430,Pregnancy Test - Milk,Pregnant,1.661,296,74
08/27/2025,53341,401430,Pregnancy Test - Milk,Open,0.048,107,35
08/27/2025,12227,401430,Pregnancy Test - Milk,Re-Check,0.123,153,70
08/27/2025,13637,401430,Pregnancy Test - Milk,Pregnant,0.313,215,35
08/28/2025,19946,401430,Pregnancy Test - Milk,Open,0.028,193,36
08/28/2025,1876,401430,Pregnancy Test - Milk,Pregnant,0.798,168,37
08/28/2025,19892,401430,Pregnancy Test - Milk,Pregnant,1.021,202,41
08/28/2025,13275,401430,Pregnancy Test - Milk,Pregnant,0.962,111,37
08/28/2025,17158,401430,Pregnancy Test - Milk,Pregnant,0.819,312,42
08/28/2025,13713,401430,Pregnancy Test - Milk,Pregnant,1.598,110,37
08/28/2025,18173,401430,Pregnancy Test - Milk,Pregnant,1.594,169,37
08/28/2025,17410,401430,Pregnancy Test - Milk,Pregnant,0.831,236,37
08/28/2025,15998,401430,Pregnancy Test - Milk,Pregnant,1.016,112,37
08/28/2025,17253,401430,Pregnancy Test - Milk,Pregnant,0.554,258,41
08/28/2025,20269,401430,Pregnancy Test - Milk,Pregnant,0.726,111,36
08/28/2025,20440,401430,Pregnancy Test - Milk,Open,0.021,110,36
08/28/2025,813159,401430,Pregnancy Test - Milk,Open,0.003,112,36
08/28/2025,18043,401430,Pregnancy Test - Milk,Pregnant,0.867,138,37
08/28/2025,20312,401430,Pregnancy Test - Milk,Open,0.025,108,37
08/28/2025,13415,401430,Pregnancy Test - Milk,Pregnant,0.848,228,74
08/28/2025,18011,401430,Pregnancy Test - Milk,Open,0.08,168,40
08/28/2025,14668,401430,Pregnancy Test - Milk,Re-Check,0.164,160,79
08/28/2025,19753,401430,Pregnancy Test - Milk,Pregnant,0.356,161,37
08/28/2025,10159,401430,Pregnancy Test - Milk,Pregnant,0.585,150,40
08/28/2025,20412,401430,Pregnancy Test - Milk,Pregnant,1.297,111,37
08/28/2025,17120,401430,Pregnancy Test - Milk,Pregnant,0.873,316,79
08/28/2025,20130,401430,Pregnancy Test - Milk,Open,0.097,107,37
08/28/2025,15845,401430,Pregnancy Test - Milk,Pregnant,1.288,107,37
08/28/2025,15597,401430,Pregnancy Test - Milk,Pregnant,0.391,162,79
08/28/2025,17460,401430,Pregnancy Test - Milk,Pregnant,0.253,158,77
08/28/2025,5381,401430,Pregnancy Test - Milk,Pregnant,1.08,245,37
08/28/2025,14333,401430,Pregnancy Test - Milk,Pregnant,0.897,113,37
08/28/2025,17643,401430,Pregnancy Test - Milk,Pregnant,0.374,228,91
08/28/2025,12577,401430,Pregnancy Test - Milk,Pregnant,1.385,254,37
08/28/2025,17931,401430,Pregnancy Test - Milk,Pregnant,0.432,165,79
08/28/2025,813514,401430,Pregnancy Test - Milk,Pregnant,0.805,106,36
08/28/2025,19922,401430,Pregnancy Test - Milk,Pregnant,0.317,164,77
08/28/2025,19970,401430,Pregnancy Test - Milk,Pregnant,0.642,157,77
08/28/2025,17901,401430,Pregnancy Test - Milk,Re-Check,0.109,143,43
08/28/2025,15068,401430,Pregnancy Test - Milk,Open,-0.01,108,37
08/28/2025,17933,401430,Pregnancy Test - Milk,Pregnant,0.467,160,79
08/28/2025,17815,401430,Pregnancy Test - Milk,Re-Check,0.232,172,37
08/28/2025,17730,401430,Pregnancy Test - Milk,Pregnant,0.861,208,76
08/28/2025,15798,401430,Pregnancy Test - Milk,Pregnant,0.394,160,79
08/28/2025,16887,401430,Pregnancy Test - Milk,Re-Check,0.223,172,43
08/28/2025,15831,401430,Pregnancy Test - Milk,Pregnant,0.857,163,79
08/28/2025,15343,401430,Pregnancy Test - Milk,Pregnant,0.983,297,39
08/28/2025,19950,401430,Pregnancy Test - Milk,Pregnant,0.951,177,42
08/28/2025,13194,401430,Pregnancy Test - Milk,Pregnant,1.026,143,40
08/28/2025,20042,401430,Pregnancy Test - Milk,Pregnant,1.296,108,36
08/28/2025,20486,401430,Pregnancy Test - Milk,Pregnant,1.51,106,36
08/28/2025,813161,401430,Pregnancy Test - Milk,Re-Check,0.225,107,36
08/28/2025,20474,401430,Pregnancy Test - Milk,Pregnant,1.215,106,36
08/28/2025,814653,401430,Pregnancy Test - Milk,Pregnant,1.456,110,36
08/28/2025,20387,401430,Pregnancy Test - Milk,Pregnant,0.887,106,36
08/28/2025,16166,401430,Pregnancy Test - Milk,Pregnant,0.334,159,79
08/28/2025,2992,401430,Pregnancy Test - Milk,Pregnant,0.808,148,37
08/28/2025,17412,401430,Pregnancy Test - Milk,Pregnant,1.534,184,41
08/28/2025,20247,401430,Pregnancy Test - Milk,Pregnant,0.821,111,37
08/28/2025,16445,401430,Pregnancy Test - Milk,Open,0.042,112,37
08/28/2025,19857,401430,Pregnancy Test - Milk,Pregnant,0.457,187,75
08/28/2025,17855,401430,Pregnancy Test - Milk,Pregnant,0.416,224,77
08/28/2025,14137,401430,Pregnancy Test - Milk,Pregnant,0.627,163,79
08/28/2025,813124,401430,Pregnancy Test - Milk,Pregnant,0.966,112,37
08/28/2025,15307,401430,Pregnancy Test - Milk,Open,0.012,237,38
08/28/2025,19891,401430,Pregnancy Test - Milk,Pregnant,1.495,182,77
08/28/2025,19661,401430,Pregnancy Test - Milk,Pregnant,1.686,203,73
08/28/2025,4059,401430,Pregnancy Test - Milk,Pregnant,0.87,173,40
08/28/2025,814719,401430,Pregnancy Test - Milk,Open,0.06,107,36
08/28/2025,20106,401430,Pregnancy Test - Milk,Re-Check,0.166,161,36
08/28/2025,15714,401430,Pregnancy Test - Milk,Pregnant,0.635,163,79
08/28/2025,813703,401430,Pregnancy Test - Milk,Re-Check,0.179,112,37
08/28/2025,13465,401430,Pregnancy Test - Milk,Pregnant,0.318,143,41
08/28/2025,16454,401430,Pregnancy Test - Milk,Pregnant,0.578,306,41
08/28/2025,20313,401430,Pregnancy Test - Milk,Pregnant,0.534,112,37
08/28/2025,20219,401430,Pregnancy Test - Milk,Open,0.023,107,37
08/28/2025,3581,401430,Pregnancy Test - Milk,Pregnant,0.374,184,74
08/28/2025,12902,401430,Pregnancy Test - Milk,Pregnant,1.026,329,37
08/28/2025,17729,401430,Pregnancy Test - Milk,Pregnant,1.325,208,37
08/28/2025,825030,401430,Pregnancy Test - Milk,Pregnant,0.862,107,36
08/28/2025,813208,401430,Pregnancy Test - Milk,Pregnant,0.879,109,36
08/28/2025,20526,401430,Pregnancy Test - Milk,Pregnant,1.628,109,36
08/28/2025,19929,401430,Pregnancy Test - Milk,Pregnant,0.555,183,77
08/28/2025,18071,401430,Pregnancy Test - Milk,Re-Check,0.168,179,91
08/28/2025,15400,401430,Pregnancy Test - Milk,Pregnant,1.07,309,38
08/28/2025,19663,401430,Pregnancy Test - Milk,Pregnant,0.464,224,78
08/28/2025,15507,401430,Pregnancy Test - Milk,Pregnant,0.417,251,78
08/28/2025,18089,401430,Pregnancy Test - Milk,Open,0.008,108,1
08/28/2025,17668,401430,Pregnancy Test - Milk,Pregnant,0.369,139,38
08/28/2025,18039,401430,Pregnancy Test - Milk,Pregnant,0.821,159,77
08/28/2025,18034,401430,Pregnancy Test - Milk,Pregnant,0.974,164,77
08/28/2025,17528,401430,Pregnancy Test - Milk,Pregnant,0.436,215,77
08/28/2025,19776,401430,Pregnancy Test - Milk,Pregnant,0.828,209,36
08/28/2025,20057,401430,Pregnancy Test - Milk,Pregnant,0.816,184,36
08/28/2025,20142,401430,Pregnancy Test - Milk,Pregnant,0.707,164,77
08/28/2025,17571,401430,Pregnancy Test - Milk,Pregnant,0.835,163,77
08/28/2025,20310,401430,Pregnancy Test - Milk,Pregnant,0.412,159,77
08/28/2025,15459,401430,Pregnancy Test - Milk,Pregnant,0.738,112,37
08/28/2025,17038,401430,Pregnancy Test - Milk,Pregnant,0.382,230,43
08/28/2025,18304,401430,Pregnancy Test - Milk,Open,0.04,111,1
08/28/2025,19933,401430,Pregnancy Test - Milk,Pregnant,0.315,158,77
08/28/2025,19861,401430,Pregnancy Test - Milk,Not Tested,,161,77
08/28/2025,14231,401430,Pregnancy Test - Milk,Pregnant,0.749,109,37
08/28/2025,1861,401430,Pregnancy Test - Milk,Open,0.055,145,42
08/28/2025,7655,401430,Pregnancy Test - Milk,Re-Check,0.146,176,41
08/28/2025,332087,401430,Pregnancy Test - Milk,Pregnant,1.152,109,37
08/28/2025,20307,401430,Pregnancy Test - Milk,Pregnant,1.332,172,43
08/28/2025,404,401430,Pregnancy Test - Milk,Pregnant,0.447,107,37
08/28/2025,191405,401430,Pregnancy Test - Milk,Open,0.015,107,36
08/28/2025,20052,401430,Pregnancy Test - Milk,Open,0.023,106,36
08/28/2025,20250,401430,Pregnancy Test - Milk,Pregnant,1.357,115,40
08/28/2025,19440,401430,Pregnancy Test - Milk,Pregnant,0.432,249,73
08/28/2025,17912,401430,Pregnancy Test - Milk,Pregnant,1.081,193,41
08/28/2025,19660,401430,Pregnancy Test - Milk,Pregnant,0.423,202,71
08/28/2025,14027,401430,Pregnancy Test - Milk,Re-Check,0.163,304,79
08/28/2025,14650,401430,Pregnancy Test - Milk,Pregnant,1.145,247,79
08/28/2025,15915,401430,Pregnancy Test - Milk,Pregnant,0.421,186,76
08/28/2025,18243,401430,Pregnancy Test - Milk,Pregnant,0.433,160,77
08/28/2025,12052,401430,Pregnancy Test - Milk,Pregnant,0.387,166,79
08/28/2025,3868,401430,Pregnancy Test - Milk,Pregnant,0.677,239,76
08/28/2025,17390,401430,Pregnancy Test - Milk,Open,0.063,186,76
08/28/2025,2389,401430,Pregnancy Test - Milk,Pregnant,0.965,145,40
08/28/2025,19904,401430,Pregnancy Test - Milk,Pregnant,0.478,161,79
08/28/2025,19910,401430,Pregnancy Test - Milk,Pregnant,0.489,179,71
08/28/2025,7661,401430,Pregnancy Test - Milk,Pregnant,0.319,165,79
08/28/2025,3151,401430,Pregnancy Test - Milk,Pregnant,0.49,200,40
08/28/2025,18553,401430,Pregnancy Test - Milk,Pregnant,0.629,108,37
08/29/2025,15152,401430,Pregnancy Test - Milk,Open,0.024,277,44
08/29/2025,19999,401430,Pregnancy Test - Milk,Re-Check,0.108,167,85
08/29/2025,16024,401430,Pregnancy Test - Milk,Open,0.002,108,36
08/29/2025,17889,401430,Pregnancy Test - Milk,Not Tested,,187,80
08/29/2025,12929,401430,Pregnancy Test - Milk,Pregnant,0.427,257,39
08/29/2025,20044,401430,Pregnancy Test - Milk,Pregnant,0.499,166,78
08/29/2025,15209,401430,Pregnancy Test - Milk,Re-Check,0.219,209,78
08/29/2025,15661,401430,Pregnancy Test - Milk,Open,0.058,161,57
08/29/2025,13591,401430,Pregnancy Test - Milk,Re-Check,0.199,260,82
08/29/2025,15504,401430,Pregnancy Test - Milk,Pregnant,0.333,241,84
08/29/2025,20201,401430,Pregnancy Test - Milk,Open,-0.002,106,36
08/29/2025,12540,401430,Pregnancy Test - Milk,Pregnant,0.294,111,37
08/29/2025,18143,401430,Pregnancy Test - Milk,Pregnant,0.857,197,40
08/29/2025,7668,401430,Pregnancy Test - Milk,Open,0.017,168,48
08/29/2025,1628,401430,Pregnancy Test - Milk,Pregnant,0.26,107,36
08/29/2025,20175,401430,Pregnancy Test - Milk,Pregnant,0.391,108,36
08/29/2025,14429,401430,Pregnancy Test - Milk,Re-Check,0.182,294,36
08/29/2025,18260,401430,Pregnancy Test - Milk,Open,0.027,109,36
08/29/2025,17994,401430,Pregnancy Test - Milk,Pregnant,0.399,158,78
08/29/2025,5433,401430,Pregnancy Test - Milk,Pregnant,0.277,211,79
08/29/2025,17949,401430,Pregnancy Test - Milk,Open,-0.006,112,36
08/29/2025,15628,401430,Pregnancy Test - Milk,Open,0.047,121,43
08/29/2025,15762,401430,Pregnancy Test - Milk,Pregnant,0.385,181,37
08/29/2025,16148,401430,Pregnancy Test - Milk,Pregnant,0.302,109,36
08/29/2025,19995,401430,Pregnancy Test - Milk,Pregnant,0.358,161,78
08/29/2025,19900,401430,Pregnancy Test - Milk,Pregnant,0.445,163,78
08/29/2025,19953,401430,Pregnancy Test - Milk,Pregnant,0.304,163,36
08/29/2025,18457,401430,Pregnancy Test - Milk,Open,0.013,109,36
08/29/2025,13453,401430,Pregnancy Test - Milk,Pregnant,0.81,180,35
08/29/2025,20136,401430,Pregnancy Test - Milk,Open,0.051,121,38
08/29/2025,18091,401430,Pregnancy Test - Milk,Open,0,106,36
08/29/2025,20189,401430,Pregnancy Test - Milk,Pregnant,0.434,107,36
08/29/2025,12748,401430,Pregnancy Test - Milk,Pregnant,0.333,279,82
08/29/2025,15745,401430,Pregnancy Test - Milk,Re-Check,0.195,158,78
08/29/2025,15208,401430,Pregnancy Test - Milk,Open,0.042,188,35
08/29/2025,5374,401430,Pregnancy Test - Milk,Open,0.024,110,36
08/29/2025,7657,401430,Pregnancy Test - Milk,Pregnant,0.363,212,39
09/04/2025,51695,401430,Pregnancy Test - Milk,Open,0.086,128,42
09/04/2025,13431,401430,Pregnancy Test - Milk,Not Tested,,272,71
09/04/2025,53894,401430,Pregnancy Test - Milk,Open,0.075,128,42
09/04/2025,12139,401430,Pregnancy Test - Milk,Pregnant,0.674,298,70
09/04/2025,13249,401430,Pregnancy Test - Milk,Pregnant,0.259,149,70
09/04/2025,18159,401430,Pregnancy Test - Milk,Pregnant,0.772,131,35
09/04/2025,505,401430,Pregnancy Test - Milk,Not Tested,,187,71
09/04/2025,17423,401430,Pregnancy Test - Milk,Open,0.027,107,35
09/04/2025,14712,401430,Pregnancy Test - Milk,Pregnant,1.582,211,35
09/04/2025,18227,401430,Pregnancy Test - Milk,Pregnant,0.425,150,70
09/04/2025,17346,401430,Pregnancy Test - Milk,Pregnant,0.281,268,77
09/04/2025,10810,401430,Pregnancy Test - Milk,Pregnant,0.817,188,35
09/04/2025,16073,401430,Pregnancy Test - Milk,Pregnant,0.271,148,70
09/04/2025,12330,401430,Pregnancy Test - Milk,Pregnant,0.351,138,36
09/04/2025,15084,401430,Pregnancy Test - Milk,Open,0.087,290,73
09/04/2025,20445,401430,Pregnancy Test - Milk,Pregnant,1.304,147,70
09/04/2025,12053,401430,Pregnancy Test - Milk,Re-Check,0.232,132,40
09/04/2025,15103,401430,Pregnancy Test - Milk,Pregnant,0.742,148,70
09/04/2025,18181,401430,Pregnancy Test - Milk,Pregnant,1.014,108,35
09/04/2025,10895,401430,Pregnancy Test - Milk,Pregnant,0.376,121,35
09/04/2025,18145,401430,Pregnancy Test - Milk,Pregnant,0.317,149,70
09/04/2025,12043,401430,Pregnancy Test - Milk,Pregnant,1.091,287,34
09/04/2025,19099,401430,Pregnancy Test - Milk,Open,0.002,115,42
09/04/2025,9963,401430,Pregnancy Test - Milk,Pregnant,0.857,189,76
09/04/2025,18171,401430,Pregnancy Test - Milk,Pregnant,0.321,150,70
09/04/2025,15820,401430,Pregnancy Test - Milk,Pregnant,0.252,158,77
09/04/2025,9724,401430,Pregnancy Test - Milk,Pregnant,0.38,301,36
09/04/2025,11356,401430,Pregnancy Test - Milk,Pregnant,0.374,147,70
09/04/2025,15683,401430,Pregnancy Test - Milk,Pregnant,0.874,111,35
09/04/2025,17701,401430,Pregnancy Test - Milk,Pregnant,0.768,162,72
09/04/2025,18617,401430,Pregnancy Test - Milk,Not Tested,,105,35
09/04/2025,11819,401430,Pregnancy Test - Milk,Pregnant,1.193,111,35
09/04/2025,14332,401430,Pregnancy Test - Milk,Pregnant,0.834,148,70
09/04/2025,14095,401430,Pregnancy Test - Milk,Re-Check,0.238,134,52
09/04/2025,14514,401430,Pregnancy Test - Milk,Not Tested,,107,35
09/04/2025,13644,401430,Pregnancy Test - Milk,Pregnant,0.595,107,35
09/04/2025,16887,401430,Pregnancy Test - Milk,Not Tested,,177,48
09/04/2025,11046,401430,Pregnancy Test - Milk,Open,0.072,128,35
09/04/2025,13872,401430,Pregnancy Test - Milk,Pregnant,0.694,150,70
09/04/2025,9183,401430,Pregnancy Test - Milk,Open,0.016,172,35
09/04/2025,406,401430,Pregnancy Test - Milk,Pregnant,0.321,150,70
09/04/2025,12903,401430,Pregnancy Test - Milk,Pregnant,0.813,109,35
09/04/2025,11977,401430,Pregnancy Test - Milk,Pregnant,0.908,110,35
09/04/2025,5043,401430,Pregnancy Test - Milk,Pregnant,1.271,354,36
09/04/2025,14541,401430,Pregnancy Test - Milk,Pregnant,0.776,343,71
09/04/2025,16107,401430,Pregnancy Test - Milk,Pregnant,1.156,156,34
09/04/2025,15940,401430,Pregnancy Test - Milk,Re-Check,0.15,135,38
09/04/2025,13449,401430,Pregnancy Test - Milk,Pregnant,0.406,180,35
09/04/2025,737,401430,Pregnancy Test - Milk,Not Tested,,170,35
09/04/2025,12913,401430,Pregnancy Test - Milk,Not Tested,,242,41
09/04/2025,8601,401430,Pregnancy Test - Milk,Re-Check,0.108,113,42
09/04/2025,13231,401430,Pregnancy Test - Milk,Pregnant,0.624,110,35
09/04/2025,13850,401430,Pregnancy Test - Milk,Not Tested,,161,77
09/04/2025,16153,401430,Pregnancy Test - Milk,Open,0.014,162,37
09/04/2025,47941,401430,Pregnancy Test - Milk,Open,0.01,135,42
09/04/2025,5221,401430,Pregnancy Test - Milk,Open,0.03,110,35
09/04/2025,15421,401430,Pregnancy Test - Milk,Pregnant,0.637,108,35
09/04/2025,11651,401430,Pregnancy Test - Milk,Pregnant,0.698,111,35
09/04/2025,18417,401430,Pregnancy Test - Milk,Open,0.059,110,35
09/05/2025,19807,401430,Pregnancy Test - Milk,Pregnant,0.449,162,79
09/05/2025,15313,401430,Pregnancy Test - Milk,Open,0.017,113,37
09/05/2025,824990,401430,Pregnancy Test - Milk,Open,-0.039,120,44
09/05/2025,16922,401430,Pregnancy Test - Milk,Pregnant,1.334,331,38
09/05/2025,20106,401430,Pregnancy Test - Milk,Open,0.02,169,44
09/05/2025,18238,401430,Pregnancy Test - Milk,Pregnant,0.46,110,37
09/05/2025,18522,401430,Pregnancy Test - Milk,Pregnant,0.543,111,37
09/05/2025,505,401430,Pregnancy Test - Milk,Pregnant,0.537,189,73
09/05/2025,20334,401430,Pregnancy Test - Milk,Open,0.007,111,37
09/05/2025,20154,401430,Pregnancy Test - Milk,Pregnant,0.348,152,72
09/05/2025,13431,401430,Pregnancy Test - Milk,Pregnant,0.638,274,73
09/05/2025,706,401430,Pregnancy Test - Milk,Pregnant,0.379,154,72
09/05/2025,20149,401430,Pregnancy Test - Milk,Open,-0.005,171,36
09/05/2025,20159,401430,Pregnancy Test - Milk,Pregnant,0.355,159,81
09/05/2025,17889,401430,Pregnancy Test - Milk,Pregnant,2.487,194,87
09/05/2025,18000,401430,Pregnancy Test - Milk,Pregnant,1.187,184,39
09/05/2025,2371,401430,Pregnancy Test - Milk,Open,0.042,194,40
09/05/2025,20423,401430,Pregnancy Test - Milk,Open,0.035,120,44
09/05/2025,15850,401430,Pregnancy Test - Milk,Pregnant,0.448,155,72
09/05/2025,18162,401430,Pregnancy Test - Milk,Pregnant,1.356,132,36
09/05/2025,19999,401430,Pregnancy Test - Milk,Pregnant,0.291,174,92
09/05/2025,19958,401430,Pregnancy Test - Milk,Pregnant,0.319,161,78
09/05/2025,20031,401430,Pregnancy Test - Milk,Open,0.002,183,78
09/05/2025,17681,401430,Pregnancy Test - Milk,Open,0.011,187,37
09/05/2025,20153,401430,Pregnancy Test - Milk,Re-Check,0.131,111,37
09/05/2025,197958,401430,Pregnancy Test - Milk,Open,-0.015,119,44
09/05/2025,12913,401430,Pregnancy Test - Milk,Open,0.001,244,43
09/05/2025,15417,401430,Pregnancy Test - Milk,Pregnant,0.81,212,83
09/05/2025,15201,401430,Pregnancy Test - Milk,Pregnant,1.018,303,81
09/05/2025,15891,401430,Pregnancy Test - Milk,Pregnant,0.348,156,72
09/05/2025,16123,401430,Pregnancy Test - Milk,Not Tested,,118,44
09/05/2025,18617,401430,Pregnancy Test - Milk,Pregnant,0.792,107,37
09/05/2025,15951,401430,Pregnancy Test - Milk,Open,0.073,159,78
09/05/2025,14072,401430,Pregnancy Test - Milk,Pregnant,1.143,186,39
09/05/2025,14429,401430,Pregnancy Test - Milk,Re-Check,0.241,301,43
09/05/2025,13693,401430,Pregnancy Test - Milk,Pregnant,0.448,189,82
09/05/2025,20165,401430,Pregnancy Test - Milk,Pregnant,0.43,150,72
09/05/2025,16025,401430,Pregnancy Test - Milk,Open,0.028,113,37
09/05/2025,3900,401430,Pregnancy Test - Milk,Pregnant,0.314,228,75
09/05/2025,14121,401430,Pregnancy Test - Milk,Open,0.01,274,36
09/05/2025,18878,401430,Pregnancy Test - Milk,Pregnant,1.056,111,36
09/05/2025,13609,401430,Pregnancy Test - Milk,Pregnant,1.265,138,38
09/05/2025,17776,401430,Pregnancy Test - Milk,Open,0.002,133,38
09/05/2025,13850,401430,Pregnancy Test - Milk,Pregnant,0.755,163,79
09/05/2025,17476,401430,Pregnancy Test - Milk,Re-Check,0.179,253,37
09/05/2025,14069,401430,Pregnancy Test - Milk,Pregnant,1.422,111,37
09/05/2025,20032,401430,Pregnancy Test - Milk,Pregnant,1.55,139,39
09/05/2025,17821,401430,Pregnancy Test - Milk,Open,0.015,109,37
09/05/2025,17123,401430,Pregnancy Test - Milk,Pregnant,0.528,179,42
09/05/2025,13869,401430,Pregnancy Test - Milk,Open,-0.008,106,36
09/05/2025,15390,401430,Pregnancy Test - Milk,Open,0.007,217,36
09/05/2025,20309,401430,Pregnancy Test - Milk,Pregnant,1.495,112,37
09/05/2025,17487,401430,Pregnancy Test - Milk,Open,0.019,148,42
09/05/2025,20102,401430,Pregnancy Test - Milk,Pregnant,0.701,158,79
09/05/2025,3814,401430,Pregnancy Test - Milk,Re-Check,0.106,236,37
09/05/2025,12219,401430,Pregnancy Test - Milk,Pregnant,0.992,107,37
09/05/2025,19965,401430,Pregnancy Test - Milk,Pregnant,0.773,110,36
09/05/2025,18692,401430,Pregnancy Test - Milk,Open,0.016,107,36
09/05/2025,15890,401430,Pregnancy Test - Milk,Pregnant,0.506,108,36
09/05/2025,2227,401430,Pregnancy Test - Milk,Pregnant,0.989,185,37
09/05/2025,20007,401430,Pregnancy Test - Milk,Pregnant,1.802,113,37
09/05/2025,18264,401430,Pregnancy Test - Milk,Pregnant,0.348,167,37
09/05/2025,737,401430,Pregnancy Test - Milk,Pregnant,0.412,172,37
09/05/2025,19739,401430,Pregnancy Test - Milk,Pregnant,0.979,190,37
09/05/2025,20648,401430,Pregnancy Test - Milk,Open,0.018,109,36
09/05/2025,825237,401430,Pregnancy Test - Milk,Open,-0.013,119,41
09/05/2025,19731,401430,Pregnancy Test - Milk,Open,0.049,206,37
09/05/2025,18218,401430,Pregnancy Test - Milk,Pregnant,0.341,155,72
09/05/2025,19763,401430,Pregnancy Test - Milk,Pregnant,0.332,207,72
09/05/2025,19909,401430,Pregnancy Test - Milk,Pregnant,1.146,165,79
09/05/2025,19861,401430,Pregnancy Test - Milk,Pregnant,2.061,170,86
09/05/2025,16307,401430,Pregnancy Test - Milk,Open,0.066,112,37
09/05/2025,14514,401430,Pregnancy Test - Milk,Open,0.006,109,37
09/05/2025,15209,401430,Pregnancy Test - Milk,Pregnant,0.984,216,85
09/05/2025,15449,401430,Pregnancy Test - Milk,Pregnant,0.384,135,36
09/05/2025,20264,401430,Pregnancy Test - Milk,Pregnant,0.772,111,37
09/05/2025,20275,401430,Pregnancy Test - Milk,Open,0.009,111,37
09/05/2025,20115,401430,Pregnancy Test - Milk,Pregnant,1.987,159,79
09/05/2025,19397,401430,Pregnancy Test - Milk,Pregnant,0.426,244,77
09/05/2025,16887,401430,Pregnancy Test - Milk,Re-Check,0.196,179,50
09/05/2025,17463,401430,Pregnancy Test - Milk,Pregnant,0.49,113,37
09/05/2025,15128,401430,Pregnancy Test - Milk,Pregnant,0.795,134,42
09/05/2025,20284,401430,Pregnancy Test - Milk,Open,0.016,141,38
09/05/2025,16904,401430,Pregnancy Test - Milk,Open,0.016,161,36
09/05/2025,999999,401430,Pregnancy Test - Milk,Pregnant,0.95,114,44
09/05/2025,20038,401430,Pregnancy Test - Milk,Pregnant,1.571,186,38
09/05/2025,19747,401430,Pregnancy Test - Milk,Pregnant,1.935,217,37
09/05/2025,20558,401430,Pregnancy Test - Milk,Open,-0.003,118,44
09/05/2025,17080,401430,Pregnancy Test - Milk,Open,-0.007,168,37
09/05/2025,16592,401430,Pregnancy Test - Milk,Pregnant,0.541,316,42
09/05/2025,18445,401430,Pregnancy Test - Milk,Open,-0.009,110,37
09/05/2025,17398,401430,Pregnancy Test - Milk,Pregnant,0.458,132,42
09/05/2025,15277,401430,Pregnancy Test - Milk,Open,0.07,255,39
09/05/2025,20010,401430,Pregnancy Test - Milk,Pregnant,0.431,146,81
09/05/2025,20056,401430,Pregnancy Test - Milk,Open,-0.014,113,37
09/05/2025,20168,401430,Pregnancy Test - Milk,Open,0.011,110,37
09/05/2025,2261,401430,Pregnancy Test - Milk,Open,-0.007,107,37
09/05/2025,13916,401430,Pregnancy Test - Milk,Pregnant,0.463,160,79
09/05/2025,18365,401430,Pregnancy Test - Milk,Pregnant,0.979,111,37
09/05/2025,18409,401430,Pregnancy Test - Milk,Open,-0.007,113,37
09/05/2025,20379,401430,Pregnancy Test - Milk,Pregnant,1.723,113,37
09/05/2025,3630,401430,Pregnancy Test - Milk,Pregnant,0.382,113,37
09/05/2025,20225,401430,Pregnancy Test - Milk,Pregnant,0.7,159,79
09/05/2025,19894,401430,Pregnancy Test - Milk,Pregnant,1.051,150,72
09/05/2025,12677,401430,Pregnancy Test - Milk,Pregnant,0.447,192,43
09/05/2025,15763,401430,Pregnancy Test - Milk,Pregnant,0.701,113,37
09/05/2025,17720,401430,Pregnancy Test - Milk,Pregnant,1.532,189,36
09/05/2025,19996,401430,Pregnancy Test - Milk,Pregnant,0.955,168,37
09/05/2025,813161,401430,Pregnancy Test - Milk,Open,0.039,115,44
09/05/2025,20065,401430,Pregnancy Test - Milk,Pregnant,1.556,111,37
09/05/2025,17815,401430,Pregnancy Test - Milk,Open,0.015,179,44
09/05/2025,19919,401430,Pregnancy Test - Milk,Open,0.09,116,44
09/05/2025,15452,401430,Pregnancy Test - Milk,Open,0.007,186,39
09/05/2025,16159,401430,Pregnancy Test - Milk,Re-Check,0.107,108,37
09/05/2025,13591,401430,Pregnancy Test - Milk,Pregnant,0.292,267,89
09/05/2025,19792,401430,Pregnancy Test - Milk,Open,-0.006,209,38
09/05/2025,13213,401430,Pregnancy Test - Milk,Pregnant,0.859,219,36
09/05/2025,15523,401430,Pregnancy Test - Milk,Pregnant,0.338,254,81
09/05/2025,20263,401430,Pregnancy Test - Milk,Open,-0.014,107,36
09/05/2025,20103,401430,Pregnancy Test - Milk,Open,0.012,111,37
09/05/2025,19438,401430,Pregnancy Test - Milk,Pregnant,0.716,172,86
09/05/2025,814119,401430,Pregnancy Test - Milk,Open,0.005,122,43
09/05/2025,17901,401430,Pregnancy Test - Milk,Re-Check,0.106,150,50
09/05/2025,19120,401430,Pregnancy Test - Milk,Pregnant,0.984,265,85
09/05/2025,3842,401430,Pregnancy Test - Milk,Open,0.075,107,37
09/05/2025,18113,401430,Pregnancy Test - Milk,Pregnant,0.362,152,72
09/05/2025,15743,401430,Pregnancy Test - Milk,Pregnant,0.562,107,37
09/05/2025,19925,401430,Pregnancy Test - Milk,Open,-0.007,182,37
09/05/2025,15745,401430,Pregnancy Test - Milk,Pregnant,0.262,165,85
09/05/2025,19550,401430,Pregnancy Test - Milk,Open,0.01,299,41
09/05/2025,20087,401430,Pregnancy Test - Milk,Pregnant,0.86,118,44
09/05/2025,17707,401430,Pregnancy Test - Milk,Open,0.007,156,72
09/11/2025,753,401430,Pregnancy Test - Milk,Pregnant,0.27,180,75
09/11/2025,2150,401430,Pregnancy Test - Milk,Pregnant,0.513,111,35
09/11/2025,14951,401430,Pregnancy Test - Milk,Re-Check,0.107,107,35
09/11/2025,13882,401430,Pregnancy Test - Milk,Pregnant,0.508,112,36
09/11/2025,20064,401430,Pregnancy Test - Milk,Pregnant,1.257,130,35
09/11/2025,20274,401430,Pregnancy Test - Milk,Open,0.013,108,35
09/11/2025,20172,401430,Pregnancy Test - Milk,Pregnant,0.862,128,36
09/11/2025,5208,401430,Pregnancy Test - Milk,Pregnant,0.489,132,39
09/11/2025,13062,401430,Pregnancy Test - Milk,Pregnant,0.261,225,73
09/11/2025,14007,401430,Pregnancy Test - Milk,Pregnant,0.295,145,70
09/11/2025,14378,401430,Pregnancy Test - Milk,Re-Check,0.12,146,70
09/11/2025,14109,401430,Pregnancy Test - Milk,Pregnant,0.376,106,35
09/11/2025,20061,401430,Pregnancy Test - Milk,Pregnant,0.629,128,36
09/11/2025,15371,401430,Pregnancy Test - Milk,Re-Check,0.217,204,72
09/11/2025,20094,401430,Pregnancy Test - Milk,Pregnant,1.521,126,35
09/11/2025,2324,401430,Pregnancy Test - Milk,Pregnant,0.594,106,35
09/11/2025,17335,401430,Pregnancy Test - Milk,Open,0.009,106,35
09/11/2025,13887,401430,Pregnancy Test - Milk,Pregnant,1.195,194,37
09/11/2025,15584,401430,Pregnancy Test - Milk,Pregnant,0.373,216,71
09/11/2025,17482,401430,Pregnancy Test - Milk,Open,0.043,250,39
09/11/2025,17332,401430,Pregnancy Test - Milk,Pregnant,0.61,111,35
09/11/2025,19769,401430,Pregnancy Test - Milk,Pregnant,2.397,195,91
09/11/2025,9087,401430,Pregnancy Test - Milk,Pregnant,1.738,154,34
09/11/2025,17539,401430,Pregnancy Test - Milk,Pregnant,1.09,255,39
09/11/2025,2230,401430,Pregnancy Test - Milk,Pregnant,0.708,190,76
09/11/2025,20297,401430,Pregnancy Test - Milk,Pregnant,1.51,110,35
09/11/2025,17740,401430,Pregnancy Test - Milk,Pregnant,0.876,224,35
09/11/2025,18527,401430,Pregnancy Test - Milk,Pregnant,0.619,108,35
09/11/2025,12934,401430,Pregnancy Test - Milk,Open,0.066,260,39
09/11/2025,13225,401430,Pregnancy Test - Milk,Pregnant,0.333,261,70
09/11/2025,20451,401430,Pregnancy Test - Milk,Re-Check,0.194,144,70
09/11/2025,14353,401430,Pregnancy Test - Milk,Pregnant,1.147,129,37
09/11/2025,12359,401430,Pregnancy Test - Milk,Pregnant,0.896,105,35
09/11/2025,14668,401430,Pregnancy Test - Milk,Pregnant,0.441,172,91
09/11/2025,19191,401430,Pregnancy Test - Milk,Pregnant,0.837,272,37
09/11/2025,17140,401430,Pregnancy Test - Milk,Re-Check,0.117,204,35
09/11/2025,16555,401430,Pregnancy Test - Milk,Pregnant,1.177,109,36
09/11/2025,19734,401430,Pregnancy Test - Milk,Pregnant,0.458,220,78
09/11/2025,7631,401430,Pregnancy Test - Milk,Open,0.02,186,37
09/11/2025,19852,401430,Pregnancy Test - Milk,Pregnant,0.852,166,84
09/11/2025,506,401430,Pregnancy Test - Milk,Pregnant,0.515,189,72
09/11/2025,18193,401430,Pregnancy Test - Milk,Re-Check,0.153,161,77
09/11/2025,4110,401430,Pregnancy Test - Milk,Pregnant,0.321,215,71
09/11/2025,19779,401430,Pregnancy Test - Milk,Pregnant,0.69,158,77
09/11/2025,11370,401430,Pregnancy Test - Milk,Pregnant,0.397,192,72
09/11/2025,17690,401430,Pregnancy Test - Milk,Pregnant,0.65,204,35
09/11/2025,17665,401430,Pregnancy Test - Milk,Pregnant,1.035,202,35
09/11/2025,12877,401430,Pregnancy Test - Milk,Pregnant,0.696,216,36
09/11/2025,20563,401430,Pregnancy Test - Milk,Pregnant,0.42,131,36
09/11/2025,825098,401430,Pregnancy Test - Milk,Pregnant,0.431,128,35
09/11/2025,20236,401430,Pregnancy Test - Milk,Open,0.012,108,35
09/11/2025,17919,401430,Pregnancy Test - Milk,Pregnant,0.955,109,35
09/11/2025,10509,401430,Pregnancy Test - Milk,Pregnant,0.579,130,34
09/11/2025,18389,401430,Pregnancy Test - Milk,Pregnant,0.739,150,70
09/11/2025,17975,401430,Pregnancy Test - Milk,Pregnant,0.604,105,35
09/11/2025,15893,401430,Pregnancy Test - Milk,Pregnant,0.371,111,35
09/11/2025,20260,401430,Pregnancy Test - Milk,Open,0.005,105,35
09/11/2025,8601,401430,Pregnancy Test - Milk,Re-Check,0.123,120,49
09/11/2025,14095,401430,Pregnancy Test - Milk,Re-Check,0.196,141,59
09/11/2025,18528,401430,Pregnancy Test - Milk,Pregnant,1.444,109,35
09/11/2025,17779,401430,Pregnancy Test - Milk,Pregnant,0.285,228,71
09/11/2025,12688,401430,Pregnancy Test - Milk,Pregnant,0.567,246,73
09/11/2025,13677,401430,Pregnancy Test - Milk,Pregnant,0.611,169,35
09/11/2025,16887,401430,Pregnancy Test - Milk,Re-Check,0.166,184,55
09/11/2025,18634,401430,Pregnancy Test - Milk,Open,0,105,35
09/11/2025,15779,401430,Pregnancy Test - Milk,Pregnant,0.909,115,39
09/11/2025,14204,401430,Pregnancy Test - Milk,Pregnant,0.345,279,75
09/11/2025,10669,401430,Pregnancy Test - Milk,Pregnant,0.269,118,37
09/11/2025,18462,401430,Pregnancy Test - Milk,Pregnant,1.278,106,35
09/11/2025,13841,401430,Pregnancy Test - Milk,Pregnant,0.664,105,35
09/11/2025,13034,401430,Pregnancy Test - Milk,Re-Check,0.195,136,38
09/11/2025,6816,401430,Pregnancy Test - Milk,Open,0.052,146,36
09/11/2025,9734,401430,Pregnancy Test - Milk,Re-Check,0.156,205,70
09/11/2025,14416,401430,Pregnancy Test - Milk,Pregnant,0.318,150,70
09/11/2025,17314,401430,Pregnancy Test - Milk,Pregnant,0.569,111,35
09/11/2025,18097,401430,Pregnancy Test - Milk,Pregnant,0.367,104,35
09/11/2025,15785,401430,Pregnancy Test - Milk,Pregnant,0.598,167,84
09/11/2025,19907,401430,Pregnancy Test - Milk,Pregnant,1.027,178,91
09/11/2025,14292,401430,Pregnancy Test - Milk,Pregnant,0.29,165,84
09/11/2025,17795,401430,Pregnancy Test - Milk,Pregnant,0.794,203,38
09/11/2025,18380,401430,Pregnancy Test - Milk,Pregnant,0.489,151,70
09/11/2025,15515,401430,Pregnancy Test - Milk,Pregnant,0.914,120,39
09/11/2025,15935,401430,Pregnancy Test - Milk,Pregnant,1.625,184,37
09/11/2025,8960,401430,Pregnancy Test - Milk,Re-Check,0.11,145,70
09/11/2025,18624,401430,Pregnancy Test - Milk,Pregnant,1.064,108,35
09/11/2025,17901,401430,Pregnancy Test - Milk,Open,0.048,155,55
09/11/2025,11473,401430,Pregnancy Test - Milk,Pregnant,0.413,135,36
09/11/2025,12766,401430,Pregnancy Test - Milk,Re-Check,0.184,190,71
09/11/2025,20153,401430,Pregnancy Test - Milk,Open,0.04,116,42
09/11/2025,19656,401430,Pregnancy Test - Milk,Pregnant,0.552,206,72
09/11/2025,14141,401430,Pregnancy Test - Milk,Pregnant,1.154,291,39
09/11/2025,13536,401430,Pregnancy Test - Milk,Pregnant,0.582,108,35
09/11/2025,15246,401430,Pregnancy Test - Milk,Pregnant,0.353,151,70
09/11/2025,14473,401430,Pregnancy Test - Milk,Pregnant,0.628,149,70
09/11/2025,17291,401430,Pregnancy Test - Milk,Pregnant,0.445,206,71
09/11/2025,5270,401430,Pregnancy Test - Milk,Pregnant,0.34,152,70
09/11/2025,9933,401430,Pregnancy Test - Milk,Re-Check,0.184,151,70
09/11/2025,15774,401430,Pregnancy Test - Milk,Pregnant,0.669,110,35
09/11/2025,13909,401430,Pregnancy Test - Milk,Pregnant,0.427,197,39
09/11/2025,1538,401430,Pregnancy Test - Milk,Pregnant,0.73,130,35
09/11/2025,13265,401430,Pregnancy Test - Milk,Pregnant,0.572,292,74
09/11/2025,15869,401430,Pregnancy Test - Milk,Open,0.029,105,35
09/11/2025,18368,401430,Pregnancy Test - Milk,Pregnant,1.223,111,35
09/11/2025,17619,401430,Pregnancy Test - Milk,Pregnant,0.458,280,77
09/11/2025,20595,401430,Pregnancy Test - Milk,Re-Check,0.133,109,35
09/11/2025,15081,401430,Pregnancy Test - Milk,Open,0.001,163,35
09/11/2025,12992,401430,Pregnancy Test - Milk,Open,0.067,175,42
09/11/2025,19483,401430,Pregnancy Test - Milk,Pregnant,1.488,265,42
09/11/2025,13119,401430,Pregnancy Test - Milk,Pregnant,1.035,298,39
09/11/2025,14027,401430,Pregnancy Test - Milk,Open,0.029,316,91
09/11/2025,18071,401430,Pregnancy Test - Milk,Re-Check,0.127,193,105
09/11/2025,20549,401430,Pregnancy Test - Milk,Pregnant,1.025,110,35
09/11/2025,19596,401430,Pregnancy Test - Milk,Pregnant,0.574,214,41
09/11/2025,13712,401430,Pregnancy Test - Milk,Pregnant,POS,191,35
09/11/2025,14486,401430,Pregnancy Test - Milk,Pregnant,0.381,107,35
09/11/2025,14667,401430,Pregnancy Test - Milk,Re-Check,0.229,107,35
09/11/2025,15101,401430,Pregnancy Test - Milk,Pregnant,1.325,310,35
09/11/2025,17799,401430,Pregnancy Test - Milk,Pregnant,0.371,107,35
09/11/2025,1640,401430,Pregnancy Test - Milk,Pregnant,1.252,111,35
09/11/2025,7515,401430,Pregnancy Test - Milk,Pregnant,0.959,164,84
09/11/2025,15478,401430,Pregnancy Test - Milk,Pregnant,1.134,155,39
09/11/2025,20670,401430,Pregnancy Test - Milk,Pregnant,1.215,109,35
09/11/2025,12053,401430,Pregnancy Test - Milk,Re-Check,0.112,139,47
09/11/2025,14096,401430,Pregnancy Test - Milk,Pregnant,1.778,111,35
09/11/2025,11837,401430,Pregnancy Test - Milk,Re-Check,0.154,151,70
09/11/2025,17145,401430,Pregnancy Test - Milk,Re-Check,0.113,251,39
09/11/2025,13555,401430,Pregnancy Test - Milk,Open,-0.005,213,35
09/11/2025,15933,401430,Pregnancy Test - Milk,Open,0.001,168,37
09/11/2025,20123,401430,Pregnancy Test - Milk,Pregnant,0.47,155,77
09/11/2025,18164,401430,Pregnancy Test - Milk,Open,0.018,111,35
09/11/2025,5091,401430,Pregnancy Test - Milk,Pregnant,0.912,126,34
09/11/2025,14751,401430,Pregnancy Test - Milk,Pregnant,0.373,330,39
09/11/2025,15529,401430,Pregnancy Test - Milk,Pregnant,1.121,148,70
09/11/2025,16123,401430,Pregnancy Test - Milk,Pregnant,0.57,123,49
09/11/2025,17885,401430,Pregnancy Test - Milk,Pregnant,0.322,174,71
09/11/2025,17786,401430,Pregnancy Test - Milk,Pregnant,1.017,216,35
09/11/2025,11573,401430,Pregnancy Test - Milk,Pregnant,0.734,106,35
09/11/2025,9428,401430,Pregnancy Test - Milk,Re-Check,0.23,147,70
09/11/2025,9981,401430,Pregnancy Test - Milk,Pregnant,0.581,107,35
09/11/2025,15804,401430,Pregnancy Test - Milk,Pregnant,0.723,152,70
09/11/2025,15000,401430,Pregnancy Test - Milk,Pregnant,0.945,162,84
09/11/2025,3814,401430,Pregnancy Test - Milk,Open,0.091,241,42
09/11/2025,16565,401430,Pregnancy Test - Milk,Pregnant,0.578,210,81
09/11/2025,12280,401430,Pregnancy Test - Milk,Pregnant,0.644,109,35
09/11/2025,11726,401430,Pregnancy Test - Milk,Pregnant,0.705,214,34
09/11/2025,16967,401430,Pregnancy Test - Milk,Pregnant,0.801,322,35
09/11/2025,19184,401430,Pregnancy Test - Milk,Pregnant,0.921,189,34
09/11/2025,20068,401430,Pregnancy Test - Milk,Open,-0.002,170,35
09/11/2025,17472,401430,Pregnancy Test - Milk,Open,0.009,232,39
09/11/2025,19580,401430,Pregnancy Test - Milk,Pregnant,0.951,266,32
09/11/2025,18478,401430,Pregnancy Test - Milk,Pregnant,1.162,106,35
09/12/2025,13894,401430,Pregnancy Test - Milk,Pregnant,1.164,197,84
09/12/2025,14429,401430,Pregnancy Test - Milk,Pregnant,0.475,308,50
09/12/2025,20473,401430,Pregnancy Test - Milk,Open,0.012,108,36
09/12/2025,17599,401430,Pregnancy Test - Milk,Open,0.013,165,36
09/12/2025,15480,401430,Pregnancy Test - Milk,Re-Check,0.217,245,78
09/12/2025,15612,401430,Pregnancy Test - Milk,Open,0.014,210,36
09/12/2025,18045,401430,Pregnancy Test - Milk,Re-Check,0.185,161,35
09/12/2025,15215,401430,Pregnancy Test - Milk,Open,0.033,109,36
09/12/2025,18564,401430,Pregnancy Test - Milk,Open,0.008,107,36
09/12/2025,20277,401430,Pregnancy Test - Milk,Pregnant,0.661,108,36
09/12/2025,15586,401430,Pregnancy Test - Milk,Pregnant,0.548,212,82
09/12/2025,18671,401430,Pregnancy Test - Milk,Pregnant,0.728,108,36
09/12/2025,18484,401430,Pregnancy Test - Milk,Pregnant,0.304,112,36
09/12/2025,12462,401430,Pregnancy Test - Milk,Pregnant,0.407,212,38
09/12/2025,17019,401430,Pregnancy Test - Milk,Open,0.05,211,38
09/12/2025,20105,401430,Pregnancy Test - Milk,Pregnant,0.849,137,38
09/12/2025,14132,401430,Pregnancy Test - Milk,Pregnant,0.311,191,84
09/12/2025,20564,401430,Pregnancy Test - Milk,Pregnant,0.538,107,36
09/12/2025,5269,401430,Pregnancy Test - Milk,Re-Check,0.149,155,78
09/12/2025,7637,401430,Pregnancy Test - Milk,Re-Check,0.201,161,78
09/12/2025,17973,401430,Pregnancy Test - Milk,Re-Check,0.2,194,84
09/12/2025,19744,401430,Pregnancy Test - Milk,Open,0.013,167,36
09/18/2025,10068,401430,Pregnancy Test - Milk,Pregnant,0.447,143,70
09/18/2025,8918,401430,Pregnancy Test - Milk,Pregnant,0.498,355,76
09/18/2025,9428,401430,Pregnancy Test - Milk,Pregnant,0.395,154,77
09/18/2025,8960,401430,Pregnancy Test - Milk,Re-Check,0.167,152,77
09/18/2025,16043,401430,Pregnancy Test - Milk,Pregnant,0.58,159,73
09/18/2025,5064,401430,Pregnancy Test - Milk,Re-Check,0.112,111,36
09/18/2025,12048,401430,Pregnancy Test - Milk,Pregnant,0.303,137,38
09/18/2025,17589,401430,Pregnancy Test - Milk,Open,0.032,245,35
09/18/2025,9734,401430,Pregnancy Test - Milk,Pregnant,0.922,212,77
09/18/2025,13169,401430,Pregnancy Test - Milk,Pregnant,0.614,175,38
09/18/2025,13034,401430,Pregnancy Test - Milk,Pregnant,0.306,143,45
09/18/2025,18377,401430,Pregnancy Test - Milk,Pregnant,1.205,145,70
09/18/2025,13427,401430,Pregnancy Test - Milk,Pregnant,0.271,165,37
09/18/2025,14095,401430,Pregnancy Test - Milk,Pregnant,0.253,148,66
09/18/2025,18517,401430,Pregnancy Test - Milk,Pregnant,0.955,108,35
09/18/2025,12547,401430,Pregnancy Test - Milk,Open,0,164,36
09/18/2025,17844,401430,Pregnancy Test - Milk,Pregnant,0.352,107,35
09/18/2025,11484,401430,Pregnancy Test - Milk,Pregnant,0.451,162,35
09/18/2025,13472,401430,Pregnancy Test - Milk,Pregnant,0.596,108,35
09/18/2025,54039,401430,Pregnancy Test - Milk,Pregnant,1.397,143,34
09/18/2025,12160,401430,Pregnancy Test - Milk,Pregnant,0.532,149,70
09/18/2025,11087,401430,Pregnancy Test - Milk,Re-Check,0.243,146,70
09/18/2025,14898,401430,Pregnancy Test - Milk,Pregnant,0.529,314,76
09/18/2025,17679,401430,Pregnancy Test - Milk,Open,0.041,211,34
09/18/2025,11837,401430,Pregnancy Test - Milk,Pregnant,0.279,158,77
09/18/2025,18551,401430,Pregnancy Test - Milk,Open,0.039,107,35
09/18/2025,5349,401430,Pregnancy Test - Milk,Re-Check,0.215,143,70
09/18/2025,10962,401430,Pregnancy Test - Milk,Pregnant,0.448,221,71
09/18/2025,15147,401430,Pregnancy Test - Milk,Pregnant,0.34,178,76
09/18/2025,20451,401430,Pregnancy Test - Milk,Pregnant,0.344,151,77
09/18/2025,5047,401430,Pregnancy Test - Milk,Open,0.024,143,70
09/18/2025,8601,401430,Pregnancy Test - Milk,Re-Check,0.2,127,56
09/18/2025,2564,401430,Pregnancy Test - Milk,Pregnant,0.725,161,39
09/18/2025,12053,401430,Pregnancy Test - Milk,Open,-0.003,146,54
09/18/2025,14896,401430,Pregnancy Test - Milk,Open,0.023,323,35
09/18/2025,54290,401430,Pregnancy Test - Milk,Pregnant,1.519,133,34
09/18/2025,13399,401430,Pregnancy Test - Milk,Open,0.085,132,40
09/18/2025,10184,401430,Pregnancy Test - Milk,Pregnant,0.395,111,35
09/18/2025,9933,401430,Pregnancy Test - Milk,Re-Check,0.198,158,77
09/18/2025,15809,401430,Pregnancy Test - Milk,Pregnant,0.814,107,35
09/18/2025,17782,401430,Pregnancy Test - Milk,Pregnant,0.732,150,70
09/18/2025,15702,401430,Pregnancy Test - Milk,Pregnant,0.469,168,35
09/18/2025,13975,401430,Pregnancy Test - Milk,Re-Check,0.127,160,35
09/18/2025,10103,401430,Pregnancy Test - Milk,Open,0.001,277,38
09/18/2025,9446,401430,Pregnancy Test - Milk,Pregnant,0.682,143,70
09/18/2025,9636,401430,Pregnancy Test - Milk,Open,0.048,111,35
09/18/2025,14915,401430,Pregnancy Test - Milk,Pregnant,0.698,110,35
09/19/2025,20252,401430,Pregnancy Test - Milk,Pregnant,1.165,108,38
09/19/2025,15684,401430,Pregnancy Test - Milk,Pregnant,1.549,178,92
09/19/2025,17777,401430,Pregnancy Test - Milk,Pregnant,0.365,150,71
09/19/2025,18151,401430,Pregnancy Test - Milk,Pregnant,1.307,152,35
09/19/2025,18178,401430,Pregnancy Test - Milk,Pregnant,0.561,161,42
09/19/2025,19959,401430,Pregnancy Test - Milk,Pregnant,1.389,148,71
09/19/2025,17096,401430,Pregnancy Test - Milk,Pregnant,0.579,208,76
09/19/2025,20078,401430,Pregnancy Test - Milk,Pregnant,1.163,160,78
09/19/2025,20302,401430,Pregnancy Test - Milk,Pregnant,1.809,157,78
09/19/2025,15896,401430,Pregnancy Test - Milk,Pregnant,0.441,153,78
09/19/2025,14094,401430,Pregnancy Test - Milk,Pregnant,POS,111,36
09/19/2025,19982,401430,Pregnancy Test - Milk,Pregnant,2.018,138,40
09/19/2025,20450,401430,Pregnancy Test - Milk,Open,-0.01,106,36
09/19/2025,15406,401430,Pregnancy Test - Milk,Open,0.008,112,36
09/19/2025,20448,401430,Pregnancy Test - Milk,Pregnant,1.363,106,36
09/19/2025,1609,401430,Pregnancy Test - Milk,Pregnant,0.408,230,81
09/19/2025,19978,401430,Pregnancy Test - Milk,Pregnant,POS,108,36
09/19/2025,17387,401430,Pregnancy Test - Milk,Open,0.01,107,0
09/19/2025,17940,401430,Pregnancy Test - Milk,Pregnant,0.378,160,78
09/19/2025,14076,401430,Pregnancy Test - Milk,Pregnant,0.915,162,41
09/19/2025,19878,401430,Pregnancy Test - Milk,Open,0.022,204,36
09/19/2025,18305,401430,Pregnancy Test - Milk,Pregnant,1.198,153,78
09/19/2025,7663,401430,Pregnancy Test - Milk,Open,-0.013,194,36
09/19/2025,13734,401430,Pregnancy Test - Milk,Pregnant,0.582,108,36
09/19/2025,16338,401430,Pregnancy Test - Milk,Pregnant,1.477,107,36
09/19/2025,20255,401430,Pregnancy Test - Milk,Open,0.05,110,36
09/19/2025,14215,401430,Pregnancy Test - Milk,Open,-0.01,109,36
09/19/2025,20021,401430,Pregnancy Test - Milk,Open,0.029,112,36
09/19/2025,18042,401430,Pregnancy Test - Milk,Pregnant,0.995,169,36
09/19/2025,15476,401430,Pregnancy Test - Milk,Pregnant,0.525,236,73
09/19/2025,20029,401430,Pregnancy Test - Milk,Pregnant,1.713,182,71
09/19/2025,20625,401430,Pregnancy Test - Milk,Pregnant,1.123,112,36
09/19/2025,13571,401430,Pregnancy Test - Milk,Open,-0.005,144,71
09/19/2025,16915,401430,Pregnancy Test - Milk,Open,0.009,143,0
09/19/2025,19855,401430,Pregnancy Test - Milk,Pregnant,1.078,200,73
09/19/2025,19821,401430,Pregnancy Test - Milk,Pregnant,0.939,166,36
09/19/2025,18670,401430,Pregnancy Test - Milk,Pregnant,0.875,106,36
09/19/2025,20325,401430,Pregnancy Test - Milk,Pregnant,1.384,112,36
09/19/2025,17576,401430,Pregnancy Test - Milk,Pregnant,0.799,110,36
09/19/2025,20015,401430,Pregnancy Test - Milk,Pregnant,1.14,199,41
09/19/2025,17696,401430,Pregnancy Test - Milk,Pregnant,0.534,143,71
09/19/2025,19518,401430,Pregnancy Test - Milk,Pregnant,1.171,258,77
09/19/2025,18133,401430,Pregnancy Test - Milk,Pregnant,0.516,145,71
09/19/2025,18158,401430,Pregnancy Test - Milk,Pregnant,0.312,192,36
09/19/2025,16941,401430,Pregnancy Test - Milk,Re-Check,0.131,138,41
09/19/2025,12804,401430,Pregnancy Test - Milk,Pregnant,0.933,286,36
09/19/2025,17642,401430,Pregnancy Test - Milk,Pregnant,0.336,108,36
09/19/2025,2381,401430,Pregnancy Test - Milk,Pregnant,0.848,206,71
09/19/2025,18747,401430,Pregnancy Test - Milk,Pregnant,2.237,111,37
09/19/2025,17797,401430,Pregnancy Test - Milk,Pregnant,0.814,159,78
09/19/2025,18324,401430,Pregnancy Test - Milk,Pregnant,0.543,146,71
09/19/2025,14688,401430,Pregnancy Test - Milk,Open,0.008,163,36
09/19/2025,20109,401430,Pregnancy Test - Milk,Re-Check,0.184,157,78
09/19/2025,5256,401430,Pregnancy Test - Milk,Pregnant,2.022,162,40
09/19/2025,12270,401430,Pregnancy Test - Milk,Pregnant,0.76,258,71
09/19/2025,17221,401430,Pregnancy Test - Milk,Pregnant,0.32,132,38
09/19/2025,18010,401430,Pregnancy Test - Milk,Pregnant,1.745,183,78
09/19/2025,15020,401430,Pregnancy Test - Milk,Pregnant,0.569,305,37
09/19/2025,18544,401430,Pregnancy Test - Milk,Pregnant,0.31,128,35
09/19/2025,15581,401430,Pregnancy Test - Milk,Pregnant,0.36,192,40
09/19/2025,20336,401430,Pregnancy Test - Milk,Pregnant,0.846,149,71
09/19/2025,13423,401430,Pregnancy Test - Milk,Pregnant,0.311,239,77
09/19/2025,15556,401430,Pregnancy Test - Milk,Pregnant,0.818,154,78
09/19/2025,18166,401430,Pregnancy Test - Milk,Pregnant,0.637,106,36
09/19/2025,15790,401430,Pregnancy Test - Milk,Pregnant,0.993,112,36
09/19/2025,20396,401430,Pregnancy Test - Milk,Pregnant,0.829,120,38
09/19/2025,12206,401430,Pregnancy Test - Milk,Pregnant,0.297,144,71
09/19/2025,2383,401430,Pregnancy Test - Milk,Pregnant,1.683,129,37
09/19/2025,20298,401430,Pregnancy Test - Milk,Open,0,146,35
09/19/2025,20633,401430,Pregnancy Test - Milk,Open,-0.002,109,36
09/19/2025,2339,401430,Pregnancy Test - Milk,Pregnant,1.203,185,78
09/19/2025,20233,401430,Pregnancy Test - Milk,Pregnant,0.466,157,78
09/19/2025,18193,401430,Pregnancy Test - Milk,Pregnant,0.281,169,85
09/19/2025,1496,401430,Pregnancy Test - Milk,Pregnant,0.436,208,0
09/19/2025,13838,401430,Pregnancy Test - Milk,Pregnant,0.855,186,76
09/19/2025,16887,401430,Pregnancy Test - Milk,Pregnant,0.36,192,63
09/19/2025,12346,401430,Pregnancy Test - Milk,Pregnant,0.775,109,36
09/19/2025,14855,401430,Pregnancy Test - Milk,Pregnant,0.439,111,36
09/19/2025,17956,401430,Pregnancy Test - Milk,Pregnant,POS,195,38
09/19/2025,209,401430,Pregnancy Test - Milk,Pregnant,0.656,109,36
09/19/2025,20234,401430,Pregnancy Test - Milk,Pregnant,1.156,127,40
09/19/2025,20246,401430,Pregnancy Test - Milk,Open,-0.006,106,36
09/19/2025,18274,401430,Pregnancy Test - Milk,Pregnant,0.71,145,71
09/19/2025,5214,401430,Pregnancy Test - Milk,Pregnant,0.476,108,36
09/19/2025,17140,401430,Pregnancy Test - Milk,Open,0.09,212,43
09/19/2025,14091,401430,Pregnancy Test - Milk,Open,0.053,289,36
09/19/2025,13730,401430,Pregnancy Test - Milk,Pregnant,0.99,108,36
09/19/2025,16090,401430,Pregnancy Test - Milk,Pregnant,0.353,146,71
09/19/2025,12766,401430,Pregnancy Test - Milk,Pregnant,0.584,198,79
09/19/2025,18071,401430,Pregnancy Test - Milk,Re-Check,0.189,201,113
09/19/2025,18187,401430,Pregnancy Test - Milk,Pregnant,0.494,157,78
09/19/2025,15480,401430,Pregnancy Test - Milk,Pregnant,0.394,252,85
09/19/2025,17628,401430,Pregnancy Test - Milk,Pregnant,1.223,150,41
09/19/2025,17505,401430,Pregnancy Test - Milk,Pregnant,0.62,210,41
09/19/2025,1649,401430,Pregnancy Test - Milk,Pregnant,0.919,141,41
09/19/2025,7574,401430,Pregnancy Test - Milk,Pregnant,0.535,227,75
09/19/2025,17159,401430,Pregnancy Test - Milk,Pregnant,0.342,143,71
09/19/2025,20438,401430,Pregnancy Test - Milk,Open,-0.013,112,36
09/19/2025,3600,401430,Pregnancy Test - Milk,Pregnant,0.396,111,36
09/19/2025,17675,401430,Pregnancy Test - Milk,Pregnant,0.898,111,36
09/19/2025,20295,401430,Pregnancy Test - Milk,Pregnant,0.778,173,71
09/19/2025,18263,401430,Pregnancy Test - Milk,Re-Check,0.245,144,71
09/19/2025,18052,401430,Pregnancy Test - Milk,Pregnant,0.498,158,78
09/19/2025,18569,401430,Pregnancy Test - Milk,Pregnant,1.665,132,36
09/19/2025,2257,401430,Pregnancy Test - Milk,Pregnant,0.52,149,71
09/19/2025,17871,401430,Pregnancy Test - Milk,Open,-0.01,107,36
09/19/2025,13196,401430,Pregnancy Test - Milk,Pregnant,0.318,300,71
09/19/2025,13434,401430,Pregnancy Test - Milk,Pregnant,0.645,129,36
09/19/2025,20265,401430,Pregnancy Test - Milk,Pregnant,0.633,153,78
09/19/2025,18637,401430,Pregnancy Test - Milk,Pregnant,0.497,144,71
09/19/2025,13698,401430,Pregnancy Test - Milk,Pregnant,0.447,152,78
09/19/2025,18298,401430,Pregnancy Test - Milk,Open,0.012,150,71
09/19/2025,16096,401430,Pregnancy Test - Milk,Pregnant,0.76,111,37
09/19/2025,15477,401430,Pregnancy Test - Milk,Pregnant,0.671,254,72
09/19/2025,17965,401430,Pregnancy Test - Milk,Pregnant,1.401,130,37
09/19/2025,2285,401430,Pregnancy Test - Milk,Pregnant,1.244,145,71
09/19/2025,17145,401430,Pregnancy Test - Milk,Open,0.071,259,47
09/19/2025,14241,401430,Pregnancy Test - Milk,Pregnant,0.916,137,39
09/19/2025,17955,401430,Pregnancy Test - Milk,Open,-0.001,158,78
09/19/2025,16192,401430,Pregnancy Test - Milk,Pregnant,1.045,109,36
09/19/2025,2218,401430,Pregnancy Test - Milk,Pregnant,0.784,155,78
09/19/2025,13812,401430,Pregnancy Test - Milk,Pregnant,0.842,107,36
09/19/2025,2514,401430,Pregnancy Test - Milk,Open,0.022,107,36
09/19/2025,19951,401430,Pregnancy Test - Milk,Pregnant,0.592,208,76
09/19/2025,20530,401430,Pregnancy Test - Milk,Pregnant,0.428,151,71
09/19/2025,20027,401430,Pregnancy Test - Milk,Pregnant,0.93,152,78
09/19/2025,5269,401430,Pregnancy Test - Milk,Pregnant,0.262,162,85
09/19/2025,12984,401430,Pregnancy Test - Milk,Pregnant,0.54,231,37
09/19/2025,20167,401430,Pregnancy Test - Milk,Pregnant,1.457,110,36
09/19/2025,16456,401430,Pregnancy Test - Milk,Pregnant,0.915,111,37
09/19/2025,15222,401430,Pregnancy Test - Milk,Pregnant,0.662,144,71
09/19/2025,17374,401430,Pregnancy Test - Milk,Pregnant,1.227,275,40
09/19/2025,17973,401430,Pregnancy Test - Milk,Pregnant,0.593,201,91
09/19/2025,15946,401430,Pregnancy Test - Milk,Pregnant,0.423,144,71
09/19/2025,3436,401430,Pregnancy Test - Milk,Pregnant,0.973,111,36
09/19/2025,14299,401430,Pregnancy Test - Milk,Open,-0.001,112,36
09/19/2025,18057,401430,Pregnancy Test - Milk,Pregnant,0.47,145,71
09/19/2025,7637,401430,Pregnancy Test - Milk,Pregnant,0.557,168,85
09/19/2025,18045,401430,Pregnancy Test - Milk,Pregnant,0.386,168,42
09/19/2025,17388,401430,Pregnancy Test - Milk,Pregnant,0.609,183,78
09/19/2025,19977,401430,Pregnancy Test - Milk,Pregnant,1.145,144,41
09/19/2025,15882,401430,Pregnancy Test - Milk,Pregnant,0.59,143,71
09/19/2025,15371,401430,Pregnancy Test - Milk,Pregnant,0.593,212,80
09/19/2025,20155,401430,Pregnancy Test - Milk,Pregnant,0.41,150,71
09/19/2025,11817,401430,Pregnancy Test - Milk,Open,0.027,163,36
09/19/2025,19805,401430,Pregnancy Test - Milk,Pregnant,0.812,200,73
09/19/2025,16141,401430,Pregnancy Test - Milk,Pregnant,0.637,150,71
09/19/2025,13173,401430,Pregnancy Test - Milk,Open,0.077,303,40
09/19/2025,16482,401430,Pregnancy Test - Milk,Pregnant,1.428,262,37
09/19/2025,5268,401430,Pregnancy Test - Milk,Pregnant,0.569,200,83
09/19/2025,20003,401430,Pregnancy Test - Milk,Open,0.007,156,35
09/19/2025,813964,401430,Pregnancy Test - Milk,Open,0.003,135,43
09/19/2025,2361,401430,Pregnancy Test - Milk,Pregnant,0.784,156,78
09/19/2025,17932,401430,Pregnancy Test - Milk,Pregnant,0.475,229,73
09/19/2025,17087,401430,Pregnancy Test - Milk,Pregnant,0.474,261,39
09/19/2025,20337,401430,Pregnancy Test - Milk,Pregnant,0.911,130,35
09/19/2025,3800,401430,Pregnancy Test - Milk,Open,0.011,169,38
09/19/2025,19916,401430,Pregnancy Test - Milk,Open,-0.021,163,36
09/19/2025,18573,401430,Pregnancy Test - Milk,Pregnant,POS,148,71
09/19/2025,17900,401430,Pregnancy Test - Milk,Pregnant,1.19,149,71
09/19/2025,3902,401430,Pregnancy Test - Milk,Open,0.006,146,71
09/25/2025,19964,401430,Pregnancy Test - Milk,Pregnant,1.173,201,39
09/25/2025,9824,401430,Pregnancy Test - Milk,Pregnant,0.54,140,70
09/25/2025,19991,401430,Pregnancy Test - Milk,Pregnant,0.969,203,72
09/25/2025,11486,401430,Pregnancy Test - Milk,Pregnant,1.087,191,38
09/25/2025,20278,401430,Pregnancy Test - Milk,Open,0.021,105,35
09/25/2025,8613,401430,Pregnancy Test - Milk,Pregnant,1.025,165,35
09/25/2025,13736,401430,Pregnancy Test - Milk,Re-Check,0.155,143,70
09/25/2025,20378,401430,Pregnancy Test - Milk,Pregnant,1.627,159,36
09/25/2025,13784,401430,Pregnancy Test - Milk,Pregnant,0.7,216,77
09/25/2025,17287,401430,Pregnancy Test - Milk,Pregnant,0.427,249,71
09/25/2025,19257,401430,Pregnancy Test - Milk,Pregnant,0.697,282,74
09/25/2025,14166,401430,Pregnancy Test - Milk,Re-Check,0.239,148,70
09/25/2025,13792,401430,Pregnancy Test - Milk,Pregnant,0.301,148,70
09/25/2025,18571,401430,Pregnancy Test - Milk,Pregnant,0.86,145,70
09/25/2025,20204,401430,Pregnancy Test - Milk,Pregnant,0.863,106,35
09/25/2025,17783,401430,Pregnancy Test - Milk,Re-Check,0.243,240,70
09/25/2025,9909,401430,Pregnancy Test - Milk,Pregnant,0.268,145,70
09/25/2025,19781,401430,Pregnancy Test - Milk,Pregnant,1.725,208,35
09/25/2025,15341,401430,Pregnancy Test - Milk,Open,0.048,160,35
09/25/2025,11444,401430,Pregnancy Test - Milk,Pregnant,0.343,109,35
09/25/2025,10131,401430,Pregnancy Test - Milk,Pregnant,0.785,110,37
09/25/2025,13468,401430,Pregnancy Test - Milk,Pregnant,0.668,205,70
09/25/2025,13652,401430,Pregnancy Test - Milk,Pregnant,0.674,287,38
09/25/2025,13364,401430,Pregnancy Test - Milk,Pregnant,0.571,170,37
09/25/2025,19813,401430,Pregnancy Test - Milk,Open,0.01,174,71
09/25/2025,18425,401430,Pregnancy Test - Milk,Pregnant,1.074,153,35
09/25/2025,11164,401430,Pregnancy Test - Milk,Pregnant,0.277,144,70
09/25/2025,17793,401430,Pregnancy Test - Milk,Pregnant,0.251,224,76
09/25/2025,20131,401430,Pregnancy Test - Milk,Re-Check,0.139,106,35
09/25/2025,13994,401430,Pregnancy Test - Milk,Pregnant,0.738,173,36
09/25/2025,5349,401430,Pregnancy Test - Milk,Pregnant,0.374,150,77
09/25/2025,8960,401430,Pregnancy Test - Milk,Open,0.086,159,84
09/25/2025,10482,401430,Pregnancy Test - Milk,Pregnant,0.312,144,70
09/25/2025,64,401430,Pregnancy Test - Milk,Open,0.038,96,38
09/25/2025,17394,401430,Pregnancy Test - Milk,Pregnant,0.833,271,76
09/25/2025,20536,401430,Pregnancy Test - Milk,Pregnant,1.216,144,71
09/25/2025,20390,401430,Pregnancy Test - Milk,Pregnant,1.591,136,38
09/25/2025,20151,401430,Pregnancy Test - Milk,Open,0.018,178,37
09/25/2025,17820,401430,Pregnancy Test - Milk,Pregnant,0.861,111,35
09/25/2025,16324,401430,Pregnancy Test - Milk,Pregnant,1.063,110,35
09/25/2025,15872,401430,Pregnancy Test - Milk,Open,0.015,105,35
09/25/2025,5207,401430,Pregnancy Test - Milk,Pregnant,0.649,146,70
09/25/2025,12269,401430,Pregnancy Test - Milk,Re-Check,0.101,182,73
09/25/2025,3693,401430,Pregnancy Test - Milk,Open,0.007,214,39
09/25/2025,11124,401430,Pregnancy Test - Milk,Pregnant,0.532,246,73
09/25/2025,13854,401430,Pregnancy Test - Milk,Pregnant,1.504,132,37
09/25/2025,13292,401430,Pregnancy Test - Milk,Open,-0.002,166,35
09/25/2025,19668,401430,Pregnancy Test - Milk,Pregnant,1.373,266,36
09/25/2025,17754,401430,Pregnancy Test - Milk,Pregnant,0.309,249,73
09/25/2025,5257,401430,Pregnancy Test - Milk,Pregnant,0.797,134,40
09/25/2025,13682,401430,Pregnancy Test - Milk,Pregnant,0.934,109,35
09/25/2025,10080,401430,Pregnancy Test - Milk,Open,0.018,111,35
09/25/2025,15377,401430,Pregnancy Test - Milk,Pregnant,0.373,109,35
09/25/2025,19706,401430,Pregnancy Test - Milk,Pregnant,0.442,280,76
09/25/2025,19478,401430,Pregnancy Test - Milk,Pregnant,1.036,264,71
09/25/2025,17471,401430,Pregnancy Test - Milk,Pregnant,0.477,204,75
09/25/2025,20358,401430,Pregnancy Test - Milk,Pregnant,1.346,160,35
09/25/2025,2310,401430,Pregnancy Test - Milk,Pregnant,0.955,110,35
09/25/2025,16370,401430,Pregnancy Test - Milk,Pregnant,0.769,105,35
09/25/2025,18262,401430,Pregnancy Test - Milk,Pregnant,0.453,106,35
09/25/2025,17603,401430,Pregnancy Test - Milk,Pregnant,0.496,307,71
09/25/2025,17574,401430,Pregnancy Test - Milk,Pregnant,0.617,273,71
09/25/2025,18109,401430,Pregnancy Test - Milk,Pregnant,1.732,162,37
09/25/2025,13197,401430,Pregnancy Test - Milk,Pregnant,0.99,165,35
09/25/2025,17392,401430,Pregnancy Test - Milk,Pregnant,0.477,325,38
09/25/2025,14893,401430,Pregnancy Test - Milk,Pregnant,0.427,110,35
09/25/2025,15908,401430,Pregnancy Test - Milk,Pregnant,0.662,208,37
09/25/2025,20124,401430,Pregnancy Test - Milk,Pregnant,0.682,147,72
09/25/2025,17358,401430,Pregnancy Test - Milk,Pregnant,1.334,224,38
09/25/2025,19356,401430,Pregnancy Test - Milk,Open,0.039,288,38
09/25/2025,10863,401430,Pregnancy Test - Milk,Pregnant,0.638,304,35
09/25/2025,16509,401430,Pregnancy Test - Milk,Pregnant,0.535,143,70
09/25/2025,13203,401430,Pregnancy Test - Milk,Pregnant,0.422,206,71
09/25/2025,13236,401430,Pregnancy Test - Milk,Pregnant,0.499,167,40
09/25/2025,16083,401430,Pregnancy Test - Milk,Pregnant,0.582,108,35
09/25/2025,14147,401430,Pregnancy Test - Milk,Pregnant,0.286,178,75
09/25/2025,9933,401430,Pregnancy Test - Milk,Re-Check,0.208,165,84
09/25/2025,15590,401430,Pregnancy Test - Milk,Pregnant,0.309,140,70
09/25/2025,18219,401430,Pregnancy Test - Milk,Pregnant,0.763,110,35
09/25/2025,11093,401430,Pregnancy Test - Milk,Pregnant,1.568,225,36
09/25/2025,15842,401430,Pregnancy Test - Milk,Pregnant,0.715,176,72
09/25/2025,14440,401430,Pregnancy Test - Milk,Pregnant,0.529,315,80
09/25/2025,11932,401430,Pregnancy Test - Milk,Pregnant,1.761,107,35
09/25/2025,14095,401430,Pregnancy Test - Milk,Pregnant,0.288,155,73
09/25/2025,17801,401430,Pregnancy Test - Milk,Pregnant,0.374,246,74
09/25/2025,18456,401430,Pregnancy Test - Milk,Pregnant,1.119,105,35
09/25/2025,13727,401430,Pregnancy Test - Milk,Pregnant,0.324,108,35
09/25/2025,19688,401430,Pregnancy Test - Milk,Pregnant,1.442,193,35
09/25/2025,15992,401430,Pregnancy Test - Milk,Pregnant,0.483,112,42
09/25/2025,17534,401430,Pregnancy Test - Milk,Open,0.061,166,35
09/25/2025,19552,401430,Pregnancy Test - Milk,Open,0.051,226,35
09/25/2025,20527,401430,Pregnancy Test - Milk,Pregnant,0.971,111,35
09/25/2025,20585,401430,Pregnancy Test - Milk,Pregnant,0.589,141,71
09/25/2025,2206,401430,Pregnancy Test - Milk,Pregnant,1.014,249,35
09/25/2025,16941,401430,Pregnancy Test - Milk,Re-Check,0.103,144,47
09/25/2025,18644,401430,Pregnancy Test - Milk,Pregnant,1.374,110,35
09/25/2025,20261,401430,Pregnancy Test - Milk,Pregnant,0.937,106,35
09/25/2025,18031,401430,Pregnancy Test - Milk,Pregnant,0.28,168,72
09/25/2025,5064,401430,Pregnancy Test - Milk,Not Tested,,118,43
09/25/2025,18623,401430,Pregnancy Test - Milk,Pregnant,1.82,146,36
09/25/2025,54442,401430,Pregnancy Test - Milk,Pregnant,1,132,36
09/25/2025,19802,401430,Pregnancy Test - Milk,Pregnant,0.377,237,72
09/25/2025,18175,401430,Pregnancy Test - Milk,Pregnant,0.694,197,73
09/25/2025,15812,401430,Pregnancy Test - Milk,Open,0.021,138,38
09/25/2025,12137,401430,Pregnancy Test - Milk,Pregnant,1.925,254,83
09/25/2025,15738,401430,Pregnancy Test - Milk,Pregnant,0.813,110,35
09/25/2025,15659,401430,Pregnancy Test - Milk,Pregnant,0.471,154,77
09/25/2025,18071,401430,Pregnancy Test - Milk,Pregnant,0.713,207,119
09/25/2025,11481,401430,Pregnancy Test - Milk,Pregnant,0.616,256,74
09/25/2025,16286,401430,Pregnancy Test - Milk,Pregnant,1.012,111,35
09/25/2025,17655,401430,Pregnancy Test - Milk,Pregnant,0.884,166,38
09/25/2025,15117,401430,Pregnancy Test - Milk,Pregnant,0.702,276,73
09/25/2025,13631,401430,Pregnancy Test - Milk,Pregnant,1.049,141,70
09/25/2025,11087,401430,Pregnancy Test - Milk,Re-Check,0.208,153,77
09/25/2025,8601,401430,Pregnancy Test - Milk,Re-Check,0.127,134,63
09/25/2025,20460,401430,Pregnancy Test - Milk,Pregnant,1.292,105,35
09/25/2025,18263,401430,Pregnancy Test - Milk,Pregnant,0.328,150,77
09/25/2025,17490,401430,Pregnancy Test - Milk,Pregnant,0.598,179,73
09/25/2025,13707,401430,Pregnancy Test - Milk,Pregnant,0.488,141,70
09/25/2025,13726,401430,Pregnancy Test - Milk,Pregnant,0.742,127,35
09/25/2025,11034,401430,Pregnancy Test - Milk,Pregnant,1.342,273,40
09/25/2025,10439,401430,Pregnancy Test - Milk,Pregnant,1.855,285,35
09/25/2025,14319,401430,Pregnancy Test - Milk,Pregnant,0.361,129,37
09/25/2025,19853,401430,Pregnancy Test - Milk,Pregnant,0.466,236,35
09/26/2025,18215,401430,Pregnancy Test - Milk,Pregnant,1.446,153,78
09/26/2025,17775,401430,Pregnancy Test - Milk,Pregnant,0.892,226,79
09/26/2025,19988,401430,Pregnancy Test - Milk,Open,-0.003,163,36
09/26/2025,20490,401430,Pregnancy Test - Milk,Open,-0.003,111,36
09/26/2025,16173,401430,Pregnancy Test - Milk,Pregnant,0.291,111,36
09/26/2025,14984,401430,Pregnancy Test - Milk,Pregnant,0.686,322,36
09/26/2025,20706,401430,Pregnancy Test - Milk,Open,0.081,112,36
09/26/2025,14725,401430,Pregnancy Test - Milk,Open,0.066,225,40
09/26/2025,12887,401430,Pregnancy Test - Milk,Pregnant,0.677,222,38
09/26/2025,13832,401430,Pregnancy Test - Milk,Pregnant,1.415,235,84
09/26/2025,20162,401430,Pregnancy Test - Milk,Open,0.027,135,41
09/26/2025,17148,401430,Pregnancy Test - Milk,Pregnant,0.398,278,38
09/26/2025,14598,401430,Pregnancy Test - Milk,Pregnant,0.623,107,36
09/26/2025,15565,401430,Pregnancy Test - Milk,Pregnant,0.617,225,84
09/26/2025,20177,401430,Pregnancy Test - Milk,Pregnant,1.779,163,39
09/26/2025,7660,401430,Pregnancy Test - Milk,Pregnant,0.872,167,37
09/26/2025,20678,401430,Pregnancy Test - Milk,Open,0.009,109,36
09/26/2025,20760,401430,Pregnancy Test - Milk,Open,0.021,109,36
09/26/2025,19955,401430,Pregnancy Test - Milk,Pregnant,0.298,191,84
09/26/2025,14637,401430,Pregnancy Test - Milk,Pregnant,0.491,316,81
09/26/2025,16111,401430,Pregnancy Test - Milk,Pregnant,1.382,186,36
09/26/2025,14638,401430,Pregnancy Test - Milk,Open,0.034,259,41
09/26/2025,20464,401430,Pregnancy Test - Milk,Pregnant,0.522,112,36
09/26/2025,15456,401430,Pregnancy Test - Milk,Pregnant,0.318,153,78
09/26/2025,20109,401430,Pregnancy Test - Milk,Re-Check,0.118,164,85
09/26/2025,13386,401430,Pregnancy Test - Milk,Pregnant,1.233,263,78
09/26/2025,14016,401430,Pregnancy Test - Milk,Pregnant,0.503,228,41
09/26/2025,20164,401430,Pregnancy Test - Milk,Pregnant,0.889,157,78
09/26/2025,15505,401430,Pregnancy Test - Milk,Pregnant,0.368,157,78
09/26/2025,20394,401430,Pregnancy Test - Milk,Pregnant,0.562,150,78
09/26/2025,20388,401430,Pregnancy Test - Milk,Open,0.034,109,36
09/26/2025,17107,401430,Pregnancy Test - Milk,Open,0.005,246,36
10/02/2025,53319,401430,Pregnancy Test - Milk,Pregnant,1.223,151,70
10/02/2025,12269,401430,Pregnancy Test - Milk,Re-Check,0.2,189,80
10/02/2025,54121,401430,Pregnancy Test - Milk,Pregnant,0.47,147,70
10/02/2025,11345,401430,Pregnancy Test - Milk,Open,0.095,108,35
10/02/2025,18770,401430,Pregnancy Test - Milk,Pregnant,0.696,108,35
10/02/2025,13194,401430,Pregnancy Test - Milk,Pregnant,0.645,176,73
10/02/2025,13390,401430,Pregnancy Test - Milk,Open,0.03,137,38
10/02/2025,19141,401430,Pregnancy Test - Milk,Open,0.019,335,39
10/02/2025,3682,401430,Pregnancy Test - Milk,Pregnant,0.623,186,35
10/02/2025,17563,401430,Pregnancy Test - Milk,Pregnant,0.761,153,77
10/02/2025,2280,401430,Pregnancy Test - Milk,Pregnant,0.461,130,37
10/02/2025,3645,401430,Pregnancy Test - Milk,Open,-0.001,216,35
10/02/2025,20672,401430,Pregnancy Test - Milk,Pregnant,1.041,111,35
10/02/2025,18729,401430,Pregnancy Test - Milk,Pregnant,2.076,108,35
10/02/2025,20344,401430,Pregnancy Test - Milk,Open,0.019,107,35
10/02/2025,15329,401430,Pregnancy Test - Milk,Re-Check,0.237,145,70
10/02/2025,11087,401430,Pregnancy Test - Milk,Re-Check,0.199,160,84
10/02/2025,52122,401430,Pregnancy Test - Milk,Re-Check,0.195,158,70
10/02/2025,11673,401430,Pregnancy Test - Milk,Pregnant,0.409,107,35
10/02/2025,53492,401430,Pregnancy Test - Milk,Pregnant,0.429,157,70
10/02/2025,11145,401430,Pregnancy Test - Milk,Pregnant,1.397,136,40
10/02/2025,13653,401430,Pregnancy Test - Milk,Pregnant,0.452,213,77
10/02/2025,17668,401430,Pregnancy Test - Milk,Re-Check,0.182,172,71
10/02/2025,20006,401430,Pregnancy Test - Milk,Pregnant,1.265,178,38
10/02/2025,18653,401430,Pregnancy Test - Milk,Pregnant,1.237,108,35
10/02/2025,8675,401430,Pregnancy Test - Milk,Open,0.043,176,73
10/02/2025,54071,401430,Pregnancy Test - Milk,Pregnant,0.731,157,70
10/02/2025,15522,401430,Pregnancy Test - Milk,Pregnant,0.427,108,35
10/02/2025,19760,401430,Pregnancy Test - Milk,Pregnant,1.446,203,38
10/02/2025,11036,401430,Pregnancy Test - Milk,Pregnant,0.756,143,40
10/02/2025,54088,401430,Pregnancy Test - Milk,Pregnant,0.345,158,70
10/02/2025,18295,401430,Pregnancy Test - Milk,Re-Check,0.174,110,35
10/02/2025,54372,401430,Pregnancy Test - Milk,Pregnant,0.675,149,70
10/02/2025,5132,401430,Pregnancy Test - Milk,Re-Check,0.128,197,35
10/02/2025,54036,401430,Pregnancy Test - Milk,Pregnant,0.399,145,70
10/02/2025,11755,401430,Pregnancy Test - Milk,Pregnant,0.367,156,35
10/02/2025,13736,401430,Pregnancy Test - Milk,Pregnant,0.271,150,77
10/02/2025,4095,401430,Pregnancy Test - Milk,Pregnant,1.302,134,40
10/02/2025,12721,401430,Pregnancy Test - Milk,Pregnant,0.901,109,35
10/02/2025,20043,401430,Pregnancy Test - Milk,Pregnant,0.942,220,41
10/02/2025,15368,401430,Pregnancy Test - Milk,Open,-0.005,136,39
10/02/2025,18542,401430,Pregnancy Test - Milk,Pregnant,0.649,108,35
10/02/2025,4059,401430,Pregnancy Test - Milk,Pregnant,0.65,206,73
10/02/2025,18364,401430,Pregnancy Test - Milk,Pregnant,1.552,147,77
10/02/2025,7598,401430,Pregnancy Test - Milk,Open,0.03,302,38
10/02/2025,1886,401430,Pregnancy Test - Milk,Pregnant,0.786,107,35
10/02/2025,17158,401430,Pregnancy Test - Milk,Pregnant,0.689,345,75
10/02/2025,18691,401430,Pregnancy Test - Milk,Pregnant,1.575,105,36
10/02/2025,20712,401430,Pregnancy Test - Milk,Open,0.011,105,35
10/02/2025,10159,401430,Pregnancy Test - Milk,Pregnant,0.617,183,73
10/02/2025,17743,401430,Pregnancy Test - Milk,Pregnant,0.873,213,35
10/02/2025,87705,401430,Pregnancy Test - Milk,Pregnant,1.152,141,41
10/02/2025,17789,401430,Pregnancy Test - Milk,Pregnant,0.963,208,39
10/02/2025,19950,401430,Pregnancy Test - Milk,Pregnant,0.665,210,75
10/02/2025,7638,401430,Pregnancy Test - Milk,Pregnant,0.743,193,35
10/02/2025,14115,401430,Pregnancy Test - Milk,Pregnant,0.841,107,35
10/02/2025,14006,401430,Pregnancy Test - Milk,Pregnant,0.337,157,36
10/02/2025,18200,401430,Pregnancy Test - Milk,Pregnant,1.103,155,77
10/02/2025,19632,401430,Pregnancy Test - Milk,Pregnant,1.374,217,36
10/02/2025,18299,401430,Pregnancy Test - Milk,Pregnant,1.223,186,38
10/02/2025,17866,401430,Pregnancy Test - Milk,Pregnant,0.545,248,71
10/02/2025,48931,401430,Pregnancy Test - Milk,Pregnant,1.163,153,70
10/02/2025,52706,401430,Pregnancy Test - Milk,Re-Check,0.1,147,70
10/02/2025,20181,401430,Pregnancy Test - Milk,Pregnant,0.962,132,35
10/02/2025,813972,401430,Pregnancy Test - Milk,Pregnant,0.735,151,77
10/02/2025,20079,401430,Pregnancy Test - Milk,Pregnant,0.987,193,36
10/02/2025,20131,401430,Pregnancy Test - Milk,Open,0.044,113,42
10/02/2025,18210,401430,Pregnancy Test - Milk,Pregnant,0.911,106,35
10/02/2025,20307,401430,Pregnancy Test - Milk,Pregnant,1.212,205,76
10/02/2025,5216,401430,Pregnancy Test - Milk,Pregnant,1.185,110,35
10/02/2025,18228,401430,Pregnancy Test - Milk,Pregnant,0.846,165,71
10/02/2025,53987,401430,Pregnancy Test - Milk,Pregnant,0.388,156,70
10/02/2025,15840,401430,Pregnancy Test - Milk,Pregnant,0.939,178,35
10/02/2025,14098,401430,Pregnancy Test - Milk,Open,0.017,135,35
10/02/2025,18245,401430,Pregnancy Test - Milk,Pregnant,0.876,146,70
10/02/2025,11637,401430,Pregnancy Test - Milk,Pregnant,0.432,141,70
10/02/2025,16486,401430,Pregnancy Test - Milk,Pregnant,1.632,110,35
10/02/2025,17412,401430,Pregnancy Test - Milk,Pregnant,0.419,217,74
10/02/2025,13465,401430,Pregnancy Test - Milk,Pregnant,0.411,176,74
10/02/2025,2276,401430,Pregnancy Test - Milk,Pregnant,0.604,111,35
10/02/2025,11732,401430,Pregnancy Test - Milk,Re-Check,0.111,132,36
10/02/2025,5124,401430,Pregnancy Test - Milk,Pregnant,0.276,145,70
10/02/2025,13554,401430,Pregnancy Test - Milk,Pregnant,1.231,232,39
10/02/2025,48585,401430,Pregnancy Test - Milk,Pregnant,0.365,164,70
10/02/2025,18682,401430,Pregnancy Test - Milk,Re-Check,0.126,106,35
10/02/2025,6913,401430,Pregnancy Test - Milk,Pregnant,0.451,143,70
10/02/2025,10933,401430,Pregnancy Test - Milk,Open,0.015,106,35
10/02/2025,53849,401430,Pregnancy Test - Milk,Pregnant,1.55,158,39
10/02/2025,53209,401430,Pregnancy Test - Milk,Pregnant,0.633,158,70
10/02/2025,17669,401430,Pregnancy Test - Milk,Pregnant,0.536,147,77
10/02/2025,18213,401430,Pregnancy Test - Milk,Re-Check,0.17,105,35
10/02/2025,16012,401430,Pregnancy Test - Milk,Pregnant,0.68,109,35
10/02/2025,14149,401430,Pregnancy Test - Milk,Pregnant,0.65,107,35
10/02/2025,13843,401430,Pregnancy Test - Milk,Pregnant,0.457,108,36
10/02/2025,20603,401430,Pregnancy Test - Milk,Pregnant,1.016,109,35
10/02/2025,7686,401430,Pregnancy Test - Milk,Pregnant,0.445,107,35
10/02/2025,16011,401430,Pregnancy Test - Milk,Pregnant,0.657,110,35
10/02/2025,15400,401430,Pregnancy Test - Milk,Pregnant,0.727,342,71
10/02/2025,15639,401430,Pregnancy Test - Milk,Open,0.034,163,35
10/02/2025,16454,401430,Pregnancy Test - Milk,Pregnant,0.535,339,74
10/02/2025,18511,401430,Pregnancy Test - Milk,Pregnant,0.774,105,35
10/02/2025,12102,401430,Pregnancy Test - Milk,Pregnant,0.352,111,35
10/02/2025,16184,401430,Pregnancy Test - Milk,Pregnant,0.909,110,35
10/02/2025,12474,401430,Pregnancy Test - Milk,Pregnant,0.764,162,34
10/02/2025,17917,401430,Pregnancy Test - Milk,Pregnant,0.254,167,37
10/02/2025,20723,401430,Pregnancy Test - Milk,Pregnant,1.329,108,35
10/02/2025,16346,401430,Pregnancy Test - Milk,Pregnant,0.32,305,37
10/02/2025,16049,401430,Pregnancy Test - Milk,Pregnant,0.796,136,40
10/02/2025,20411,401430,Pregnancy Test - Milk,Open,0.003,110,35
10/02/2025,20232,401430,Pregnancy Test - Milk,Pregnant,1.044,168,36
10/02/2025,48860,401430,Pregnancy Test - Milk,Pregnant,0.518,163,70
10/02/2025,13368,401430,Pregnancy Test - Milk,Pregnant,0.281,225,39
10/02/2025,18404,401430,Pregnancy Test - Milk,Open,-0.008,109,35
10/02/2025,53805,401430,Pregnancy Test - Milk,Pregnant,0.4,151,70
10/02/2025,48551,401430,Pregnancy Test - Milk,Pregnant,0.473,163,70
10/02/2025,18500,401430,Pregnancy Test - Milk,Re-Check,0.141,105,35
10/02/2025,17640,401430,Pregnancy Test - Milk,Pregnant,0.862,216,39
10/02/2025,18638,401430,Pregnancy Test - Milk,Pregnant,0.77,107,35
10/02/2025,19221,401430,Pregnancy Test - Milk,Pregnant,1.237,314,36
10/02/2025,20143,401430,Pregnancy Test - Milk,Pregnant,1.137,193,41
10/02/2025,13983,401430,Pregnancy Test - Milk,Pregnant,0.763,165,39
10/02/2025,19737,401430,Pregnancy Test - Milk,Pregnant,0.919,274,35
10/02/2025,20471,401430,Pregnancy Test - Milk,Pregnant,1.229,129,35
10/02/2025,14571,401430,Pregnancy Test - Milk,Pregnant,0.98,105,35
10/02/2025,8601,401430,Pregnancy Test - Milk,Re-Check,0.122,141,70
10/02/2025,15794,401430,Pregnancy Test - Milk,Pregnant,0.752,167,37
10/02/2025,19691,401430,Pregnancy Test - Milk,Pregnant,1.075,270,36
10/02/2025,14119,401430,Pregnancy Test - Milk,Pregnant,1.036,105,36
10/02/2025,19106,401430,Pregnancy Test - Milk,Pregnant,2.03,139,37
10/02/2025,12583,401430,Pregnancy Test - Milk,Pregnant,0.615,113,37
10/02/2025,17584,401430,Pregnancy Test - Milk,Open,-0.008,228,35
10/02/2025,19695,401430,Pregnancy Test - Milk,Open,-0.008,229,38
10/02/2025,14185,401430,Pregnancy Test - Milk,Pregnant,0.627,180,76
10/02/2025,13262,401430,Pregnancy Test - Milk,Pregnant,0.366,145,70
10/02/2025,9933,401430,Pregnancy Test - Milk,Pregnant,0.252,172,91
10/02/2025,16887,401430,Pregnancy Test - Milk,Pregnant,0.366,205,76
10/02/2025,20621,401430,Pregnancy Test - Milk,Pregnant,1.035,150,77
10/02/2025,13346,401430,Pregnancy Test - Milk,Pregnant,0.36,108,35
10/02/2025,3338,401430,Pregnancy Test - Milk,Open,0.023,105,35
10/02/2025,16483,401430,Pregnancy Test - Milk,Pregnant,0.655,181,77
10/02/2025,17857,401430,Pregnancy Test - Milk,Pregnant,1.259,152,77
10/02/2025,18155,401430,Pregnancy Test - Milk,Pregnant,0.576,172,36
10/02/2025,13672,401430,Pregnancy Test - Milk,Pregnant,0.523,107,35
10/02/2025,20314,401430,Pregnancy Test - Milk,Pregnant,0.901,148,77
10/02/2025,13968,401430,Pregnancy Test - Milk,Pregnant,0.409,109,0
10/02/2025,18318,401430,Pregnancy Test - Milk,Pregnant,0.897,155,77
10/02/2025,804962,401430,Pregnancy Test - Milk,Pregnant,0.523,144,35
10/02/2025,18251,401430,Pregnancy Test - Milk,Pregnant,0.34,153,77
10/02/2025,18840,401430,Pregnancy Test - Milk,Pregnant,1.067,105,35
10/02/2025,18183,401430,Pregnancy Test - Milk,Pregnant,1.338,110,35
10/02/2025,20492,401430,Pregnancy Test - Milk,Pregnant,1.243,108,36
10/02/2025,16929,401430,Pregnancy Test - Milk,Pregnant,1.15,316,35
10/02/2025,20668,401430,Pregnancy Test - Milk,Open,0.004,110,35
10/02/2025,19800,401430,Pregnancy Test - Milk,Pregnant,0.312,213,38
10/02/2025,47464,401430,Pregnancy Test - Milk,Pregnant,0.634,163,34
10/02/2025,17783,401430,Pregnancy Test - Milk,Pregnant,0.271,247,77
10/02/2025,54010,401430,Pregnancy Test - Milk,Re-Check,0.205,144,70
10/02/2025,15875,401430,Pregnancy Test - Milk,Re-Check,0.222,164,40
10/02/2025,813709,401430,Pregnancy Test - Milk,Pregnant,0.49,139,41
10/02/2025,20341,401430,Pregnancy Test - Milk,Pregnant,1.195,110,35
10/02/2025,20193,401430,Pregnancy Test - Milk,Open,-0.011,129,38
10/02/2025,53823,401430,Pregnancy Test - Milk,Pregnant,1.003,155,70
10/02/2025,13751,401430,Pregnancy Test - Milk,Pregnant,0.386,174,73
10/02/2025,17912,401430,Pregnancy Test - Milk,Pregnant,1.073,226,74
10/02/2025,14370,401430,Pregnancy Test - Milk,Pregnant,0.267,142,70
10/02/2025,18003,401430,Pregnancy Test - Milk,Pregnant,0.72,147,77
10/02/2025,18107,401430,Pregnancy Test - Milk,Pregnant,1.415,110,35
10/02/2025,18463,401430,Pregnancy Test - Milk,Open,0.042,107,35
10/02/2025,20781,401430,Pregnancy Test - Milk,Pregnant,1.963,110,35
10/02/2025,15971,401430,Pregnancy Test - Milk,Open,-0.018,162,35
10/02/2025,2267,401430,Pregnancy Test - Milk,Pregnant,0.575,119,35
10/02/2025,2913,401430,Pregnancy Test - Milk,Pregnant,0.32,210,35
10/02/2025,54151,401430,Pregnancy Test - Milk,Pregnant,0.325,152,70
10/02/2025,10339,401430,Pregnancy Test - Milk,Pregnant,0.405,157,39
10/02/2025,5211,401430,Pregnancy Test - Milk,Pregnant,0.507,141,70
10/02/2025,17828,401430,Pregnancy Test - Milk,Open,0.05,135,38
10/02/2025,19892,401430,Pregnancy Test - Milk,Pregnant,0.801,237,76
10/02/2025,19007,401430,Pregnancy Test - Milk,Pregnant,0.516,325,40
10/02/2025,2163,401430,Pregnancy Test - Milk,Open,-0.012,99,35
10/02/2025,15050,401430,Pregnancy Test - Milk,Pregnant,0.959,333,77
10/02/2025,136956,401430,Pregnancy Test - Milk,Pregnant,1.014,151,38
10/02/2025,20484,401430,Pregnancy Test - Milk,Pregnant,0.354,105,35
10/02/2025,13637,401430,Pregnancy Test - Milk,Pregnant,0.327,250,70
10/02/2025,14166,401430,Pregnancy Test - Milk,Pregnant,0.58,155,77
10/02/2025,15370,401430,Pregnancy Test - Milk,Pregnant,0.725,107,35
10/02/2025,13704,401430,Pregnancy Test - Milk,Pregnant,0.792,106,35
10/02/2025,15984,401430,Pregnancy Test - Milk,Pregnant,0.936,130,35
10/02/2025,20512,401430,Pregnancy Test - Milk,Pregnant,0.601,151,77
10/02/2025,12588,401430,Pregnancy Test - Milk,Pregnant,1.501,156,35
10/02/2025,20250,401430,Pregnancy Test - Milk,Pregnant,0.985,149,74
10/02/2025,20128,401430,Pregnancy Test - Milk,Pregnant,1.176,105,35
10/02/2025,15352,401430,Pregnancy Test - Milk,Pregnant,0.825,159,35
10/02/2025,20036,401430,Pregnancy Test - Milk,Pregnant,0.948,193,35
10/02/2025,15428,401430,Pregnancy Test - Milk,Pregnant,0.488,224,73
10/02/2025,15663,401430,Pregnancy Test - Milk,Pregnant,0.53,145,70
10/02/2025,54132,401430,Pregnancy Test - Milk,Pregnant,0.25,151,70
10/02/2025,14519,401430,Pregnancy Test - Milk,Pregnant,0.294,105,35
10/02/2025,13474,401430,Pregnancy Test - Milk,Open,0.039,109,35
10/02/2025,13369,401430,Pregnancy Test - Milk,Pregnant,0.495,247,35
10/02/2025,13667,401430,Pregnancy Test - Milk,Pregnant,0.578,142,37
10/02/2025,2389,401430,Pregnancy Test - Milk,Pregnant,0.469,178,73
10/02/2025,20405,401430,Pregnancy Test - Milk,Pregnant,0.867,106,35
10/02/2025,17561,401430,Pregnancy Test - Milk,Open,-0.008,170,38
10/02/2025,14518,401430,Pregnancy Test - Milk,Re-Check,0.111,201,35
10/02/2025,12195,401430,Pregnancy Test - Milk,Pregnant,0.828,111,35
10/02/2025,17384,401430,Pregnancy Test - Milk,Pregnant,0.407,202,37
10/02/2025,17925,401430,Pregnancy Test - Milk,Pregnant,0.601,106,35
10/02/2025,15343,401430,Pregnancy Test - Milk,Pregnant,0.545,330,72
10/02/2025,13181,401430,Pregnancy Test - Milk,Pregnant,0.458,195,36
10/02/2025,18784,401430,Pregnancy Test - Milk,Pregnant,1.003,111,35
10/02/2025,20318,401430,Pregnancy Test - Milk,Pregnant,0.717,111,35
10/02/2025,16941,401430,Pregnancy Test - Milk,Re-Check,0.105,151,54
10/02/2025,9153,401430,Pregnancy Test - Milk,Pregnant,0.453,237,36
10/02/2025,20141,401430,Pregnancy Test - Milk,Pregnant,1.373,148,77
10/02/2025,3249,401430,Pregnancy Test - Milk,Open,0.067,108,35
10/03/2025,13100,401430,Pregnancy Test - Milk,Pregnant,0.988,263,40
10/03/2025,20000,401430,Pregnancy Test - Milk,Pregnant,0.31,155,78
10/03/2025,15434,401430,Pregnancy Test - Milk,Pregnant,0.653,150,35
10/03/2025,7699,401430,Pregnancy Test - Milk,Pregnant,1.231,111,36
10/03/2025,20017,401430,Pregnancy Test - Milk,Pregnant,0.672,133,40
10/03/2025,20109,401430,Pregnancy Test - Milk,Pregnant,0.266,171,92
10/03/2025,1629,401430,Pregnancy Test - Milk,Pregnant,0.431,107,36
10/03/2025,20215,401430,Pregnancy Test - Milk,Pregnant,0.556,156,78
10/03/2025,7635,401430,Pregnancy Test - Milk,Pregnant,0.582,301,39
10/03/2025,17670,401430,Pregnancy Test - Milk,Pregnant,0.339,228,81
10/03/2025,20210,401430,Pregnancy Test - Milk,Open,-0.012,139,36
10/03/2025,20645,401430,Pregnancy Test - Milk,Pregnant,0.476,107,36
10/03/2025,16939,401430,Pregnancy Test - Milk,Pregnant,0.483,254,40
10/03/2025,17067,401430,Pregnancy Test - Milk,Pregnant,1.666,200,36
10/03/2025,19994,401430,Pregnancy Test - Milk,Pregnant,0.885,170,38
10/03/2025,1668,401430,Pregnancy Test - Milk,Re-Check,0.237,151,78
10/03/2025,18402,401430,Pregnancy Test - Milk,Pregnant,0.994,155,36
10/03/2025,18079,401430,Pregnancy Test - Milk,Pregnant,0.671,215,79
10/03/2025,20041,401430,Pregnancy Test - Milk,Open,0.01,120,39
10/03/2025,1653,401430,Pregnancy Test - Milk,Pregnant,0.863,112,36
10/03/2025,19926,401430,Pregnancy Test - Milk,Pregnant,0.99,193,39
10/03/2025,17807,401430,Pregnancy Test - Milk,Open,0.017,147,39
10/03/2025,20331,401430,Pregnancy Test - Milk,Pregnant,0.649,156,78
10/03/2025,20615,401430,Pregnancy Test - Milk,Open,0.005,106,36
10/03/2025,20191,401430,Pregnancy Test - Milk,Open,-0.008,108,36
10/03/2025,20578,401430,Pregnancy Test - Milk,Pregnant,0.439,127,39
10/03/2025,16784,401430,Pregnancy Test - Milk,Pregnant,0.941,234,36
10/03/2025,17926,401430,Pregnancy Test - Milk,Pregnant,0.897,237,78
10/03/2025,20215,401430,Pregnancy Test - Milk,Open,-0.014,156,78
10/03/2025,18974,401430,Pregnancy Test - Milk,Pregnant,1.678,346,78
10/08/2025,15928,401430,Pregnancy Test - Milk,Pregnant,0.963,105,35
10/08/2025,18161,401430,Pregnancy Test - Milk,Pregnant,2.069,198,35
10/08/2025,53545,401430,Pregnancy Test - Milk,Pregnant,1.329,164,38
10/08/2025,15421,401430,Pregnancy Test - Milk,Re-Check,0.135,143,70
10/08/2025,12969,401430,Pregnancy Test - Milk,Open,0.02,160,36
10/08/2025,12129,401430,Pregnancy Test - Milk,Pregnant,0.635,108,35
10/08/2025,15955,401430,Pregnancy Test - Milk,Pregnant,0.917,110,35
10/08/2025,14235,401430,Pregnancy Test - Milk,Pregnant,1.357,110,38
10/08/2025,10628,401430,Pregnancy Test - Milk,Pregnant,1.184,105,35
10/08/2025,12269,401430,Pregnancy Test - Milk,Re-Check,0.153,196,87
10/08/2025,15595,401430,Pregnancy Test - Milk,Pregnant,0.879,107,35
10/08/2025,11033,401430,Pregnancy Test - Milk,Pregnant,1.142,226,39
10/08/2025,13619,401430,Pregnancy Test - Milk,Pregnant,0.596,111,36
10/08/2025,18347,401430,Pregnancy Test - Milk,Pregnant,0.628,132,38
10/08/2025,13644,401430,Pregnancy Test - Milk,Pregnant,0.456,142,70
10/08/2025,15484,401430,Pregnancy Test - Milk,Pregnant,0.352,157,36
10/08/2025,14712,401430,Pregnancy Test - Milk,Pregnant,0.498,246,70
10/08/2025,20501,401430,Pregnancy Test - Milk,Pregnant,1.632,111,35
10/08/2025,13729,401430,Pregnancy Test - Milk,Open,0.024,135,1
10/08/2025,18295,401430,Pregnancy Test - Milk,Re-Check,0.149,117,42
10/08/2025,12330,401430,Pregnancy Test - Milk,Pregnant,0.343,173,71
10/08/2025,12356,401430,Pregnancy Test - Milk,Pregnant,0.328,170,35
10/08/2025,54010,401430,Pregnancy Test - Milk,Pregnant,0.356,151,77
10/08/2025,13692,401430,Pregnancy Test - Milk,Pregnant,0.476,115,38
10/08/2025,9862,401430,Pregnancy Test - Milk,Pregnant,0.689,105,35
10/08/2025,12355,401430,Pregnancy Test - Milk,Pregnant,0.39,110,35
10/08/2025,18858,401430,Pregnancy Test - Milk,Pregnant,1.823,109,35
10/08/2025,19156,401430,Pregnancy Test - Milk,Open,0.056,111,35
10/08/2025,13739,401430,Pregnancy Test - Milk,Pregnant,0.684,139,38
10/08/2025,14746,401430,Pregnancy Test - Milk,Pregnant,0.94,106,35
10/08/2025,10810,401430,Pregnancy Test - Milk,Pregnant,0.492,223,70
10/08/2025,11087,401430,Pregnancy Test - Milk,Pregnant,0.283,167,91
10/08/2025,52706,401430,Pregnancy Test - Milk,Open,0.047,154,77
10/08/2025,15683,401430,Pregnancy Test - Milk,Pregnant,0.848,146,70
10/08/2025,15329,401430,Pregnancy Test - Milk,Pregnant,0.315,152,77
10/08/2025,14518,401430,Pregnancy Test - Milk,Open,0.069,208,42
10/08/2025,13231,401430,Pregnancy Test - Milk,Re-Check,0.183,145,70
10/08/2025,12621,401430,Pregnancy Test - Milk,Pregnant,0.467,101,34
10/08/2025,14295,401430,Pregnancy Test - Milk,Pregnant,1.023,107,35
10/08/2025,18181,401430,Pregnancy Test - Milk,Pregnant,1.144,143,70
10/08/2025,13573,401430,Pregnancy Test - Milk,Pregnant,1.645,109,35
10/08/2025,12227,401430,Pregnancy Test - Milk,Pregnant,2.362,195,40
10/08/2025,9724,401430,Pregnancy Test - Milk,Pregnant,0.343,336,71
10/08/2025,14278,401430,Pregnancy Test - Milk,Pregnant,1.09,109,35
10/08/2025,13061,401430,Pregnancy Test - Milk,Pregnant,0.336,159,35
10/08/2025,8601,401430,Pregnancy Test - Milk,Re-Check,0.166,148,77
10/08/2025,20495,401430,Pregnancy Test - Milk,Pregnant,1.107,107,35
10/08/2025,13645,401430,Pregnancy Test - Milk,Pregnant,0.559,133,39
10/08/2025,18159,401430,Pregnancy Test - Milk,Open,-0.002,166,1
10/08/2025,9438,401430,Pregnancy Test - Milk,Pregnant,0.658,157,35
10/08/2025,10295,401430,Pregnancy Test - Milk,Open,-0.002,109,35
10/08/2025,14176,401430,Pregnancy Test - Milk,Pregnant,1.031,166,36
10/08/2025,12903,401430,Pregnancy Test - Milk,Pregnant,0.564,144,70
10/08/2025,52122,401430,Pregnancy Test - Milk,Pregnant,0.269,165,77
10/08/2025,3864,401430,Pregnancy Test - Milk,Open,0.015,159,38
10/08/2025,11405,401430,Pregnancy Test - Milk,Pregnant,1.767,160,35
10/08/2025,11651,401430,Pregnancy Test - Milk,Pregnant,0.328,146,70
10/08/2025,11819,401430,Pregnancy Test - Milk,Pregnant,0.598,146,70
10/08/2025,14335,401430,Pregnancy Test - Milk,Pregnant,1.443,171,38
10/08/2025,16174,401430,Pregnancy Test - Milk,Pregnant,1.147,111,35
10/08/2025,18682,401430,Pregnancy Test - Milk,Open,0.038,113,42
10/08/2025,13599,401430,Pregnancy Test - Milk,Pregnant,0.426,183,40
10/09/2025,3441,401430,Pregnancy Test - Milk,Pregnant,0.796,105,35
10/09/2025,17646,401430,Pregnancy Test - Milk,Pregnant,1.539,110,35
10/09/2025,19573,401430,Pregnancy Test - Milk,Pregnant,1.292,236,39
10/09/2025,16922,401430,Pregnancy Test - Milk,Pregnant,1.208,364,71
10/09/2025,15153,401430,Pregnancy Test - Milk,Pregnant,1.448,310,35
10/09/2025,20038,401430,Pregnancy Test - Milk,Pregnant,1.436,219,71
10/09/2025,17729,401430,Pregnancy Test - Milk,Pregnant,0.865,248,77
10/09/2025,20503,401430,Pregnancy Test - Milk,Pregnant,1.053,155,35
10/09/2025,3776,401430,Pregnancy Test - Milk,Open,0.004,109,35
10/09/2025,20321,401430,Pregnancy Test - Milk,Pregnant,0.81,128,36
10/09/2025,15128,401430,Pregnancy Test - Milk,Pregnant,0.312,167,75
10/09/2025,1876,401430,Pregnancy Test - Milk,Pregnant,0.446,208,77
10/09/2025,2992,401430,Pregnancy Test - Milk,Pregnant,0.396,188,77
10/09/2025,17398,401430,Pregnancy Test - Milk,Pregnant,1.143,165,75
10/09/2025,20387,401430,Pregnancy Test - Milk,Pregnant,0.601,147,77
10/09/2025,12577,401430,Pregnancy Test - Milk,Pregnant,0.456,294,77
10/09/2025,13609,401430,Pregnancy Test - Milk,Pregnant,0.375,171,71
10/09/2025,20339,401430,Pregnancy Test - Milk,Pregnant,0.481,109,35
10/09/2025,20273,401430,Pregnancy Test - Milk,Pregnant,1.339,155,35
10/09/2025,20012,401430,Pregnancy Test - Milk,Open,0.019,155,35
10/09/2025,17661,401430,Pregnancy Test - Milk,Pregnant,0.386,213,40
10/09/2025,13691,401430,Pregnancy Test - Milk,Pregnant,0.685,105,35
10/09/2025,16527,401430,Pregnancy Test - Milk,Pregnant,1.66,111,36
10/09/2025,813514,401430,Pregnancy Test - Milk,Pregnant,1.149,147,77
10/09/2025,16592,401430,Pregnancy Test - Milk,Pregnant,0.62,349,75
10/09/2025,825030,401430,Pregnancy Test - Milk,Pregnant,0.76,148,77
10/09/2025,18712,401430,Pregnancy Test - Milk,Pregnant,0.819,109,35
10/09/2025,20526,401430,Pregnancy Test - Milk,Pregnant,0.989,150,77
10/09/2025,20057,401430,Pregnancy Test - Milk,Pregnant,0.899,225,77
10/09/2025,13410,401430,Pregnancy Test - Milk,Pregnant,0.574,106,35
10/09/2025,16525,401430,Pregnancy Test - Milk,Pregnant,0.832,111,35
10/09/2025,16042,401430,Pregnancy Test - Milk,Pregnant,0.479,150,36
10/09/2025,14231,401430,Pregnancy Test - Milk,Pregnant,0.407,149,77
10/09/2025,18043,401430,Pregnancy Test - Milk,Pregnant,0.373,178,77
10/09/2025,18069,401430,Pregnancy Test - Milk,Pregnant,0.907,189,41
10/09/2025,17741,401430,Pregnancy Test - Milk,Open,0.075,110,35
10/09/2025,814633,401430,Pregnancy Test - Milk,Pregnant,0.986,150,36
10/09/2025,18451,401430,Pregnancy Test - Milk,Pregnant,0.705,132,36
10/09/2025,813208,401430,Pregnancy Test - Milk,Pregnant,0.614,150,77
10/09/2025,20042,401430,Pregnancy Test - Milk,Pregnant,0.69,149,77
10/09/2025,20486,401430,Pregnancy Test - Milk,Pregnant,2.151,147,77
10/09/2025,20009,401430,Pregnancy Test - Milk,Pregnant,0.335,183,36
10/09/2025,14333,401430,Pregnancy Test - Milk,Pregnant,0.499,153,77
10/09/2025,15459,401430,Pregnancy Test - Milk,Pregnant,0.56,152,77
10/09/2025,20342,401430,Pregnancy Test - Milk,Open,0.023,106,35
10/09/2025,17266,401430,Pregnancy Test - Milk,Pregnant,0.539,111,35
10/09/2025,17836,401430,Pregnancy Test - Milk,Pregnant,1.037,217,38
10/09/2025,16123,401430,Pregnancy Test - Milk,Pregnant,0.739,151,77
10/09/2025,20259,401430,Pregnancy Test - Milk,Pregnant,1.458,150,37
10/09/2025,12902,401430,Pregnancy Test - Milk,Pregnant,0.578,369,77
10/09/2025,20345,401430,Pregnancy Test - Milk,Open,0.035,126,39
10/09/2025,19776,401430,Pregnancy Test - Milk,Pregnant,0.877,250,77
10/09/2025,19753,401430,Pregnancy Test - Milk,Pregnant,0.711,201,77
10/09/2025,19639,401430,Pregnancy Test - Milk,Open,0.058,286,35
10/09/2025,2116,401430,Pregnancy Test - Milk,Pregnant,0.467,108,35
10/09/2025,20502,401430,Pregnancy Test - Milk,Pregnant,0.888,105,35
10/09/2025,20104,401430,Pregnancy Test - Milk,Pregnant,0.776,183,35
10/09/2025,18581,401430,Pregnancy Test - Milk,Pregnant,1.541,107,35
10/09/2025,19686,401430,Pregnancy Test - Milk,Pregnant,0.96,274,36
10/09/2025,20398,401430,Pregnancy Test - Milk,Pregnant,2.603,110,35
10/09/2025,15875,401430,Pregnancy Test - Milk,Pregnant,0.314,171,47
10/09/2025,16135,401430,Pregnancy Test - Milk,Open,-0.013,108,35
10/09/2025,20241,401430,Pregnancy Test - Milk,Pregnant,1.528,158,35
10/09/2025,15750,401430,Pregnancy Test - Milk,Open,0.063,118,35
10/09/2025,3826,401430,Pregnancy Test - Milk,Pregnant,0.782,131,35
10/09/2025,17673,401430,Pregnancy Test - Milk,Open,0.027,109,35
10/09/2025,18575,401430,Pregnancy Test - Milk,Pregnant,1.678,106,35
10/09/2025,20446,401430,Pregnancy Test - Milk,Pregnant,2.057,109,36
10/09/2025,19874,401430,Pregnancy Test - Milk,Pregnant,1.157,187,39
10/09/2025,20715,401430,Pregnancy Test - Milk,Pregnant,0.986,155,40
10/09/2025,20313,401430,Pregnancy Test - Milk,Open,0.037,152,36
10/09/2025,13275,401430,Pregnancy Test - Milk,Pregnant,1.047,151,77
10/09/2025,19431,401430,Pregnancy Test - Milk,Pregnant,1.252,339,38
10/09/2025,20067,401430,Pregnancy Test - Milk,Pregnant,1.443,187,36
10/09/2025,14602,401430,Pregnancy Test - Milk,Pregnant,0.832,107,35
10/09/2025,17982,401430,Pregnancy Test - Milk,Pregnant,0.25,182,40
10/09/2025,15828,401430,Pregnancy Test - Milk,Pregnant,0.787,109,35
10/09/2025,13713,401430,Pregnancy Test - Milk,Pregnant,1.401,150,77
10/09/2025,20775,401430,Pregnancy Test - Milk,Open,0.007,107,35
10/09/2025,18304,401430,Pregnancy Test - Milk,Pregnant,0.751,151,41
10/09/2025,16108,401430,Pregnancy Test - Milk,Open,0.021,107,35
10/09/2025,12677,401430,Pregnancy Test - Milk,Pregnant,0.651,225,76
10/09/2025,15686,401430,Pregnancy Test - Milk,Pregnant,0.948,108,35
10/09/2025,14213,401430,Pregnancy Test - Milk,Pregnant,1.88,109,35
10/09/2025,814653,401430,Pregnancy Test - Milk,Pregnant,0.461,151,77
10/09/2025,17253,401430,Pregnancy Test - Milk,Pregnant,0.84,298,81
10/09/2025,20289,401430,Pregnancy Test - Milk,Open,0.034,108,35
10/09/2025,20474,401430,Pregnancy Test - Milk,Pregnant,1.943,147,77
10/09/2025,17784,401430,Pregnancy Test - Milk,Pregnant,0.592,161,40
10/09/2025,20269,401430,Pregnancy Test - Milk,Pregnant,1.378,152,77
10/09/2025,18650,401430,Pregnancy Test - Milk,Pregnant,1.004,107,35
10/09/2025,16363,401430,Pregnancy Test - Milk,Not Tested,,107,35
10/09/2025,18213,401430,Pregnancy Test - Milk,Pregnant,0.41,112,42
10/09/2025,332087,401430,Pregnancy Test - Milk,Pregnant,1.386,149,77
10/09/2025,18439,401430,Pregnancy Test - Milk,Pregnant,1.058,109,36
10/09/2025,20809,401430,Pregnancy Test - Milk,Pregnant,1.072,106,35
10/09/2025,18665,401430,Pregnancy Test - Milk,Open,0.047,107,35
10/09/2025,15845,401430,Pregnancy Test - Milk,Pregnant,0.472,147,77
10/09/2025,20270,401430,Pregnancy Test - Milk,Open,0.025,132,36
10/09/2025,20409,401430,Pregnancy Test - Milk,Pregnant,2.686,107,35
10/09/2025,404,401430,Pregnancy Test - Milk,Pregnant,0.349,147,77
10/09/2025,17413,401430,Pregnancy Test - Milk,Pregnant,1.172,235,40
10/09/2025,20247,401430,Pregnancy Test - Milk,Pregnant,0.506,151,77
10/09/2025,17668,401430,Pregnancy Test - Milk,Pregnant,0.34,179,78
10/09/2025,2154,401430,Pregnancy Test - Milk,Pregnant,1.159,171,36
10/09/2025,16941,401430,Pregnancy Test - Milk,Re-Check,0.176,158,61
10/09/2025,17123,401430,Pregnancy Test - Milk,Pregnant,0.638,212,75
10/09/2025,14592,401430,Pregnancy Test - Milk,Pregnant,1.19,105,35
10/09/2025,15998,401430,Pregnancy Test - Milk,Pregnant,1.415,152,77
10/09/2025,18173,401430,Pregnancy Test - Milk,Pregnant,0.876,209,77
10/09/2025,16452,401430,Pregnancy Test - Milk,Pregnant,1.215,111,35
10/09/2025,20657,401430,Pregnancy Test - Milk,Pregnant,1.099,111,35
10/09/2025,20110,401430,Pregnancy Test - Milk,Pregnant,1.087,185,35
10/09/2025,2168,401430,Pregnancy Test - Milk,Pregnant,1.262,105,35
10/09/2025,20399,401430,Pregnancy Test - Milk,Pregnant,1.028,132,39
10/09/2025,20035,401430,Pregnancy Test - Milk,Pregnant,0.838,186,36
10/09/2025,20542,401430,Pregnancy Test - Milk,Pregnant,1.279,110,35
10/09/2025,18609,401430,Pregnancy Test - Milk,Open,0.01,106,35
10/10/2025,18186,401430,Pregnancy Test - Milk,Pregnant,0.821,112,36
10/10/2025,20553,401430,Pregnancy Test - Milk,Open,0.074,108,36
10/10/2025,16148,401430,Pregnancy Test - Milk,Pregnant,0.292,151,78
10/10/2025,20175,401430,Pregnancy Test - Milk,Pregnant,0.342,150,78
10/10/2025,20765,401430,Pregnancy Test - Milk,Open,0.019,106,36
10/10/2025,20606,401430,Pregnancy Test - Milk,Pregnant,0.723,136,41
10/10/2025,15690,401430,Pregnancy Test - Milk,Pregnant,0.301,236,40
10/10/2025,20508,401430,Pregnancy Test - Milk,Pregnant,1.012,179,38
10/10/2025,15254,401430,Pregnancy Test - Milk,Open,0.036,198,41
10/10/2025,2413,401430,Pregnancy Test - Milk,Pregnant,1.319,108,36
10/10/2025,13958,401430,Pregnancy Test - Milk,Open,0.026,217,36
10/10/2025,12929,401430,Pregnancy Test - Milk,Pregnant,0.704,299,81
10/10/2025,7335,401430,Pregnancy Test - Milk,Pregnant,0.633,115,43
10/10/2025,20180,401430,Pregnancy Test - Milk,Pregnant,0.442,160,38
10/10/2025,20189,401430,Pregnancy Test - Milk,Pregnant,0.367,149,78
10/10/2025,1668,401430,Pregnancy Test - Milk,Pregnant,0.52,158,85
10/10/2025,20195,401430,Pregnancy Test - Milk,Pregnant,0.925,147,38
10/10/2025,16320,401430,Pregnancy Test - Milk,Open,0.02,138,41
10/10/2025,15353,401430,Pregnancy Test - Milk,Open,0.021,192,39
10/10/2025,18143,401430,Pregnancy Test - Milk,Pregnant,1.102,239,82
10/10/2025,20475,401430,Pregnancy Test - Milk,Pregnant,0.349,160,37
10/10/2025,14155,401430,Pregnancy Test - Milk,Pregnant,0.735,165,39
10/10/2025,20332,401430,Pregnancy Test - Milk,Pregnant,0.31,108,36
10/10/2025,7657,401430,Pregnancy Test - Milk,Pregnant,0.497,254,81
10/10/2025,20493,401430,Pregnancy Test - Milk,Pregnant,0.734,106,36
10/10/2025,13271,401430,Pregnancy Test - Milk,Pregnant,0.456,165,40
10/10/2025,20829,401430,Pregnancy Test - Milk,Pregnant,0.986,123,41
10/10/2025,20488,401430,Pregnancy Test - Milk,Open,0.025,163,36
10/10/2025,14429,401430,Pregnancy Test - Milk,Pregnant,0.304,336,78
10/10/2025,18391,401430,Pregnancy Test - Milk,Open,0.019,87,35
10/10/2025,1691,401430,Pregnancy Test - Milk,Pregnant,0.37,106,36
10/10/2025,16423,401430,Pregnancy Test - Milk,Pregnant,0.385,111,36
10/10/2025,15762,401430,Pregnancy Test - Milk,Re-Check,0.202,223,79
10/10/2025,19976,401430,Pregnancy Test - Milk,Open,-0.002,108,36
10/10/2025,20830,401430,Pregnancy Test - Milk,Open,0.021,109,36
10/16/2025,11647,401430,Pregnancy Test - Milk,Pregnant,0.8,131,35
10/16/2025,16762,401430,Pregnancy Test - Milk,Pregnant,0.972,110,35
10/16/2025,18295,401430,Pregnancy Test - Milk,Re-Check,0.179,124,49
10/16/2025,12877,401430,Pregnancy Test - Milk,Pregnant,0.465,251,71
10/16/2025,11644,401430,Pregnancy Test - Milk,Pregnant,1.039,184,38
10/16/2025,1538,401430,Pregnancy Test - Milk,Pregnant,0.375,165,70
10/16/2025,16806,401430,Pregnancy Test - Milk,Pregnant,1.048,110,35
10/16/2025,18413,401430,Pregnancy Test - Milk,Pregnant,1.007,131,36
10/16/2025,15878,401430,Pregnancy Test - Milk,Pregnant,0.532,106,35
10/16/2025,5236,401430,Pregnancy Test - Milk,Pregnant,1.202,109,35
10/16/2025,16107,401430,Pregnancy Test - Milk,Pregnant,0.524,198,76
10/16/2025,13449,401430,Pregnancy Test - Milk,Pregnant,0.799,222,34
10/16/2025,13615,401430,Pregnancy Test - Milk,Pregnant,0.88,105,35
10/16/2025,18710,401430,Pregnancy Test - Milk,Pregnant,1.111,105,35
10/16/2025,9992,401430,Pregnancy Test - Milk,Pregnant,0.596,291,34
10/16/2025,11504,401430,Pregnancy Test - Milk,Pregnant,0.314,306,39
10/16/2025,10740,401430,Pregnancy Test - Milk,Pregnant,0.952,111,35
10/16/2025,54443,401430,Pregnancy Test - Milk,Open,0.017,158,35
10/16/2025,11807,401430,Pregnancy Test - Milk,Pregnant,0.711,107,35
10/16/2025,13887,401430,Pregnancy Test - Milk,Pregnant,0.252,229,72
10/16/2025,12280,401430,Pregnancy Test - Milk,Pregnant,0.377,144,70
10/16/2025,12269,401430,Pregnancy Test - Milk,Re-Check,0.216,203,94
10/16/2025,5208,401430,Pregnancy Test - Milk,Pregnant,0.431,167,74
10/16/2025,11343,401430,Pregnancy Test - Milk,Pregnant,0.395,108,35
10/16/2025,16752,401430,Pregnancy Test - Milk,Pregnant,0.812,105,35
10/16/2025,13119,401430,Pregnancy Test - Milk,Pregnant,0.865,333,74
10/16/2025,13231,401430,Pregnancy Test - Milk,Pregnant,0.457,152,77
10/16/2025,5149,401430,Pregnancy Test - Milk,Re-Check,0.199,109,35
10/16/2025,15478,401430,Pregnancy Test - Milk,Pregnant,0.688,190,74
10/16/2025,15247,401430,Pregnancy Test - Milk,Pregnant,0.864,106,35
10/16/2025,16967,401430,Pregnancy Test - Milk,Pregnant,0.485,357,70
10/16/2025,17919,401430,Pregnancy Test - Milk,Open,0.018,144,70
10/16/2025,17539,401430,Pregnancy Test - Milk,Pregnant,0.529,290,74
,,,,,,,
10/16/2025,16581,401430,Pregnancy Test - Milk,Open,0.052,107,35
10/16/2025,16571,401430,Pregnancy Test - Milk,Pregnant,0.565,105,35
10/16/2025,17541,401430,Pregnancy Test - Milk,Pregnant,0.94,209,35
10/16/2025,17665,401430,Pregnancy Test - Milk,Pregnant,0.347,237,70
10/16/2025,12359,401430,Pregnancy Test - Milk,Pregnant,0.336,140,70
10/16/2025,15101,401430,Pregnancy Test - Milk,Re-Check,0.197,345,70
10/16/2025,9829,401430,Pregnancy Test - Milk,Pregnant,0.65,163,35
10/16/2025,12104,401430,Pregnancy Test - Milk,Pregnant,0.461,105,35
10/16/2025,13841,401430,Pregnancy Test - Milk,Pregnant,0.52,140,70
10/16/2025,13536,401430,Pregnancy Test - Milk,Pregnant,0.365,143,70
10/16/2025,14751,401430,Pregnancy Test - Milk,Pregnant,0.776,365,74
10/16/2025,15421,401430,Pregnancy Test - Milk,Re-Check,0.186,150,77
10/16/2025,9156,401430,Pregnancy Test - Milk,Pregnant,0.382,183,40
10/16/2025,11654,401430,Pregnancy Test - Milk,Re-Check,0.237,160,39
10/16/2025,48360,401430,Pregnancy Test - Milk,Pregnant,1.703,178,35
10/16/2025,14353,401430,Pregnancy Test - Milk,Pregnant,2.065,164,72
10/16/2025,13034,401430,Pregnancy Test - Milk,Open,0.026,171,73
10/16/2025,13884,401430,Pregnancy Test - Milk,Pregnant,0.837,142,38
10/16/2025,18800,401430,Pregnancy Test - Milk,Pregnant,0.936,138,40
10/16/2025,17314,401430,Pregnancy Test - Milk,Re-Check,0.166,146,70
10/16/2025,18204,401430,Pregnancy Test - Milk,Pregnant,0.733,133,35
10/16/2025,18624,401430,Pregnancy Test - Milk,Pregnant,0.428,143,70
10/16/2025,11573,401430,Pregnancy Test - Milk,Pregnant,0.431,141,70
10/16/2025,20670,401430,Pregnancy Test - Milk,Pregnant,0.556,144,70
10/16/2025,15444,401430,Pregnancy Test - Milk,Open,-0.192,108,35
10/16/2025,2311,401430,Pregnancy Test - Milk,Pregnant,0.289,173,34
10/16/2025,17690,401430,Pregnancy Test - Milk,Pregnant,0.472,239,70
10/16/2025,9981,401430,Pregnancy Test - Milk,Pregnant,0.267,142,70
10/16/2025,13909,401430,Pregnancy Test - Milk,Pregnant,0.307,232,74
10/16/2025,10669,401430,Pregnancy Test - Milk,Open,0.065,153,72
10/16/2025,18528,401430,Pregnancy Test - Milk,Pregnant,0.736,144,70
10/16/2025,10071,401430,Pregnancy Test - Milk,Pregnant,0.6,131,35
10/16/2025,12043,401430,Pregnancy Test - Milk,Pregnant,0.461,329,76
10/16/2025,15769,401430,Pregnancy Test - Milk,Open,0.035,107,35
10/16/2025,47729,401430,Pregnancy Test - Milk,Pregnant,0.974,168,35
10/16/2025,15383,401430,Pregnancy Test - Milk,Re-Check,0.189,106,35
10/16/2025,15940,401430,Pregnancy Test - Milk,Pregnant,0.395,177,38
10/16/2025,16417,401430,Pregnancy Test - Milk,Pregnant,0.673,105,35
10/16/2025,5001,401430,Pregnancy Test - Milk,Pregnant,0.64,109,35
10/16/2025,15787,401430,Pregnancy Test - Milk,Pregnant,0.661,183,36
10/16/2025,11258,401430,Pregnancy Test - Milk,Pregnant,0.906,231,38
10/16/2025,8601,401430,Pregnancy Test - Milk,Pregnant,0.283,155,84
10/16/2025,18478,401430,Pregnancy Test - Milk,Pregnant,0.446,141,70
10/16/2025,15814,401430,Pregnancy Test - Milk,Open,-0.006,157,35
10/16/2025,18527,401430,Pregnancy Test - Milk,Pregnant,0.323,143,70
10/16/2025,17740,401430,Pregnancy Test - Milk,Pregnant,0.629,259,70
10/16/2025,14218,401430,Pregnancy Test - Milk,Pregnant,0.798,111,35
10/16/2025,16153,401430,Pregnancy Test - Milk,Pregnant,0.9,204,38
10/16/2025,11362,401430,Pregnancy Test - Milk,Pregnant,0.446,108,35
10/16/2025,9720,401430,Pregnancy Test - Milk,Pregnant,0.627,182,34
10/16/2025,13712,401430,Pregnancy Test - Milk,Pregnant,0.526,226,70
10/17/2025,18000,401430,Pregnancy Test - Milk,Pregnant,0.531,226,81
10/17/2025,15605,401430,Pregnancy Test - Milk,Pregnant,0.976,106,36
10/17/2025,20680,401430,Pregnancy Test - Milk,Pregnant,0.813,132,36
10/17/2025,14072,401430,Pregnancy Test - Milk,Pregnant,0.355,228,81
10/17/2025,20602,401430,Pregnancy Test - Milk,Open,0.001,121,39
10/17/2025,14121,401430,Pregnancy Test - Milk,Pregnant,0.288,316,38
10/17/2025,20580,401430,Pregnancy Test - Milk,Pregnant,0.849,107,36
10/17/2025,17870,401430,Pregnancy Test - Milk,Pregnant,1.306,234,36
10/17/2025,20194,401430,Pregnancy Test - Milk,Pregnant,0.811,184,37
10/17/2025,20019,401430,Pregnancy Test - Milk,Pregnant,0.928,108,36
10/17/2025,20691,401430,Pregnancy Test - Milk,Pregnant,0.904,128,36
10/17/2025,15302,401430,Pregnancy Test - Milk,Pregnant,0.972,252,37
10/17/2025,16224,401430,Pregnancy Test - Milk,Pregnant,0.691,112,36
10/17/2025,13213,401430,Pregnancy Test - Milk,Pregnant,0.296,261,78
10/17/2025,15598,401430,Pregnancy Test - Milk,Pregnant,0.793,286,39
10/17/2025,20543,401430,Pregnancy Test - Milk,Pregnant,0.305,109,36
10/17/2025,15449,401430,Pregnancy Test - Milk,Pregnant,0.387,177,78
10/17/2025,18091,401430,Pregnancy Test - Milk,Open,0.066,155,38
10/17/2025,15703,401430,Pregnancy Test - Milk,Pregnant,0.373,111,36
10/17/2025,18878,401430,Pregnancy Test - Milk,Pregnant,0.582,153,78
10/17/2025,13453,401430,Pregnancy Test - Milk,Pregnant,0.492,229,84
10/17/2025,20160,401430,Pregnancy Test - Milk,Pregnant,1.255,181,39
10/17/2025,20685,401430,Pregnancy Test - Milk,Pregnant,1.472,106,36
10/17/2025,15510,401430,Pregnancy Test - Milk,Open,-0.008,108,36
10/17/2025,20548,401430,Pregnancy Test - Milk,Pregnant,0.782,152,35
10/17/2025,20674,401430,Pregnancy Test - Milk,Pregnant,0.925,107,36
10/17/2025,18270,401430,Pregnancy Test - Milk,Pregnant,0.992,148,38
10/17/2025,14174,401430,Pregnancy Test - Milk,Pregnant,0.599,108,36
10/17/2025,15152,401430,Pregnancy Test - Milk,Pregnant,0.868,326,36
10/17/2025,20613,401430,Pregnancy Test - Milk,Pregnant,0.504,108,36
10/17/2025,19965,401430,Pregnancy Test - Milk,Pregnant,0.397,152,78
10/17/2025,20032,401430,Pregnancy Test - Milk,Re-Check,0.171,181,81
10/17/2025,2387,401430,Pregnancy Test - Milk,Re-Check,0.1,107,36
10/17/2025,15267,401430,Pregnancy Test - Milk,Pregnant,0.688,133,36
10/17/2025,18529,401430,Pregnancy Test - Milk,Pregnant,0.642,133,35
10/17/2025,20201,401430,Pregnancy Test - Milk,Pregnant,2.006,155,37
10/17/2025,20374,401430,Pregnancy Test - Milk,Open,-0.02,109,36
10/17/2025,19940,401430,Pregnancy Test - Milk,Pregnant,1.359,169,40
10/17/2025,15144,401430,Pregnancy Test - Milk,Pregnant,0.876,261,41
10/17/2025,15516,401430,Pregnancy Test - Milk,Pregnant,1.466,263,37
10/17/2025,15762,401430,Pregnancy Test - Milk,Pregnant,0.421,230,86
10/17/2025,17949,401430,Pregnancy Test - Milk,Open,-0.011,161,36
10/17/2025,20140,401430,Pregnancy Test - Milk,Pregnant,0.807,184,40
10/17/2025,15670,401430,Pregnancy Test - Milk,Pregnant,0.436,107,36
10/17/2025,20389,401430,Pregnancy Test - Milk,Pregnant,0.669,133,35
10/17/2025,20449,401430,Pregnancy Test - Milk,Open,-0.013,107,36
10/23/2025,20377,401430,Pregnancy Test - Milk,Pregnant,0.539,118,42
10/23/2025,20364,401430,Pregnancy Test - Milk,Pregnant,1.628,126,35
10/23/2025,18546,401430,Pregnancy Test - Milk,Open,-0.001,114,42
10/23/2025,16263,401430,Pregnancy Test - Milk,Pregnant,1.251,105,35
10/23/2025,20045,401430,Pregnancy Test - Milk,Pregnant,0.402,181,45
10/23/2025,19596,401430,Pregnancy Test - Milk,Pregnant,0.656,256,83
10/23/2025,20065,401430,Pregnancy Test - Milk,Pregnant,0.828,158,84
10/23/2025,17974,401430,Pregnancy Test - Milk,Pregnant,0.75,161,36
10/23/2025,9087,401430,Pregnancy Test - Milk,Pregnant,1.239,196,76
10/23/2025,19184,401430,Pregnancy Test - Milk,Pregnant,0.307,231,76
10/23/2025,19982,401430,Pregnancy Test - Milk,Pregnant,1.454,172,74
10/23/2025,15307,401430,Pregnancy Test - Milk,Pregnant,1.006,291,43
10/23/2025,20442,401430,Pregnancy Test - Milk,Pregnant,0.823,167,36
10/23/2025,8969,401430,Pregnancy Test - Milk,Pregnant,0.656,116,42
10/23/2025,19739,401430,Pregnancy Test - Milk,Pregnant,1.579,237,84
10/23/2025,3842,401430,Pregnancy Test - Milk,Pregnant,0.823,154,35
10/23/2025,20100,401430,Pregnancy Test - Milk,Re-Check,0.191,216,44
10/23/2025,10464,401430,Pregnancy Test - Milk,Pregnant,0.993,142,39
10/23/2025,18295,401430,Pregnancy Test - Milk,Re-Check,0.188,131,56
10/23/2025,16259,401430,Pregnancy Test - Milk,Pregnant,0.681,109,35
10/23/2025,10466,401430,Pregnancy Test - Milk,Pregnant,1.112,143,36
10/23/2025,17842,401430,Pregnancy Test - Milk,Pregnant,0.58,117,42
10/23/2025,18792,401430,Pregnancy Test - Milk,Pregnant,1.78,110,35
10/23/2025,17884,401430,Pregnancy Test - Milk,Pregnant,1.787,246,39
10/23/2025,20412,401430,Pregnancy Test - Milk,Pregnant,0.774,165,47
10/23/2025,2432,401430,Pregnancy Test - Milk,Pregnant,1.122,106,35
10/23/2025,148141,401430,Pregnancy Test - Milk,Pregnant,2.252,170,39
10/23/2025,20759,401430,Pregnancy Test - Milk,Pregnant,0.972,116,42
10/23/2025,20087,401430,Pregnancy Test - Milk,Pregnant,0.961,165,42
10/23/2025,20309,401430,Pregnancy Test - Milk,Pregnant,0.616,159,84
10/23/2025,17720,401430,Pregnancy Test - Milk,Pregnant,0.619,236,83
10/23/2025,813161,401430,Pregnancy Test - Milk,Pregnant,1.622,162,35
10/23/2025,17612,401430,Pregnancy Test - Milk,Open,0.026,199,40
10/23/2025,12816,401430,Pregnancy Test - Milk,Re-Check,0.112,108,35
10/23/2025,17941,401430,Pregnancy Test - Milk,Pregnant,1.661,118,42
10/23/2025,14785,401430,Pregnancy Test - Milk,Pregnant,0.391,118,42
10/23/2025,18134,401430,Pregnancy Test - Milk,Open,0.042,109,35
10/23/2025,20207,401430,Pregnancy Test - Milk,Open,-0.007,117,42
10/23/2025,20370,401430,Pregnancy Test - Milk,Pregnant,1.333,110,35
10/23/2025,16363,401430,Pregnancy Test - Milk,Pregnant,0.441,121,49
10/23/2025,197958,401430,Pregnancy Test - Milk,Pregnant,0.89,166,35
10/23/2025,16904,401430,Pregnancy Test - Milk,Open,0.066,208,43
10/23/2025,16133,401430,Pregnancy Test - Milk,Pregnant,0.462,135,43
10/23/2025,15961,401430,Pregnancy Test - Milk,Pregnant,0.654,109,35
10/23/2025,13169,401430,Pregnancy Test - Milk,Pregnant,0.516,210,73
10/23/2025,8954,401430,Pregnancy Test - Milk,Pregnant,0.671,108,35
10/23/2025,9936,401430,Pregnancy Test - Milk,Pregnant,0.476,107,35
10/23/2025,16982,401430,Pregnancy Test - Milk,Pregnant,0.394,105,37
10/23/2025,18441,401430,Pregnancy Test - Milk,Open,-0.001,121,0
10/23/2025,19908,401430,Pregnancy Test - Milk,Pregnant,0.959,213,46
10/23/2025,17342,401430,Pregnancy Test - Milk,Pregnant,1.338,228,37
10/23/2025,7649,401430,Pregnancy Test - Milk,Pregnant,0.483,190,44
10/23/2025,20264,401430,Pregnancy Test - Milk,Pregnant,0.991,158,46
10/23/2025,1861,401430,Pregnancy Test - Milk,Pregnant,0.434,199,51
10/23/2025,18524,401430,Pregnancy Test - Milk,Pregnant,0.808,110,35
10/23/2025,20120,401430,Pregnancy Test - Milk,Pregnant,0.431,168,37
10/23/2025,20440,401430,Pregnancy Test - Milk,Pregnant,0.806,165,42
10/23/2025,2324,401430,Pregnancy Test - Milk,Pregnant,0.991,148,77
10/23/2025,17374,401430,Pregnancy Test - Milk,Pregnant,0.464,309,74
10/23/2025,14250,401430,Pregnancy Test - Milk,Pregnant,0.274,118,42
10/23/2025,18051,401430,Pregnancy Test - Milk,Pregnant,0.876,174,38
10/23/2025,13882,401430,Pregnancy Test - Milk,Pregnant,0.501,154,78
10/23/2025,18135,401430,Pregnancy Test - Milk,Pregnant,1.345,115,42
10/23/2025,17795,401430,Pregnancy Test - Milk,Pregnant,0.365,245,80
10/23/2025,14915,401430,Pregnancy Test - Milk,Re-Check,0.218,145,70
10/23/2025,18422,401430,Pregnancy Test - Milk,Pregnant,0.945,108,35
10/23/2025,18497,401430,Pregnancy Test - Milk,Pregnant,1.543,111,35
10/23/2025,14259,401430,Pregnancy Test - Milk,Re-Check,0.195,124,49
10/23/2025,17681,401430,Pregnancy Test - Milk,Open,0.021,234,35
10/23/2025,17555,401430,Pregnancy Test - Milk,Pregnant,0.489,193,47
10/23/2025,53894,401430,Pregnancy Test - Milk,Pregnant,0.928,177,35
10/23/2025,20889,401430,Pregnancy Test - Milk,Pregnant,1.715,110,35
10/23/2025,7662,401430,Pregnancy Test - Milk,Pregnant,0.964,228,38
10/23/2025,19977,401430,Pregnancy Test - Milk,Pregnant,0.866,178,75
10/23/2025,14667,401430,Pregnancy Test - Milk,Open,0.046,149,38
10/23/2025,2372,401430,Pregnancy Test - Milk,Open,0.008,238,51
10/23/2025,215,401430,Pregnancy Test - Milk,Re-Check,0.198,109,35
10/23/2025,10184,401430,Pregnancy Test - Milk,Re-Check,0.14,146,70
10/23/2025,18740,401430,Pregnancy Test - Milk,Pregnant,1.387,108,35
10/23/2025,14059,401430,Pregnancy Test - Milk,Pregnant,0.802,97,37
10/23/2025,15893,401430,Pregnancy Test - Milk,Pregnant,0.351,153,77
10/23/2025,191405,401430,Pregnancy Test - Milk,Pregnant,0.519,162,42
10/23/2025,20749,401430,Pregnancy Test - Milk,Pregnant,0.327,126,40
10/23/2025,20549,401430,Pregnancy Test - Milk,Pregnant,1.228,152,77
10/23/2025,14514,401430,Pregnancy Test - Milk,Pregnant,0.709,156,35
10/23/2025,19747,401430,Pregnancy Test - Milk,Pregnant,1.279,264,84
10/23/2025,14539,401430,Pregnancy Test - Milk,Pregnant,0.827,114,42
10/23/2025,18067,401430,Pregnancy Test - Milk,Open,0.003,190,38
10/23/2025,737,401430,Pregnancy Test - Milk,Pregnant,0.961,219,31
10/23/2025,14883,401430,Pregnancy Test - Milk,Pregnant,0.516,117,42
10/23/2025,11341,401430,Pregnancy Test - Milk,Pregnant,0.54,229,40
10/23/2025,20199,401430,Pregnancy Test - Milk,Pregnant,1.101,157,44
10/23/2025,18647,401430,Pregnancy Test - Milk,Pregnant,1.525,118,42
10/23/2025,17829,401430,Pregnancy Test - Milk,Pregnant,0.787,121,49
10/23/2025,17639,401430,Pregnancy Test - Milk,Pregnant,0.331,175,55
10/23/2025,18333,401430,Pregnancy Test - Milk,Pregnant,1.056,161,37
10/23/2025,12269,401430,Pregnancy Test - Milk,Open,0.054,210,101
10/23/2025,1640,401430,Pregnancy Test - Milk,Pregnant,0.332,153,77
10/23/2025,20777,401430,Pregnancy Test - Milk,Pregnant,2.263,130,35
10/23/2025,16096,401430,Pregnancy Test - Milk,Pregnant,0.361,145,71
10/23/2025,20064,401430,Pregnancy Test - Milk,Pregnant,1.905,172,77
10/23/2025,20679,401430,Pregnancy Test - Milk,Pregnant,0.395,155,46
10/23/2025,17821,401430,Pregnancy Test - Milk,Pregnant,0.336,156,35
10/23/2025,17956,401430,Pregnancy Test - Milk,Pregnant,0.866,229,72
10/23/2025,14239,401430,Pregnancy Test - Milk,Pregnant,0.576,106,35
10/23/2025,13367,401430,Pregnancy Test - Milk,Pregnant,0.549,108,35
10/23/2025,18619,401430,Pregnancy Test - Milk,Pregnant,1.019,106,35
10/23/2025,20396,401430,Pregnancy Test - Milk,Pregnant,0.828,154,72
10/23/2025,16456,401430,Pregnancy Test - Milk,Pregnant,1.087,145,71
10/23/2025,18417,401430,Pregnancy Test - Milk,Pregnant,0.651,159,40
10/23/2025,15972,401430,Pregnancy Test - Milk,Pregnant,0.62,127,35
10/23/2025,17505,401430,Pregnancy Test - Milk,Pregnant,0.459,244,75
10/23/2025,18526,401430,Pregnancy Test - Milk,Pregnant,0.868,119,49
10/23/2025,18001,401430,Pregnancy Test - Milk,Pregnant,0.771,187,40
10/23/2025,18506,401430,Pregnancy Test - Milk,Pregnant,0.599,116,42
10/23/2025,20416,401430,Pregnancy Test - Milk,Pregnant,1.734,111,36
10/23/2025,20447,401430,Pregnancy Test - Milk,Not Tested,,130,36
10/23/2025,20137,401430,Pregnancy Test - Milk,Pregnant,1.072,158,47
10/23/2025,20842,401430,Pregnancy Test - Milk,Pregnant,0.731,118,42
10/23/2025,19905,401430,Pregnancy Test - Milk,Pregnant,1.508,196,38
10/23/2025,19946,401430,Pregnancy Test - Milk,Open,0.017,248,42
10/23/2025,825022,401430,Pregnancy Test - Milk,Pregnant,1.211,167,36
10/23/2025,17724,401430,Pregnancy Test - Milk,Pregnant,1.755,213,40
10/23/2025,12992,401430,Pregnancy Test - Milk,Pregnant,0.809,217,37
10/23/2025,17628,401430,Pregnancy Test - Milk,Pregnant,0.888,184,75
10/23/2025,15101,401430,Pregnancy Test - Milk,Open,0.051,352,77
10/23/2025,10509,401430,Pregnancy Test - Milk,Pregnant,0.454,172,76
10/23/2025,20303,401430,Pregnancy Test - Milk,Open,0.083,118,42
10/23/2025,18539,401430,Pregnancy Test - Milk,Open,0.008,126,38
10/23/2025,20212,401430,Pregnancy Test - Milk,Pregnant,0.805,112,42
10/23/2025,13399,401430,Pregnancy Test - Milk,Pregnant,0.287,167,34
10/23/2025,825166,401430,Pregnancy Test - Milk,Pregnant,0.655,161,46
10/23/2025,20297,401430,Pregnancy Test - Milk,Pregnant,0.62,152,77
10/23/2025,17408,401430,Pregnancy Test - Milk,Pregnant,0.668,277,38
10/23/2025,18097,401430,Pregnancy Test - Milk,Pregnant,0.542,146,77
10/23/2025,15452,401430,Pregnancy Test - Milk,Open,0.01,233,35
10/23/2025,17221,401430,Pregnancy Test - Milk,Re-Check,0.225,166,72
10/23/2025,15666,401430,Pregnancy Test - Milk,Pregnant,1.12,107,35
10/23/2025,15763,401430,Pregnancy Test - Milk,Pregnant,0.873,160,84
10/23/2025,19099,401430,Pregnancy Test - Milk,Pregnant,0.687,164,35
10/23/2025,10282,401430,Pregnancy Test - Milk,Pregnant,0.862,217,36
10/23/2025,19731,401430,Pregnancy Test - Milk,Pregnant,0.607,253,47
10/23/2025,17776,401430,Pregnancy Test - Milk,Pregnant,0.327,180,35
10/23/2025,16941,401430,Pregnancy Test - Milk,Pregnant,0.365,172,75
10/23/2025,20599,401430,Pregnancy Test - Milk,Pregnant,0.672,161,42
10/23/2025,18104,401430,Pregnancy Test - Milk,Pregnant,0.413,161,48
10/23/2025,2355,401430,Pregnancy Test - Milk,Pregnant,0.532,184,46
10/23/2025,5149,401430,Pregnancy Test - Milk,Open,0.034,116,42
10/23/2025,14461,401430,Pregnancy Test - Milk,Pregnant,0.431,113,42
10/23/2025,17975,401430,Pregnancy Test - Milk,Pregnant,0.526,147,77
10/23/2025,3480,401430,Pregnancy Test - Milk,Pregnant,0.376,173,48
10/23/2025,16034,401430,Pregnancy Test - Milk,Pregnant,1.166,107,35
10/23/2025,20185,401430,Pregnancy Test - Milk,Pregnant,1.553,171,38
10/23/2025,14141,401430,Pregnancy Test - Milk,Pregnant,1.066,333,81
10/23/2025,17965,401430,Pregnancy Test - Milk,Pregnant,0.655,164,71
10/23/2025,13677,401430,Pregnancy Test - Milk,Pregnant,1.561,211,36
10/23/2025,19925,401430,Pregnancy Test - Milk,Pregnant,0.889,229,39
10/23/2025,14096,401430,Pregnancy Test - Milk,Pregnant,0.818,153,38
10/23/2025,19052,401430,Pregnancy Test - Milk,Pregnant,0.614,110,35
10/23/2025,20007,401430,Pregnancy Test - Milk,Pregnant,1.161,160,84
10/23/2025,20402,401430,Pregnancy Test - Milk,Pregnant,1.5,110,35
10/23/2025,1664,401430,Pregnancy Test - Milk,Pregnant,2.011,108,35
10/23/2025,20463,401430,Pregnancy Test - Milk,Pregnant,0.385,121,47
10/23/2025,15933,401430,Pregnancy Test - Milk,Pregnant,0.25,210,41
10/23/2025,14118,401430,Pregnancy Test - Milk,Pregnant,1.174,115,42
10/23/2025,18220,401430,Pregnancy Test - Milk,Pregnant,0.911,138,38
10/23/2025,3877,401430,Pregnancy Test - Milk,Open,0.095,192,34
10/23/2025,20187,401430,Pregnancy Test - Milk,Pregnant,0.306,165,42
10/23/2025,20372,401430,Pregnancy Test - Milk,Pregnant,1.204,144,41
10/23/2025,20061,401430,Pregnancy Test - Milk,Pregnant,1.129,170,36
10/23/2025,20138,401430,Pregnancy Test - Milk,Pregnant,0.732,181,41
10/23/2025,20869,401430,Pregnancy Test - Milk,Re-Check,0.144,117,42
10/23/2025,20841,401430,Pregnancy Test - Milk,Pregnant,0.953,112,36
10/23/2025,17880,401430,Pregnancy Test - Milk,Pregnant,1.744,106,35
10/23/2025,18384,401430,Pregnancy Test - Milk,Pregnant,1.183,108,35
10/23/2025,19636,401430,Pregnancy Test - Milk,Pregnant,0.653,263,38
10/23/2025,824990,401430,Pregnancy Test - Milk,Open,0.007,167,35
10/23/2025,13596,401430,Pregnancy Test - Milk,Pregnant,0.652,107,35
10/23/2025,14428,401430,Pregnancy Test - Milk,Pregnant,1.708,110,36
10/23/2025,14742,401430,Pregnancy Test - Milk,Pregnant,0.967,117,42
10/23/2025,14064,401430,Pregnancy Test - Milk,Pregnant,0.639,145,40
10/23/2025,20219,401430,Pregnancy Test - Milk,Pregnant,0.53,161,42
10/23/2025,13915,401430,Pregnancy Test - Milk,Pregnant,0.617,106,35
10/23/2025,18449,401430,Pregnancy Test - Milk,Pregnant,0.657,114,42
10/23/2025,18813,401430,Pregnancy Test - Milk,Open,0.006,114,42
10/23/2025,19435,401430,Pregnancy Test - Milk,Pregnant,0.622,296,49
10/23/2025,15702,401430,Pregnancy Test - Milk,Re-Check,0.169,203,70
10/23/2025,51695,401430,Pregnancy Test - Milk,Open,0.048,177,35
10/23/2025,13861,401430,Pregnancy Test - Milk,Pregnant,0.928,126,34
10/23/2025,12048,401430,Pregnancy Test - Milk,Pregnant,0.31,172,73
10/23/2025,18750,401430,Pregnancy Test - Milk,Pregnant,2.08,105,35
10/23/2025,20129,401430,Pregnancy Test - Milk,Pregnant,1.568,115,42
10/23/2025,18719,401430,Pregnancy Test - Milk,Pregnant,1.404,117,42
10/23/2025,18744,401430,Pregnancy Test - Milk,Pregnant,1.55,110,35
10/23/2025,825237,401430,Pregnancy Test - Milk,Pregnant,1.232,166,35
10/23/2025,20152,401430,Pregnancy Test - Milk,Pregnant,0.89,172,44
10/23/2025,20106,401430,Pregnancy Test - Milk,Pregnant,0.919,216,37
10/23/2025,20944,401430,Pregnancy Test - Milk,Pregnant,0.928,113,42
10/23/2025,16482,401430,Pregnancy Test - Milk,Pregnant,0.321,296,71
10/23/2025,20379,401430,Pregnancy Test - Milk,Pregnant,1.187,160,84
10/23/2025,15515,401430,Pregnancy Test - Milk,Pregnant,0.615,162,81
10/23/2025,18617,401430,Pregnancy Test - Milk,Pregnant,0.504,154,84
10/23/2025,12219,401430,Pregnancy Test - Milk,Pregnant,0.526,154,84
10/23/2025,17815,401430,Pregnancy Test - Milk,Re-Check,0.103,226,35
10/23/2025,16650,401430,Pregnancy Test - Milk,Open,0.068,110,36
10/23/2025,1860,401430,Pregnancy Test - Milk,Pregnant,0.795,232,43
10/23/2025,19015,401430,Pregnancy Test - Milk,Pregnant,1.227,118,42
10/23/2025,18761,401430,Pregnancy Test - Milk,Pregnant,0.765,116,42
10/23/2025,16487,401430,Pregnancy Test - Milk,Pregnant,1.254,105,35
10/23/2025,19742,401430,Pregnancy Test - Milk,Pregnant,0.554,204,49
10/23/2025,17314,401430,Pregnancy Test - Milk,Re-Check,0.151,153,77
10/23/2025,2151,401430,Pregnancy Test - Milk,Open,0.097,126,55
10/23/2025,19792,401430,Pregnancy Test - Milk,Pregnant,1.321,256,35
10/23/2025,19996,401430,Pregnancy Test - Milk,Pregnant,0.921,215,84
10/23/2025,14628,401430,Pregnancy Test - Milk,Pregnant,0.594,124,49
10/23/2025,13914,401430,Pregnancy Test - Milk,Pregnant,0.795,167,40
10/23/2025,20099,401430,Pregnancy Test - Milk,Pregnant,1.304,184,36
10/23/2025,14143,401430,Pregnancy Test - Milk,Open,-0.001,115,42
10/23/2025,15989,401430,Pregnancy Test - Milk,Open,0.025,116,42
10/23/2025,18238,401430,Pregnancy Test - Milk,Pregnant,0.401,157,47
10/23/2025,17614,401430,Pregnancy Test - Milk,Pregnant,1.866,181,43
10/23/2025,15938,401430,Pregnancy Test - Milk,Open,0.037,143,37
10/23/2025,13580,401430,Pregnancy Test - Milk,Open,0.009,106,35
10/23/2025,20783,401430,Pregnancy Test - Milk,Pregnant,1.201,110,38
10/23/2025,814719,401430,Pregnancy Test - Milk,Pregnant,0.496,162,43
10/23/2025,20662,401430,Pregnancy Test - Milk,Pregnant,1.783,109,35
10/23/2025,20563,401430,Pregnancy Test - Milk,Pregnant,0.471,173,78
10/23/2025,2227,401430,Pregnancy Test - Milk,Pregnant,0.857,232,84
10/23/2025,16816,401430,Pregnancy Test - Milk,Open,0.006,117,42
10/23/2025,18775,401430,Pregnancy Test - Milk,Pregnant,1.418,131,35
10/23/2025,17487,401430,Pregnancy Test - Milk,Open,0.009,195,35
10/23/2025,3803,401430,Pregnancy Test - Milk,Pregnant,0.516,113,42
10/23/2025,14486,401430,Pregnancy Test - Milk,Pregnant,0.988,149,35
10/23/2025,18599,401430,Pregnancy Test - Milk,Pregnant,0.516,142,36
10/23/2025,18742,401430,Pregnancy Test - Milk,Pregnant,1.221,125,49
10/23/2025,11654,401430,Pregnancy Test - Milk,Re-Check,0.191,167,46
10/23/2025,20391,401430,Pregnancy Test - Milk,Pregnant,0.951,115,42
10/23/2025,13833,401430,Pregnancy Test - Milk,Pregnant,0.49,214,37
10/23/2025,16555,401430,Pregnancy Test - Milk,Pregnant,1.068,151,78
10/23/2025,17786,401430,Pregnancy Test - Milk,Pregnant,0.607,258,77
10/23/2025,14076,401430,Pregnancy Test - Milk,Pregnant,0.283,196,75
10/23/2025,20234,401430,Pregnancy Test - Milk,Pregnant,0.913,161,74
10/23/2025,16688,401430,Pregnancy Test - Milk,Pregnant,0.593,298,47
10/23/2025,16013,401430,Pregnancy Test - Milk,Pregnant,0.942,108,35
10/23/2025,19483,401430,Pregnancy Test - Milk,Pregnant,1.61,307,84
10/23/2025,17379,401430,Pregnancy Test - Milk,Pregnant,0.449,225,39
10/23/2025,15779,401430,Pregnancy Test - Milk,Pregnant,0.68,157,81
10/23/2025,3630,401430,Pregnancy Test - Milk,Pregnant,0.512,160,84
10/23/2025,20513,401430,Pregnancy Test - Milk,Pregnant,0.958,143,43
10/23/2025,18365,401430,Pregnancy Test - Milk,Pregnant,0.709,158,84
10/23/2025,11484,401430,Pregnancy Test - Milk,Pregnant,0.433,197,70
10/23/2025,15736,401430,Pregnancy Test - Milk,Pregnant,0.636,111,35
10/23/2025,17540,401430,Pregnancy Test - Milk,Pregnant,0.675,109,35
10/23/2025,12146,401430,Pregnancy Test - Milk,Open,-0.002,107,35
10/23/2025,20094,401430,Pregnancy Test - Milk,Pregnant,1.262,168,77
10/23/2025,16185,401430,Pregnancy Test - Milk,Pregnant,1.028,105,35
10/23/2025,813124,401430,Pregnancy Test - Milk,Pregnant,1.454,166,91
10/23/2025,20015,401430,Pregnancy Test - Milk,Pregnant,0.516,233,75
10/23/2025,18368,401430,Pregnancy Test - Milk,Pregnant,0.651,153,77
10/23/2025,3115,401430,Pregnancy Test - Milk,Pregnant,0.631,111,35
10/23/2025,17080,401430,Pregnancy Test - Milk,Pregnant,0.83,215,35
10/23/2025,15068,401430,Pregnancy Test - Milk,Pregnant,0.379,162,42
10/23/2025,17390,401430,Pregnancy Test - Milk,Open,0.083,240,42
10/23/2025,18755,401430,Pregnancy Test - Milk,Open,-0.013,108,35
10/23/2025,14951,401430,Pregnancy Test - Milk,Pregnant,0.734,149,36
10/23/2025,20454,401430,Pregnancy Test - Milk,Pregnant,2.468,107,35
10/23/2025,20494,401430,Pregnancy Test - Milk,Pregnant,1.129,112,42
10/23/2025,20172,401430,Pregnancy Test - Milk,Pregnant,0.678,170,78
10/23/2025,20745,401430,Pregnancy Test - Milk,Pregnant,0.903,136,42
10/23/2025,18264,401430,Pregnancy Test - Milk,Pregnant,1.069,214,84
10/23/2025,20334,401430,Pregnancy Test - Milk,Pregnant,1.231,158,35
10/23/2025,14069,401430,Pregnancy Test - Milk,Pregnant,0.666,158,84
10/23/2025,18699,401430,Pregnancy Test - Milk,Pregnant,0.646,116,43
10/23/2025,15313,401430,Pregnancy Test - Milk,Pregnant,0.666,160,35
10/23/2025,14181,401430,Pregnancy Test - Milk,Pregnant,0.328,118,42
10/23/2025,15649,401430,Pregnancy Test - Milk,Pregnant,0.691,108,35
10/23/2025,17479,401430,Pregnancy Test - Milk,Pregnant,0.869,261,45
10/23/2025,19026,401430,Pregnancy Test - Milk,Pregnant,1.467,109,35
10/23/2025,16580,401430,Pregnancy Test - Milk,Pregnant,1.217,111,35
10/23/2025,18866,401430,Pregnancy Test - Milk,Pregnant,1.221,106,35
10/23/2025,20056,401430,Pregnancy Test - Milk,Pregnant,0.756,160,44
10/23/2025,18096,401430,Pregnancy Test - Milk,Pregnant,0.99,154,39
10/23/2025,20236,401430,Pregnancy Test - Milk,Pregnant,0.861,150,36
10/23/2025,20093,401430,Pregnancy Test - Milk,Re-Check,0.158,216,49
10/23/2025,18483,401430,Pregnancy Test - Milk,Pregnant,0.883,109,35
10/23/2025,19919,401430,Pregnancy Test - Milk,Pregnant,1.986,163,35
10/23/2025,15382,401430,Pregnancy Test - Milk,Open,0.021,139,42
10/23/2025,825098,401430,Pregnancy Test - Milk,Pregnant,0.366,170,77
10/23/2025,5256,401430,Pregnancy Test - Milk,Pregnant,1.355,196,74
10/23/2025,19191,401430,Pregnancy Test - Milk,Pregnant,1.127,314,79
10/23/2025,17038,401430,Pregnancy Test - Milk,Pregnant,0.842,284,45
10/23/2025,3697,401430,Pregnancy Test - Milk,Re-Check,0.199,113,42
10/23/2025,899,401430,Pregnancy Test - Milk,Open,0.026,317,47
10/23/2025,20260,401430,Pregnancy Test - Milk,Pregnant,0.908,147,38
10/23/2025,18170,401430,Pregnancy Test - Milk,Pregnant,0.715,112,38
10/23/2025,18517,401430,Pregnancy Test - Milk,Pregnant,0.285,143,70
10/23/2025,15421,401430,Pregnancy Test - Milk,Re-Check,0.237,157,84
10/23/2025,20090,401430,Pregnancy Test - Milk,Open,0.027,154,38
10/23/2025,18640,401430,Pregnancy Test - Milk,Open,0.038,105,35
10/23/2025,2383,401430,Pregnancy Test - Milk,Re-Check,0.154,163,71
10/23/2025,13491,401430,Pregnancy Test - Milk,Pregnant,0.98,252,40
10/23/2025,47941,401430,Pregnancy Test - Milk,Pregnant,1.756,184,35
10/23/2025,1583,401430,Pregnancy Test - Milk,Pregnant,1.496,108,35
10/23/2025,18615,401430,Pregnancy Test - Milk,Pregnant,0.538,140,49
10/23/2025,18945,401430,Pregnancy Test - Milk,Pregnant,0.767,116,42
10/23/2025,20688,401430,Pregnancy Test - Milk,Open,-0.003,106,35
10/23/2025,11473,401430,Pregnancy Test - Milk,Re-Check,0.206,177,78
10/23/2025,15809,401430,Pregnancy Test - Milk,Re-Check,0.175,142,70
10/23/2025,813817,401430,Pregnancy Test - Milk,Pregnant,1.771,171,43
10/23/2025,17332,401430,Pregnancy Test - Milk,Pregnant,0.777,153,77
10/23/2025,20060,401430,Pregnancy Test - Milk,Pregnant,0.645,201,38
10/23/2025,18178,401430,Pregnancy Test - Milk,Pregnant,0.621,195,76
10/23/2025,16559,401430,Pregnancy Test - Milk,Pregnant,1.33,118,42
10/23/2025,17463,401430,Pregnancy Test - Milk,Pregnant,1.442,160,39
10/23/2025,16390,401430,Pregnancy Test - Milk,Pregnant,0.802,127,36
10/23/2025,17061,401430,Pregnancy Test - Milk,Open,0.014,113,0
10/23/2025,18629,401430,Pregnancy Test - Milk,Open,0.006,123,49
10/23/2025,14303,401430,Pregnancy Test - Milk,Pregnant,0.376,135,40
10/23/2025,20500,401430,Pregnancy Test - Milk,Open,0.04,118,42
10/23/2025,14336,401430,Pregnancy Test - Milk,Pregnant,0.982,110,35
10/23/2025,20081,401430,Pregnancy Test - Milk,Pregnant,0.275,200,55
10/23/2025,20423,401430,Pregnancy Test - Milk,Pregnant,0.758,167,45
10/23/2025,18522,401430,Pregnancy Test - Milk,Pregnant,0.549,158,84
10/23/2025,15935,401430,Pregnancy Test - Milk,Pregnant,0.335,226,79
10/23/2025,1337,401430,Pregnancy Test - Milk,Pregnant,1.298,111,35
10/23/2025,12574,401430,Pregnancy Test - Milk,Pregnant,0.71,220,40
10/23/2025,15175,401430,Pregnancy Test - Milk,Pregnant,0.295,105,35
10/24/2025,15320,401430,Pregnancy Test - Milk,Pregnant,0.467,255,36
10/24/2025,14068,401430,Pregnancy Test - Milk,Pregnant,0.483,142,36
10/24/2025,20648,401430,Pregnancy Test - Milk,Pregnant,0.424,158,41
10/24/2025,20286,401430,Pregnancy Test - Milk,Re-Check,0.185,148,39
10/24/2025,12462,401430,Pregnancy Test - Milk,Open,0.078,254,80
10/24/2025,20735,401430,Pregnancy Test - Milk,Pregnant,0.878,128,38
10/24/2025,20105,401430,Pregnancy Test - Milk,Pregnant,0.535,179,80
10/24/2025,18519,401430,Pregnancy Test - Milk,Pregnant,0.452,108,36
10/24/2025,15055,401430,Pregnancy Test - Milk,Open,0.009,109,36
10/24/2025,1623,401430,Pregnancy Test - Milk,Open,0.029,165,40
10/24/2025,20704,401430,Pregnancy Test - Milk,Pregnant,1.202,129,38
10/24/2025,20626,401430,Pregnancy Test - Milk,Pregnant,0.768,110,36
10/24/2025,14996,401430,Pregnancy Test - Milk,Open,0.008,207,38
10/24/2025,16356,401430,Pregnancy Test - Milk,Open,0.018,110,35
10/24/2025,20277,401430,Pregnancy Test - Milk,Pregnant,0.699,150,78
10/24/2025,20218,401430,Pregnancy Test - Milk,Pregnant,0.866,129,36
10/24/2025,20573,401430,Pregnancy Test - Milk,Re-Check,0.132,111,36
10/24/2025,15612,401430,Pregnancy Test - Milk,Pregnant,0.692,252,36
10/24/2025,20415,401430,Pregnancy Test - Milk,Pregnant,0.699,108,36
10/24/2025,20827,401430,Pregnancy Test - Milk,Open,0.059,109,36
10/24/2025,15890,401430,Pregnancy Test - Milk,Pregnant,0.669,157,39
10/24/2025,20230,401430,Pregnancy Test - Milk,Pregnant,0.73,106,36
10/24/2025,18114,401430,Pregnancy Test - Milk,Pregnant,1.161,219,39
10/24/2025,12795,401430,Pregnancy Test - Milk,Pregnant,0.598,106,36
10/24/2025,18671,401430,Pregnancy Test - Milk,Pregnant,0.398,150,78
10/24/2025,18484,401430,Pregnancy Test - Milk,Pregnant,0.428,154,78
10/24/2025,17019,401430,Pregnancy Test - Milk,Pregnant,1.193,253,40
10/24/2025,20125,401430,Pregnancy Test - Milk,Pregnant,0.677,110,36
10/24/2025,20401,401430,Pregnancy Test - Milk,Pregnant,0.754,110,36
10/24/2025,18331,401430,Pregnancy Test - Milk,Pregnant,0.514,180,35
10/24/2025,17525,401430,Pregnancy Test - Milk,Pregnant,0.47,244,40
10/24/2025,1594,401430,Pregnancy Test - Milk,Pregnant,0.357,212,41
10/24/2025,20771,401430,Pregnancy Test - Milk,Open,0.039,107,36
10/24/2025,13666,401430,Pregnancy Test - Milk,Pregnant,0.441,111,36
10/24/2025,20032,401430,Pregnancy Test - Milk,Pregnant,0.385,188,88
10/30/2025,54039,401430,Pregnancy Test - Milk,Pregnant,1.167,185,76
10/30/2025,18623,401430,Pregnancy Test - Milk,Pregnant,0.269,181,71
10/30/2025,19474,401430,Pregnancy Test - Milk,Pregnant,1.571,314,36
10/30/2025,20274,401430,Pregnancy Test - Milk,Pregnant,1.103,157,41
10/30/2025,20227,401430,Pregnancy Test - Milk,Open,0.041,110,35
10/30/2025,11654,401430,Pregnancy Test - Milk,Re-Check,0.15,174,53
10/30/2025,15862,401430,Pregnancy Test - Milk,Pregnant,1.373,106,35
10/30/2025,15839,401430,Pregnancy Test - Milk,Pregnant,0.707,177,37
10/30/2025,10184,401430,Pregnancy Test - Milk,Re-Check,0.239,153,77
10/30/2025,15823,401430,Pregnancy Test - Milk,Re-Check,0.232,181,38
10/30/2025,215,401430,Pregnancy Test - Milk,Open,0.029,116,42
10/30/2025,2383,401430,Pregnancy Test - Milk,Pregnant,0.712,170,78
10/30/2025,11486,401430,Pregnancy Test - Milk,Pregnant,0.425,226,73
10/30/2025,3814,401430,Pregnancy Test - Milk,Open,0.024,290,35
10/30/2025,17650,401430,Pregnancy Test - Milk,Pregnant,0.55,137,38
10/30/2025,16192,401430,Pregnancy Test - Milk,Pregnant,0.277,150,77
10/30/2025,14259,401430,Pregnancy Test - Milk,Re-Check,0.182,131,56
10/30/2025,20469,401430,Pregnancy Test - Milk,Open,0.023,110,35
10/30/2025,10103,401430,Pregnancy Test - Milk,Pregnant,0.517,319,34
10/30/2025,10094,401430,Pregnancy Test - Milk,Pregnant,0.434,138,34
10/30/2025,11806,401430,Pregnancy Test - Milk,Pregnant,0.372,109,35
10/30/2025,18392,401430,Pregnancy Test - Milk,Re-Check,0.241,129,37
10/30/2025,15421,401430,Pregnancy Test - Milk,Pregnant,0.255,164,91
10/30/2025,15809,401430,Pregnancy Test - Milk,Re-Check,0.217,149,77
10/30/2025,11093,401430,Pregnancy Test - Milk,Pregnant,0.709,260,71
10/30/2025,20378,401430,Pregnancy Test - Milk,Pregnant,0.592,194,71
10/30/2025,18806,401430,Pregnancy Test - Milk,Pregnant,0.872,109,35
10/30/2025,19964,401430,Pregnancy Test - Milk,Pregnant,0.765,236,74
10/30/2025,14575,401430,Pregnancy Test - Milk,Pregnant,1.044,185,40
10/30/2025,16338,401430,Pregnancy Test - Milk,Pregnant,0.608,148,77
10/30/2025,20358,401430,Pregnancy Test - Milk,Pregnant,0.587,195,70
10/30/2025,17358,401430,Pregnancy Test - Milk,Pregnant,0.358,259,73
10/30/2025,20869,401430,Pregnancy Test - Milk,Open,0.044,124,49
10/30/2025,8938,401430,Pregnancy Test - Milk,Pregnant,0.498,137,39
10/30/2025,13401,401430,Pregnancy Test - Milk,Pregnant,0.603,109,35
10/30/2025,15790,401430,Pregnancy Test - Milk,Pregnant,0.416,153,77
10/30/2025,184168,401430,Pregnancy Test - Milk,Pregnant,1.316,178,35
10/30/2025,16714,401430,Pregnancy Test - Milk,Open,0.003,106,35
10/30/2025,20714,401430,Pregnancy Test - Milk,Pregnant,0.793,130,35
10/30/2025,17923,401430,Pregnancy Test - Milk,Pregnant,1.207,155,40
10/30/2025,16949,401430,Pregnancy Test - Milk,Pregnant,0.605,168,98
10/30/2025,18388,401430,Pregnancy Test - Milk,Open,0.026,108,35
10/30/2025,10863,401430,Pregnancy Test - Milk,Pregnant,0.805,339,70
10/30/2025,16284,401430,Pregnancy Test - Milk,Open,0.012,110,35
10/30/2025,19880,401430,Pregnancy Test - Milk,Pregnant,0.559,230,40
10/30/2025,18756,401430,Pregnancy Test - Milk,Pregnant,0.792,105,35
10/30/2025,18949,401430,Pregnancy Test - Milk,Pregnant,0.921,127,36
10/30/2025,20642,401430,Pregnancy Test - Milk,Re-Check,0.168,106,35
10/30/2025,20666,401430,Pregnancy Test - Milk,Pregnant,1.423,111,35
10/30/2025,20590,401430,Pregnancy Test - Milk,Pregnant,1.069,164,40
10/30/2025,18723,401430,Pregnancy Test - Milk,Pregnant,0.684,106,35
10/30/2025,14094,401430,Pregnancy Test - Milk,Pregnant,0.384,152,77
10/30/2025,20655,401430,Pregnancy Test - Milk,Pregnant,0.637,136,39
10/30/2025,5257,401430,Pregnancy Test - Milk,Pregnant,0.858,169,75
10/30/2025,13364,401430,Pregnancy Test - Milk,Re-Check,0.221,205,72
10/30/2025,20325,401430,Pregnancy Test - Milk,Pregnant,0.31,153,77
10/30/2025,19821,401430,Pregnancy Test - Milk,Pregnant,0.528,207,77
10/30/2025,18089,401430,Pregnancy Test - Milk,Pregnant,0.953,169,37
10/30/2025,20285,401430,Pregnancy Test - Milk,Pregnant,1.652,110,35
10/30/2025,19036,401430,Pregnancy Test - Milk,Pregnant,0.429,108,35
10/30/2025,18407,401430,Pregnancy Test - Milk,Pregnant,1.231,157,41
10/30/2025,15992,401430,Pregnancy Test - Milk,Pregnant,0.46,147,77
10/30/2025,5047,401430,Pregnancy Test - Milk,Pregnant,0.972,185,37
10/30/2025,13902,401430,Pregnancy Test - Milk,Pregnant,0.315,138,40
10/30/2025,13854,401430,Pregnancy Test - Milk,Pregnant,0.746,167,72
10/30/2025,17576,401430,Pregnancy Test - Milk,Open,0.001,151,77
10/30/2025,18634,401430,Pregnancy Test - Milk,Open,0.016,154,35
10/30/2025,5214,401430,Pregnancy Test - Milk,Re-Check,0.238,149,77
10/30/2025,16915,401430,Pregnancy Test - Milk,Pregnant,0.652,184,41
10/30/2025,209,401430,Pregnancy Test - Milk,Pregnant,0.26,150,77
10/30/2025,12156,401430,Pregnancy Test - Milk,Pregnant,0.648,228,36
10/30/2025,12346,401430,Pregnancy Test - Milk,Re-Check,0.215,150,77
10/30/2025,20271,401430,Pregnancy Test - Milk,Pregnant,1.289,159,40
10/30/2025,2405,401430,Pregnancy Test - Milk,Pregnant,0.613,107,35
10/30/2025,18370,401430,Pregnancy Test - Milk,Pregnant,1.313,111,35
10/30/2025,13767,401430,Pregnancy Test - Milk,Open,0.099,123,37
10/30/2025,19102,401430,Pregnancy Test - Milk,Re-Check,0.1,109,35
10/30/2025,18152,401430,Pregnancy Test - Milk,Pregnant,0.838,157,36
10/30/2025,14936,401430,Pregnancy Test - Milk,Pregnant,0.587,139,41
10/30/2025,20281,401430,Pregnancy Test - Milk,Pregnant,1.532,110,36
10/30/2025,19681,401430,Pregnancy Test - Milk,Open,0.013,297,39
10/30/2025,16315,401430,Pregnancy Test - Milk,Pregnant,1.275,158,36
10/30/2025,17221,401430,Pregnancy Test - Milk,Re-Check,0.136,173,79
10/30/2025,20447,401430,Pregnancy Test - Milk,Pregnant,0.672,137,43
10/30/2025,15886,401430,Pregnancy Test - Milk,Pregnant,0.55,107,35
10/30/2025,12441,401430,Pregnancy Test - Milk,Pregnant,0.467,128,36
10/30/2025,15834,401430,Pregnancy Test - Milk,Pregnant,0.914,173,34
10/30/2025,20751,401430,Pregnancy Test - Milk,Open,0.032,108,35
10/30/2025,13734,401430,Pregnancy Test - Milk,Open,-0.001,149,77
10/30/2025,13730,401430,Pregnancy Test - Milk,Pregnant,0.315,149,77
10/30/2025,19154,401430,Pregnancy Test - Milk,Open,0.06,109,35
10/30/2025,16721,401430,Pregnancy Test - Milk,Pregnant,0.596,107,35
10/30/2025,18764,401430,Pregnancy Test - Milk,Pregnant,0.901,107,35
10/30/2025,18854,401430,Pregnancy Test - Milk,Pregnant,1.091,134,40
10/30/2025,12804,401430,Pregnancy Test - Milk,Pregnant,0.367,327,77
10/30/2025,18259,401430,Pregnancy Test - Milk,Pregnant,1.258,108,35
10/30/2025,13236,401430,Pregnancy Test - Milk,Pregnant,0.683,202,75
10/30/2025,3604,401430,Pregnancy Test - Milk,Re-Check,0.129,108,35
10/30/2025,15239,401430,Pregnancy Test - Milk,Pregnant,0.979,108,35
10/30/2025,18569,401430,Pregnancy Test - Milk,Pregnant,0.434,173,77
10/30/2025,13812,401430,Pregnancy Test - Milk,Pregnant,0.494,148,77
10/30/2025,12599,401430,Pregnancy Test - Milk,Pregnant,0.318,109,35
10/30/2025,13434,401430,Pregnancy Test - Milk,Pregnant,0.5,170,77
10/30/2025,14548,401430,Pregnancy Test - Milk,Pregnant,0.516,108,35
10/30/2025,17901,401430,Pregnancy Test - Milk,Pregnant,1.059,204,35
10/30/2025,20183,401430,Pregnancy Test - Milk,Pregnant,0.807,202,40
10/30/2025,20834,401430,Pregnancy Test - Milk,Open,0.011,108,35
10/30/2025,14855,401430,Pregnancy Test - Milk,Pregnant,0.316,152,77
10/30/2025,10439,401430,Pregnancy Test - Milk,Pregnant,0.747,320,70
10/30/2025,13439,401430,Pregnancy Test - Milk,Pregnant,0.714,110,35
10/30/2025,14383,401430,Pregnancy Test - Milk,Open,-0.004,107,35
10/30/2025,14915,401430,Pregnancy Test - Milk,Re-Check,0.244,152,77
10/30/2025,6816,401430,Pregnancy Test - Milk,Pregnant,1.106,195,35
10/30/2025,10199,401430,Pregnancy Test - Milk,Pregnant,0.334,251,39
10/30/2025,19003,401430,Pregnancy Test - Milk,Pregnant,0.582,130,36
10/30/2025,15917,401430,Pregnancy Test - Milk,Pregnant,0.99,110,35
10/30/2025,19949,401430,Pregnancy Test - Milk,Pregnant,0.868,203,36
10/30/2025,19978,401430,Pregnancy Test - Milk,Pregnant,0.483,149,77
10/30/2025,20534,401430,Pregnancy Test - Milk,Pregnant,0.933,109,35
10/30/2025,20093,401430,Pregnancy Test - Milk,Re-Check,0.115,223,56
10/30/2025,20068,401430,Pregnancy Test - Milk,Open,0,219,39
10/30/2025,18921,401430,Pregnancy Test - Milk,Open,0.027,112,38
10/30/2025,8721,401430,Pregnancy Test - Milk,Pregnant,0.378,110,35
10/30/2025,14061,401430,Pregnancy Test - Milk,Pregnant,0.513,107,35
10/30/2025,12269,401430,Pregnancy Test - Milk,Open,0.055,217,108
10/30/2025,14179,401430,Pregnancy Test - Milk,Pregnant,0.511,106,35
10/30/2025,17675,401430,Pregnancy Test - Milk,Pregnant,0.349,152,77
10/30/2025,18151,401430,Pregnancy Test - Milk,Pregnant,0.614,193,76
10/30/2025,17966,401430,Pregnancy Test - Milk,Pregnant,1.078,161,39
10/30/2025,20748,401430,Pregnancy Test - Milk,Open,-0.015,108,35
10/30/2025,20306,401430,Pregnancy Test - Milk,Pregnant,0.668,173,35
10/30/2025,13682,401430,Pregnancy Test - Milk,Pregnant,0.265,144,70
10/30/2025,18295,401430,Pregnancy Test - Milk,Open,0.097,138,63
10/30/2025,13628,401430,Pregnancy Test - Milk,Open,0.005,108,35
10/30/2025,54442,401430,Pregnancy Test - Milk,Pregnant,0.546,167,71
10/30/2025,17314,401430,Pregnancy Test - Milk,Re-Check,0.14,160,84
10/30/2025,13994,401430,Pregnancy Test - Milk,Pregnant,0.508,208,71
10/30/2025,18109,401430,Pregnancy Test - Milk,Pregnant,0.605,197,72
10/30/2025,20114,401430,Pregnancy Test - Milk,Pregnant,0.602,140,37
10/30/2025,20153,401430,Pregnancy Test - Milk,Open,0.058,165,35
10/30/2025,17655,401430,Pregnancy Test - Milk,Pregnant,0.318,201,73
10/30/2025,19668,401430,Pregnancy Test - Milk,Pregnant,0.593,301,71
10/30/2025,16151,401430,Pregnancy Test - Milk,Pregnant,0.305,108,35
10/30/2025,3600,401430,Pregnancy Test - Milk,Re-Check,0.217,152,77
10/30/2025,13542,401430,Pregnancy Test - Milk,Pregnant,0.477,232,36
10/30/2025,11034,401430,Pregnancy Test - Milk,Pregnant,0.604,308,75
10/30/2025,13160,401430,Pregnancy Test - Milk,Open,0.007,110,35
10/30/2025,17959,401430,Pregnancy Test - Milk,Pregnant,0.531,211,36
10/30/2025,14205,401430,Pregnancy Test - Milk,Pregnant,0.605,106,35
10/30/2025,18502,401430,Pregnancy Test - Milk,Pregnant,0.514,129,35
10/30/2025,15908,401430,Pregnancy Test - Milk,Open,0.062,243,72
10/30/2025,17799,401430,Pregnancy Test - Milk,Pregnant,0.817,156,37
10/30/2025,20161,401430,Pregnancy Test - Milk,Pregnant,1.119,111,35
10/30/2025,17642,401430,Pregnancy Test - Milk,Pregnant,0.365,149,77
10/30/2025,20073,401430,Pregnancy Test - Milk,Pregnant,1.136,192,36
10/30/2025,16075,401430,Pregnancy Test - Milk,Open,0.03,108,35
10/30/2025,19110,401430,Pregnancy Test - Milk,Pregnant,0.414,133,41
10/30/2025,3436,401430,Pregnancy Test - Milk,Pregnant,0.367,152,77
10/30/2025,18935,401430,Pregnancy Test - Milk,Open,-0.005,136,38
10/30/2025,17736,401430,Pregnancy Test - Milk,Pregnant,1.298,147,35
10/30/2025,18042,401430,Pregnancy Test - Milk,Pregnant,0.788,210,77
10/30/2025,20312,401430,Pregnancy Test - Milk,Pregnant,1.076,169,36
10/30/2025,21079,401430,Pregnancy Test - Milk,Pregnant,1.634,107,35
10/30/2025,13307,401430,Pregnancy Test - Milk,Pregnant,0.618,151,34
10/30/2025,11723,401430,Pregnancy Test - Milk,Pregnant,0.311,105,36
10/30/2025,18262,401430,Pregnancy Test - Milk,Pregnant,0.399,141,70
10/30/2025,53341,401430,Pregnancy Test - Milk,Pregnant,1.46,170,35
10/30/2025,18219,401430,Pregnancy Test - Milk,Pregnant,0.359,145,70
10/30/2025,16856,401430,Pregnancy Test - Milk,Pregnant,0.534,108,35
10/30/2025,18166,401430,Pregnancy Test - Milk,Re-Check,0.14,147,77
10/30/2025,11473,401430,Pregnancy Test - Milk,Pregnant,0.305,184,85
10/30/2025,14264,401430,Pregnancy Test - Milk,Pregnant,0.42,106,35
10/30/2025,813703,401430,Pregnancy Test - Milk,Pregnant,0.645,173,38
10/30/2025,12816,401430,Pregnancy Test - Milk,Pregnant,0.322,115,42
10/30/2025,13697,401430,Pregnancy Test - Milk,Open,0.054,131,37
10/30/2025,20315,401430,Pregnancy Test - Milk,Pregnant,0.426,147,36
10/30/2025,54290,401430,Pregnancy Test - Milk,Pregnant,0.799,175,76
10/30/2025,15702,401430,Pregnancy Test - Milk,Re-Check,0.117,210,77
10/30/2025,11875,401430,Pregnancy Test - Milk,Open,0.076,201,35
10/30/2025,17815,401430,Pregnancy Test - Milk,Re-Check,0.169,233,42
10/30/2025,16743,401430,Pregnancy Test - Milk,Pregnant,1.156,107,35
10/30/2025,11932,401430,Pregnancy Test - Milk,Pregnant,0.38,142,70
10/30/2025,20716,401430,Pregnancy Test - Milk,Open,0.004,131,35
10/30/2025,13652,401430,Pregnancy Test - Milk,Pregnant,0.599,322,73
10/30/2025,19983,401430,Pregnancy Test - Milk,Pregnant,1.005,244,39
10/30/2025,18802,401430,Pregnancy Test - Milk,Pregnant,0.278,138,40
10/30/2025,13239,401430,Pregnancy Test - Milk,Pregnant,0.741,105,35
10/30/2025,20390,401430,Pregnancy Test - Milk,Pregnant,0.757,171,73
10/30/2025,17707,401430,Pregnancy Test - Milk,Pregnant,0.913,210,39
10/30/2025,14319,401430,Pregnancy Test - Milk,Re-Check,0.221,164,72
10/30/2025,18709,401430,Pregnancy Test - Milk,Pregnant,0.403,178,41
10/30/2025,18435,401430,Pregnancy Test - Milk,Pregnant,0.842,150,37
10/31/2025,16189,401430,Pregnancy Test - Milk,Pregnant,0.587,111,36
10/31/2025,14125,401430,Pregnancy Test - Milk,Pregnant,0.729,139,39
10/31/2025,20448,401430,Pregnancy Test - Milk,Pregnant,0.475,148,78
10/31/2025,15362,401430,Pregnancy Test - Milk,Pregnant,0.502,227,41
10/31/2025,18495,401430,Pregnancy Test - Milk,Open,-0.005,111,36
10/31/2025,17087,401430,Pregnancy Test - Milk,Pregnant,0.437,303,81
10/31/2025,5374,401430,Pregnancy Test - Milk,Pregnant,1.017,173,36
10/31/2025,7385,401430,Pregnancy Test - Milk,Pregnant,0.797,111,36
10/31/2025,1649,401430,Pregnancy Test - Milk,Open,0.063,183,83
10/31/2025,7709,401430,Pregnancy Test - Milk,Pregnant,2.296,127,36
10/31/2025,20779,401430,Pregnancy Test - Milk,Pregnant,1.424,107,36
10/31/2025,21056,401430,Pregnancy Test - Milk,Open,-0.003,107,36
10/31/2025,14839,401430,Pregnancy Test - Milk,Pregnant,0.328,292,40
10/31/2025,15020,401430,Pregnancy Test - Milk,Pregnant,0.329,347,79
10/31/2025,18158,401430,Pregnancy Test - Milk,Pregnant,0.343,234,78
10/31/2025,7408,401430,Pregnancy Test - Milk,Open,0.035,108,36
10/31/2025,20111,401430,Pregnancy Test - Milk,Pregnant,0.446,181,36
10/31/2025,16432,401430,Pregnancy Test - Milk,Open,0.004,109,36
10/31/2025,15437,401430,Pregnancy Test - Milk,Pregnant,0.422,112,36
10/31/2025,18045,401430,Pregnancy Test - Milk,Pregnant,0.675,210,84
10/31/2025,20288,401430,Pregnancy Test - Milk,Open,0.027,106,36
10/31/2025,18006,401430,Pregnancy Test - Milk,Pregnant,0.801,255,38
10/31/2025,16572,401430,Pregnancy Test - Milk,Pregnant,0.619,108,36
10/31/2025,13754,401430,Pregnancy Test - Milk,Pregnant,0.687,106,36
10/31/2025,14030,401430,Pregnancy Test - Milk,Open,-0.01,111,36
10/31/2025,20252,401430,Pregnancy Test - Milk,Pregnant,0.528,150,80
10/31/2025,20121,401430,Pregnancy Test - Milk,Open,-0.009,136,39
10/31/2025,20967,401430,Pregnancy Test - Milk,Open,-0.01,108,36
10/31/2025,20286,401430,Pregnancy Test - Milk,Open,0.08,155,46
10/31/2025,18027,401430,Pregnancy Test - Milk,Pregnant,0.805,110,36
10/31/2025,20573,401430,Pregnancy Test - Milk,Open,0.036,118,43
10/31/2025,13673,401430,Pregnancy Test - Milk,Pregnant,0.417,238,41
10/31/2025,1606,401430,Pregnancy Test - Milk,Pregnant,0.636,110,36
10/31/2025,17599,401430,Pregnancy Test - Milk,Pregnant,0.842,214,36
10/31/2025,20507,401430,Pregnancy Test - Milk,Pregnant,0.579,131,36
10/31/2025,19744,401430,Pregnancy Test - Milk,Pregnant,0.865,216,36
10/31/2025,20895,401430,Pregnancy Test - Milk,Pregnant,1.19,112,36
10/31/2025,7678,401430,Pregnancy Test - Milk,Pregnant,0.452,111,36
10/31/2025,14863,401430,Pregnancy Test - Milk,Pregnant,0.435,107,36
10/31/2025,20791,401430,Pregnancy Test - Milk,Pregnant,0.536,110,36
10/31/2025,15215,401430,Pregnancy Test - Milk,Re-Check,0.239,158,36
10/31/2025,2391,401430,Pregnancy Test - Milk,Pregnant,0.96,112,36
10/31/2025,18660,401430,Pregnancy Test - Milk,Pregnant,0.748,112,36
10/31/2025,14241,401430,Pregnancy Test - Milk,Pregnant,0.577,179,81
10/31/2025,16015,401430,Pregnancy Test - Milk,Pregnant,0.739,137,38
10/31/2025,20473,401430,Pregnancy Test - Milk,Open,-0.005,157,36
10/31/2025,12984,401430,Pregnancy Test - Milk,Pregnant,0.507,273,79
10/31/2025,15581,401430,Pregnancy Test - Milk,Pregnant,0.678,234,82
11/05/2025,5064,401430,Pregnancy Test - Milk,Pregnant,1.168,160,39
11/05/2025,13369,401430,Pregnancy Test - Milk,Pregnant,0.525,282,70
11/05/2025,11813,401430,Pregnancy Test - Milk,Pregnant,0.369,160,38
11/05/2025,14119,401430,Pregnancy Test - Milk,Pregnant,0.376,140,71
11/05/2025,10981,401430,Pregnancy Test - Milk,Pregnant,0.725,134,40
11/05/2025,16494,401430,Pregnancy Test - Milk,Pregnant,0.628,106,35
11/05/2025,5265,401430,Pregnancy Test - Milk,Pregnant,0.484,107,35
11/05/2025,11977,401430,Pregnancy Test - Milk,Pregnant,0.395,173,35
11/05/2025,18111,401430,Pregnancy Test - Milk,Pregnant,0.779,176,37
11/05/2025,20496,401430,Pregnancy Test - Milk,Pregnant,1.294,159,37
11/05/2025,18392,401430,Pregnancy Test - Milk,Re-Check,0.22,136,44
11/05/2025,18462,401430,Pregnancy Test - Milk,Pregnant,1.065,162,39
11/05/2025,16124,401430,Pregnancy Test - Milk,Open,0.021,110,35
11/05/2025,19063,401430,Pregnancy Test - Milk,Open,0.056,105,35
11/05/2025,49018,401430,Pregnancy Test - Milk,Pregnant,1.15,197,34
11/05/2025,5148,401430,Pregnancy Test - Milk,Pregnant,0.594,136,40
11/05/2025,14915,401430,Pregnancy Test - Milk,Pregnant,0.558,159,84
11/05/2025,15268,401430,Pregnancy Test - Milk,Pregnant,1.5,298,36
11/05/2025,16666,401430,Pregnancy Test - Milk,Pregnant,0.508,108,35
11/05/2025,12583,401430,Pregnancy Test - Milk,Pregnant,0.28,148,72
11/05/2025,14525,401430,Pregnancy Test - Milk,Pregnant,0.943,110,35
11/05/2025,18765,401430,Pregnancy Test - Milk,Pregnant,0.97,131,34
11/05/2025,18481,401430,Pregnancy Test - Milk,Open,0.074,107,35
11/05/2025,15840,401430,Pregnancy Test - Milk,Pregnant,0.262,213,70
11/05/2025,15702,401430,Pregnancy Test - Milk,Pregnant,0.332,217,84
11/05/2025,13806,401430,Pregnancy Test - Milk,Pregnant,0.584,107,35
11/05/2025,17314,401430,Pregnancy Test - Milk,Pregnant,0.254,167,91
11/05/2025,14571,401430,Pregnancy Test - Milk,Pregnant,0.446,140,70
11/05/2025,18736,401430,Pregnancy Test - Milk,Pregnant,0.77,110,35
11/05/2025,18804,401430,Pregnancy Test - Milk,Pregnant,0.808,126,34
11/05/2025,16184,401430,Pregnancy Test - Milk,Pregnant,0.803,145,70
11/05/2025,13364,401430,Pregnancy Test - Milk,Pregnant,0.347,212,79
11/05/2025,10551,401430,Pregnancy Test - Milk,Pregnant,0.586,96,34
11/05/2025,18551,401430,Pregnancy Test - Milk,Pregnant,0.702,156,35
11/05/2025,15809,401430,Pregnancy Test - Milk,Pregnant,0.361,156,84
11/05/2025,12230,401430,Pregnancy Test - Milk,Pregnant,1.448,110,35
11/05/2025,9719,401430,Pregnancy Test - Milk,Open,0.042,159,34
11/05/2025,15370,401430,Pregnancy Test - Milk,Re-Check,0.204,142,70
11/05/2025,16586,401430,Pregnancy Test - Milk,Pregnant,0.728,110,35
11/05/2025,16063,401430,Pregnancy Test - Milk,Pregnant,0.515,110,35
11/05/2025,11145,401430,Pregnancy Test - Milk,Pregnant,0.637,171,75
11/05/2025,13554,401430,Pregnancy Test - Milk,Pregnant,0.966,267,74
11/05/2025,9636,401430,Pregnancy Test - Milk,Pregnant,1.045,160,35
11/05/2025,17679,401430,Pregnancy Test - Milk,Pregnant,0.808,260,35
11/05/2025,12418,401430,Pregnancy Test - Milk,Pregnant,0.791,110,36
11/05/2025,12068,401430,Pregnancy Test - Milk,Pregnant,0.498,307,38
11/05/2025,17462,401430,Pregnancy Test - Milk,Pregnant,0.566,126,34
11/05/2025,5216,401430,Pregnancy Test - Milk,Pregnant,0.483,145,70
11/05/2025,16011,401430,Pregnancy Test - Milk,Re-Check,0.178,145,70
11/05/2025,16351,401430,Pregnancy Test - Milk,Pregnant,0.956,195,37
11/05/2025,13705,401430,Pregnancy Test - Milk,Pregnant,0.486,109,35
11/05/2025,53849,401430,Pregnancy Test - Milk,Pregnant,0.799,193,74
11/05/2025,12042,401430,Pregnancy Test - Milk,Pregnant,0.805,107,35
11/05/2025,8789,401430,Pregnancy Test - Milk,Open,-0.002,138,35
11/05/2025,14253,401430,Pregnancy Test - Milk,Pregnant,0.605,142,36
11/05/2025,10184,401430,Pregnancy Test - Milk,Re-Check,0.213,160,84
11/05/2025,18299,401430,Pregnancy Test - Milk,Pregnant,0.757,221,73
11/05/2025,14780,401430,Pregnancy Test - Milk,Pregnant,0.812,107,35
11/05/2025,14652,401430,Pregnancy Test - Milk,Pregnant,1.374,239,34
11/05/2025,12706,401430,Pregnancy Test - Milk,Pregnant,0.608,108,35
11/05/2025,12195,401430,Pregnancy Test - Milk,Pregnant,0.414,146,70
11/05/2025,17844,401430,Pregnancy Test - Milk,Pregnant,1.442,156,39
11/05/2025,7706,401430,Pregnancy Test - Milk,Pregnant,0.623,109,35
11/05/2025,10131,401430,Pregnancy Test - Milk,Pregnant,1.036,152,39
11/05/2025,14238,401430,Pregnancy Test - Milk,Pregnant,0.682,108,35
11/05/2025,16665,401430,Pregnancy Test - Milk,Pregnant,0.888,127,34
11/05/2025,5243,401430,Pregnancy Test - Milk,Pregnant,0.718,129,34
11/05/2025,12909,401430,Pregnancy Test - Milk,Pregnant,2.002,222,35
11/05/2025,12102,401430,Pregnancy Test - Milk,Pregnant,0.272,146,70
11/05/2025,10339,401430,Pregnancy Test - Milk,Pregnant,0.448,192,74
11/05/2025,19106,401430,Pregnancy Test - Milk,Pregnant,0.597,174,72
11/05/2025,11654,401430,Pregnancy Test - Milk,Re-Check,0.205,181,60
11/05/2025,11673,401430,Pregnancy Test - Milk,Pregnant,0.456,142,70
11/05/2025,10351,401430,Pregnancy Test - Milk,Pregnant,1.066,106,35
11/05/2025,14387,401430,Pregnancy Test - Milk,Re-Check,0.247,105,35
11/05/2025,15125,401430,Pregnancy Test - Milk,Pregnant,0.694,105,35
11/05/2025,17589,401430,Pregnancy Test - Milk,Pregnant,1.397,294,35
11/05/2025,17344,401430,Pregnancy Test - Milk,Pregnant,0.706,274,35
11/05/2025,13174,401430,Pregnancy Test - Milk,Open,0.096,232,34
11/05/2025,7686,401430,Pregnancy Test - Milk,Pregnant,0.349,142,70
11/05/2025,14519,401430,Pregnancy Test - Milk,Re-Check,0.223,140,70
11/05/2025,15002,401430,Pregnancy Test - Milk,Pregnant,0.766,105,35
11/05/2025,19102,401430,Pregnancy Test - Milk,Open,0.087,116,42
11/06/2025,20896,401430,Pregnancy Test - Milk,Open,0.079,106,35
11/06/2025,17871,401430,Pregnancy Test - Milk,Pregnant,0.656,155,36
11/06/2025,15618,401430,Pregnancy Test - Milk,Pregnant,1.054,201,36
11/06/2025,2206,401430,Pregnancy Test - Milk,Pregnant,1.399,291,77
11/06/2025,13727,401430,Pregnancy Test - Milk,Pregnant,0.369,150,77
11/06/2025,18728,401430,Pregnancy Test - Milk,Pregnant,1.161,105,35
11/06/2025,87705,401430,Pregnancy Test - Milk,Pregnant,0.791,176,76
11/06/2025,5214,401430,Pregnancy Test - Milk,Pregnant,0.616,156,84
11/06/2025,19691,401430,Pregnancy Test - Milk,Pregnant,1.193,305,71
11/06/2025,20641,401430,Pregnancy Test - Milk,Pregnant,1.252,139,40
11/06/2025,137054,401430,Pregnancy Test - Milk,Pregnant,0.75,185,35
11/06/2025,20633,401430,Pregnancy Test - Milk,Pregnant,1.086,157,38
11/06/2025,20373,401430,Pregnancy Test - Milk,Pregnant,0.956,133,39
11/06/2025,19449,401430,Pregnancy Test - Milk,Pregnant,1.837,216,40
11/06/2025,20545,401430,Pregnancy Test - Milk,Pregnant,1.753,160,37
11/06/2025,20204,401430,Pregnancy Test - Milk,Pregnant,0.416,148,77
11/06/2025,18887,401430,Pregnancy Test - Milk,Pregnant,0.695,108,35
11/06/2025,15823,401430,Pregnancy Test - Milk,Re-Check,0.218,188,45
11/06/2025,3483,401430,Pregnancy Test - Milk,Pregnant,0.829,224,39
11/06/2025,18376,401430,Pregnancy Test - Milk,Pregnant,0.645,134,39
11/06/2025,20692,401430,Pregnancy Test - Milk,Pregnant,1,126,37
11/06/2025,3856,401430,Pregnancy Test - Milk,Re-Check,0.106,284,39
11/06/2025,20261,401430,Pregnancy Test - Milk,Pregnant,0.339,148,77
11/06/2025,18846,401430,Pregnancy Test - Milk,Pregnant,0.902,109,35
11/06/2025,19781,401430,Pregnancy Test - Milk,Pregnant,0.992,250,77
11/06/2025,18644,401430,Pregnancy Test - Milk,Pregnant,0.758,152,77
11/06/2025,136956,401430,Pregnancy Test - Milk,Pregnant,0.531,186,73
11/06/2025,15377,401430,Pregnancy Test - Milk,Open,0.097,151,35
11/06/2025,16233,401430,Pregnancy Test - Milk,Pregnant,0.468,105,35
11/06/2025,20143,401430,Pregnancy Test - Milk,Pregnant,0.788,228,76
11/06/2025,20460,401430,Pregnancy Test - Milk,Pregnant,0.312,147,77
11/06/2025,20772,401430,Pregnancy Test - Milk,Pregnant,1.177,111,35
11/06/2025,13726,401430,Pregnancy Test - Milk,Pregnant,0.347,169,77
11/06/2025,20942,401430,Pregnancy Test - Milk,Pregnant,1.043,111,35
11/06/2025,18752,401430,Pregnancy Test - Milk,Pregnant,1.457,110,35
11/06/2025,12752,401430,Pregnancy Test - Milk,Pregnant,0.798,106,37
11/06/2025,19853,401430,Pregnancy Test - Milk,Pregnant,1.494,278,38
11/06/2025,20232,401430,Pregnancy Test - Milk,Pregnant,0.823,203,71
11/06/2025,20489,401430,Pregnancy Test - Milk,Pregnant,0.997,147,38
11/06/2025,16760,401430,Pregnancy Test - Milk,Pregnant,0.786,108,35
11/06/2025,2942,401430,Pregnancy Test - Milk,Re-Check,0.219,110,35
11/06/2025,20459,401430,Pregnancy Test - Milk,Pregnant,1.106,175,40
11/06/2025,20294,401430,Pregnancy Test - Milk,Pregnant,0.736,107,36
11/06/2025,18535,401430,Pregnancy Test - Milk,Pregnant,0.518,146,39
11/06/2025,19800,401430,Pregnancy Test - Milk,Pregnant,0.401,248,73
11/06/2025,1865,401430,Pregnancy Test - Milk,Pregnant,1.469,167,39
11/06/2025,14942,401430,Pregnancy Test - Milk,Pregnant,1.312,105,35
11/06/2025,14220,401430,Pregnancy Test - Milk,Pregnant,0.696,136,39
11/06/2025,20730,401430,Pregnancy Test - Milk,Open,0.086,110,35
11/06/2025,18747,401430,Pregnancy Test - Milk,Pregnant,1.624,159,35
11/06/2025,13983,401430,Pregnancy Test - Milk,Pregnant,0.325,200,74
11/06/2025,17384,401430,Pregnancy Test - Milk,Pregnant,0.483,237,72
11/06/2025,19878,401430,Pregnancy Test - Milk,Pregnant,0.777,252,39
11/06/2025,18166,401430,Pregnancy Test - Milk,Pregnant,0.357,154,84
11/06/2025,2261,401430,Pregnancy Test - Milk,Open,0.084,168,37
11/06/2025,18592,401430,Pregnancy Test - Milk,Pregnant,1.386,107,35
11/06/2025,16286,401430,Pregnancy Test - Milk,Pregnant,0.39,153,77
11/06/2025,14002,401430,Pregnancy Test - Milk,Pregnant,1.115,159,39
11/06/2025,18897,401430,Pregnancy Test - Milk,Pregnant,0.537,107,35
11/06/2025,20079,401430,Pregnancy Test - Milk,Pregnant,0.58,228,71
11/06/2025,18873,401430,Pregnancy Test - Milk,Pregnant,0.635,107,35
11/06/2025,18691,401430,Pregnancy Test - Milk,Pregnant,0.686,140,71
11/06/2025,20298,401430,Pregnancy Test - Milk,Pregnant,0.82,194,36
11/06/2025,813964,401430,Pregnancy Test - Milk,Pregnant,0.822,183,35
11/06/2025,15966,401430,Pregnancy Test - Milk,Re-Check,0.105,139,39
11/06/2025,193918,401430,Pregnancy Test - Milk,Pregnant,0.797,180,35
11/06/2025,11036,401430,Pregnancy Test - Milk,Pregnant,0.412,178,75
11/06/2025,12346,401430,Pregnancy Test - Milk,Pregnant,0.994,157,84
11/06/2025,16691,401430,Pregnancy Test - Milk,Pregnant,1.009,111,35
11/06/2025,18966,401430,Pregnancy Test - Milk,Pregnant,1.623,111,35
11/06/2025,14259,401430,Pregnancy Test - Milk,Re-Check,0.131,138,63
11/06/2025,18267,401430,Pregnancy Test - Milk,Open,0.034,106,35
11/06/2025,3800,401430,Pregnancy Test - Milk,Pregnant,0.746,217,36
11/06/2025,17789,401430,Pregnancy Test - Milk,Pregnant,0.616,243,74
11/06/2025,20392,401430,Pregnancy Test - Milk,Pregnant,0.617,105,35
11/06/2025,18155,401430,Pregnancy Test - Milk,Pregnant,0.991,207,71
11/06/2025,813709,401430,Pregnancy Test - Milk,Pregnant,0.558,174,76
11/06/2025,14893,401430,Pregnancy Test - Milk,Pregnant,0.255,152,77
11/06/2025,3151,401430,Pregnancy Test - Milk,Pregnant,0.511,268,36
11/06/2025,16083,401430,Pregnancy Test - Milk,Re-Check,0.197,150,77
11/06/2025,20428,401430,Pregnancy Test - Milk,Pregnant,1.096,141,35
11/06/2025,14173,401430,Pregnancy Test - Milk,Pregnant,0.815,139,40
11/06/2025,14319,401430,Pregnancy Test - Milk,Pregnant,0.401,171,79
11/06/2025,20043,401430,Pregnancy Test - Milk,Open,0.077,255,0
11/06/2025,15944,401430,Pregnancy Test - Milk,Pregnant,0.622,135,37
11/06/2025,16370,401430,Pregnancy Test - Milk,Pregnant,0.547,147,77
11/06/2025,16661,401430,Pregnancy Test - Milk,Pregnant,1.742,111,35
11/06/2025,8964,401430,Pregnancy Test - Milk,Pregnant,0.576,110,35
11/06/2025,18908,401430,Pregnancy Test - Milk,Pregnant,1.02,106,35
11/06/2025,20386,401430,Pregnancy Test - Milk,Pregnant,0.949,106,35
11/06/2025,15738,401430,Pregnancy Test - Milk,Pregnant,0.368,152,77
11/06/2025,16346,401430,Pregnancy Test - Milk,Pregnant,0.503,340,72
11/06/2025,20492,401430,Pregnancy Test - Milk,Pregnant,0.79,143,71
11/06/2025,20455,401430,Pregnancy Test - Milk,Pregnant,2.208,197,37
11/06/2025,13858,401430,Pregnancy Test - Milk,Pregnant,0.82,110,35
11/06/2025,18460,401430,Pregnancy Test - Milk,Pregnant,0.674,144,37
11/06/2025,19144,401430,Pregnancy Test - Milk,Pregnant,0.598,110,35
11/06/2025,19007,401430,Pregnancy Test - Milk,Pregnant,1.343,360,75
11/06/2025,2310,401430,Pregnancy Test - Milk,Pregnant,0.31,152,77
11/06/2025,3584,401430,Pregnancy Test - Milk,Open,0.096,111,35
11/06/2025,20006,401430,Pregnancy Test - Milk,Pregnant,0.938,213,73
11/06/2025,20280,401430,Pregnancy Test - Milk,Pregnant,0.712,158,39
11/06/2025,19632,401430,Pregnancy Test - Milk,Pregnant,0.8,252,71
11/06/2025,17667,401430,Pregnancy Test - Milk,Pregnant,1.222,158,36
11/06/2025,11444,401430,Pregnancy Test - Milk,Pregnant,0.255,151,77
11/06/2025,20504,401430,Pregnancy Test - Milk,Pregnant,0.903,111,35
11/06/2025,17815,401430,Pregnancy Test - Milk,Open,0.079,240,49
11/06/2025,15875,401430,Pregnancy Test - Milk,Re-Check,0.215,199,75
11/06/2025,19049,401430,Pregnancy Test - Milk,Pregnant,1.44,111,35
11/06/2025,20323,401430,Pregnancy Test - Milk,Open,0.023,136,39
11/06/2025,7663,401430,Pregnancy Test - Milk,Re-Check,0.112,242,35
11/06/2025,17640,401430,Pregnancy Test - Milk,Pregnant,0.717,251,74
11/06/2025,18419,401430,Pregnancy Test - Milk,Pregnant,0.816,106,35
11/06/2025,20789,401430,Pregnancy Test - Milk,Pregnant,1.786,138,41
11/06/2025,20066,401430,Pregnancy Test - Milk,Pregnant,0.917,185,42
11/06/2025,14569,401430,Pregnancy Test - Milk,Pregnant,1.25,116,37
11/06/2025,16324,401430,Pregnancy Test - Milk,Pregnant,0.272,152,77
11/06/2025,20527,401430,Pregnancy Test - Milk,Pregnant,0.814,153,77
11/06/2025,12326,401430,Pregnancy Test - Milk,Pregnant,0.979,107,35
11/06/2025,4095,401430,Pregnancy Test - Milk,Pregnant,0.641,169,75
11/06/2025,18560,401430,Pregnancy Test - Milk,Pregnant,1.523,109,35
11/06/2025,18341,401430,Pregnancy Test - Milk,Pregnant,0.972,132,35
11/06/2025,19760,401430,Pregnancy Test - Milk,Pregnant,1.02,238,73
11/06/2025,20922,401430,Pregnancy Test - Milk,Open,0.083,109,35
11/06/2025,16049,401430,Pregnancy Test - Milk,Pregnant,1.073,171,75
11/06/2025,17170,401430,Pregnancy Test - Milk,Pregnant,1.379,271,39
11/06/2025,16025,401430,Pregnancy Test - Milk,Pregnant,1.237,174,39
11/06/2025,18425,401430,Pregnancy Test - Milk,Pregnant,1.372,195,77
11/06/2025,20093,401430,Pregnancy Test - Milk,Open,0.098,230,63
11/06/2025,18410,401430,Pregnancy Test - Milk,Pregnant,1.027,105,35
11/06/2025,13890,401430,Pregnancy Test - Milk,Pregnant,0.928,109,35
11/06/2025,14322,401430,Pregnancy Test - Milk,Open,0.014,133,39
11/06/2025,17820,401430,Pregnancy Test - Milk,Pregnant,0.28,153,77
11/06/2025,17221,401430,Pregnancy Test - Milk,Pregnant,0.322,180,86
11/06/2025,18651,401430,Pregnancy Test - Milk,Pregnant,1.554,111,35
11/06/2025,13197,401430,Pregnancy Test - Milk,Pregnant,0.513,207,77
11/06/2025,3600,401430,Pregnancy Test - Milk,Pregnant,0.266,159,84
11/06/2025,19688,401430,Pregnancy Test - Milk,Pregnant,1.052,235,77
11/06/2025,18456,401430,Pregnancy Test - Milk,Pregnant,0.61,147,77
11/06/2025,19247,401430,Pregnancy Test - Milk,Pregnant,0.764,105,35
11/06/2025,19552,401430,Pregnancy Test - Milk,Open,0.068,268,40
11/06/2025,17140,401430,Pregnancy Test - Milk,Pregnant,1.144,260,35
11/06/2025,18992,401430,Pregnancy Test - Milk,Pregnant,0.879,108,35
11/06/2025,15607,401430,Pregnancy Test - Milk,Pregnant,0.734,105,35
11/06/2025,2280,401430,Pregnancy Test - Milk,Pregnant,0.402,165,72
11/06/2025,13843,401430,Pregnancy Test - Milk,Pregnant,0.348,143,71
11/06/2025,20438,401430,Pregnancy Test - Milk,Pregnant,0.663,160,35
11/07/2025,20687,401430,Pregnancy Test - Milk,Pregnant,0.536,107,36
11/07/2025,20464,401430,Pregnancy Test - Milk,Pregnant,0.71,154,78
11/07/2025,15154,401430,Pregnancy Test - Milk,Pregnant,0.563,293,40
11/07/2025,14198,401430,Pregnancy Test - Milk,Pregnant,0.645,109,36
11/07/2025,13815,401430,Pregnancy Test - Milk,Open,0.005,107,36
11/07/2025,1646,401430,Pregnancy Test - Milk,Open,-0.01,170,40
11/07/2025,14283,401430,Pregnancy Test - Milk,Pregnant,1.011,169,40
11/07/2025,14984,401430,Pregnancy Test - Milk,Pregnant,0.767,364,78
11/07/2025,7660,401430,Pregnancy Test - Milk,Pregnant,0.389,209,79
11/07/2025,20776,401430,Pregnancy Test - Milk,Open,-0.005,106,36
11/07/2025,13869,401430,Pregnancy Test - Milk,Pregnant,1.917,169,36
11/07/2025,20562,401430,Pregnancy Test - Milk,Pregnant,1.252,112,36
11/07/2025,7668,401430,Pregnancy Test - Milk,Pregnant,0.456,238,35
11/07/2025,19988,401430,Pregnancy Test - Milk,Pregnant,1.185,205,36
11/07/2025,20928,401430,Pregnancy Test - Milk,Pregnant,1.258,108,36
11/07/2025,12887,401430,Pregnancy Test - Milk,Pregnant,0.506,264,80
11/07/2025,20177,401430,Pregnancy Test - Milk,Pregnant,0.625,205,81
11/07/2025,20708,401430,Pregnancy Test - Milk,Pregnant,0.73,109,36
11/07/2025,14688,401430,Pregnancy Test - Milk,Open,0.01,212,37
11/07/2025,20752,401430,Pregnancy Test - Milk,Pregnant,1.372,109,36
11/07/2025,14016,401430,Pregnancy Test - Milk,Pregnant,0.323,270,83
11/07/2025,15215,401430,Pregnancy Test - Milk,Open,0.092,165,43
11/07/2025,14794,401430,Pregnancy Test - Milk,Open,0.049,110,36
11/07/2025,18692,401430,Pregnancy Test - Milk,Open,0.01,170,36
11/07/2025,18564,401430,Pregnancy Test - Milk,Pregnant,0.996,163,39
11/07/2025,20729,401430,Pregnancy Test - Milk,Pregnant,0.6,106,36
11/07/2025,18260,401430,Pregnancy Test - Milk,Pregnant,1.011,179,37
11/07/2025,14598,401430,Pregnancy Test - Milk,Pregnant,0.255,149,78
11/07/2025,1615,401430,Pregnancy Test - Milk,Open,-0.008,106,36
11/07/2025,14388,401430,Pregnancy Test - Milk,Pregnant,0.597,108,36
11/07/2025,20248,401430,Pregnancy Test - Milk,Pregnant,0.301,156,39
11/07/2025,15384,401430,Pregnancy Test - Milk,Pregnant,0.582,285,38
11/07/2025,20669,401430,Pregnancy Test - Milk,Pregnant,1.73,110,36
11/07/2025,20718,401430,Pregnancy Test - Milk,Pregnant,0.43,153,35
11/07/2025,15949,401430,Pregnancy Test - Milk,Re-Check,0.16,112,36
11/07/2025,20646,401430,Pregnancy Test - Milk,Pregnant,0.572,109,36
11/07/2025,20276,401430,Pregnancy Test - Milk,Pregnant,1.362,129,40
11/07/2025,16307,401430,Pregnancy Test - Milk,Pregnant,0.674,175,36
11/07/2025,20162,401430,Pregnancy Test - Milk,Pregnant,0.311,177,35
11/07/2025,16173,401430,Pregnancy Test - Milk,Pregnant,0.602,153,78
11/07/2025,16111,401430,Pregnancy Test - Milk,Pregnant,1.072,228,78
11/07/2025,20166,401430,Pregnancy Test - Milk,Pregnant,0.747,108,37
11/07/2025,15995,401430,Pregnancy Test - Milk,Pregnant,0.39,107,36
11/07/2025,1620,401430,Pregnancy Test - Milk,Re-Check,0.231,111,36
11/07/2025,18257,401430,Pregnancy Test - Milk,Pregnant,1.451,160,36
11/07/2025,17148,401430,Pregnancy Test - Milk,Pregnant,0.578,320,80
11/07/2025,15628,401430,Pregnancy Test - Milk,Open,-0.009,191,40
11/07/2025,7552,401430,Pregnancy Test - Milk,Open,0,279,36
11/07/2025,15406,401430,Pregnancy Test - Milk,Pregnant,0.456,161,36
11/07/2025,14881,401430,Pregnancy Test - Milk,Pregnant,0.367,244,43
11/07/2025,20678,401430,Pregnancy Test - Milk,Pregnant,0.544,151,40
11/12/2025,14295,401430,Pregnancy Test - Milk,Pregnant,0.554,142,70
11/12/2025,15740,401430,Pregnancy Test - Milk,Open,0.009,108,35
11/12/2025,15872,401430,Pregnancy Test - Milk,Open,0.029,154,35
11/12/2025,16464,401430,Pregnancy Test - Milk,Pregnant,0.724,108,35
11/12/2025,15710,401430,Pregnancy Test - Milk,Open,0.018,108,35
11/12/2025,13619,401430,Pregnancy Test - Milk,Open,0.016,146,71
11/12/2025,16921,401430,Pregnancy Test - Milk,Pregnant,0.335,108,35
11/12/2025,16663,401430,Pregnancy Test - Milk,Pregnant,0.645,110,35
11/12/2025,10184,401430,Pregnancy Test - Milk,Pregnant,0.326,167,91
11/12/2025,16385,401430,Pregnancy Test - Milk,Pregnant,0.617,111,35
11/12/2025,5132,401430,Pregnancy Test - Milk,Open,0.057,239,39
11/12/2025,13638,401430,Pregnancy Test - Milk,Pregnant,0.884,199,37
11/12/2025,13739,401430,Pregnancy Test - Milk,Pregnant,0.372,174,73
11/12/2025,15988,401430,Pregnancy Test - Milk,Open,0.038,109,35
11/12/2025,13897,401430,Pregnancy Test - Milk,Pregnant,0.615,171,38
11/12/2025,15484,401430,Pregnancy Test - Milk,Pregnant,0.271,192,71
11/12/2025,15955,401430,Pregnancy Test - Milk,Re-Check,0.199,145,70
11/12/2025,16279,401430,Pregnancy Test - Milk,Pregnant,1.256,107,35
11/12/2025,1657,401430,Pregnancy Test - Milk,Pregnant,0.809,129,34
11/12/2025,5145,401430,Pregnancy Test - Milk,Open,0.018,107,35
11/12/2025,14746,401430,Pregnancy Test - Milk,Pregnant,0.437,141,70
11/12/2025,15370,401430,Pregnancy Test - Milk,Pregnant,0.348,149,77
11/12/2025,13645,401430,Pregnancy Test - Milk,Pregnant,0.276,168,74
11/12/2025,11654,401430,Pregnancy Test - Milk,Pregnant,0.279,188,67
11/12/2025,16839,401430,Pregnancy Test - Milk,Pregnant,0.32,111,35
11/12/2025,15902,401430,Pregnancy Test - Milk,Pregnant,0.316,138,39
11/12/2025,10628,401430,Pregnancy Test - Milk,Re-Check,0.232,140,70
11/12/2025,13334,401430,Pregnancy Test - Milk,Re-Check,0.109,314,40
11/12/2025,13513,401430,Pregnancy Test - Milk,Pregnant,0.54,106,35
11/12/2025,13599,401430,Pregnancy Test - Milk,Pregnant,0.582,218,75
11/12/2025,16000,401430,Pregnancy Test - Milk,Pregnant,0.455,111,35
11/12/2025,13061,401430,Pregnancy Test - Milk,Open,-0.014,194,70
11/12/2025,16011,401430,Pregnancy Test - Milk,Re-Check,0.176,152,77
11/12/2025,14519,401430,Pregnancy Test - Milk,Re-Check,0.173,147,77
11/12/2025,14335,401430,Pregnancy Test - Milk,Pregnant,0.657,206,73
11/12/2025,15869,401430,Pregnancy Test - Milk,Pregnant,1.325,168,38
11/12/2025,15928,401430,Pregnancy Test - Milk,Pregnant,0.467,140,70
11/12/2025,5221,401430,Pregnancy Test - Milk,Open,0.004,180,37
11/12/2025,14278,401430,Pregnancy Test - Milk,Pregnant,0.467,144,70
11/12/2025,15774,401430,Pregnancy Test - Milk,Pregnant,0.774,173,36
11/12/2025,12129,401430,Pregnancy Test - Milk,Re-Check,0.219,143,70
11/12/2025,15595,401430,Pregnancy Test - Milk,Re-Check,0.199,142,70
11/12/2025,12227,401430,Pregnancy Test - Milk,Pregnant,1.586,230,75
11/12/2025,16174,401430,Pregnancy Test - Milk,Pregnant,0.656,146,70
11/12/2025,14176,401430,Pregnancy Test - Milk,Pregnant,0.294,201,71
11/12/2025,14004,401430,Pregnancy Test - Milk,Pregnant,0.625,127,35
11/12/2025,14235,401430,Pregnancy Test - Milk,Pregnant,0.491,145,73
11/13/2025,19686,401430,Pregnancy Test - Milk,Pregnant,0.664,309,71
11/13/2025,21066,401430,Pregnancy Test - Milk,Pregnant,1.139,118,36
11/13/2025,18638,401430,Pregnancy Test - Milk,Pregnant,1.177,149,77
11/13/2025,18210,401430,Pregnancy Test - Milk,Pregnant,0.402,148,77
11/13/2025,20715,401430,Pregnancy Test - Milk,Pregnant,0.708,190,75
11/13/2025,16527,401430,Pregnancy Test - Milk,Pregnant,0.787,146,71
11/13/2025,20067,401430,Pregnancy Test - Milk,Pregnant,0.592,222,71
11/13/2025,17925,401430,Pregnancy Test - Milk,Open,0.03,148,77
11/13/2025,11405,401430,Pregnancy Test - Milk,Pregnant,0.705,195,70
11/13/2025,9862,401430,Pregnancy Test - Milk,Open,0.054,140,70
11/13/2025,9153,401430,Pregnancy Test - Milk,Pregnant,1.218,279,36
11/13/2025,15823,401430,Pregnancy Test - Milk,Re-Check,0.177,195,52
11/13/2025,20035,401430,Pregnancy Test - Milk,Pregnant,0.31,221,71
11/13/2025,20292,401430,Pregnancy Test - Milk,Pregnant,0.736,176,38
11/13/2025,17661,401430,Pregnancy Test - Milk,Pregnant,0.49,248,75
11/13/2025,20405,401430,Pregnancy Test - Milk,Pregnant,0.667,148,77
11/13/2025,19737,401430,Pregnancy Test - Milk,Pregnant,1.002,316,77
11/13/2025,16083,401430,Pregnancy Test - Milk,Re-Check,0.212,157,84
11/13/2025,19045,401430,Pregnancy Test - Milk,Pregnant,0.524,108,35
11/13/2025,19183,401430,Pregnancy Test - Milk,Pregnant,0.754,111,35
11/13/2025,19944,401430,Pregnancy Test - Milk,Pregnant,0.954,201,36
11/13/2025,18542,401430,Pregnancy Test - Milk,Pregnant,0.426,150,77
11/13/2025,20318,401430,Pregnancy Test - Milk,Pregnant,0.765,153,77
11/13/2025,19431,401430,Pregnancy Test - Milk,Pregnant,0.826,374,73
11/13/2025,20665,401430,Pregnancy Test - Milk,Pregnant,1.02,106,35
11/13/2025,15984,401430,Pregnancy Test - Milk,Pregnant,0.752,172,77
11/13/2025,16012,401430,Pregnancy Test - Milk,Pregnant,0.624,151,77
11/13/2025,64,401430,Pregnancy Test - Milk,Pregnant,1.292,145,35
11/13/2025,15778,401430,Pregnancy Test - Milk,Pregnant,0.257,112,37
11/13/2025,18183,401430,Pregnancy Test - Milk,Pregnant,1.082,152,77
11/13/2025,18511,401430,Pregnancy Test - Milk,Pregnant,0.437,147,77
11/13/2025,14606,401430,Pregnancy Test - Milk,Re-Check,0.107,108,35
11/13/2025,18562,401430,Pregnancy Test - Milk,Pregnant,1.424,189,37
11/13/2025,18858,401430,Pregnancy Test - Milk,Re-Check,0.144,144,70
11/13/2025,12548,401430,Pregnancy Test - Milk,Pregnant,0.529,158,40
11/13/2025,18286,401430,Pregnancy Test - Milk,Pregnant,1.237,106,35
11/13/2025,17716,401430,Pregnancy Test - Milk,Pregnant,0.873,163,36
11/13/2025,18784,401430,Pregnancy Test - Milk,Pregnant,0.661,153,77
11/13/2025,20181,401430,Pregnancy Test - Milk,Pregnant,0.654,174,77
11/13/2025,47464,401430,Pregnancy Test - Milk,Pregnant,0.915,205,38
11/13/2025,18643,401430,Pregnancy Test - Milk,Pregnant,1.442,111,35
11/13/2025,3856,401430,Pregnancy Test - Milk,Open,0.077,291,46
11/13/2025,20710,401430,Pregnancy Test - Milk,Re-Check,0.223,109,35
11/13/2025,17538,401430,Pregnancy Test - Milk,Pregnant,1.34,105,35
11/13/2025,12512,401430,Pregnancy Test - Milk,Pregnant,0.953,111,35
11/13/2025,20588,401430,Pregnancy Test - Milk,Pregnant,1.858,151,35
11/13/2025,18653,401430,Pregnancy Test - Milk,Pregnant,0.58,150,77
11/13/2025,14259,401430,Pregnancy Test - Milk,Re-Check,0.2,145,70
11/13/2025,18772,401430,Pregnancy Test - Milk,Pregnant,0.899,152,40
11/13/2025,18659,401430,Pregnancy Test - Milk,Pregnant,1.179,163,38
11/13/2025,15743,401430,Pregnancy Test - Milk,Open,0.046,175,0
11/13/2025,15341,401430,Pregnancy Test - Milk,Re-Check,0.225,209,35
11/13/2025,15966,401430,Pregnancy Test - Milk,Open,0.094,146,46
11/13/2025,17743,401430,Pregnancy Test - Milk,Pregnant,1.313,255,77
11/13/2025,20807,401430,Pregnancy Test - Milk,Open,0.072,137,40
11/13/2025,20308,401430,Pregnancy Test - Milk,Pregnant,2.355,181,36
11/13/2025,18729,401430,Pregnancy Test - Milk,Pregnant,0.738,150,77
11/13/2025,16929,401430,Pregnancy Test - Milk,Pregnant,0.64,358,77
11/13/2025,20484,401430,Pregnancy Test - Milk,Re-Check,0.14,147,0
11/13/2025,3693,401430,Pregnancy Test - Milk,Pregnant,0.694,263,36
11/13/2025,18154,401430,Pregnancy Test - Milk,Pregnant,0.981,219,41
11/13/2025,14505,401430,Pregnancy Test - Milk,Pregnant,1.083,137,41
11/13/2025,13672,401430,Pregnancy Test - Milk,Pregnant,0.703,149,77
11/13/2025,18530,401430,Pregnancy Test - Milk,Pregnant,0.901,146,41
11/13/2025,20443,401430,Pregnancy Test - Milk,Pregnant,2.202,109,35
11/13/2025,19093,401430,Pregnancy Test - Milk,Pregnant,0.699,109,35
11/13/2025,20547,401430,Pregnancy Test - Milk,Pregnant,0.719,107,35
11/13/2025,12355,401430,Pregnancy Test - Milk,Re-Check,0.159,145,70
11/13/2025,17718,401430,Pregnancy Test - Milk,Pregnant,1.05,126,34
11/13/2025,9820,401430,Pregnancy Test - Milk,Pregnant,0.543,108,35
11/13/2025,7638,401430,Pregnancy Test - Milk,Pregnant,0.409,235,77
11/13/2025,18404,401430,Pregnancy Test - Milk,Pregnant,1.091,151,40
11/13/2025,18303,401430,Pregnancy Test - Milk,Pregnant,0.632,109,35
11/13/2025,7591,401430,Pregnancy Test - Milk,Open,0.056,335,38
11/13/2025,14115,401430,Pregnancy Test - Milk,Pregnant,0.68,149,77
11/13/2025,2150,401430,Pregnancy Test - Milk,Pregnant,1.094,174,36
11/13/2025,20672,401430,Pregnancy Test - Milk,Pregnant,0.41,153,77
11/13/2025,12588,401430,Pregnancy Test - Milk,Pregnant,0.299,198,77
11/13/2025,11732,401430,Pregnancy Test - Milk,Pregnant,0.568,174,40
11/13/2025,11811,401430,Pregnancy Test - Milk,Pregnant,0.523,138,37
11/13/2025,1861,401430,Pregnancy Test - Milk,Pregnant,0.701,220,72
11/13/2025,20151,401430,Pregnancy Test - Milk,Open,0.003,227,36
11/13/2025,17534,401430,Pregnancy Test - Milk,Pregnant,1.037,215,35
11/13/2025,18604,401430,Pregnancy Test - Milk,Pregnant,1.308,154,35
11/13/2025,2171,401430,Pregnancy Test - Milk,Open,0.064,115,35
11/13/2025,14299,401430,Pregnancy Test - Milk,Pregnant,0.352,167,39
11/13/2025,3464,401430,Pregnancy Test - Milk,Pregnant,0.465,156,37
11/13/2025,20812,401430,Pregnancy Test - Milk,Pregnant,1.662,110,35
11/13/2025,20053,401430,Pregnancy Test - Milk,Pregnant,1.142,206,37
11/13/2025,18558,401430,Pregnancy Test - Milk,Pregnant,0.877,128,36
11/13/2025,20054,401430,Pregnancy Test - Milk,Pregnant,1.045,192,39
11/13/2025,20781,401430,Pregnancy Test - Milk,Pregnant,0.826,152,77
11/13/2025,2154,401430,Pregnancy Test - Milk,Pregnant,0.88,206,71
11/13/2025,20723,401430,Pregnancy Test - Milk,Pregnant,0.588,150,77
11/13/2025,20321,401430,Pregnancy Test - Milk,Pregnant,0.557,163,71
11/13/2025,20127,401430,Pregnancy Test - Milk,Pregnant,0.963,139,40
11/13/2025,15352,401430,Pregnancy Test - Milk,Pregnant,0.635,201,77
11/13/2025,20128,401430,Pregnancy Test - Milk,Pregnant,1.232,147,77
11/13/2025,17199,401430,Pregnancy Test - Milk,Pregnant,1.682,111,35
11/13/2025,18657,401430,Pregnancy Test - Milk,Pregnant,1.214,109,35
11/13/2025,20519,401430,Pregnancy Test - Milk,Pregnant,1.451,129,36
11/13/2025,20259,401430,Pregnancy Test - Milk,Pregnant,0.357,185,72
11/13/2025,20471,401430,Pregnancy Test - Milk,Pregnant,0.69,171,77
11/13/2025,18451,401430,Pregnancy Test - Milk,Open,0.043,167,71
11/13/2025,15420,401430,Pregnancy Test - Milk,Pregnant,0.337,177,38
11/13/2025,19573,401430,Pregnancy Test - Milk,Pregnant,0.67,271,74
11/13/2025,5381,401430,Pregnancy Test - Milk,Pregnant,1.122,320,41
11/13/2025,19356,401430,Pregnancy Test - Milk,Pregnant,0.443,337,39
11/13/2025,17865,401430,Pregnancy Test - Milk,Pregnant,1.082,156,39
11/13/2025,20640,401430,Pregnancy Test - Milk,Pregnant,0.604,110,35
11/13/2025,20084,401430,Pregnancy Test - Milk,Pregnant,1.237,207,41
11/13/2025,20399,401430,Pregnancy Test - Milk,Pregnant,0.672,167,74
11/13/2025,20603,401430,Pregnancy Test - Milk,Pregnant,0.943,151,77
11/13/2025,19874,401430,Pregnancy Test - Milk,Pregnant,0.924,222,74
11/13/2025,19157,401430,Pregnancy Test - Milk,Pregnant,0.492,110,35
11/13/2025,20801,401430,Pregnancy Test - Milk,Open,0.001,108,35
11/13/2025,19097,401430,Pregnancy Test - Milk,Pregnant,0.738,108,35
11/13/2025,18107,401430,Pregnancy Test - Milk,Pregnant,1.223,152,77
11/13/2025,38,401430,Pregnancy Test - Milk,Pregnant,1.083,209,39
11/13/2025,9656,401430,Pregnancy Test - Milk,Pregnant,0.497,110,35
11/13/2025,15522,401430,Pregnancy Test - Milk,Pregnant,0.584,150,77
11/13/2025,2942,401430,Pregnancy Test - Milk,Open,0.059,117,42
11/13/2025,20594,401430,Pregnancy Test - Milk,Pregnant,0.869,132,37
11/13/2025,814633,401430,Pregnancy Test - Milk,Pregnant,0.619,185,71
11/13/2025,18445,401430,Pregnancy Test - Milk,Pregnant,0.673,178,37
11/13/2025,18682,401430,Pregnancy Test - Milk,Pregnant,0.873,148,34
11/13/2025,3851,401430,Pregnancy Test - Milk,Pregnant,0.264,108,35
11/13/2025,18355,401430,Pregnancy Test - Milk,Pregnant,0.755,106,35
11/13/2025,18500,401430,Pregnancy Test - Milk,Pregnant,0.257,147,38
11/13/2025,18161,401430,Pregnancy Test - Milk,Pregnant,0.819,233,70
11/13/2025,20495,401430,Pregnancy Test - Milk,Pregnant,0.567,142,70
11/13/2025,20446,401430,Pregnancy Test - Milk,Pregnant,1.373,144,71
11/13/2025,19079,401430,Pregnancy Test - Milk,Pregnant,0.793,109,35
11/13/2025,19000,401430,Pregnancy Test - Milk,Pregnant,1.079,110,35
11/13/2025,2290,401430,Pregnancy Test - Milk,Pregnant,2.197,203,36
11/13/2025,18304,401430,Pregnancy Test - Milk,Pregnant,0.677,186,76
11/13/2025,20009,401430,Pregnancy Test - Milk,Open,0.003,218,71
11/13/2025,1886,401430,Pregnancy Test - Milk,Pregnant,0.919,149,77
11/13/2025,20341,401430,Pregnancy Test - Milk,Pregnant,1.009,152,77
11/13/2025,18840,401430,Pregnancy Test - Milk,Pregnant,0.98,147,77
11/13/2025,17892,401430,Pregnancy Test - Milk,Pregnant,0.594,194,38
11/13/2025,12721,401430,Pregnancy Test - Milk,Pregnant,0.365,151,77
11/13/2025,20909,401430,Pregnancy Test - Milk,Pregnant,0.785,109,36
11/13/2025,19017,401430,Pregnancy Test - Milk,Open,0.006,105,35
11/13/2025,17703,401430,Pregnancy Test - Milk,Open,0.01,107,35
11/13/2025,18347,401430,Pregnancy Test - Milk,Re-Check,0.244,167,73
11/13/2025,20103,401430,Pregnancy Test - Milk,Open,0.036,179,36
11/13/2025,17639,401430,Pregnancy Test - Milk,Pregnant,0.606,196,76
11/13/2025,7663,401430,Pregnancy Test - Milk,Open,0.004,249,42
11/13/2025,18766,401430,Pregnancy Test - Milk,Pregnant,1.157,108,35
11/13/2025,12356,401430,Pregnancy Test - Milk,Pregnant,0.558,205,70
11/13/2025,53545,401430,Pregnancy Test - Milk,Pregnant,0.907,199,73
11/13/2025,17413,401430,Pregnancy Test - Milk,Pregnant,1.433,270,75
11/13/2025,12730,401430,Pregnancy Test - Milk,Pregnant,0.311,146,38
11/13/2025,2276,401430,Pregnancy Test - Milk,Pregnant,0.498,153,77
11/13/2025,20558,401430,Pregnancy Test - Milk,Pregnant,0.883,186,38
11/13/2025,17836,401430,Pregnancy Test - Milk,Pregnant,1.083,252,73
11/13/2025,20683,401430,Pregnancy Test - Milk,Pregnant,1.112,108,35
11/13/2025,18392,401430,Pregnancy Test - Milk,Re-Check,0.21,143,51
11/13/2025,11033,401430,Pregnancy Test - Milk,Pregnant,0.565,261,74
11/13/2025,10080,401430,Pregnancy Test - Milk,Pregnant,1.058,160,35
11/13/2025,20501,401430,Pregnancy Test - Milk,Pregnant,0.801,146,70
11/13/2025,18439,401430,Pregnancy Test - Milk,Pregnant,0.566,144,71
11/13/2025,804962,401430,Pregnancy Test - Milk,Pregnant,0.422,186,77
11/13/2025,7653,401430,Pregnancy Test - Milk,Pregnant,1.106,271,40
11/13/2025,14149,401430,Pregnancy Test - Milk,Pregnant,0.444,149,77
11/13/2025,18038,401430,Pregnancy Test - Milk,Pregnant,0.615,108,35
11/13/2025,20767,401430,Pregnancy Test - Milk,Pregnant,1.104,134,39
11/13/2025,9183,401430,Pregnancy Test - Milk,Pregnant,1.118,242,37
11/13/2025,15985,401430,Pregnancy Test - Milk,Pregnant,1.116,181,37
11/13/2025,16047,401430,Pregnancy Test - Milk,Pregnant,0.69,105,35
11/13/2025,13555,401430,Pregnancy Test - Milk,Pregnant,0.46,276,38
11/13/2025,18159,401430,Pregnancy Test - Milk,Pregnant,1.442,201,36
11/13/2025,20081,401430,Pregnancy Test - Milk,Pregnant,0.701,221,76
11/13/2025,18069,401430,Pregnancy Test - Milk,Pregnant,0.345,224,76
11/13/2025,14186,401430,Pregnancy Test - Milk,Pregnant,1.065,105,35
11/13/2025,5035,401430,Pregnancy Test - Milk,Pregnant,0.588,106,35
11/13/2025,18923,401430,Pregnancy Test - Milk,Open,-0.034,106,35
11/13/2025,10271,401430,Pregnancy Test - Milk,Open,0.069,230,0
11/13/2025,19952,401430,Pregnancy Test - Milk,Pregnant,0.793,192,38
11/13/2025,15875,401430,Pregnancy Test - Milk,Pregnant,0.333,206,82
11/13/2025,20036,401430,Pregnancy Test - Milk,Pregnant,0.539,235,77
11/14/2025,17807,401430,Pregnancy Test - Milk,Pregnant,0.743,189,37
11/14/2025,20703,401430,Pregnancy Test - Milk,Pregnant,0.771,158,35
11/14/2025,20528,401430,Pregnancy Test - Milk,Pregnant,0.649,111,36
11/14/2025,20083,401430,Pregnancy Test - Milk,Open,0.063,195,39
11/14/2025,18689,401430,Pregnancy Test - Milk,Pregnant,0.31,187,41
11/14/2025,20760,401430,Pregnancy Test - Milk,Pregnant,1.803,158,36
11/14/2025,19926,401430,Pregnancy Test - Milk,Pregnant,0.641,235,81
11/14/2025,20981,401430,Pregnancy Test - Milk,Pregnant,1.093,106,36
11/14/2025,20803,401430,Pregnancy Test - Milk,Pregnant,1.246,145,39
11/14/2025,18968,401430,Pregnancy Test - Milk,Pregnant,0.604,133,36
11/14/2025,20223,401430,Pregnancy Test - Milk,Pregnant,0.606,177,35
11/14/2025,15949,401430,Pregnancy Test - Milk,Open,-0.008,119,43
11/14/2025,20525,401430,Pregnancy Test - Milk,Open,-0.05,111,36
11/14/2025,17107,401430,Pregnancy Test - Milk,Re-Check,0.139,295,36
11/14/2025,7605,401430,Pregnancy Test - Milk,Open,-0.056,239,40
11/14/2025,2418,401430,Pregnancy Test - Milk,Re-Check,0.193,108,36
11/14/2025,1629,401430,Pregnancy Test - Milk,Pregnant,0.444,149,78
11/14/2025,17067,401430,Pregnancy Test - Milk,Pregnant,1.366,242,78
11/14/2025,7699,401430,Pregnancy Test - Milk,Pregnant,0.992,153,78
11/14/2025,20191,401430,Pregnancy Test - Milk,Open,-0.062,150,35
11/14/2025,20673,401430,Pregnancy Test - Milk,Open,-0.061,111,36
11/14/2025,18457,401430,Pregnancy Test - Milk,Pregnant,2.293,186,40
11/14/2025,20831,401430,Pregnancy Test - Milk,Open,-0.044,107,36
11/14/2025,14515,401430,Pregnancy Test - Milk,Pregnant,0.367,134,39
11/14/2025,20017,401430,Pregnancy Test - Milk,Pregnant,0.285,175,82
11/14/2025,18402,401430,Pregnancy Test - Milk,Pregnant,0.328,197,78
11/14/2025,7635,401430,Pregnancy Test - Milk,Pregnant,0.883,343,81
11/14/2025,20645,401430,Pregnancy Test - Milk,Re-Check,0.213,149,78
11/14/2025,2386,401430,Pregnancy Test - Milk,Open,-0.049,130,36
11/14/2025,14022,401430,Pregnancy Test - Milk,Re-Check,0.207,155,40
11/14/2025,7335,401430,Pregnancy Test - Milk,Pregnant,0.382,150,78
11/14/2025,7707,401430,Pregnancy Test - Milk,Open,-0.046,156,36
11/14/2025,13100,401430,Pregnancy Test - Milk,Pregnant,0.758,305,82
11/14/2025,20041,401430,Pregnancy Test - Milk,Pregnant,0.723,162,35
11/14/2025,20682,401430,Pregnancy Test - Milk,Pregnant,0.6,106,36
11/14/2025,16784,401430,Pregnancy Test - Milk,Pregnant,0.512,276,78
11/14/2025,13646,401430,Pregnancy Test - Milk,Pregnant,0.387,134,41
11/14/2025,1680,401430,Pregnancy Test - Milk,Pregnant,1.043,112,36
11/14/2025,20788,401430,Pregnancy Test - Milk,Pregnant,0.776,108,36
11/14/2025,16939,401430,Pregnancy Test - Milk,Pregnant,0.451,296,82
11/14/2025,19994,401430,Pregnancy Test - Milk,Pregnant,0.488,212,80
11/14/2025,15773,401430,Pregnancy Test - Milk,Open,-0.023,215,40
11/14/2025,1620,401430,Pregnancy Test - Milk,Pregnant,0.292,118,43
11/20/2025,9190,401430,Pregnancy Test - Milk,Pregnant,1,110,35
11/20/2025,15595,401430,Pregnancy Test - Milk,Pregnant,0.272,149,77
11/20/2025,20542,401430,Pregnancy Test - Milk,Pregnant,1.148,152,77
11/20/2025,20569,401430,Pregnancy Test - Milk,Pregnant,1.304,152,36
11/20/2025,20412,401430,Pregnancy Test - Milk,Pregnant,0.761,193,75
11/20/2025,17584,401430,Pregnancy Test - Milk,Pregnant,1.067,277,35
11/20/2025,15755,401430,Pregnancy Test - Milk,Pregnant,0.434,133,37
11/20/2025,20537,401430,Pregnancy Test - Milk,Pregnant,1.607,108,35
11/20/2025,813817,401430,Pregnancy Test - Milk,Pregnant,1.452,199,71
11/20/2025,13474,401430,Pregnancy Test - Milk,Pregnant,1.123,158,35
11/20/2025,11644,401430,Pregnancy Test - Milk,Pregnant,0.908,219,73
11/20/2025,11216,401430,Pregnancy Test - Milk,Pregnant,0.646,106,36
11/20/2025,18710,401430,Pregnancy Test - Milk,Pregnant,0.344,140,70
11/20/2025,14447,401430,Pregnancy Test - Milk,Pregnant,0.275,110,35
11/20/2025,3645,401430,Pregnancy Test - Milk,Pregnant,0.477,265,35
11/20/2025,18630,401430,Pregnancy Test - Milk,Pregnant,0.644,106,35
11/20/2025,3826,401430,Pregnancy Test - Milk,Pregnant,0.425,173,77
11/20/2025,15341,401430,Pregnancy Test - Milk,Re-Check,0.101,216,42
11/20/2025,47729,401430,Pregnancy Test - Milk,Open,0.041,203,70
11/20/2025,16468,401430,Pregnancy Test - Milk,Pregnant,1.473,157,38
11/20/2025,12104,401430,Pregnancy Test - Milk,Open,0.024,140,70
11/20/2025,20264,401430,Pregnancy Test - Milk,Pregnant,1.237,186,74
11/20/2025,16008,401430,Pregnancy Test - Milk,Open,0.023,155,38
11/20/2025,20344,401430,Pregnancy Test - Milk,Open,0.005,156,35
11/20/2025,15307,401430,Pregnancy Test - Milk,Pregnant,0.577,319,71
11/20/2025,20045,401430,Pregnancy Test - Milk,Pregnant,0.366,209,73
11/20/2025,3480,401430,Pregnancy Test - Milk,Re-Check,0.236,201,76
11/20/2025,10468,401430,Pregnancy Test - Milk,Pregnant,0.293,108,35
11/20/2025,18575,401430,Pregnancy Test - Milk,Pregnant,0.78,148,77
11/20/2025,16447,401430,Pregnancy Test - Milk,Pregnant,0.626,189,37
11/20/2025,19435,401430,Pregnancy Test - Milk,Pregnant,0.727,324,77
11/20/2025,18581,401430,Pregnancy Test - Milk,Pregnant,0.758,149,77
11/20/2025,19019,401430,Pregnancy Test - Milk,Pregnant,1.339,109,35
11/20/2025,825166,401430,Pregnancy Test - Milk,Pregnant,0.917,189,74
11/20/2025,19024,401430,Pregnancy Test - Milk,Pregnant,1.18,108,35
11/20/2025,16335,401430,Pregnancy Test - Milk,Pregnant,1.498,137,39
11/20/2025,10740,401430,Pregnancy Test - Milk,Pregnant,0.66,146,70
11/20/2025,11345,401430,Pregnancy Test - Milk,Re-Check,0.147,157,35
11/20/2025,3249,401430,Pregnancy Test - Milk,Open,0.05,157,35
11/20/2025,762,401430,Pregnancy Test - Milk,Pregnant,0.659,108,35
11/20/2025,18216,401430,Pregnancy Test - Milk,Pregnant,0.876,105,35
11/20/2025,3338,401430,Pregnancy Test - Milk,Pregnant,0.571,154,35
11/20/2025,18666,401430,Pregnancy Test - Milk,Pregnant,0.909,110,35
11/20/2025,17479,401430,Pregnancy Test - Milk,Pregnant,1.015,289,73
11/20/2025,14602,401430,Pregnancy Test - Milk,Pregnant,0.838,149,77
11/20/2025,3628,401430,Pregnancy Test - Milk,Re-Check,0.13,111,35
11/20/2025,11303,401430,Pregnancy Test - Milk,Pregnant,0.746,106,35
11/20/2025,16011,401430,Pregnancy Test - Milk,Pregnant,0.306,159,84
11/20/2025,15955,401430,Pregnancy Test - Milk,Re-Check,0.249,152,77
11/20/2025,5001,401430,Pregnancy Test - Milk,Pregnant,0.296,144,70
11/20/2025,16417,401430,Pregnancy Test - Milk,Pregnant,0.699,140,70
11/20/2025,10071,401430,Pregnancy Test - Milk,Pregnant,0.385,166,70
11/20/2025,11362,401430,Pregnancy Test - Milk,Re-Check,0.24,143,70
11/20/2025,18852,401430,Pregnancy Test - Milk,Pregnant,1.073,159,41
11/20/2025,7672,401430,Pregnancy Test - Milk,Pregnant,0.751,159,41
11/20/2025,18509,401430,Pregnancy Test - Milk,Pregnant,1.499,109,35
11/20/2025,20502,401430,Pregnancy Test - Milk,Pregnant,0.579,147,77
11/20/2025,18800,401430,Pregnancy Test - Milk,Pregnant,0.67,173,75
11/20/2025,16806,401430,Pregnancy Test - Milk,Pregnant,0.309,145,70
11/20/2025,16609,401430,Pregnancy Test - Milk,Pregnant,0.674,110,35
11/20/2025,18553,401430,Pregnancy Test - Milk,Pregnant,1.005,190,39
11/20/2025,15081,401430,Pregnancy Test - Milk,Open,0.009,233,36
11/20/2025,16287,401430,Pregnancy Test - Milk,Pregnant,0.628,170,41
11/20/2025,17614,401430,Pregnancy Test - Milk,Pregnant,1.222,209,71
11/20/2025,20152,401430,Pregnancy Test - Milk,Pregnant,1.011,200,72
11/20/2025,14503,401430,Pregnancy Test - Milk,Pregnant,0.289,110,35
11/20/2025,5236,401430,Pregnancy Test - Milk,Pregnant,1.145,144,70
11/20/2025,15073,401430,Pregnancy Test - Milk,Pregnant,0.579,107,36
11/20/2025,18808,401430,Pregnancy Test - Milk,Pregnant,0.258,110,35
11/20/2025,18452,401430,Pregnancy Test - Milk,Pregnant,1.257,109,35
11/20/2025,14213,401430,Pregnancy Test - Milk,Pregnant,0.889,151,77
11/20/2025,20409,401430,Pregnancy Test - Milk,Pregnant,0.539,149,77
11/20/2025,15153,401430,Pregnancy Test - Milk,Pregnant,0.691,352,77
11/20/2025,18213,401430,Pregnancy Test - Milk,Pregnant,0.949,154,37
11/20/2025,16363,401430,Pregnancy Test - Milk,Pregnant,1.538,149,77
11/20/2025,20513,401430,Pregnancy Test - Milk,Pregnant,0.69,171,71
11/20/2025,20199,401430,Pregnancy Test - Milk,Pregnant,0.576,185,72
11/20/2025,10933,401430,Pregnancy Test - Milk,Re-Check,0.1,155,35
11/20/2025,12517,401430,Pregnancy Test - Milk,Pregnant,0.441,108,35
11/20/2025,16558,401430,Pregnancy Test - Milk,Pregnant,0.694,180,37
11/20/2025,2116,401430,Pregnancy Test - Milk,Pregnant,0.375,150,77
11/20/2025,20381,401430,Pregnancy Test - Milk,Pregnant,1.397,156,39
11/20/2025,19742,401430,Pregnancy Test - Milk,Pregnant,0.547,232,77
11/20/2025,16688,401430,Pregnancy Test - Milk,Pregnant,1.014,326,75
11/20/2025,20110,401430,Pregnancy Test - Milk,Pregnant,0.896,227,77
11/20/2025,12969,401430,Pregnancy Test - Milk,Pregnant,0.947,202,40
11/20/2025,16571,401430,Pregnancy Test - Milk,Re-Check,0.125,140,70
11/20/2025,18572,401430,Pregnancy Test - Milk,Pregnant,0.661,111,35
11/20/2025,17541,401430,Pregnancy Test - Milk,Pregnant,0.554,244,70
11/20/2025,16619,401430,Pregnancy Test - Milk,Pregnant,1.016,107,35
11/20/2025,20352,401430,Pregnancy Test - Milk,Pregnant,0.71,136,41
11/20/2025,20241,401430,Pregnancy Test - Milk,Pregnant,1.434,200,77
11/20/2025,20137,401430,Pregnancy Test - Milk,Pregnant,1.245,186,75
11/20/2025,2258,401430,Pregnancy Test - Milk,Pregnant,0.278,117,38
11/20/2025,2163,401430,Pregnancy Test - Milk,Pregnant,0.683,148,35
11/20/2025,18515,401430,Pregnancy Test - Milk,Pregnant,0.39,130,38
11/20/2025,15823,401430,Pregnancy Test - Milk,Re-Check,0.168,202,59
11/20/2025,17059,401430,Pregnancy Test - Milk,Pregnant,0.823,111,35
11/20/2025,20531,401430,Pregnancy Test - Milk,Pregnant,1.202,158,41
11/20/2025,20398,401430,Pregnancy Test - Milk,Pregnant,1.359,152,77
11/20/2025,20393,401430,Pregnancy Test - Milk,Pregnant,0.936,109,36
11/20/2025,20668,401430,Pregnancy Test - Milk,Pregnant,1.052,159,35
11/20/2025,20510,401430,Pregnancy Test - Milk,Pregnant,0.982,108,35
11/20/2025,631,401430,Pregnancy Test - Milk,Pregnant,0.581,107,35
11/20/2025,20623,401430,Pregnancy Test - Milk,Pregnant,1.001,126,37
11/20/2025,11671,401430,Pregnancy Test - Milk,Open,0.019,110,35
11/20/2025,14005,401430,Pregnancy Test - Milk,Open,0.013,108,35
11/20/2025,16761,401430,Pregnancy Test - Milk,Pregnant,0.972,106,35
11/20/2025,18725,401430,Pregnancy Test - Milk,Pregnant,1.542,110,35
11/20/2025,10126,401430,Pregnancy Test - Milk,Pregnant,0.711,106,35
11/20/2025,18461,401430,Pregnancy Test - Milk,Pregnant,1.013,109,35
11/20/2025,18758,401430,Pregnancy Test - Milk,Pregnant,1.047,115,42
11/20/2025,16042,401430,Pregnancy Test - Milk,Pregnant,0.517,192,37
11/20/2025,17145,401430,Pregnancy Test - Milk,Pregnant,0.887,321,38
11/20/2025,9695,401430,Pregnancy Test - Milk,Re-Check,0.202,124,35
11/20/2025,13615,401430,Pregnancy Test - Milk,Pregnant,0.433,140,70
11/20/2025,16762,401430,Pregnancy Test - Milk,Re-Check,0.18,145,70
11/20/2025,16153,401430,Pregnancy Test - Milk,Pregnant,0.703,239,73
11/20/2025,11851,401430,Pregnancy Test - Milk,Pregnant,0.439,133,39
11/20/2025,16138,401430,Pregnancy Test - Milk,Pregnant,0.703,106,35
11/20/2025,3784,401430,Pregnancy Test - Milk,Pregnant,0.37,105,35
11/20/2025,19908,401430,Pregnancy Test - Milk,Pregnant,1.674,241,74
11/20/2025,20552,401430,Pregnancy Test - Milk,Pregnant,1.392,108,35
11/20/2025,13899,401430,Pregnancy Test - Milk,Pregnant,0.367,142,40
11/20/2025,18347,401430,Pregnancy Test - Milk,Pregnant,0.465,174,80
11/20/2025,15787,401430,Pregnancy Test - Milk,Pregnant,0.253,218,71
11/20/2025,18414,401430,Pregnancy Test - Milk,Pregnant,1.125,218,38
11/20/2025,14606,401430,Pregnancy Test - Milk,Open,0.057,115,42
11/20/2025,16349,401430,Pregnancy Test - Milk,Pregnant,1.983,111,35
11/20/2025,15686,401430,Pregnancy Test - Milk,Pregnant,0.534,150,77
11/20/2025,20131,401430,Pregnancy Test - Milk,Open,0.025,162,35
11/20/2025,20712,401430,Pregnancy Test - Milk,Pregnant,1.672,154,36
11/20/2025,20872,401430,Pregnancy Test - Milk,Pregnant,0.591,106,35
11/20/2025,14048,401430,Pregnancy Test - Milk,Pregnant,1.012,106,36
11/20/2025,13691,401430,Pregnancy Test - Milk,Pregnant,0.853,147,36
11/20/2025,18726,401430,Pregnancy Test - Milk,Pregnant,0.932,106,35
11/20/2025,14519,401430,Pregnancy Test - Milk,Pregnant,0.336,154,84
11/20/2025,14592,401430,Pregnancy Test - Milk,Pregnant,0.735,147,77
11/20/2025,14745,401430,Pregnancy Test - Milk,Pregnant,0.727,110,35
11/20/2025,3659,401430,Pregnancy Test - Milk,Pregnant,0.259,105,35
11/20/2025,11654,401430,Pregnancy Test - Milk,Pregnant,0.534,195,74
11/20/2025,12355,401430,Pregnancy Test - Milk,Re-Check,0.149,152,77
11/20/2025,3866,401430,Pregnancy Test - Milk,Pregnant,0.408,105,35
11/20/2025,15676,401430,Pregnancy Test - Milk,Pregnant,1.15,111,35
11/20/2025,20463,401430,Pregnancy Test - Milk,Pregnant,0.596,149,75
11/20/2025,1860,401430,Pregnancy Test - Milk,Pregnant,0.971,260,71
11/20/2025,13410,401430,Pregnancy Test - Milk,Pregnant,0.464,148,77
11/20/2025,20503,401430,Pregnancy Test - Milk,Pregnant,0.953,197,77
11/20/2025,18204,401430,Pregnancy Test - Milk,Pregnant,0.54,168,70
11/20/2025,18398,401430,Pregnancy Test - Milk,Re-Check,0.198,149,36
11/20/2025,13884,401430,Pregnancy Test - Milk,Pregnant,0.631,177,73
11/20/2025,13421,401430,Pregnancy Test - Milk,Pregnant,0.458,105,35
11/20/2025,15878,401430,Pregnancy Test - Milk,Pregnant,0.269,141,70
11/20/2025,18754,401430,Pregnancy Test - Milk,Pregnant,1.95,107,35
11/20/2025,18162,401430,Pregnancy Test - Milk,Pregnant,0.757,207,41
11/20/2025,18180,401430,Pregnancy Test - Milk,Pregnant,1.384,107,35
11/20/2025,17982,401430,Pregnancy Test - Milk,Pregnant,1.164,224,37
11/20/2025,17266,401430,Pregnancy Test - Milk,Pregnant,0.508,153,77
11/20/2025,18855,401430,Pregnancy Test - Milk,Open,0.077,109,35
11/20/2025,13993,401430,Pregnancy Test - Milk,Pregnant,1.176,107,35
11/20/2025,11258,401430,Pregnancy Test - Milk,Pregnant,0.67,266,73
11/20/2025,14109,401430,Pregnancy Test - Milk,Pregnant,0.917,176,38
11/20/2025,9829,401430,Pregnancy Test - Milk,Re-Check,0.246,198,70
11/20/2025,2172,401430,Pregnancy Test - Milk,Open,0.009,106,35
11/20/2025,15247,401430,Pregnancy Test - Milk,Pregnant,1.192,141,70
11/20/2025,15971,401430,Pregnancy Test - Milk,Pregnant,1.38,211,35
11/20/2025,15639,401430,Pregnancy Test - Milk,Open,0.035,212,35
11/20/2025,20679,401430,Pregnancy Test - Milk,Pregnant,0.423,183,74
11/20/2025,814719,401430,Pregnancy Test - Milk,Pregnant,0.456,190,71
11/20/2025,18615,401430,Pregnancy Test - Milk,Pregnant,0.333,168,77
11/20/2025,18238,401430,Pregnancy Test - Milk,Pregnant,0.597,185,75
11/20/2025,17229,401430,Pregnancy Test - Milk,Pregnant,1.17,332,40
11/20/2025,814119,401430,Pregnancy Test - Milk,Pregnant,1.15,197,41
11/20/2025,17555,401430,Pregnancy Test - Milk,Re-Check,0.18,221,75
11/20/2025,14218,401430,Pregnancy Test - Milk,Pregnant,0.507,146,70
11/20/2025,18858,401430,Pregnancy Test - Milk,Re-Check,0.182,151,77
11/20/2025,11046,401430,Pregnancy Test - Milk,Pregnant,1.181,205,40
11/20/2025,11647,401430,Pregnancy Test - Milk,Pregnant,0.363,166,70
11/20/2025,17784,401430,Pregnancy Test - Milk,Open,0.053,203,39
11/20/2025,20657,401430,Pregnancy Test - Milk,Pregnant,1.123,153,77
11/20/2025,16083,401430,Pregnancy Test - Milk,Re-Check,0.183,164,91
11/20/2025,20784,401430,Pregnancy Test - Milk,Open,0.068,106,35
11/20/2025,18104,401430,Pregnancy Test - Milk,Pregnant,0.631,189,76
11/20/2025,17829,401430,Pregnancy Test - Milk,Pregnant,0.764,149,77
11/20/2025,18699,401430,Pregnancy Test - Milk,Pregnant,0.759,144,71
11/20/2025,17646,401430,Pregnancy Test - Milk,Pregnant,0.514,152,77
11/20/2025,18526,401430,Pregnancy Test - Milk,Pregnant,1.02,147,77
11/20/2025,20809,401430,Pregnancy Test - Milk,Open,-0.008,148,77
11/20/2025,16707,401430,Pregnancy Test - Milk,Pregnant,1.635,130,36
11/20/2025,16752,401430,Pregnancy Test - Milk,Pregnant,0.339,140,70
11/20/2025,19041,401430,Pregnancy Test - Milk,Pregnant,0.562,130,36
11/20/2025,18773,401430,Pregnancy Test - Milk,Pregnant,1.485,106,35
11/20/2025,2175,401430,Pregnancy Test - Milk,Pregnant,0.423,106,35
11/20/2025,18139,401430,Pregnancy Test - Milk,Pregnant,0.582,134,36
11/20/2025,7649,401430,Pregnancy Test - Milk,Re-Check,0.199,218,72
11/20/2025,15828,401430,Pregnancy Test - Milk,Pregnant,0.314,151,77
11/20/2025,16412,401430,Pregnancy Test - Milk,Pregnant,POS,107,35
11/20/2025,16452,401430,Pregnancy Test - Milk,Pregnant,0.855,153,77
11/20/2025,18392,401430,Pregnancy Test - Milk,Pregnant,0.306,150,58
11/20/2025,48360,401430,Pregnancy Test - Milk,Pregnant,1.074,213,70
11/20/2025,19061,401430,Pregnancy Test - Milk,Pregnant,1.132,131,38
11/20/2025,20411,401430,Pregnancy Test - Milk,Pregnant,0.773,159,35
11/20/2025,13476,401430,Pregnancy Test - Milk,Pregnant,1.079,236,35
11/20/2025,20104,401430,Pregnancy Test - Milk,Pregnant,0.634,225,77
11/20/2025,17999,401430,Pregnancy Test - Milk,Pregnant,1.257,109,35
11/20/2025,20550,401430,Pregnancy Test - Milk,Pregnant,0.936,128,37
11/20/2025,16133,401430,Pregnancy Test - Milk,Pregnant,0.291,163,71
11/20/2025,20423,401430,Pregnancy Test - Milk,Pregnant,0.743,195,73
11/20/2025,15525,401430,Pregnancy Test - Milk,Pregnant,0.642,107,35
11/20/2025,18413,401430,Pregnancy Test - Milk,Pregnant,0.647,166,71
11/20/2025,18308,401430,Pregnancy Test - Milk,Pregnant,1.275,150,35
11/20/2025,12129,401430,Pregnancy Test - Milk,Pregnant,0.562,150,77
11/20/2025,16180,401430,Pregnancy Test - Milk,Pregnant,1.099,111,35
11/20/2025,18832,401430,Pregnancy Test - Milk,Pregnant,0.593,115,39
11/20/2025,14628,401430,Pregnancy Test - Milk,Pregnant,0.563,152,77
11/20/2025,2168,401430,Pregnancy Test - Milk,Open,0.052,147,77
11/20/2025,19731,401430,Pregnancy Test - Milk,Pregnant,0.509,281,75
11/20/2025,20359,401430,Pregnancy Test - Milk,Pregnant,1.133,152,39
11/20/2025,12621,401430,Pregnancy Test - Milk,Re-Check,0.171,143,76
11/20/2025,10628,401430,Pregnancy Test - Milk,Pregnant,0.336,147,77
11/20/2025,14259,401430,Pregnancy Test - Milk,Re-Check,0.223,152,77
11/20/2025,20134,401430,Pregnancy Test - Milk,Pregnant,0.922,159,40
11/20/2025,20273,401430,Pregnancy Test - Milk,Pregnant,0.68,197,77
11/20/2025,18742,401430,Pregnancy Test - Milk,Pregnant,1.055,153,77
11/20/2025,20193,401430,Pregnancy Test - Milk,Pregnant,1.531,178,35
11/20/2025,16445,401430,Pregnancy Test - Milk,Open,0.007,194,35
11/20/2025,20056,401430,Pregnancy Test - Milk,Pregnant,0.898,188,72
11/21/2025,14534,401430,Pregnancy Test - Milk,Pregnant,0.386,133,36
11/21/2025,20606,401430,Pregnancy Test - Milk,Pregnant,0.862,178,83
11/21/2025,20696,401430,Pregnancy Test - Milk,Pregnant,0.566,146,37
11/21/2025,19085,401430,Pregnancy Test - Milk,Pregnant,0.276,109,36
11/21/2025,19298,401430,Pregnancy Test - Milk,Pregnant,0.603,107,36
11/21/2025,18587,401430,Pregnancy Test - Milk,Pregnant,0.539,110,36
11/21/2025,20766,401430,Pregnancy Test - Milk,Pregnant,0.538,106,36
11/21/2025,18343,401430,Pregnancy Test - Milk,Open,-0.002,130,40
11/21/2025,14022,401430,Pregnancy Test - Milk,Re-Check,0.248,162,47
11/21/2025,20508,401430,Pregnancy Test - Milk,Re-Check,0.236,221,80
11/21/2025,16522,401430,Pregnancy Test - Milk,Pregnant,0.605,106,36
11/21/2025,20793,401430,Pregnancy Test - Milk,Open,0.006,129,37
11/21/2025,20851,401430,Pregnancy Test - Milk,Pregnant,0.798,106,36
11/21/2025,16738,401430,Pregnancy Test - Milk,Open,0.049,315,37
11/21/2025,20829,401430,Pregnancy Test - Milk,Pregnant,0.35,165,83
11/21/2025,20475,401430,Pregnancy Test - Milk,Pregnant,0.478,202,79
11/21/2025,2418,401430,Pregnancy Test - Milk,Open,0.048,115,43
11/21/2025,18479,401430,Pregnancy Test - Milk,Re-Check,0.24,109,36
11/21/2025,20482,401430,Pregnancy Test - Milk,Pregnant,0.39,149,38
11/21/2025,15434,401430,Pregnancy Test - Milk,Pregnant,0.408,199,40
11/21/2025,14554,401430,Pregnancy Test - Milk,Open,0.014,143,36
11/21/2025,20795,401430,Pregnancy Test - Milk,Pregnant,0.538,108,36
11/21/2025,1691,401430,Pregnancy Test - Milk,Pregnant,0.411,148,78
11/21/2025,20886,401430,Pregnancy Test - Milk,Pregnant,0.869,106,36
11/21/2025,15690,401430,Pregnancy Test - Milk,Pregnant,0.588,278,82
11/21/2025,20450,401430,Pregnancy Test - Milk,Pregnant,0.747,169,36
11/21/2025,18186,401430,Pregnancy Test - Milk,Pregnant,0.415,154,78
11/21/2025,17107,401430,Pregnancy Test - Milk,Open,0.091,302,43
11/21/2025,20816,401430,Pregnancy Test - Milk,Pregnant,0.78,109,36
11/21/2025,15394,401430,Pregnancy Test - Milk,Open,0.018,112,36
11/21/2025,20195,401430,Pregnancy Test - Milk,Pregnant,0.797,189,80
11/21/2025,18552,401430,Pregnancy Test - Milk,Pregnant,0.514,110,36
11/21/2025,18823,401430,Pregnancy Test - Milk,Pregnant,0.919,194,36
11/21/2025,14155,401430,Pregnancy Test - Milk,Pregnant,0.272,207,81
11/21/2025,20645,401430,Pregnancy Test - Milk,Re-Check,0.208,156,85
11/21/2025,15353,401430,Pregnancy Test - Milk,Re-Check,0.213,234,37
11/21/2025,20180,401430,Pregnancy Test - Milk,Pregnant,0.607,202,80
11/21/2025,1665,401430,Pregnancy Test - Milk,Re-Check,0.165,166,39
11/21/2025,16357,401430,Pregnancy Test - Milk,Pregnant,0.748,111,36
11/21/2025,2413,401430,Pregnancy Test - Milk,Pregnant,0.269,150,78
11/21/2025,18909,401430,Pregnancy Test - Milk,Pregnant,0.545,129,38
11/21/2025,20332,401430,Pregnancy Test - Milk,Pregnant,0.258,150,78
11/21/2025,18544,401430,Pregnancy Test - Milk,Pregnant,0.714,191,36
11/21/2025,15254,401430,Pregnancy Test - Milk,Pregnant,1.762,240,40
11/21/2025,20753,401430,Pregnancy Test - Milk,Open,0.011,108,36
11/21/2025,20493,401430,Pregnancy Test - Milk,Pregnant,0.347,148,78
11/21/2025,16423,401430,Pregnancy Test - Milk,Re-Check,0.232,153,78
11/21/2025,18655,401430,Pregnancy Test - Milk,Open,-0.001,107,36
11/26/2025,14075,401430,Pregnancy Test - Milk,Pregnant,0.44,106,34
11/26/2025,19156,401430,Pregnancy Test - Milk,Open,0.057,159,34
11/26/2025,16027,401430,Pregnancy Test - Milk,Pregnant,0.585,104,34
11/26/2025,18417,401430,Pregnancy Test - Milk,Pregnant,0.382,193,74
11/26/2025,18744,401430,Pregnancy Test - Milk,Pregnant,0.904,144,69
11/26/2025,18220,401430,Pregnancy Test - Milk,Pregnant,0.412,172,72
11/26/2025,8663,401430,Pregnancy Test - Milk,Pregnant,0.387,153,39
11/26/2025,47941,401430,Pregnancy Test - Milk,Pregnant,0.855,218,69
11/26/2025,12401,401430,Pregnancy Test - Milk,Pregnant,0.423,133,38
11/26/2025,13768,401430,Pregnancy Test - Milk,Open,0.033,107,34
11/26/2025,9829,401430,Pregnancy Test - Milk,Re-Check,0.226,204,76
11/26/2025,12652,401430,Pregnancy Test - Milk,Pregnant,0.525,138,38
11/26/2025,20260,401430,Pregnancy Test - Milk,Pregnant,0.32,181,72
11/26/2025,11404,401430,Pregnancy Test - Milk,Pregnant,0.846,106,34
11/26/2025,16523,401430,Pregnancy Test - Milk,Pregnant,1.509,107,34
11/26/2025,18858,401430,Pregnancy Test - Milk,Re-Check,0.245,157,83
11/26/2025,16470,401430,Pregnancy Test - Milk,Pregnant,1.047,138,36
11/26/2025,14365,401430,Pregnancy Test - Milk,Pregnant,0.954,107,34
11/26/2025,14721,401430,Pregnancy Test - Milk,Pregnant,0.631,109,34
11/26/2025,15619,401430,Pregnancy Test - Milk,Open,0.004,108,34
11/26/2025,14106,401430,Pregnancy Test - Milk,Pregnant,1.049,140,36
11/26/2025,10466,401430,Pregnancy Test - Milk,Pregnant,0.453,177,70
11/26/2025,18384,401430,Pregnancy Test - Milk,Pregnant,0.94,142,69
11/26/2025,18427,401430,Pregnancy Test - Milk,Pregnant,1.197,105,34
11/26/2025,18483,401430,Pregnancy Test - Milk,Pregnant,0.394,143,69
11/26/2025,53894,401430,Pregnancy Test - Milk,Pregnant,0.253,211,69
11/26/2025,18715,401430,Pregnancy Test - Milk,Pregnant,0.536,143,39
11/26/2025,13789,401430,Pregnancy Test - Milk,Open,0.017,104,34
11/26/2025,14105,401430,Pregnancy Test - Milk,Pregnant,0.402,108,34
11/26/2025,12473,401430,Pregnancy Test - Milk,Pregnant,1.136,108,34
11/26/2025,18524,401430,Pregnancy Test - Milk,Pregnant,0.397,144,69
11/26/2025,16318,401430,Pregnancy Test - Milk,Open,-0.002,106,34
11/26/2025,18740,401430,Pregnancy Test - Milk,Pregnant,0.643,142,69
11/26/2025,10464,401430,Pregnancy Test - Milk,Pregnant,0.323,176,73
11/26/2025,17884,401430,Pregnancy Test - Milk,Pregnant,0.774,280,73
11/26/2025,8954,401430,Pregnancy Test - Milk,Pregnant,0.399,142,69
11/26/2025,12539,401430,Pregnancy Test - Milk,Pregnant,0.447,135,36
11/26/2025,9936,401430,Pregnancy Test - Milk,Re-Check,0.173,141,69
11/26/2025,17540,401430,Pregnancy Test - Milk,Pregnant,2.209,143,69
11/26/2025,18497,401430,Pregnancy Test - Milk,Pregnant,1.21,145,69
11/26/2025,14609,401430,Pregnancy Test - Milk,Pregnant,0.954,106,34
11/26/2025,14303,401430,Pregnancy Test - Milk,Open,0.078,169,74
11/26/2025,9695,401430,Pregnancy Test - Milk,Open,0.091,130,41
11/26/2025,20454,401430,Pregnancy Test - Milk,Pregnant,0.759,141,69
11/26/2025,16451,401430,Pregnancy Test - Milk,Pregnant,0.767,107,34
11/26/2025,15955,401430,Pregnancy Test - Milk,Pregnant,0.348,158,83
11/26/2025,15383,401430,Pregnancy Test - Milk,Pregnant,0.342,147,39
11/26/2025,17974,401430,Pregnancy Test - Milk,Pregnant,0.25,195,70
11/26/2025,18792,401430,Pregnancy Test - Milk,Pregnant,1.056,144,69
11/26/2025,14096,401430,Pregnancy Test - Milk,Pregnant,0.319,187,72
11/26/2025,18170,401430,Pregnancy Test - Milk,Re-Check,0.209,146,72
11/26/2025,5274,401430,Pregnancy Test - Milk,Pregnant,1.147,137,36
11/26/2025,5343,401430,Pregnancy Test - Milk,Pregnant,0.644,222,35
11/26/2025,14059,401430,Pregnancy Test - Milk,Pregnant,0.83,131,71
11/26/2025,13358,401430,Pregnancy Test - Milk,Pregnant,0.774,110,34
11/26/2025,14470,401430,Pregnancy Test - Milk,Re-Check,0.1,105,34
11/26/2025,13912,401430,Pregnancy Test - Milk,Pregnant,1.197,105,34
11/26/2025,13449,401430,Pregnancy Test - Milk,Pregnant,0.67,263,75
11/26/2025,13833,401430,Pregnancy Test - Milk,Open,0.059,248,71
11/26/2025,18422,401430,Pregnancy Test - Milk,Pregnant,0.409,142,69
11/26/2025,18583,401430,Pregnancy Test - Milk,Open,0.032,107,34
11/26/2025,16580,401430,Pregnancy Test - Milk,Pregnant,0.312,145,69
11/26/2025,12122,401430,Pregnancy Test - Milk,Pregnant,1.169,107,34
11/26/2025,15940,401430,Pregnancy Test - Milk,Pregnant,1.712,218,36
11/26/2025,16297,401430,Pregnancy Test - Milk,Pregnant,0.887,109,34
11/26/2025,16259,401430,Pregnancy Test - Milk,Pregnant,0.274,143,69
11/26/2025,19052,401430,Pregnancy Test - Milk,Re-Check,0.23,144,69
11/26/2025,14486,401430,Pregnancy Test - Milk,Pregnant,0.362,183,69
11/26/2025,18492,401430,Pregnancy Test - Milk,Pregnant,1.119,104,34
11/26/2025,13472,401430,Pregnancy Test - Milk,Pregnant,0.861,177,37
11/26/2025,16078,401430,Pregnancy Test - Milk,Pregnant,0.268,110,34
11/26/2025,15736,401430,Pregnancy Test - Milk,Pregnant,0.416,145,69
11/26/2025,18916,401430,Pregnancy Test - Milk,Pregnant,1.063,105,34
11/26/2025,16289,401430,Pregnancy Test - Milk,Pregnant,0.492,138,36
11/26/2025,19026,401430,Pregnancy Test - Milk,Pregnant,0.507,143,69
11/26/2025,12421,401430,Pregnancy Test - Milk,Pregnant,0.56,154,34
11/26/2025,9992,401430,Pregnancy Test - Milk,Pregnant,0.284,332,75
11/26/2025,860,401430,Pregnancy Test - Milk,Pregnant,1.413,105,34
11/26/2025,11131,401430,Pregnancy Test - Milk,Open,0.02,104,34
11/26/2025,16367,401430,Pregnancy Test - Milk,Open,0.052,107,34
11/26/2025,18603,401430,Pregnancy Test - Milk,Open,0.012,104,34
11/26/2025,20769,401430,Pregnancy Test - Milk,Open,0.036,102,36
11/26/2025,16762,401430,Pregnancy Test - Milk,Re-Check,0.221,151,76
11/26/2025,16308,401430,Pregnancy Test - Milk,Pregnant,0.989,106,34
11/26/2025,16571,401430,Pregnancy Test - Milk,Open,0.067,146,76
11/26/2025,18631,401430,Pregnancy Test - Milk,Open,0.016,106,34
11/26/2025,11345,401430,Pregnancy Test - Milk,Re-Check,0.229,163,41
11/26/2025,16067,401430,Pregnancy Test - Milk,Re-Check,0.202,137,39
11/26/2025,12621,401430,Pregnancy Test - Milk,Re-Check,0.205,149,82
11/26/2025,19099,401430,Pregnancy Test - Milk,Pregnant,0.342,198,69
11/26/2025,15972,401430,Pregnancy Test - Milk,Pregnant,0.309,161,69
11/26/2025,12355,401430,Pregnancy Test - Milk,Re-Check,0.238,158,83
11/26/2025,12574,401430,Pregnancy Test - Milk,Re-Check,0.22,254,74
11/26/2025,13491,401430,Pregnancy Test - Milk,Pregnant,0.436,286,74
11/26/2025,11362,401430,Pregnancy Test - Milk,Pregnant,0.29,149,76
11/26/2025,12557,401430,Pregnancy Test - Milk,Open,0.042,110,0
11/26/2025,10282,401430,Pregnancy Test - Milk,Pregnant,0.543,251,70
11/26/2025,18268,401430,Pregnancy Test - Milk,Pregnant,1.361,106,34
11/26/2025,3628,401430,Pregnancy Test - Milk,Pregnant,0.851,117,41
11/26/2025,12053,401430,Pregnancy Test - Milk,Pregnant,0.448,215,38
11/26/2025,3864,401430,Pregnancy Test - Milk,Re-Check,0.167,207,34
11/26/2025,14071,401430,Pregnancy Test - Milk,Pregnant,0.559,108,34
11/27/2025,18940,401430,Pregnancy Test - Milk,Pregnant,0.766,137,1
11/27/2025,20099,401430,Pregnancy Test - Milk,Pregnant,0.327,223,75
11/27/2025,18398,401430,Pregnancy Test - Milk,Open,0.044,160,3
11/27/2025,20783,401430,Pregnancy Test - Milk,Pregnant,0.754,149,77
11/27/2025,20061,401430,Pregnancy Test - Milk,Pregnant,0.436,209,75
11/27/2025,17463,401430,Pregnancy Test - Milk,Pregnant,1.941,199,78
11/27/2025,21029,401430,Pregnancy Test - Milk,Re-Check,0.192,109,39
11/27/2025,15761,401430,Pregnancy Test - Milk,Pregnant,2.684,155,42
11/27/2025,17379,401430,Pregnancy Test - Milk,Pregnant,0.39,264,78
11/27/2025,20447,401430,Pregnancy Test - Milk,Re-Check,0.123,169,75
11/27/2025,19639,401430,Pregnancy Test - Milk,Open,0.044,339,39
11/27/2025,18449,401430,Pregnancy Test - Milk,Pregnant,0.404,153,81
11/27/2025,191405,401430,Pregnancy Test - Milk,Pregnant,0.344,201,81
11/27/2025,14181,401430,Pregnancy Test - Milk,Pregnant,0.271,157,81
11/27/2025,148141,401430,Pregnancy Test - Milk,Pregnant,1.227,209,78
11/27/2025,20170,401430,Pregnancy Test - Milk,Pregnant,1.755,159,44
11/27/2025,18051,401430,Pregnancy Test - Milk,Pregnant,0.718,213,77
11/27/2025,14539,401430,Pregnancy Test - Milk,Pregnant,0.787,153,81
11/27/2025,18881,401430,Pregnancy Test - Milk,Pregnant,0.756,136,39
11/27/2025,18096,401430,Pregnancy Test - Milk,Pregnant,1.037,193,78
11/27/2025,3776,401430,Pregnancy Test - Milk,Open,-0.022,162,42
11/27/2025,20196,401430,Pregnancy Test - Milk,Pregnant,1.905,149,44
11/27/2025,20087,401430,Pregnancy Test - Milk,Pregnant,0.446,204,81
11/27/2025,16159,401430,Pregnancy Test - Milk,Pregnant,0.375,194,42
11/27/2025,16092,401430,Pregnancy Test - Milk,Pregnant,0.734,109,39
11/27/2025,16135,401430,Pregnancy Test - Milk,Pregnant,0.573,161,39
11/27/2025,20719,401430,Pregnancy Test - Milk,Pregnant,1.222,153,43
11/27/2025,17731,401430,Pregnancy Test - Milk,Pregnant,0.901,273,45
11/27/2025,14064,401430,Pregnancy Test - Milk,Pregnant,0.485,184,79
11/27/2025,13914,401430,Pregnancy Test - Milk,Pregnant,0.864,206,79
11/27/2025,18761,401430,Pregnancy Test - Milk,Pregnant,0.545,155,81
11/27/2025,18506,401430,Pregnancy Test - Milk,Open,0.096,155,81
11/27/2025,17955,401430,Pregnancy Test - Milk,Pregnant,0.894,231,40
11/27/2025,15933,401430,Pregnancy Test - Milk,Open,0.023,249,80
11/27/2025,20236,401430,Pregnancy Test - Milk,Pregnant,0.562,189,75
11/27/2025,20246,401430,Pregnancy Test - Milk,Pregnant,0.643,179,45
11/27/2025,20120,401430,Pregnancy Test - Milk,Pregnant,0.77,207,76
11/27/2025,12913,401430,Pregnancy Test - Milk,Pregnant,0.262,330,43
11/27/2025,16108,401430,Pregnancy Test - Milk,Pregnant,0.856,160,40
11/27/2025,20762,401430,Pregnancy Test - Milk,Pregnant,1.317,111,39
11/27/2025,21061,401430,Pregnancy Test - Milk,Open,-0.008,113,4
11/27/2025,20372,401430,Pregnancy Test - Milk,Pregnant,0.489,183,80
11/27/2025,20060,401430,Pregnancy Test - Milk,Pregnant,0.583,240,77
11/27/2025,16982,401430,Pregnancy Test - Milk,Pregnant,0.341,144,76
11/27/2025,20219,401430,Pregnancy Test - Milk,Pregnant,0.512,200,81
11/27/2025,18945,401430,Pregnancy Test - Milk,Pregnant,0.391,155,81
11/27/2025,15653,401430,Pregnancy Test - Milk,Pregnant,1.024,186,41
11/27/2025,8969,401430,Pregnancy Test - Milk,Pregnant,0.444,155,81
11/27/2025,20289,401430,Pregnancy Test - Milk,Pregnant,1.64,161,39
11/27/2025,20841,401430,Pregnancy Test - Milk,Pregnant,1.272,151,75
11/27/2025,3441,401430,Pregnancy Test - Milk,Pregnant,0.434,158,88
11/27/2025,20494,401430,Pregnancy Test - Milk,Pregnant,0.617,151,81
11/27/2025,18599,401430,Pregnancy Test - Milk,Re-Check,0.188,181,75
11/27/2025,18409,401430,Pregnancy Test - Milk,Pregnant,1.376,199,41
11/27/2025,3419,401430,Pregnancy Test - Milk,Pregnant,0.865,111,39
11/27/2025,14951,401430,Pregnancy Test - Milk,Pregnant,0.595,188,75
11/27/2025,20391,401430,Pregnancy Test - Milk,Pregnant,0.415,154,81
11/27/2025,19098,401430,Pregnancy Test - Milk,Pregnant,0.79,115,39
11/27/2025,20440,401430,Pregnancy Test - Milk,Pregnant,0.601,204,81
11/27/2025,21023,401430,Pregnancy Test - Milk,Pregnant,0.366,114,39
11/27/2025,20919,401430,Pregnancy Test - Milk,Pregnant,1.694,114,39
11/27/2025,20873,401430,Pregnancy Test - Milk,Pregnant,0.515,113,39
11/27/2025,14428,401430,Pregnancy Test - Milk,Pregnant,0.946,149,75
11/27/2025,825022,401430,Pregnancy Test - Milk,Pregnant,0.327,206,75
11/27/2025,19636,401430,Pregnancy Test - Milk,Pregnant,0.504,302,77
11/27/2025,20138,401430,Pregnancy Test - Milk,Pregnant,0.638,220,80
11/27/2025,15823,401430,Pregnancy Test - Milk,Re-Check,0.147,213,70
11/27/2025,19905,401430,Pregnancy Test - Milk,Pregnant,0.799,235,77
11/27/2025,18298,401430,Pregnancy Test - Milk,Pregnant,0.981,223,40
11/27/2025,17842,401430,Pregnancy Test - Milk,Open,0.017,156,81
11/27/2025,20690,401430,Pregnancy Test - Milk,Pregnant,0.637,138,45
11/27/2025,3736,401430,Pregnancy Test - Milk,Not Tested,,110,39
11/27/2025,15898,401430,Pregnancy Test - Milk,Open,0.018,140,45
11/27/2025,14785,401430,Pregnancy Test - Milk,Pregnant,0.422,157,81
11/27/2025,18719,401430,Pregnancy Test - Milk,Pregnant,0.89,156,81
11/27/2025,15341,401430,Pregnancy Test - Milk,Open,0.002,227,53
11/27/2025,20442,401430,Pregnancy Test - Milk,Pregnant,0.294,206,75
11/27/2025,13986,401430,Pregnancy Test - Milk,Pregnant,0.443,168,41
11/27/2025,20313,401430,Pregnancy Test - Milk,Pregnant,0.284,205,40
11/27/2025,14250,401430,Pregnancy Test - Milk,Open,-0.014,157,81
11/27/2025,17673,401430,Pregnancy Test - Milk,Pregnant,1.035,162,39
11/27/2025,20270,401430,Pregnancy Test - Milk,Pregnant,1.059,185,39
11/27/2025,18911,401430,Pregnancy Test - Milk,Pregnant,0.641,115,39
11/27/2025,14372,401430,Pregnancy Test - Milk,Pregnant,0.619,165,43
11/27/2025,20487,401430,Pregnancy Test - Milk,Pregnant,1.159,113,39
11/27/2025,20695,401430,Pregnancy Test - Milk,Pregnant,1.414,173,43
11/27/2025,18333,401430,Pregnancy Test - Milk,Pregnant,0.427,200,76
11/27/2025,18327,401430,Pregnancy Test - Milk,Pregnant,0.825,140,42
11/27/2025,20745,401430,Pregnancy Test - Milk,Pregnant,0.351,175,81
11/27/2025,17941,401430,Pregnancy Test - Milk,Pregnant,0.851,157,81
11/27/2025,20185,401430,Pregnancy Test - Milk,Pregnant,0.623,210,77
11/27/2025,18441,401430,Pregnancy Test - Milk,Pregnant,1.046,160,39
11/27/2025,20377,401430,Pregnancy Test - Milk,Pregnant,0.595,157,81
11/27/2025,12992,401430,Pregnancy Test - Milk,Pregnant,0.643,256,76
11/27/2025,16559,401430,Pregnancy Test - Milk,Pregnant,0.328,157,81
11/27/2025,19119,401430,Pregnancy Test - Milk,Pregnant,0.345,115,39
11/27/2025,20212,401430,Pregnancy Test - Milk,Pregnant,0.769,151,81
11/27/2025,14883,401430,Pregnancy Test - Milk,Pregnant,0.345,156,81
11/27/2025,17342,401430,Pregnancy Test - Milk,Pregnant,0.579,267,76
11/27/2025,20012,401430,Pregnancy Test - Milk,Pregnant,1.02,208,39
11/27/2025,16083,401430,Pregnancy Test - Milk,Re-Check,0.155,175,102
11/27/2025,14259,401430,Pregnancy Test - Milk,Pregnant,0.371,163,88
11/27/2025,19925,401430,Pregnancy Test - Milk,Pregnant,0.938,268,78
11/27/2025,18970,401430,Pregnancy Test - Milk,Pregnant,1.355,113,39
11/27/2025,18695,401430,Pregnancy Test - Milk,Pregnant,0.845,173,44
11/27/2025,16525,401430,Pregnancy Test - Milk,Pregnant,0.887,164,88
11/27/2025,20759,401430,Pregnancy Test - Milk,Pregnant,0.328,155,81
11/27/2025,20713,401430,Pregnancy Test - Milk,Re-Check,0.22,172,55
11/27/2025,2355,401430,Pregnancy Test - Milk,Pregnant,0.416,223,85
11/27/2025,20599,401430,Pregnancy Test - Milk,Pregnant,0.473,200,81
11/27/2025,17724,401430,Pregnancy Test - Milk,Pregnant,0.699,252,79
11/27/2025,14738,401430,Pregnancy Test - Milk,Pregnant,0.639,159,43
11/27/2025,20198,401430,Pregnancy Test - Milk,Pregnant,0.916,163,40
11/27/2025,17828,401430,Pregnancy Test - Milk,Pregnant,1.377,195,46
11/27/2025,18001,401430,Pregnancy Test - Milk,Pregnant,0.381,226,79
11/27/2025,3803,401430,Pregnancy Test - Milk,Pregnant,0.379,152,81
11/27/2025,15952,401430,Pregnancy Test - Milk,Pregnant,0.788,159,42
11/27/2025,13677,401430,Pregnancy Test - Milk,Pregnant,0.374,250,75
11/27/2025,17555,401430,Pregnancy Test - Milk,Re-Check,0.186,232,86
11/27/2025,18874,401430,Pregnancy Test - Milk,Pregnant,0.795,111,41
11/27/2025,14118,401430,Pregnancy Test - Milk,Pregnant,0.512,154,81
11/27/2025,20416,401430,Pregnancy Test - Milk,Pregnant,0.574,150,75
11/27/2025,14742,401430,Pregnancy Test - Milk,Pregnant,0.727,156,81
11/27/2025,14461,401430,Pregnancy Test - Milk,Pregnant,0.29,152,81
11/27/2025,16216,401430,Pregnancy Test - Milk,Pregnant,0.367,163,43
11/27/2025,20877,401430,Pregnancy Test - Milk,Pregnant,1.4,114,39
11/27/2025,18135,401430,Pregnancy Test - Milk,Pregnant,1.693,154,81
11/27/2025,16390,401430,Pregnancy Test - Milk,Re-Check,0.197,166,75
11/27/2025,1559,401430,Pregnancy Test - Milk,Open,-0.034,113,39
11/27/2025,18157,401430,Pregnancy Test - Milk,Pregnant,0.752,216,45
11/27/2025,19015,401430,Pregnancy Test - Milk,Pregnant,0.601,157,81
11/27/2025,20106,401430,Pregnancy Test - Milk,Pregnant,0.416,255,76
11/27/2025,18647,401430,Pregnancy Test - Milk,Pregnant,0.964,157,81
11/27/2025,16869,401430,Pregnancy Test - Milk,Pregnant,1.028,115,39
11/27/2025,3480,401430,Pregnancy Test - Milk,Pregnant,0.411,212,87
11/27/2025,20129,401430,Pregnancy Test - Milk,Pregnant,0.761,154,81
11/28/2025,20680,401430,Pregnancy Test - Milk,Re-Check,0.233,174,78
11/28/2025,20814,401430,Pregnancy Test - Milk,Pregnant,0.965,109,36
11/28/2025,18718,401430,Pregnancy Test - Milk,Pregnant,1.168,118,38
11/28/2025,14282,401430,Pregnancy Test - Milk,Open,-0.017,107,36
11/28/2025,20149,401430,Pregnancy Test - Milk,Pregnant,1.601,255,36
11/28/2025,20933,401430,Pregnancy Test - Milk,Pregnant,0.427,132,35
11/28/2025,20160,401430,Pregnancy Test - Milk,Pregnant,0.836,223,81
11/28/2025,18479,401430,Pregnancy Test - Milk,Re-Check,0.162,116,43
11/28/2025,18270,401430,Pregnancy Test - Milk,Pregnant,0.319,190,80
11/28/2025,20201,401430,Pregnancy Test - Milk,Pregnant,1.292,197,79
11/28/2025,20508,401430,Pregnancy Test - Milk,Pregnant,0.398,228,87
11/28/2025,17870,401430,Pregnancy Test - Milk,Pregnant,0.61,276,78
11/28/2025,16423,401430,Pregnancy Test - Milk,Pregnant,0.253,160,85
11/28/2025,15703,401430,Pregnancy Test - Milk,Pregnant,0.336,153,78
11/28/2025,20645,401430,Pregnancy Test - Milk,Pregnant,0.259,163,92
11/28/2025,20194,401430,Pregnancy Test - Milk,Re-Check,0.138,226,79
11/28/2025,15670,401430,Pregnancy Test - Milk,Re-Check,0.218,149,78
11/28/2025,20580,401430,Pregnancy Test - Milk,Pregnant,0.482,149,78
11/28/2025,15981,401430,Pregnancy Test - Milk,Open,-0.018,107,36
11/28/2025,20989,401430,Pregnancy Test - Milk,Pregnant,0.764,106,36
11/28/2025,20685,401430,Pregnancy Test - Milk,Pregnant,0.635,148,78
11/28/2025,15152,401430,Pregnancy Test - Milk,Re-Check,0.154,368,78
11/28/2025,20976,401430,Pregnancy Test - Milk,Pregnant,0.613,106,36
11/28/2025,14174,401430,Pregnancy Test - Milk,Pregnant,0.405,150,78
11/28/2025,13793,401430,Pregnancy Test - Milk,Open,-0.036,108,36
11/28/2025,19940,401430,Pregnancy Test - Milk,Pregnant,1.041,211,82
11/28/2025,14846,401430,Pregnancy Test - Milk,Pregnant,0.523,112,36
11/28/2025,5308,401430,Pregnancy Test - Milk,Pregnant,0.789,250,36
11/28/2025,2393,401430,Pregnancy Test - Milk,Pregnant,1.284,132,36
11/28/2025,20019,401430,Pregnancy Test - Milk,Pregnant,0.399,150,78
11/28/2025,15605,401430,Pregnancy Test - Milk,Pregnant,0.348,148,78
11/28/2025,15598,401430,Pregnancy Test - Milk,Pregnant,0.471,328,81
11/28/2025,12546,401430,Pregnancy Test - Milk,Pregnant,1.417,137,41
11/28/2025,7824,401430,Pregnancy Test - Milk,Pregnant,1.04,110,36
11/28/2025,20543,401430,Pregnancy Test - Milk,Open,-0.028,151,39
11/28/2025,15516,401430,Pregnancy Test - Milk,Pregnant,1.135,305,79
11/28/2025,20613,401430,Pregnancy Test - Milk,Pregnant,0.395,150,78
11/28/2025,15302,401430,Pregnancy Test - Milk,Re-Check,0.247,294,79
11/28/2025,7752,401430,Pregnancy Test - Milk,Open,0.046,108,36
11/28/2025,20576,401430,Pregnancy Test - Milk,Pregnant,0.984,151,37
11/28/2025,1665,401430,Pregnancy Test - Milk,Re-Check,0.107,173,46
11/28/2025,15267,401430,Pregnancy Test - Milk,Pregnant,0.412,175,78
11/28/2025,15780,401430,Pregnancy Test - Milk,Re-Check,0.241,108,36
11/28/2025,20847,401430,Pregnancy Test - Milk,Pregnant,0.977,109,36
11/28/2025,20691,401430,Pregnancy Test - Milk,Pregnant,1.782,170,78
11/28/2025,20894,401430,Pregnancy Test - Milk,Open,-0.024,108,36
11/28/2025,15353,401430,Pregnancy Test - Milk,Re-Check,0.12,241,44
11/28/2025,18809,401430,Pregnancy Test - Milk,Pregnant,0.949,110,36
11/28/2025,19083,401430,Pregnancy Test - Milk,Pregnant,0.478,112,36
11/28/2025,20140,401430,Pregnancy Test - Milk,Pregnant,0.488,226,82
11/28/2025,20765,401430,Pregnancy Test - Milk,Pregnant,0.782,155,36
11/28/2025,16224,401430,Pregnancy Test - Milk,Re-Check,0.14,154,78
11/28/2025,13958,401430,Pregnancy Test - Milk,Open,-0.023,266,36
11/28/2025,20674,401430,Pregnancy Test - Milk,Pregnant,0.601,149,78
11/28/2025,14022,401430,Pregnancy Test - Milk,Re-Check,0.131,169,54
11/28/2025,19050,401430,Pregnancy Test - Milk,Pregnant,0.427,111,36
11/28/2025,15951,401430,Pregnancy Test - Milk,Pregnant,0.396,243,40
11/28/2025,19976,401430,Pregnancy Test - Milk,Open,-0.015,157,36
11/28/2025,16594,401430,Pregnancy Test - Milk,Re-Check,0.15,165,39
11/28/2025,20488,401430,Pregnancy Test - Milk,Open,-0.039,212,40
12/04/2025,16581,401430,Pregnancy Test - Milk,Pregnant,0.865,156,35
12/04/2025,13902,401430,Pregnancy Test - Milk,Re-Check,0.183,173,75
12/04/2025,17728,401430,Pregnancy Test - Milk,Pregnant,0.475,105,35
12/04/2025,17799,401430,Pregnancy Test - Milk,Re-Check,0.219,191,72
12/04/2025,16205,401430,Pregnancy Test - Milk,Pregnant,0.699,110,35
12/04/2025,20529,401430,Pregnancy Test - Milk,Pregnant,0.645,134,36
12/04/2025,18709,401430,Pregnancy Test - Milk,Pregnant,0.333,213,76
12/04/2025,18599,401430,Pregnancy Test - Milk,Re-Check,0.203,184,78
12/04/2025,20183,401430,Pregnancy Test - Milk,Pregnant,0.678,237,75
12/04/2025,9936,401430,Pregnancy Test - Milk,Pregnant,0.26,149,77
12/04/2025,14031,401430,Pregnancy Test - Milk,Pregnant,0.632,109,35
12/04/2025,2018,401430,Pregnancy Test - Milk,Pregnant,0.531,106,35
12/04/2025,17476,401430,Pregnancy Test - Milk,Pregnant,0.487,342,41
12/04/2025,18392,401430,Pregnancy Test - Milk,Pregnant,0.427,164,72
12/04/2025,10490,401430,Pregnancy Test - Milk,Pregnant,0.882,137,37
12/04/2025,15978,401430,Pregnancy Test - Milk,Pregnant,0.872,130,35
12/04/2025,2151,401430,Pregnancy Test - Milk,Pregnant,1.068,168,37
12/04/2025,16553,401430,Pregnancy Test - Milk,Pregnant,0.872,109,35
12/04/2025,14276,401430,Pregnancy Test - Milk,Pregnant,0.579,106,35
12/04/2025,20802,401430,Pregnancy Test - Milk,Pregnant,1.397,108,35
12/04/2025,21050,401430,Pregnancy Test - Milk,Pregnant,0.409,110,35
12/04/2025,20073,401430,Pregnancy Test - Milk,Re-Check,0.206,227,71
12/04/2025,14823,401430,Pregnancy Test - Milk,Pregnant,0.569,110,35
12/04/2025,15313,401430,Pregnancy Test - Milk,Pregnant,0.464,202,77
12/04/2025,3842,401430,Pregnancy Test - Milk,Pregnant,0.426,196,77
12/04/2025,10186,401430,Pregnancy Test - Milk,Pregnant,1.024,110,35
12/04/2025,18397,401430,Pregnancy Test - Milk,Pregnant,1,127,35
12/04/2025,17547,401430,Pregnancy Test - Milk,Open,0.047,110,35
12/04/2025,20221,401430,Pregnancy Test - Milk,Pregnant,0.808,155,40
12/04/2025,16651,401430,Pregnancy Test - Milk,Open,0.014,138,40
12/04/2025,20838,401430,Pregnancy Test - Milk,Pregnant,0.918,105,35
12/04/2025,18802,401430,Pregnancy Test - Milk,Re-Check,0.14,173,75
12/04/2025,18818,401430,Pregnancy Test - Milk,Pregnant,0.967,134,40
12/04/2025,17959,401430,Pregnancy Test - Milk,Pregnant,0.295,246,71
12/04/2025,16083,401430,Pregnancy Test - Milk,Pregnant,0.253,178,105
12/04/2025,18407,401430,Pregnancy Test - Milk,Pregnant,0.302,192,76
12/04/2025,12518,401430,Pregnancy Test - Milk,Pregnant,1.088,111,35
12/04/2025,15862,401430,Pregnancy Test - Milk,Pregnant,0.927,141,70
12/04/2025,11806,401430,Pregnancy Test - Milk,Pregnant,0.261,144,70
12/04/2025,13399,401430,Pregnancy Test - Milk,Open,0.048,209,76
12/04/2025,18442,401430,Pregnancy Test - Milk,Pregnant,0.562,181,39
12/04/2025,20315,401430,Pregnancy Test - Milk,Pregnant,0.453,182,71
12/04/2025,16532,401430,Pregnancy Test - Milk,Pregnant,0.774,108,35
12/04/2025,2267,401430,Pregnancy Test - Milk,Pregnant,0.741,182,46
12/04/2025,16013,401430,Pregnancy Test - Milk,Pregnant,0.52,150,77
12/04/2025,18714,401430,Pregnancy Test - Milk,Pregnant,0.84,140,41
12/04/2025,3115,401430,Pregnancy Test - Milk,Pregnant,0.405,153,77
12/04/2025,18089,401430,Pregnancy Test - Milk,Pregnant,0.696,204,72
12/04/2025,14966,401430,Pregnancy Test - Milk,Pregnant,1.085,111,35
12/04/2025,11723,401430,Pregnancy Test - Milk,Pregnant,0.261,140,71
12/04/2025,19052,401430,Pregnancy Test - Milk,Pregnant,0.359,152,77
12/04/2025,15681,401430,Pregnancy Test - Milk,Open,0.007,109,35
12/04/2025,20271,401430,Pregnancy Test - Milk,Pregnant,0.31,194,75
12/04/2025,18332,401430,Pregnancy Test - Milk,Pregnant,0.604,169,43
12/04/2025,16190,401430,Pregnancy Test - Milk,Pregnant,1.228,107,35
12/04/2025,16714,401430,Pregnancy Test - Milk,Pregnant,0.731,141,35
12/04/2025,20916,401430,Pregnancy Test - Milk,Pregnant,0.264,110,35
12/04/2025,20590,401430,Pregnancy Test - Milk,Pregnant,0.685,199,75
12/04/2025,16762,401430,Pregnancy Test - Milk,Pregnant,0.265,159,84
12/04/2025,15356,401430,Pregnancy Test - Milk,Open,-0.004,109,35
12/04/2025,16185,401430,Pregnancy Test - Milk,Pregnant,0.474,147,77
12/04/2025,20462,401430,Pregnancy Test - Milk,Pregnant,1.881,160,37
12/04/2025,12574,401430,Pregnancy Test - Milk,Pregnant,0.328,262,82
12/04/2025,14979,401430,Pregnancy Test - Milk,Pregnant,0.99,109,35
12/04/2025,14058,401430,Pregnancy Test - Milk,Pregnant,0.461,106,35
12/04/2025,18335,401430,Pregnancy Test - Milk,Pregnant,0.717,181,35
12/04/2025,19949,401430,Pregnancy Test - Milk,Pregnant,0.692,238,71
12/04/2025,20746,401430,Pregnancy Test - Milk,Pregnant,1.179,105,35
12/04/2025,20649,401430,Pregnancy Test - Milk,Pregnant,0.839,105,35
12/04/2025,20207,401430,Pregnancy Test - Milk,Pregnant,1.198,159,38
12/04/2025,1839,401430,Pregnancy Test - Milk,Pregnant,0.76,109,35
12/04/2025,16390,401430,Pregnancy Test - Milk,Pregnant,0.287,169,78
12/04/2025,20281,401430,Pregnancy Test - Milk,Pregnant,0.635,145,71
12/04/2025,18920,401430,Pregnancy Test - Milk,Pregnant,0.896,109,35
12/04/2025,12627,401430,Pregnancy Test - Milk,Pregnant,1.907,108,35
12/04/2025,13439,401430,Pregnancy Test - Milk,Re-Check,0.107,145,70
12/04/2025,13395,401430,Pregnancy Test - Milk,Pregnant,0.582,111,35
12/04/2025,20370,401430,Pregnancy Test - Milk,Pregnant,0.679,152,77
12/04/2025,825237,401430,Pregnancy Test - Milk,Open,0.002,208,77
12/04/2025,20749,401430,Pregnancy Test - Milk,Open,0.041,168,35
12/04/2025,8938,401430,Pregnancy Test - Milk,Re-Check,0.172,172,74
12/04/2025,16915,401430,Pregnancy Test - Milk,Pregnant,0.534,219,76
12/04/2025,17482,401430,Pregnancy Test - Milk,Pregnant,1.065,334,37
12/04/2025,5605,401430,Pregnancy Test - Milk,Pregnant,0.782,110,35
12/04/2025,13367,401430,Pregnancy Test - Milk,Pregnant,0.523,150,77
12/04/2025,17555,401430,Pregnancy Test - Milk,Re-Check,0.135,235,89
12/04/2025,8721,401430,Pregnancy Test - Milk,Pregnant,0.345,145,70
12/04/2025,12156,401430,Pregnancy Test - Milk,Pregnant,0.548,263,71
12/04/2025,5047,401430,Pregnancy Test - Milk,Pregnant,0.437,220,72
12/04/2025,10199,401430,Pregnancy Test - Milk,Pregnant,0.711,286,74
12/04/2025,14599,401430,Pregnancy Test - Milk,Pregnant,1.397,110,35
12/04/2025,20364,401430,Pregnancy Test - Milk,Pregnant,0.878,168,77
12/04/2025,20452,401430,Pregnancy Test - Milk,Pregnant,0.575,141,36
12/04/2025,20616,401430,Pregnancy Test - Milk,Pregnant,1.657,108,35
12/04/2025,18430,401430,Pregnancy Test - Milk,Pregnant,0.345,116,42
12/04/2025,17264,401430,Pregnancy Test - Milk,Pregnant,0.426,109,35
12/04/2025,18435,401430,Pregnancy Test - Milk,Pregnant,0.49,185,72
12/04/2025,19474,401430,Pregnancy Test - Milk,Pregnant,0.86,349,71
12/04/2025,18750,401430,Pregnancy Test - Milk,Pregnant,0.749,147,77
12/04/2025,19074,401430,Pregnancy Test - Milk,Pregnant,2.181,110,35
12/04/2025,18893,401430,Pregnancy Test - Milk,Pregnant,0.861,127,34
12/04/2025,20402,401430,Pregnancy Test - Milk,Pregnant,0.611,152,77
12/04/2025,17908,401430,Pregnancy Test - Milk,Pregnant,0.892,107,35
12/04/2025,18476,401430,Pregnancy Test - Milk,Pregnant,0.637,107,36
12/04/2025,18437,401430,Pregnancy Test - Milk,Pregnant,0.555,107,35
12/04/2025,14077,401430,Pregnancy Test - Milk,Pregnant,1.1,111,35
12/04/2025,15568,401430,Pregnancy Test - Milk,Re-Check,0.167,139,40
12/04/2025,18152,401430,Pregnancy Test - Milk,Pregnant,0.76,192,71
12/04/2025,1583,401430,Pregnancy Test - Milk,Pregnant,0.434,150,77
12/04/2025,20725,401430,Pregnancy Test - Milk,Pregnant,0.25,111,35
12/04/2025,18949,401430,Pregnancy Test - Milk,Re-Check,0.19,162,71
12/04/2025,3736,401430,Pregnancy Test - Milk,Pregnant,0.278,113,42
12/04/2025,11755,401430,Pregnancy Test - Milk,Pregnant,0.523,219,35
12/04/2025,16935,401430,Pregnancy Test - Milk,Pregnant,1.633,109,35
12/04/2025,20554,401430,Pregnancy Test - Milk,Pregnant,0.545,106,35
12/04/2025,20906,401430,Pregnancy Test - Milk,Pregnant,1.315,108,35
12/04/2025,15649,401430,Pregnancy Test - Milk,Re-Check,0.243,150,77
12/04/2025,14514,401430,Pregnancy Test - Milk,Pregnant,0.452,198,77
12/04/2025,20312,401430,Pregnancy Test - Milk,Pregnant,0.551,204,71
12/04/2025,13596,401430,Pregnancy Test - Milk,Re-Check,0.169,149,77
12/04/2025,14575,401430,Pregnancy Test - Milk,Pregnant,0.467,220,75
12/04/2025,16034,401430,Pregnancy Test - Milk,Pregnant,0.496,149,77
12/04/2025,16896,401430,Pregnancy Test - Milk,Pregnant,0.963,127,35
12/04/2025,9289,401430,Pregnancy Test - Milk,Pregnant,0.808,109,35
12/04/2025,9708,401430,Pregnancy Test - Milk,Pregnant,1.027,110,35
12/04/2025,20662,401430,Pregnancy Test - Milk,Pregnant,0.5,151,77
12/04/2025,20819,401430,Pregnancy Test - Milk,Pregnant,0.443,115,42
12/04/2025,15813,401430,Pregnancy Test - Milk,Pregnant,0.764,107,35
12/04/2025,15382,401430,Pregnancy Test - Milk,Pregnant,0.311,181,36
12/04/2025,17410,401430,Pregnancy Test - Milk,Pregnant,0.608,332,38
12/04/2025,18775,401430,Pregnancy Test - Milk,Pregnant,0.553,173,77
12/04/2025,19003,401430,Pregnancy Test - Milk,Pregnant,0.251,165,71
12/04/2025,18170,401430,Pregnancy Test - Milk,Re-Check,0.226,154,80
12/04/2025,20130,401430,Pregnancy Test - Milk,Pregnant,1.038,203,40
12/04/2025,2432,401430,Pregnancy Test - Milk,Pregnant,0.699,148,77
12/04/2025,20777,401430,Pregnancy Test - Milk,Pregnant,0.605,172,77
12/04/2025,15461,401430,Pregnancy Test - Milk,Pregnant,0.768,106,35
12/04/2025,16348,401430,Pregnancy Test - Milk,Open,0.092,105,35
12/04/2025,3864,401430,Pregnancy Test - Milk,Open,0.098,215,42
12/04/2025,12355,401430,Pregnancy Test - Milk,Pregnant,0.356,166,91
12/04/2025,9829,401430,Pregnancy Test - Milk,Re-Check,0.143,212,84
12/04/2025,14187,401430,Pregnancy Test - Milk,Re-Check,0.121,105,35
12/04/2025,20447,401430,Pregnancy Test - Milk,Open,0.031,172,78
12/04/2025,20192,401430,Pregnancy Test - Milk,Open,0,135,41
12/04/2025,18667,401430,Pregnancy Test - Milk,Pregnant,1.44,107,35
12/04/2025,17966,401430,Pregnancy Test - Milk,Pregnant,0.712,196,74
12/04/2025,16577,401430,Pregnancy Test - Milk,Pregnant,0.679,109,35
12/04/2025,16487,401430,Pregnancy Test - Milk,Pregnant,0.36,147,77
12/04/2025,13915,401430,Pregnancy Test - Milk,Open,0.008,148,37
12/04/2025,20456,401430,Pregnancy Test - Milk,Pregnant,1.315,108,35
12/04/2025,14239,401430,Pregnancy Test - Milk,Re-Check,0.109,148,77
12/04/2025,17707,401430,Pregnancy Test - Milk,Pregnant,0.746,245,74
12/04/2025,3345,401430,Pregnancy Test - Milk,Pregnant,0.379,139,39
12/04/2025,18259,401430,Pregnancy Test - Milk,Pregnant,0.728,143,70
12/04/2025,13064,401430,Pregnancy Test - Milk,Pregnant,0.599,134,39
12/04/2025,18675,401430,Pregnancy Test - Milk,Pregnant,0.838,137,41
12/04/2025,197958,401430,Pregnancy Test - Milk,Pregnant,0.529,208,77
12/04/2025,20595,401430,Pregnancy Test - Milk,Pregnant,0.708,193,36
12/04/2025,7659,401430,Pregnancy Test - Milk,Pregnant,1.014,314,41
12/04/2025,19919,401430,Pregnancy Test - Milk,Pregnant,0.799,205,77
12/04/2025,1659,401430,Pregnancy Test - Milk,Pregnant,0.848,109,35
12/04/2025,17719,401430,Pregnancy Test - Milk,Pregnant,0.545,232,37
12/04/2025,14947,401430,Pregnancy Test - Milk,Open,0.032,136,40
12/04/2025,13368,401430,Pregnancy Test - Milk,Re-Check,0.197,288,39
12/04/2025,1831,401430,Pregnancy Test - Milk,Pregnant,0.757,183,39
12/04/2025,813703,401430,Pregnancy Test - Milk,Pregnant,0.336,208,73
12/04/2025,18454,401430,Pregnancy Test - Milk,Pregnant,0.654,189,36
12/04/2025,17612,401430,Pregnancy Test - Milk,Pregnant,1.278,241,38
12/04/2025,18994,401430,Pregnancy Test - Milk,Pregnant,0.395,108,35
12/04/2025,17923,401430,Pregnancy Test - Milk,Pregnant,0.623,190,75
12/04/2025,17080,401430,Pregnancy Test - Milk,Pregnant,0.508,257,77
12/04/2025,18858,401430,Pregnancy Test - Milk,Pregnant,0.339,165,91
12/04/2025,15839,401430,Pregnancy Test - Milk,Pregnant,0.595,212,72
12/04/2025,13861,401430,Pregnancy Test - Milk,Pregnant,0.809,168,76
12/04/2025,20274,401430,Pregnancy Test - Milk,Pregnant,0.684,192,76
12/04/2025,16856,401430,Pregnancy Test - Milk,Pregnant,0.358,143,70
12/04/2025,15378,401430,Pregnancy Test - Milk,Pregnant,1.503,299,36
12/04/2025,18221,401430,Pregnancy Test - Milk,Open,0.071,111,35
12/04/2025,7649,401430,Pregnancy Test - Milk,Open,0.012,232,86
12/04/2025,19709,401430,Pregnancy Test - Milk,Pregnant,0.778,317,45
12/04/2025,20713,401430,Pregnancy Test - Milk,Pregnant,0.345,175,58
12/04/2025,18619,401430,Pregnancy Test - Milk,Pregnant,0.367,148,77
12/04/2025,17502,401430,Pregnancy Test - Milk,Pregnant,1.326,198,40
12/04/2025,15823,401430,Pregnancy Test - Milk,Pregnant,0.267,216,73
12/04/2025,16067,401430,Pregnancy Test - Milk,Pregnant,0.265,145,47
12/04/2025,16416,401430,Pregnancy Test - Milk,Pregnant,0.297,140,40
12/04/2025,14061,401430,Pregnancy Test - Milk,Pregnant,0.46,142,70
12/04/2025,16315,401430,Pregnancy Test - Milk,Pregnant,0.532,193,71
12/04/2025,20498,401430,Pregnancy Test - Milk,Pregnant,1.542,150,39
12/04/2025,20187,401430,Pregnancy Test - Milk,Pregnant,0.507,207,84
12/04/2025,813161,401430,Pregnancy Test - Milk,Pregnant,0.845,204,77
12/04/2025,20889,401430,Pregnancy Test - Milk,Pregnant,0.803,152,77
12/04/2025,17357,401430,Pregnancy Test - Milk,Pregnant,1.303,286,42
12/04/2025,19792,401430,Pregnancy Test - Milk,Pregnant,1.109,298,77
12/04/2025,1134,401430,Pregnancy Test - Milk,Open,0.019,137,36
12/04/2025,17387,401430,Pregnancy Test - Milk,Pregnant,0.839,183,36
12/04/2025,18293,401430,Pregnancy Test - Milk,Pregnant,0.421,132,37
12/04/2025,18854,401430,Pregnancy Test - Milk,Pregnant,1.83,169,75
12/04/2025,16894,401430,Pregnancy Test - Milk,Pregnant,1.353,109,35
12/04/2025,18645,401430,Pregnancy Test - Milk,Pregnant,1.459,111,35
12/04/2025,10461,401430,Pregnancy Test - Milk,Pregnant,0.592,107,35
12/04/2025,14470,401430,Pregnancy Test - Milk,Pregnant,0.513,113,42
12/04/2025,14087,401430,Pregnancy Test - Milk,Pregnant,1.461,107,35
12/04/2025,19880,401430,Pregnancy Test - Milk,Pregnant,0.801,265,75
12/04/2025,16062,401430,Pregnancy Test - Milk,Pregnant,0.967,106,35
12/04/2025,53341,401430,Pregnancy Test - Milk,Pregnant,0.536,205,70
12/04/2025,17919,401430,Pregnancy Test - Milk,Pregnant,1.253,193,35
12/04/2025,12441,401430,Pregnancy Test - Milk,Pregnant,0.628,163,71
12/04/2025,12352,401430,Pregnancy Test - Milk,Pregnant,0.687,105,35
12/04/2025,18770,401430,Pregnancy Test - Milk,Pregnant,0.502,171,39
12/04/2025,12621,401430,Pregnancy Test - Milk,Pregnant,0.294,157,90
12/04/2025,15576,401430,Pregnancy Test - Milk,Pregnant,0.85,217,36
12/04/2025,20852,401430,Pregnancy Test - Milk,Open,0.005,111,35
12/04/2025,20565,401430,Pregnancy Test - Milk,Pregnant,0.674,127,35
12/04/2025,2346,401430,Pregnancy Test - Milk,Pregnant,0.569,251,48
12/04/2025,16263,401430,Pregnancy Test - Milk,Pregnant,0.598,147,77
12/04/2025,17819,401430,Pregnancy Test - Milk,Pregnant,0.808,167,38
12/04/2025,19110,401430,Pregnancy Test - Milk,Pregnant,0.266,168,76
12/04/2025,17880,401430,Pregnancy Test - Milk,Pregnant,1.151,148,77
12/04/2025,19983,401430,Pregnancy Test - Milk,Pregnant,0.557,279,74
12/04/2025,15814,401430,Pregnancy Test - Milk,Pregnant,0.808,206,35
12/04/2025,20114,401430,Pregnancy Test - Milk,Pregnant,0.408,175,72
12/04/2025,18554,401430,Pregnancy Test - Milk,Pregnant,1.411,107,35
12/04/2025,17877,401430,Pregnancy Test - Milk,Pregnant,1.014,137,40
12/04/2025,18866,401430,Pregnancy Test - Milk,Pregnant,0.433,148,77
12/04/2025,15961,401430,Pregnancy Test - Milk,Re-Check,0.235,151,77
12/04/2025,14936,401430,Pregnancy Test - Milk,Pregnant,0.461,174,76
12/05/2025,20635,401430,Pregnancy Test - Milk,Open,0.038,108,36
12/05/2025,14693,401430,Pregnancy Test - Milk,Pregnant,0.605,111,36
12/05/2025,20704,401430,Pregnancy Test - Milk,Pregnant,0.494,171,80
12/05/2025,14022,401430,Pregnancy Test - Milk,Re-Check,0.237,176,61
12/05/2025,20735,401430,Pregnancy Test - Milk,Re-Check,0.22,170,80
12/05/2025,20218,401430,Pregnancy Test - Milk,Pregnant,0.329,171,78
12/05/2025,20389,401430,Pregnancy Test - Milk,Pregnant,0.475,182,84
12/05/2025,15302,401430,Pregnancy Test - Milk,Pregnant,0.453,301,86
12/05/2025,19130,401430,Pregnancy Test - Milk,Pregnant,0.492,137,41
12/05/2025,16224,401430,Pregnancy Test - Milk,Re-Check,0.246,161,85
12/05/2025,18529,401430,Pregnancy Test - Milk,Pregnant,0.494,182,84
12/05/2025,12540,401430,Pregnancy Test - Milk,Pregnant,0.442,209,40
12/05/2025,20021,401430,Pregnancy Test - Milk,Pregnant,0.59,189,41
12/05/2025,13956,401430,Pregnancy Test - Milk,Open,0.021,107,36
12/05/2025,20490,401430,Pregnancy Test - Milk,Open,0.028,181,40
12/05/2025,14313,401430,Pregnancy Test - Milk,Pregnant,1.174,133,38
12/05/2025,7745,401430,Pregnancy Test - Milk,Pregnant,0.995,107,36
12/05/2025,15282,401430,Pregnancy Test - Milk,Pregnant,2.57,277,38
12/05/2025,16478,401430,Pregnancy Test - Milk,Pregnant,1.398,156,39
12/05/2025,15320,401430,Pregnancy Test - Milk,Re-Check,0.205,297,78
12/05/2025,14068,401430,Pregnancy Test - Milk,Pregnant,0.697,184,78
12/05/2025,20732,401430,Pregnancy Test - Milk,Pregnant,0.459,127,35
12/05/2025,15152,401430,Pregnancy Test - Milk,Pregnant,0.353,375,85
12/05/2025,17019,401430,Pregnancy Test - Milk,Pregnant,1.662,295,82
12/05/2025,18519,401430,Pregnancy Test - Milk,Pregnant,0.279,150,78
12/05/2025,20388,401430,Pregnancy Test - Milk,Pregnant,0.845,179,38
12/05/2025,16594,401430,Pregnancy Test - Milk,Re-Check,0.178,172,46
12/05/2025,20626,401430,Pregnancy Test - Milk,Pregnant,0.269,152,78
12/05/2025,18479,401430,Pregnancy Test - Milk,Re-Check,0.235,123,50
12/05/2025,15780,401430,Pregnancy Test - Milk,Pregnant,0.333,115,43
12/05/2025,13666,401430,Pregnancy Test - Milk,Pregnant,0.527,153,78
12/05/2025,13804,401430,Pregnancy Test - Milk,Pregnant,0.543,110,36
12/05/2025,1653,401430,Pregnancy Test - Milk,Pregnant,0.656,175,41
12/05/2025,20125,401430,Pregnancy Test - Milk,Open,-0.007,152,78
12/05/2025,11693,401430,Pregnancy Test - Milk,Pregnant,0.474,109,36
12/05/2025,14339,401430,Pregnancy Test - Milk,Open,0.003,106,36
12/05/2025,1449,401430,Pregnancy Test - Milk,Pregnant,0.823,182,39
12/05/2025,20338,401430,Pregnancy Test - Milk,Pregnant,0.424,133,38
12/05/2025,20415,401430,Pregnancy Test - Milk,Pregnant,0.658,150,78
12/05/2025,18114,401430,Pregnancy Test - Milk,Pregnant,0.323,261,81
12/05/2025,20374,401430,Pregnancy Test - Milk,Pregnant,0.792,158,36
12/05/2025,1594,401430,Pregnancy Test - Milk,Pregnant,1.334,254,83
12/05/2025,1577,401430,Pregnancy Test - Milk,Open,0.003,112,36
12/05/2025,20194,401430,Pregnancy Test - Milk,Pregnant,0.252,233,86
12/05/2025,20648,401430,Pregnancy Test - Milk,Pregnant,0.557,200,83
12/05/2025,12795,401430,Pregnancy Test - Milk,Re-Check,0.115,148,78
12/05/2025,20939,401430,Pregnancy Test - Milk,Pregnant,0.701,109,36
12/05/2025,20567,401430,Pregnancy Test - Milk,Pregnant,0.96,109,36
12/05/2025,1665,401430,Pregnancy Test - Milk,Re-Check,0.175,180,53
12/05/2025,14996,401430,Pregnancy Test - Milk,Pregnant,0.724,249,35
12/05/2025,15510,401430,Pregnancy Test - Milk,Open,-0.009,157,37
12/05/2025,20449,401430,Pregnancy Test - Milk,Open,-0.014,156,40
12/05/2025,20548,401430,Pregnancy Test - Milk,Pregnant,0.411,201,84
12/05/2025,1667,401430,Pregnancy Test - Milk,Pregnant,0.336,109,36
12/05/2025,15503,401430,Pregnancy Test - Milk,Pregnant,0.736,197,39
12/05/2025,1623,401430,Pregnancy Test - Milk,Pregnant,0.407,207,41
12/05/2025,20553,401430,Pregnancy Test - Milk,Open,-0.004,164,43
12/05/2025,20990,401430,Pregnancy Test - Milk,Pregnant,0.712,133,38
12/05/2025,15353,401430,Pregnancy Test - Milk,Pregnant,0.353,248,51
12/05/2025,15612,401430,Pregnancy Test - Milk,Pregnant,0.348,294,78
12/05/2025,20680,401430,Pregnancy Test - Milk,Pregnant,0.544,181,85
12/05/2025,15208,401430,Pregnancy Test - Milk,Open,0.006,286,39
12/05/2025,16254,401430,Pregnancy Test - Milk,Pregnant,0.587,109,37
12/05/2025,15661,401430,Pregnancy Test - Milk,Pregnant,0.397,259,36
12/05/2025,15311,401430,Pregnancy Test - Milk,Pregnant,0.846,227,35
12/05/2025,16288,401430,Pregnancy Test - Milk,Open,-0.004,142,38
12/05/2025,20401,401430,Pregnancy Test - Milk,Pregnant,0.555,152,78
12/05/2025,15890,401430,Pregnancy Test - Milk,Pregnant,0.62,199,81
12/11/2025,16685,401430,Pregnancy Test - Milk,Pregnant,1.772,161,37
12/11/2025,16351,401430,Pregnancy Test - Milk,Pregnant,0.666,230,72
12/11/2025,30015,401430,Pregnancy Test - Milk,Pregnant,0.762,111,35
12/11/2025,20298,401430,Pregnancy Test - Milk,Pregnant,0.453,229,71
12/11/2025,18599,401430,Pregnancy Test - Milk,Re-Check,0.219,191,85
12/11/2025,16666,401430,Pregnancy Test - Milk,Open,0.092,143,70
12/11/2025,15834,401430,Pregnancy Test - Milk,Pregnant,0.343,215,76
12/11/2025,20534,401430,Pregnancy Test - Milk,Pregnant,0.594,151,77
12/11/2025,20926,401430,Pregnancy Test - Milk,Open,-0.003,105,35
12/11/2025,5797,401430,Pregnancy Test - Milk,Pregnant,2.383,133,37
12/11/2025,20345,401430,Pregnancy Test - Milk,Pregnant,0.906,189,40
12/11/2025,20789,401430,Pregnancy Test - Milk,Pregnant,1.153,173,76
12/11/2025,13336,401430,Pregnancy Test - Milk,Pregnant,1.224,240,36
12/11/2025,18755,401430,Pregnancy Test - Milk,Pregnant,1.49,157,35
12/11/2025,14253,401430,Pregnancy Test - Milk,Pregnant,0.316,177,71
12/11/2025,15694,401430,Pregnancy Test - Milk,Open,-0.012,110,35
12/11/2025,14264,401430,Pregnancy Test - Milk,Pregnant,0.541,148,77
12/11/2025,20066,401430,Pregnancy Test - Milk,Pregnant,0.776,220,77
12/11/2025,20724,401430,Pregnancy Test - Milk,Pregnant,1.35,108,37
12/11/2025,14964,401430,Pregnancy Test - Milk,Pregnant,0.303,180,37
12/11/2025,18195,401430,Pregnancy Test - Milk,Open,-0.007,107,35
12/11/2025,20587,401430,Pregnancy Test - Milk,Open,0.08,216,39
12/11/2025,17767,401430,Pregnancy Test - Milk,Pregnant,1.258,231,38
12/11/2025,7763,401430,Pregnancy Test - Milk,Open,0.004,109,35
12/11/2025,16106,401430,Pregnancy Test - Milk,Re-Check,0.117,216,39
12/11/2025,11341,401430,Pregnancy Test - Milk,Open,-0.007,278,37
12/11/2025,12449,401430,Pregnancy Test - Milk,Pregnant,0.621,134,39
12/11/2025,3604,401430,Pregnancy Test - Milk,Pregnant,0.388,150,39
12/11/2025,14238,401430,Pregnancy Test - Milk,Pregnant,0.307,143,70
12/11/2025,18067,401430,Pregnancy Test - Milk,Pregnant,1.618,239,35
12/11/2025,18723,401430,Pregnancy Test - Milk,Re-Check,0.197,148,77
12/11/2025,13239,401430,Pregnancy Test - Milk,Pregnant,0.29,147,77
12/11/2025,13401,401430,Pregnancy Test - Milk,Pregnant,0.408,151,77
12/11/2025,18802,401430,Pregnancy Test - Milk,Pregnant,0.466,180,82
12/11/2025,17318,401430,Pregnancy Test - Milk,Open,0.024,135,0
12/11/2025,9829,401430,Pregnancy Test - Milk,Open,0.042,219,91
12/11/2025,16212,401430,Pregnancy Test - Milk,Open,-0.007,137,38
12/11/2025,14483,401430,Pregnancy Test - Milk,Pregnant,0.352,161,38
12/11/2025,1063,401430,Pregnancy Test - Milk,Pregnant,0.393,281,36
12/11/2025,20633,401430,Pregnancy Test - Milk,Pregnant,0.521,192,73
12/11/2025,19878,401430,Pregnancy Test - Milk,Open,0.069,287,74
12/11/2025,20387,401430,Pregnancy Test - Milk,Pregnant,0.935,210,36
12/11/2025,14205,401430,Pregnancy Test - Milk,Pregnant,0.339,148,77
12/11/2025,20968,401430,Pregnancy Test - Milk,Open,0.001,107,35
12/11/2025,17736,401430,Pregnancy Test - Milk,Pregnant,1.428,189,77
12/11/2025,3612,401430,Pregnancy Test - Milk,Pregnant,0.258,135,41
12/11/2025,20227,401430,Pregnancy Test - Milk,Pregnant,1.169,152,39
12/11/2025,12313,401430,Pregnancy Test - Milk,Pregnant,0.379,106,35
12/11/2025,3800,401430,Pregnancy Test - Milk,Pregnant,0.572,252,71
12/11/2025,20744,401430,Pregnancy Test - Milk,Open,0.014,138,39
12/11/2025,16928,401430,Pregnancy Test - Milk,Pregnant,0.732,108,35
12/11/2025,14279,401430,Pregnancy Test - Milk,Pregnant,1.16,111,35
12/11/2025,3877,401430,Pregnancy Test - Milk,Pregnant,0.593,241,37
12/11/2025,15944,401430,Pregnancy Test - Milk,Pregnant,0.4,170,72
12/11/2025,17667,401430,Pregnancy Test - Milk,Pregnant,0.704,193,71
12/11/2025,16844,401430,Pregnancy Test - Milk,Pregnant,1.309,145,37
12/11/2025,19449,401430,Pregnancy Test - Milk,Pregnant,1.017,251,75
12/11/2025,20964,401430,Pregnancy Test - Milk,Open,-0.002,111,35
12/11/2025,16610,401430,Pregnancy Test - Milk,Pregnant,0.761,131,36
12/11/2025,18806,401430,Pregnancy Test - Milk,Pregnant,0.46,151,77
12/11/2025,14305,401430,Pregnancy Test - Milk,Pregnant,1.35,109,35
12/11/2025,2938,401430,Pregnancy Test - Milk,Pregnant,0.572,110,35
12/11/2025,18640,401430,Pregnancy Test - Milk,Pregnant,1.408,154,35
12/11/2025,20043,401430,Pregnancy Test - Milk,Pregnant,1.765,290,35
12/11/2025,10351,401430,Pregnancy Test - Milk,Pregnant,0.893,141,70
12/11/2025,10451,401430,Pregnancy Test - Milk,Pregnant,0.84,106,36
12/11/2025,16593,401430,Pregnancy Test - Milk,Pregnant,0.771,150,34
12/11/2025,12752,401430,Pregnancy Test - Milk,Re-Check,0.243,141,72
12/11/2025,20459,401430,Pregnancy Test - Milk,Pregnant,0.88,210,75
12/11/2025,20073,401430,Pregnancy Test - Milk,Pregnant,0.322,234,78
12/11/2025,20031,401430,Pregnancy Test - Milk,Pregnant,0.714,279,35
12/11/2025,20607,401430,Pregnancy Test - Milk,Pregnant,1.205,110,35
12/11/2025,18611,401430,Pregnancy Test - Milk,Pregnant,0.988,137,41
12/11/2025,20934,401430,Pregnancy Test - Milk,Pregnant,1.551,105,35
12/11/2025,16025,401430,Pregnancy Test - Milk,Pregnant,0.524,209,74
12/11/2025,15618,401430,Pregnancy Test - Milk,Pregnant,0.737,236,71
12/11/2025,15886,401430,Pregnancy Test - Milk,Re-Check,0.168,149,77
12/11/2025,17951,401430,Pregnancy Test - Milk,Pregnant,0.431,139,38
12/11/2025,20763,401430,Pregnancy Test - Milk,Pregnant,1.354,108,36
12/11/2025,16549,401430,Pregnancy Test - Milk,Pregnant,1.173,108,35
12/11/2025,20773,401430,Pregnancy Test - Milk,Pregnant,1.454,107,35
12/11/2025,14460,401430,Pregnancy Test - Milk,Pregnant,0.82,107,35
12/11/2025,911,401430,Pregnancy Test - Milk,Open,0.032,158,35
12/11/2025,18170,401430,Pregnancy Test - Milk,Pregnant,0.288,161,87
12/11/2025,20545,401430,Pregnancy Test - Milk,Pregnant,0.696,195,72
12/11/2025,15733,401430,Pregnancy Test - Milk,Pregnant,0.566,111,35
12/11/2025,18764,401430,Pregnancy Test - Milk,Pregnant,0.33,149,77
12/11/2025,15452,401430,Pregnancy Test - Milk,Re-Check,0.148,282,48
12/11/2025,18535,401430,Pregnancy Test - Milk,Pregnant,0.524,181,74
12/11/2025,18460,401430,Pregnancy Test - Milk,Pregnant,0.418,179,72
12/11/2025,824990,401430,Pregnancy Test - Milk,Pregnant,0.551,216,38
12/11/2025,14143,401430,Pregnancy Test - Milk,Pregnant,0.943,164,39
12/11/2025,12816,401430,Pregnancy Test - Milk,Pregnant,0.841,157,38
12/11/2025,9636,401430,Pregnancy Test - Milk,Pregnant,0.38,195,70
12/11/2025,14443,401430,Pregnancy Test - Milk,Open,-0.013,106,35
12/11/2025,15961,401430,Pregnancy Test - Milk,Re-Check,0.243,158,84
12/11/2025,16151,401430,Pregnancy Test - Milk,Pregnant,0.646,150,37
12/11/2025,20453,401430,Pregnancy Test - Milk,Pregnant,1.084,127,36
12/11/2025,20294,401430,Pregnancy Test - Milk,Pregnant,0.573,142,71
12/11/2025,30009,401430,Pregnancy Test - Milk,Pregnant,1.048,105,35
12/11/2025,20692,401430,Pregnancy Test - Milk,Pregnant,0.3,161,72
12/11/2025,11618,401430,Pregnancy Test - Milk,Pregnant,0.374,108,35
12/11/2025,17679,401430,Pregnancy Test - Milk,Pregnant,0.566,295,70
12/11/2025,20496,401430,Pregnancy Test - Milk,Pregnant,0.352,194,72
12/11/2025,8960,401430,Pregnancy Test - Milk,Pregnant,1.043,236,37
12/11/2025,9085,401430,Pregnancy Test - Milk,Pregnant,0.638,107,35
12/11/2025,5148,401430,Pregnancy Test - Milk,Pregnant,0.405,171,75
12/11/2025,14173,401430,Pregnancy Test - Milk,Pregnant,0.333,174,75
12/11/2025,13667,401430,Pregnancy Test - Milk,Pregnant,0.866,212,38
12/11/2025,19987,401430,Pregnancy Test - Milk,Open,0.017,263,35
12/11/2025,20161,401430,Pregnancy Test - Milk,Pregnant,0.611,153,77
12/11/2025,18602,401430,Pregnancy Test - Milk,Pregnant,1.347,105,36
12/11/2025,20546,401430,Pregnancy Test - Milk,Pregnant,1.486,107,35
12/11/2025,17903,401430,Pregnancy Test - Milk,Pregnant,1.106,173,37
12/11/2025,12706,401430,Pregnancy Test - Milk,Pregnant,0.376,143,70
12/11/2025,17844,401430,Pregnancy Test - Milk,Pregnant,0.998,191,74
12/11/2025,7706,401430,Pregnancy Test - Milk,Pregnant,0.304,144,70
12/11/2025,5174,401430,Pregnancy Test - Milk,Pregnant,0.268,109,35
12/11/2025,12909,401430,Pregnancy Test - Milk,Pregnant,1.201,257,70
12/11/2025,3151,401430,Pregnancy Test - Milk,Pregnant,0.486,303,71
12/11/2025,18432,401430,Pregnancy Test - Milk,Pregnant,1.079,128,36
12/11/2025,184168,401430,Pregnancy Test - Milk,Pregnant,1.739,220,77
12/11/2025,18756,401430,Pregnancy Test - Milk,Pregnant,0.467,147,77
12/11/2025,20714,401430,Pregnancy Test - Milk,Pregnant,0.351,172,77
12/11/2025,17843,401430,Pregnancy Test - Milk,Pregnant,0.649,159,37
12/11/2025,16368,401430,Pregnancy Test - Milk,Pregnant,0.806,109,35
12/11/2025,18370,401430,Pregnancy Test - Milk,Pregnant,1.347,153,77
12/11/2025,18505,401430,Pregnancy Test - Milk,Pregnant,1.094,108,35
12/11/2025,15239,401430,Pregnancy Test - Milk,Pregnant,0.706,150,77
12/11/2025,14548,401430,Pregnancy Test - Milk,Pregnant,0.465,150,77
12/11/2025,21079,401430,Pregnancy Test - Milk,Pregnant,0.589,149,77
12/11/2025,15989,401430,Pregnancy Test - Milk,Open,-0.008,165,35
12/11/2025,20489,401430,Pregnancy Test - Milk,Pregnant,0.481,182,73
12/11/2025,13439,401430,Pregnancy Test - Milk,Pregnant,0.704,152,77
12/11/2025,13729,401430,Pregnancy Test - Milk,Pregnant,1.126,198,40
12/11/2025,12068,401430,Pregnancy Test - Milk,Pregnant,0.437,342,73
12/11/2025,51695,401430,Pregnancy Test - Milk,Open,0.068,226,35
12/11/2025,19059,401430,Pregnancy Test - Milk,Pregnant,0.479,133,40
12/11/2025,20285,401430,Pregnancy Test - Milk,Pregnant,1.855,152,77
12/11/2025,12599,401430,Pregnancy Test - Milk,Pregnant,0.318,151,77
12/11/2025,3483,401430,Pregnancy Test - Milk,Pregnant,0.767,259,74
12/11/2025,17461,401430,Pregnancy Test - Milk,Pregnant,1.244,325,35
12/11/2025,16721,401430,Pregnancy Test - Milk,Pregnant,0.572,149,77
12/11/2025,20280,401430,Pregnancy Test - Milk,Pregnant,0.65,193,74
12/11/2025,18668,401430,Pregnancy Test - Milk,Open,-0.005,109,35
12/11/2025,18861,401430,Pregnancy Test - Milk,Pregnant,1.381,105,35
12/11/2025,15649,401430,Pregnancy Test - Milk,Pregnant,0.465,157,84
12/11/2025,20671,401430,Pregnancy Test - Milk,Pregnant,1.303,107,35
12/11/2025,18546,401430,Pregnancy Test - Milk,Pregnant,0.465,163,40
12/11/2025,20101,401430,Pregnancy Test - Milk,Pregnant,0.97,217,41
12/11/2025,17589,401430,Pregnancy Test - Milk,Pregnant,0.822,329,70
12/11/2025,11813,401430,Pregnancy Test - Milk,Re-Check,0.181,195,73
12/11/2025,13692,401430,Pregnancy Test - Milk,Open,0.084,178,40
12/11/2025,13628,401430,Pregnancy Test - Milk,Open,-0.011,150,37
12/11/2025,17555,401430,Pregnancy Test - Milk,Pregnant,0.405,242,96
12/11/2025,16393,401430,Pregnancy Test - Milk,Pregnant,1.062,126,35
12/11/2025,16670,401430,Pregnancy Test - Milk,Pregnant,0.601,140,37
12/11/2025,8938,401430,Pregnancy Test - Milk,Pregnant,0.28,179,81
12/11/2025,9798,401430,Pregnancy Test - Milk,Open,-0.001,105,35
12/11/2025,13924,401430,Pregnancy Test - Milk,Pregnant,0.559,105,35
12/11/2025,13705,401430,Pregnancy Test - Milk,Pregnant,0.373,144,70
12/11/2025,19853,401430,Pregnancy Test - Milk,Pregnant,0.884,313,73
12/11/2025,14667,401430,Pregnancy Test - Milk,Pregnant,0.412,198,36
12/11/2025,17901,401430,Pregnancy Test - Milk,Pregnant,0.329,246,77
12/11/2025,20373,401430,Pregnancy Test - Milk,Pregnant,0.986,168,74
12/11/2025,19295,401430,Pregnancy Test - Milk,Pregnant,1.551,108,35
12/11/2025,17921,401430,Pregnancy Test - Milk,Pregnant,1.12,145,37
12/11/2025,12552,401430,Pregnancy Test - Milk,Pregnant,0.404,160,39
12/11/2025,17423,401430,Pregnancy Test - Milk,Pregnant,0.626,205,38
12/11/2025,13902,401430,Pregnancy Test - Milk,Re-Check,0.188,180,82
12/11/2025,16195,401430,Pregnancy Test - Milk,Pregnant,1.132,105,35
12/11/2025,14525,401430,Pregnancy Test - Milk,Pregnant,0.42,145,70
12/11/2025,16743,401430,Pregnancy Test - Milk,Pregnant,0.49,149,77
12/11/2025,21067,401430,Pregnancy Test - Milk,Pregnant,1.613,108,35
12/11/2025,18627,401430,Pregnancy Test - Milk,Pregnant,1.434,105,35
12/11/2025,18539,401430,Pregnancy Test - Milk,Pregnant,0.601,175,35
12/11/2025,17935,401430,Pregnancy Test - Milk,Open,0.003,107,35
12/11/2025,15938,401430,Pregnancy Test - Milk,Pregnant,0.684,192,36
12/11/2025,13368,401430,Pregnancy Test - Milk,Open,0.064,295,46
12/11/2025,15917,401430,Pregnancy Test - Milk,Pregnant,0.437,152,77
12/11/2025,13596,401430,Pregnancy Test - Milk,Pregnant,0.403,156,84
12/11/2025,13806,401430,Pregnancy Test - Milk,Pregnant,0.359,142,70
12/11/2025,16652,401430,Pregnancy Test - Milk,Pregnant,0.408,105,35
12/11/2025,15002,401430,Pregnancy Test - Milk,Re-Check,0.208,140,70
12/11/2025,20666,401430,Pregnancy Test - Milk,Pregnant,1.182,153,77
12/11/2025,20500,401430,Pregnancy Test - Milk,Pregnant,2.314,167,35
12/11/2025,20414,401430,Pregnancy Test - Milk,Pregnant,2.002,165,35
12/11/2025,20090,401430,Pregnancy Test - Milk,Pregnant,1.851,203,36
12/11/2025,18700,401430,Pregnancy Test - Milk,Pregnant,0.698,111,35
12/11/2025,2371,401430,Pregnancy Test - Milk,Pregnant,1.813,290,39
12/11/2025,18462,401430,Pregnancy Test - Milk,Pregnant,0.615,197,74
12/11/2025,12418,401430,Pregnancy Test - Milk,Pregnant,0.346,145,71
12/11/2025,18736,401430,Pregnancy Test - Milk,Pregnant,0.306,145,70
12/11/2025,17871,401430,Pregnancy Test - Milk,Pregnant,0.299,190,71
12/11/2025,14179,401430,Pregnancy Test - Milk,Pregnant,0.686,148,77
12/11/2025,18949,401430,Pregnancy Test - Milk,Pregnant,0.47,169,78
12/11/2025,20455,401430,Pregnancy Test - Milk,Pregnant,1.163,232,72
12/11/2025,15746,401430,Pregnancy Test - Milk,Pregnant,0.369,231,41
12/11/2025,14569,401430,Pregnancy Test - Milk,Pregnant,0.574,151,72
12/11/2025,925,401430,Pregnancy Test - Milk,Pregnant,0.584,106,35
12/11/2025,15568,401430,Pregnancy Test - Milk,Re-Check,0.194,146,47
12/11/2025,16643,401430,Pregnancy Test - Milk,Pregnant,0.564,106,35
12/11/2025,5064,401430,Pregnancy Test - Milk,Pregnant,0.447,195,74
12/11/2025,14220,401430,Pregnancy Test - Milk,Pregnant,0.671,171,74
12/11/2025,20861,401430,Pregnancy Test - Milk,Open,0.022,171,36
12/11/2025,18831,401430,Pregnancy Test - Milk,Pregnant,1.115,105,36
12/11/2025,1865,401430,Pregnancy Test - Milk,Pregnant,0.509,202,74
12/11/2025,15656,401430,Pregnancy Test - Milk,Pregnant,0.726,107,35
12/11/2025,14239,401430,Pregnancy Test - Milk,Re-Check,0.179,155,84
12/11/2025,12042,401430,Pregnancy Test - Milk,Pregnant,0.365,142,70
12/11/2025,14307,401430,Pregnancy Test - Milk,Re-Check,0.202,106,35
12/11/2025,13906,401430,Pregnancy Test - Milk,Open,0.063,106,35
12/11/2025,19227,401430,Pregnancy Test - Milk,Pregnant,1.709,107,35
12/11/2025,20881,401430,Pregnancy Test - Milk,Pregnant,1.083,136,41
12/11/2025,14002,401430,Pregnancy Test - Milk,Pregnant,0.409,194,74
12/11/2025,20641,401430,Pregnancy Test - Milk,Pregnant,1.007,174,75
12/11/2025,20306,401430,Pregnancy Test - Milk,Pregnant,0.624,215,77
12/11/2025,16586,401430,Pregnancy Test - Milk,Pregnant,0.333,145,70
12/11/2025,20842,401430,Pregnancy Test - Milk,Open,0.094,167,36
12/11/2025,12146,401430,Pregnancy Test - Milk,Pregnant,0.544,156,35
12/11/2025,18182,401430,Pregnancy Test - Milk,Pregnant,0.977,149,37
12/11/2025,12230,401430,Pregnancy Test - Milk,Pregnant,0.692,145,70
12/11/2025,13968,401430,Pregnancy Test - Milk,Pregnant,0.369,179,70
12/11/2025,16063,401430,Pregnancy Test - Milk,Pregnant,0.577,145,70
12/11/2025,9358,401430,Pregnancy Test - Milk,Re-Check,0.212,293,41
12/11/2025,16904,401430,Pregnancy Test - Milk,Pregnant,1.683,257,35
12/11/2025,20794,401430,Pregnancy Test - Milk,Pregnant,0.939,111,35
12/11/2025,21064,401430,Pregnancy Test - Milk,Pregnant,1.449,110,35
12/11/2025,21092,401430,Pregnancy Test - Milk,Pregnant,0.554,110,35
12/11/2025,18776,401430,Pregnancy Test - Milk,Pregnant,0.654,138,41
12/11/2025,17799,401430,Pregnancy Test - Milk,Re-Check,0.206,198,79
12/11/2025,17681,401430,Pregnancy Test - Milk,Open,-0.018,283,36
12/11/2025,18111,401430,Pregnancy Test - Milk,Pregnant,0.605,211,72
12/11/2025,15747,401430,Pregnancy Test - Milk,Pregnant,0.591,164,38
12/11/2025,13307,401430,Pregnancy Test - Milk,Pregnant,0.285,193,76
12/11/2025,14780,401430,Pregnancy Test - Milk,Pregnant,0.275,142,70
12/11/2025,18551,401430,Pregnancy Test - Milk,Pregnant,0.45,191,70
12/11/2025,17170,401430,Pregnancy Test - Milk,Pregnant,1.147,306,74
12/12/2025,20136,401430,Pregnancy Test - Milk,Open,-0.011,226,35
12/12/2025,13754,401430,Pregnancy Test - Milk,Pregnant,0.59,148,78
12/12/2025,20895,401430,Pregnancy Test - Milk,Pregnant,0.659,154,78
12/12/2025,5374,401430,Pregnancy Test - Milk,Pregnant,2.811,215,78
12/12/2025,18006,401430,Pregnancy Test - Milk,Pregnant,0.811,297,80
12/12/2025,14074,401430,Pregnancy Test - Milk,Open,0.035,109,36
12/12/2025,14863,401430,Pregnancy Test - Milk,Pregnant,0.335,149,78
12/12/2025,7678,401430,Pregnancy Test - Milk,Pregnant,0.558,153,78
12/12/2025,16189,401430,Pregnancy Test - Milk,Re-Check,0.183,153,78
12/12/2025,15670,401430,Pregnancy Test - Milk,Pregnant,0.347,163,92
12/12/2025,19744,401430,Pregnancy Test - Milk,Pregnant,0.668,258,78
12/12/2025,7709,401430,Pregnancy Test - Milk,Pregnant,1.108,169,78
12/12/2025,20735,401430,Pregnancy Test - Milk,Pregnant,0.378,177,87
12/12/2025,19238,401430,Pregnancy Test - Milk,Pregnant,0.549,110,36
12/12/2025,18479,401430,Pregnancy Test - Milk,Pregnant,0.322,130,57
12/12/2025,20761,401430,Pregnancy Test - Milk,Pregnant,0.347,136,40
12/12/2025,7385,401430,Pregnancy Test - Milk,Pregnant,0.331,153,78
12/12/2025,14881,401430,Pregnancy Test - Milk,Open,0.019,279,78
12/12/2025,14125,401430,Pregnancy Test - Milk,Pregnant,0.778,181,81
12/12/2025,1660,401430,Pregnancy Test - Milk,Pregnant,0.724,146,35
12/12/2025,14560,401430,Pregnancy Test - Milk,Pregnant,0.451,160,36
12/12/2025,15362,401430,Pregnancy Test - Milk,Pregnant,0.811,269,83
12/12/2025,20111,401430,Pregnancy Test - Milk,Re-Check,0.138,223,78
12/12/2025,17949,401430,Pregnancy Test - Milk,Pregnant,0.802,217,39
12/12/2025,1665,401430,Pregnancy Test - Milk,Re-Check,0.181,187,60
12/12/2025,1614,401430,Pregnancy Test - Milk,Open,0.069,153,38
12/12/2025,15437,401430,Pregnancy Test - Milk,Open,0.043,154,78
12/12/2025,20740,401430,Pregnancy Test - Milk,Pregnant,0.595,129,40
12/12/2025,18734,401430,Pregnancy Test - Milk,Pregnant,0.389,108,36
12/12/2025,15689,401430,Pregnancy Test - Milk,Re-Check,0.238,312,40
12/12/2025,20473,401430,Pregnancy Test - Milk,Pregnant,0.396,199,41
12/12/2025,16359,401430,Pregnancy Test - Milk,Open,-0.014,112,36
12/12/2025,15055,401430,Pregnancy Test - Milk,Open,-0.014,158,36
12/12/2025,20779,401430,Pregnancy Test - Milk,Pregnant,0.586,149,78
12/12/2025,14022,401430,Pregnancy Test - Milk,Pregnant,0.269,183,68
12/12/2025,12795,401430,Pregnancy Test - Milk,Re-Check,0.144,155,85
12/12/2025,7735,401430,Pregnancy Test - Milk,Open,0,111,36
12/12/2025,20780,401430,Pregnancy Test - Milk,Pregnant,0.524,157,40
12/12/2025,18660,401430,Pregnancy Test - Milk,Pregnant,0.29,154,78
12/12/2025,16224,401430,Pregnancy Test - Milk,Pregnant,0.285,168,92
12/12/2025,16594,401430,Pregnancy Test - Milk,Re-Check,0.11,179,53
12/12/2025,17599,401430,Pregnancy Test - Milk,Pregnant,0.284,256,78
12/12/2025,16320,401430,Pregnancy Test - Milk,Pregnant,1.109,201,36
12/12/2025,20830,401430,Pregnancy Test - Milk,Open,0.002,172,37
12/12/2025,18064,401430,Pregnancy Test - Milk,Open,0.018,147,36
12/12/2025,19084,401430,Pregnancy Test - Milk,Pregnant,0.873,108,36
12/12/2025,2391,401430,Pregnancy Test - Milk,Pregnant,1.376,154,78
12/12/2025,15579,401430,Pregnancy Test - Milk,Pregnant,0.918,109,36
12/12/2025,20656,401430,Pregnancy Test - Milk,Pregnant,0.593,158,38
12/12/2025,18027,401430,Pregnancy Test - Milk,Re-Check,0.201,152,78
12/12/2025,20507,401430,Pregnancy Test - Milk,Pregnant,0.367,173,78
12/12/2025,20564,401430,Pregnancy Test - Milk,Pregnant,0.704,198,38
12/12/2025,13673,401430,Pregnancy Test - Milk,Pregnant,0.651,280,83
12/12/2025,16356,401430,Pregnancy Test - Milk,Open,-0.002,159,40
12/12/2025,20791,401430,Pregnancy Test - Milk,Re-Check,0.237,152,78
12/12/2025,7756,401430,Pregnancy Test - Milk,Pregnant,1.097,111,36
12/12/2025,16572,401430,Pregnancy Test - Milk,Pregnant,0.293,150,78
12/12/2025,20210,401430,Pregnancy Test - Milk,Open,0.065,209,36
12/12/2025,16015,401430,Pregnancy Test - Milk,Pregnant,0.621,179,80
12/12/2025,18331,401430,Pregnancy Test - Milk,Pregnant,0.562,229,84
12/12/2025,21056,401430,Pregnancy Test - Milk,Open,0.015,149,35
12/18/2025,17462,401430,Pregnancy Test - Milk,Re-Check,0.209,168,76
12/18/2025,13074,401430,Pregnancy Test - Milk,Pregnant,0.48,109,35
12/18/2025,14652,401430,Pregnancy Test - Milk,Pregnant,0.855,281,76
12/18/2025,2317,401430,Pregnancy Test - Milk,Open,0.011,108,35
12/18/2025,20084,401430,Pregnancy Test - Milk,Pregnant,1.327,242,76
12/18/2025,15886,401430,Pregnancy Test - Milk,Pregnant,0.28,156,84
12/18/2025,13571,401430,Pregnancy Test - Milk,Pregnant,0.273,234,37
12/18/2025,10577,401430,Pregnancy Test - Milk,Pregnant,0.803,106,35
12/18/2025,3464,401430,Pregnancy Test - Milk,Pregnant,1.104,191,72
12/18/2025,15869,401430,Pregnancy Test - Milk,Re-Check,0.218,203,73
12/18/2025,15774,401430,Pregnancy Test - Milk,Pregnant,0.389,208,71
12/18/2025,2288,401430,Pregnancy Test - Milk,Pregnant,1.261,108,35
12/18/2025,19695,401430,Pregnancy Test - Milk,Pregnant,1.686,306,41
12/18/2025,20903,401430,Pregnancy Test - Milk,Pregnant,1.153,170,37
12/18/2025,18712,401430,Pregnancy Test - Milk,Pregnant,0.991,179,36
12/18/2025,17799,401430,Pregnancy Test - Milk,Pregnant,0.563,205,86
12/18/2025,19218,401430,Pregnancy Test - Milk,Pregnant,0.979,150,37
12/18/2025,16502,401430,Pregnancy Test - Milk,Pregnant,0.987,130,36
12/18/2025,21081,401430,Pregnancy Test - Milk,Pregnant,1.052,106,36
12/18/2025,15872,401430,Pregnancy Test - Milk,Open,-0.001,189,34
12/18/2025,9426,401430,Pregnancy Test - Milk,Pregnant,0.671,106,35
12/18/2025,13897,401430,Pregnancy Test - Milk,Pregnant,0.639,206,73
12/18/2025,20439,401430,Pregnancy Test - Milk,Pregnant,1.394,154,38
12/18/2025,20929,401430,Pregnancy Test - Milk,Pregnant,1.217,111,35
12/18/2025,17472,401430,Pregnancy Test - Milk,Pregnant,0.862,330,38
12/18/2025,15908,401430,Pregnancy Test - Milk,Pregnant,1.095,292,35
12/18/2025,18837,401430,Pregnancy Test - Milk,Pregnant,0.867,136,39
12/18/2025,7708,401430,Pregnancy Test - Milk,Open,0.033,108,35
12/18/2025,12548,401430,Pregnancy Test - Milk,Pregnant,0.47,193,75
12/18/2025,18286,401430,Pregnancy Test - Milk,Pregnant,0.692,141,70
12/18/2025,13292,401430,Pregnancy Test - Milk,Pregnant,0.98,250,35
12/18/2025,16385,401430,Pregnancy Test - Milk,Pregnant,1.013,146,70
12/18/2025,18500,401430,Pregnancy Test - Milk,Re-Check,0.217,182,73
12/18/2025,20386,401430,Pregnancy Test - Milk,Pregnant,0.682,148,77
12/18/2025,20153,401430,Pregnancy Test - Milk,Open,0.012,214,35
12/18/2025,20909,401430,Pregnancy Test - Milk,Pregnant,0.703,144,71
12/18/2025,18868,401430,Pregnancy Test - Milk,Pregnant,1.667,106,35
12/18/2025,924,401430,Pregnancy Test - Milk,Pregnant,1.683,108,35
12/18/2025,18747,401430,Pregnancy Test - Milk,Pregnant,0.616,201,77
12/18/2025,14942,401430,Pregnancy Test - Milk,Pregnant,0.512,147,77
12/18/2025,16344,401430,Pregnancy Test - Milk,Pregnant,0.914,151,37
12/18/2025,17061,401430,Pregnancy Test - Milk,Open,0.042,169,39
12/18/2025,5381,401430,Pregnancy Test - Milk,Pregnant,0.736,355,76
12/18/2025,19144,401430,Pregnancy Test - Milk,Re-Check,0.226,152,77
12/18/2025,11732,401430,Pregnancy Test - Milk,Pregnant,0.839,209,75
12/18/2025,10131,401430,Pregnancy Test - Milk,Pregnant,0.888,194,34
12/18/2025,47464,401430,Pregnancy Test - Milk,Pregnant,0.731,240,73
12/18/2025,7427,401430,Pregnancy Test - Milk,Pregnant,0.285,106,35
12/18/2025,16464,401430,Pregnancy Test - Milk,Pregnant,0.313,143,70
12/18/2025,7449,401430,Pregnancy Test - Milk,Pregnant,1.206,106,35
12/18/2025,14383,401430,Pregnancy Test - Milk,Pregnant,1.274,156,35
12/18/2025,19944,401430,Pregnancy Test - Milk,Pregnant,0.673,236,71
12/18/2025,18845,401430,Pregnancy Test - Milk,Pregnant,1.039,157,37
12/18/2025,813964,401430,Pregnancy Test - Milk,Pregnant,1,225,41
12/18/2025,18992,401430,Pregnancy Test - Milk,Pregnant,0.323,150,77
12/18/2025,18607,401430,Pregnancy Test - Milk,Pregnant,1.485,156,37
12/18/2025,21070,401430,Pregnancy Test - Milk,Pregnant,1.152,111,35
12/18/2025,18618,401430,Pregnancy Test - Milk,Pregnant,0.691,171,36
12/18/2025,18908,401430,Pregnancy Test - Milk,Pregnant,1.15,148,77
12/18/2025,18599,401430,Pregnancy Test - Milk,Pregnant,0.439,198,92
12/18/2025,12658,401430,Pregnancy Test - Milk,Pregnant,0.98,198,35
12/18/2025,2185,401430,Pregnancy Test - Milk,Pregnant,1.002,109,35
12/18/2025,18560,401430,Pregnancy Test - Milk,Pregnant,0.348,151,77
12/18/2025,13858,401430,Pregnancy Test - Milk,Open,0.021,152,77
12/18/2025,16231,401430,Pregnancy Test - Milk,Pregnant,0.522,180,38
12/18/2025,18159,401430,Pregnancy Test - Milk,Pregnant,1.378,236,71
12/18/2025,16279,401430,Pregnancy Test - Milk,Pregnant,0.693,142,70
12/18/2025,18562,401430,Pregnancy Test - Milk,Pregnant,1.188,224,72
12/18/2025,20211,401430,Pregnancy Test - Milk,Open,0.001,200,41
12/18/2025,15452,401430,Pregnancy Test - Milk,Pregnant,2.769,289,55
12/18/2025,13697,401430,Pregnancy Test - Milk,Pregnant,0.932,180,36
12/18/2025,18659,401430,Pregnancy Test - Milk,Pregnant,0.988,198,73
12/18/2025,15125,401430,Pregnancy Test - Milk,Pregnant,0.261,147,77
12/18/2025,20751,401430,Pregnancy Test - Milk,Pregnant,1.317,157,35
12/18/2025,20054,401430,Pregnancy Test - Milk,Pregnant,0.84,227,74
12/18/2025,19952,401430,Pregnancy Test - Milk,Pregnant,0.811,227,73
12/18/2025,20292,401430,Pregnancy Test - Milk,Pregnant,1.095,211,73
12/18/2025,20748,401430,Pregnancy Test - Milk,Open,0.004,157,35
12/18/2025,12752,401430,Pregnancy Test - Milk,Re-Check,0.245,148,79
12/18/2025,14162,401430,Pregnancy Test - Milk,Pregnant,0.471,169,37
12/18/2025,15812,401430,Pregnancy Test - Milk,Pregnant,1.049,222,38
12/18/2025,15002,401430,Pregnancy Test - Milk,Pregnant,0.285,147,77
12/18/2025,16990,401430,Pregnancy Test - Milk,Pregnant,1.504,105,35
12/18/2025,12512,401430,Pregnancy Test - Milk,Pregnant,0.557,146,70
12/18/2025,21020,401430,Pregnancy Test - Milk,Pregnant,1.191,107,35
12/18/2025,14347,401430,Pregnancy Test - Milk,Pregnant,0.573,108,35
12/18/2025,20888,401430,Pregnancy Test - Milk,Open,-0.002,111,35
12/18/2025,17741,401430,Pregnancy Test - Milk,Open,0.048,180,36
12/18/2025,20392,401430,Pregnancy Test - Milk,Pregnant,0.862,147,77
12/18/2025,13346,401430,Pregnancy Test - Milk,Pregnant,0.617,185,41
12/18/2025,2290,401430,Pregnancy Test - Milk,Pregnant,0.608,238,71
12/18/2025,16760,401430,Pregnancy Test - Milk,Pregnant,0.747,150,77
12/18/2025,15750,401430,Pregnancy Test - Milk,Re-Check,0.132,188,37
12/18/2025,16233,401430,Pregnancy Test - Milk,Pregnant,0.599,147,77
12/18/2025,18873,401430,Pregnancy Test - Milk,Open,0.033,149,77
12/18/2025,5743,401430,Pregnancy Test - Milk,Pregnant,0.96,107,35
12/18/2025,15826,401430,Pregnancy Test - Milk,Open,0.006,105,35
12/18/2025,18592,401430,Pregnancy Test - Milk,Pregnant,0.556,149,77
12/18/2025,13638,401430,Pregnancy Test - Milk,Pregnant,0.812,234,72
12/18/2025,9153,401430,Pregnancy Test - Milk,Pregnant,1.089,314,71
12/18/2025,13513,401430,Pregnancy Test - Milk,Pregnant,0.334,141,70
12/18/2025,18041,401430,Pregnancy Test - Milk,Open,0.059,126,38
12/18/2025,10551,401430,Pregnancy Test - Milk,Pregnant,0.531,138,76
12/18/2025,5243,401430,Pregnancy Test - Milk,Pregnant,0.623,171,76
12/18/2025,1681,401430,Pregnancy Test - Milk,Open,0.028,105,35
12/18/2025,14239,401430,Pregnancy Test - Milk,Pregnant,0.299,162,91
12/18/2025,15607,401430,Pregnancy Test - Milk,Pregnant,0.364,147,77
12/18/2025,3958,401430,Pregnancy Test - Milk,Pregnant,0.508,106,35
12/18/2025,21259,401430,Pregnancy Test - Milk,Pregnant,2.067,105,35
12/18/2025,2263,401430,Pregnancy Test - Milk,Pregnant,1.065,108,35
12/18/2025,20053,401430,Pregnancy Test - Milk,Pregnant,0.817,241,72
12/18/2025,18499,401430,Pregnancy Test - Milk,Pregnant,0.911,192,36
12/18/2025,14505,401430,Pregnancy Test - Milk,Pregnant,0.516,172,76
12/18/2025,20910,401430,Pregnancy Test - Milk,Pregnant,1.79,111,35
12/18/2025,18410,401430,Pregnancy Test - Milk,Pregnant,0.744,147,77
12/18/2025,14561,401430,Pregnancy Test - Milk,Pregnant,0.67,172,37
12/18/2025,18723,401430,Pregnancy Test - Milk,Re-Check,0.227,155,84
12/18/2025,17157,401430,Pregnancy Test - Milk,Pregnant,0.628,111,35
12/18/2025,15333,401430,Pregnancy Test - Milk,Open,0.047,136,35
12/18/2025,5035,401430,Pregnancy Test - Milk,Open,-0.012,141,70
12/18/2025,11206,401430,Pregnancy Test - Milk,Pregnant,0.518,105,35
12/18/2025,17538,401430,Pregnancy Test - Milk,Pregnant,1.717,140,70
12/18/2025,14004,401430,Pregnancy Test - Milk,Pregnant,0.281,162,70
12/18/2025,18732,401430,Pregnancy Test - Milk,Pregnant,0.74,105,36
12/18/2025,7759,401430,Pregnancy Test - Milk,Open,0.002,108,35
12/18/2025,19247,401430,Pregnancy Test - Milk,Pregnant,0.565,147,77
12/18/2025,17865,401430,Pregnancy Test - Milk,Pregnant,0.675,191,74
12/18/2025,18872,401430,Pregnancy Test - Milk,Pregnant,POS,106,35
12/18/2025,15368,401430,Pregnancy Test - Milk,Pregnant,0.834,213,37
12/18/2025,18897,401430,Pregnancy Test - Milk,Pregnant,0.265,149,77
12/18/2025,11813,401430,Pregnancy Test - Milk,Re-Check,0.209,202,80
12/18/2025,16000,401430,Pregnancy Test - Milk,Pregnant,0.473,146,70
12/18/2025,14450,401430,Pregnancy Test - Milk,Open,0.019,111,35
12/18/2025,20146,401430,Pregnancy Test - Milk,Open,0.091,215,36
12/18/2025,20504,401430,Pregnancy Test - Milk,Pregnant,0.794,153,77
12/18/2025,14161,401430,Pregnancy Test - Milk,Pregnant,0.811,106,35
12/18/2025,17892,401430,Pregnancy Test - Milk,Pregnant,0.385,229,73
12/18/2025,9358,401430,Pregnancy Test - Milk,Open,0.072,300,48
12/18/2025,20438,401430,Pregnancy Test - Milk,Pregnant,0.503,202,77
12/18/2025,16437,401430,Pregnancy Test - Milk,Pregnant,1.301,105,35
12/18/2025,11604,401430,Pregnancy Test - Milk,Pregnant,0.919,136,38
12/18/2025,16026,401430,Pregnancy Test - Milk,Open,0.007,184,40
12/18/2025,18419,401430,Pregnancy Test - Milk,Pregnant,0.703,148,77
12/18/2025,13890,401430,Pregnancy Test - Milk,Open,0.038,151,77
12/18/2025,13555,401430,Pregnancy Test - Milk,Pregnant,0.794,311,73
12/18/2025,3693,401430,Pregnancy Test - Milk,Pregnant,0.741,298,71
12/18/2025,3851,401430,Pregnancy Test - Milk,Open,0.054,143,70
12/18/2025,5095,401430,Pregnancy Test - Milk,Open,0.055,106,35
12/18/2025,18765,401430,Pregnancy Test - Milk,Pregnant,0.494,173,76
12/18/2025,20828,401430,Pregnancy Test - Milk,Pregnant,1.341,105,35
12/18/2025,20959,401430,Pregnancy Test - Milk,Pregnant,1.184,106,35
12/18/2025,21046,401430,Pregnancy Test - Milk,Pregnant,2.494,109,35
12/18/2025,20869,401430,Pregnancy Test - Milk,Open,0.035,173,36
12/18/2025,2137,401430,Pregnancy Test - Milk,Pregnant,0.725,175,39
12/18/2025,16692,401430,Pregnancy Test - Milk,Pregnant,0.702,157,36
12/18/2025,15985,401430,Pregnancy Test - Milk,Pregnant,0.656,216,72
12/18/2025,18445,401430,Pregnancy Test - Milk,Pregnant,0.396,213,72
12/18/2025,16284,401430,Pregnancy Test - Milk,Pregnant,1.099,159,35
12/18/2025,13069,401430,Pregnancy Test - Milk,Open,0.013,107,35
12/18/2025,18355,401430,Pregnancy Test - Milk,Pregnant,0.304,141,70
12/18/2025,7653,401430,Pregnancy Test - Milk,Pregnant,1.283,306,75
12/18/2025,16109,401430,Pregnancy Test - Milk,Pregnant,1.379,177,35
12/18/2025,13390,401430,Pregnancy Test - Milk,Pregnant,0.715,214,39
12/18/2025,12841,401430,Pregnancy Test - Milk,Pregnant,1.389,111,35
12/18/2025,137054,401430,Pregnancy Test - Milk,Pregnant,0.635,227,77
12/18/2025,18921,401430,Pregnancy Test - Milk,Pregnant,1.438,161,35
12/18/2025,20583,401430,Pregnancy Test - Milk,Pregnant,0.91,129,40
12/18/2025,16661,401430,Pregnancy Test - Milk,Pregnant,1.543,153,77
12/18/2025,15961,401430,Pregnancy Test - Milk,Pregnant,0.439,165,91
12/18/2025,2150,401430,Pregnancy Test - Milk,Pregnant,1.418,209,71
12/18/2025,14098,401430,Pregnancy Test - Milk,Pregnant,0.343,212,40
12/18/2025,11811,401430,Pregnancy Test - Milk,Pregnant,0.524,173,72
12/18/2025,17143,401430,Pregnancy Test - Milk,Open,0.021,106,35
12/18/2025,16839,401430,Pregnancy Test - Milk,Pregnant,0.367,146,70
12/18/2025,20167,401430,Pregnancy Test - Milk,Pregnant,0.917,200,38
12/18/2025,20068,401430,Pregnancy Test - Milk,Pregnant,1.015,268,35
12/18/2025,18154,401430,Pregnancy Test - Milk,Pregnant,0.486,254,76
12/18/2025,12326,401430,Pregnancy Test - Milk,Pregnant,0.454,149,77
12/18/2025,18341,401430,Pregnancy Test - Milk,Pregnant,1.025,174,77
12/18/2025,9820,401430,Pregnancy Test - Milk,Pregnant,0.311,143,70
12/18/2025,17716,401430,Pregnancy Test - Milk,Pregnant,0.461,198,71
12/18/2025,16944,401430,Pregnancy Test - Milk,Pregnant,1.03,107,35
12/18/2025,20383,401430,Pregnancy Test - Milk,Open,0.026,105,35
12/18/2025,18728,401430,Pregnancy Test - Milk,Pregnant,0.553,147,77
12/18/2025,19049,401430,Pregnancy Test - Milk,Pregnant,0.435,153,77
12/18/2025,30005,401430,Pregnancy Test - Milk,Pregnant,1.358,112,43
12/18/2025,1720,401430,Pregnancy Test - Milk,Pregnant,0.532,105,35
12/18/2025,16665,401430,Pregnancy Test - Milk,Pregnant,0.486,169,76
12/18/2025,16720,401430,Pregnancy Test - Milk,Pregnant,0.728,106,35
12/18/2025,20519,401430,Pregnancy Test - Milk,Pregnant,0.936,164,71
12/18/2025,5247,401430,Pregnancy Test - Milk,Pregnant,1.797,107,35
12/18/2025,9183,401430,Pregnancy Test - Milk,Pregnant,0.667,277,72
12/18/2025,8789,401430,Pregnancy Test - Milk,Pregnant,1.556,180,35
12/18/2025,20947,401430,Pregnancy Test - Milk,Open,-0.008,106,35
12/18/2025,17151,401430,Pregnancy Test - Milk,Pregnant,0.85,130,41
12/18/2025,17140,401430,Pregnancy Test - Milk,Open,0.004,302,77
12/18/2025,18910,401430,Pregnancy Test - Milk,Pregnant,1.134,157,40
12/18/2025,20772,401430,Pregnancy Test - Milk,Pregnant,0.55,153,77
12/18/2025,18404,401430,Pregnancy Test - Milk,Pregnant,0.696,186,75
12/18/2025,18530,401430,Pregnancy Test - Milk,Pregnant,0.264,181,76
12/18/2025,15568,401430,Pregnancy Test - Milk,Re-Check,0.229,153,54
12/18/2025,16075,401430,Pregnancy Test - Milk,Open,0.034,157,35
12/18/2025,49018,401430,Pregnancy Test - Milk,Pregnant,0.652,239,76
12/18/2025,10080,401430,Pregnancy Test - Milk,Pregnant,0.688,195,70
12/18/2025,20594,401430,Pregnancy Test - Milk,Pregnant,0.489,167,72
12/18/2025,15743,401430,Pregnancy Test - Milk,Pregnant,0.633,210,35
12/18/2025,38,401430,Pregnancy Test - Milk,Pregnant,0.438,244,74
12/18/2025,15778,401430,Pregnancy Test - Milk,Pregnant,0.309,147,72
12/18/2025,20342,401430,Pregnancy Test - Milk,Pregnant,0.694,176,37
12/18/2025,16280,401430,Pregnancy Test - Milk,Open,0.014,110,35
12/18/2025,15902,401430,Pregnancy Test - Milk,Pregnant,0.354,173,74
12/18/2025,18804,401430,Pregnancy Test - Milk,Pregnant,0.27,168,76
12/18/2025,20754,401430,Pregnancy Test - Milk,Pregnant,1.238,107,35
12/18/2025,20713,401430,Pregnancy Test - Milk,Pregnant,0.545,189,72
12/18/2025,18752,401430,Pregnancy Test - Milk,Pregnant,1.387,152,77
12/18/2025,18651,401430,Pregnancy Test - Milk,Pregnant,0.492,153,77
12/18/2025,18964,401430,Pregnancy Test - Milk,Pregnant,0.671,105,35
12/18/2025,17650,401430,Pregnancy Test - Milk,Open,0.012,186,35
12/18/2025,18772,401430,Pregnancy Test - Milk,Pregnant,0.929,187,75
12/18/2025,16663,401430,Pregnancy Test - Milk,Pregnant,0.271,145,70
12/18/2025,13902,401430,Pregnancy Test - Milk,Pregnant,0.38,187,89
12/18/2025,13160,401430,Pregnancy Test - Milk,Pregnant,0.568,159,35
12/18/2025,193918,401430,Pregnancy Test - Milk,Pregnant,0.623,222,77
12/18/2025,20339,401430,Pregnancy Test - Milk,Re-Check,0.239,179,41
12/18/2025,18966,401430,Pregnancy Test - Milk,Pregnant,0.678,153,77
12/19/2025,15384,401430,Pregnancy Test - Milk,Pregnant,0.341,327,80
12/19/2025,14588,401430,Pregnancy Test - Milk,Pregnant,0.604,110,36
12/19/2025,20573,401430,Pregnancy Test - Milk,Pregnant,0.39,167,36
12/19/2025,17525,401430,Pregnancy Test - Milk,Pregnant,1.191,300,37
12/19/2025,20928,401430,Pregnancy Test - Milk,Pregnant,0.801,150,78
12/19/2025,20729,401430,Pregnancy Test - Milk,Pregnant,0.446,148,78
12/19/2025,14198,401430,Pregnancy Test - Milk,Pregnant,0.451,151,78
12/19/2025,14014,401430,Pregnancy Test - Milk,Pregnant,1.315,159,37
12/19/2025,16307,401430,Pregnancy Test - Milk,Pregnant,0.46,217,78
12/19/2025,20166,401430,Pregnancy Test - Milk,Pregnant,0.448,150,79
12/19/2025,20288,401430,Pregnancy Test - Milk,Pregnant,1.155,155,36
12/19/2025,20708,401430,Pregnancy Test - Milk,Pregnant,0.459,151,78
12/19/2025,18564,401430,Pregnancy Test - Milk,Pregnant,0.469,205,81
12/19/2025,20276,401430,Pregnancy Test - Milk,Pregnant,0.549,171,82
12/19/2025,19255,401430,Pregnancy Test - Milk,Pregnant,0.769,140,35
12/19/2025,20669,401430,Pregnancy Test - Milk,Pregnant,0.661,152,78
12/19/2025,19988,401430,Pregnancy Test - Milk,Pregnant,0.466,247,78
12/19/2025,20791,401430,Pregnancy Test - Milk,Re-Check,0.216,159,85
12/19/2025,19010,401430,Pregnancy Test - Milk,Pregnant,1.042,111,36
12/19/2025,13869,401430,Pregnancy Test - Milk,Pregnant,0.54,211,78
12/19/2025,12664,401430,Pregnancy Test - Milk,Pregnant,0.508,109,36
12/19/2025,7408,401430,Pregnancy Test - Milk,Pregnant,0.753,157,36
12/19/2025,18260,401430,Pregnancy Test - Milk,Pregnant,0.723,221,79
12/19/2025,20562,401430,Pregnancy Test - Milk,Pregnant,1.117,154,78
12/19/2025,1665,401430,Pregnancy Test - Milk,Re-Check,0.163,194,67
12/19/2025,14283,401430,Pregnancy Test - Milk,Pregnant,0.546,211,82
12/19/2025,20111,401430,Pregnancy Test - Milk,Pregnant,0.288,230,85
12/19/2025,1620,401430,Pregnancy Test - Milk,Open,0.049,153,78
12/19/2025,20251,401430,Pregnancy Test - Milk,Pregnant,1.324,140,40
12/19/2025,1649,401430,Pregnancy Test - Milk,Open,0.018,232,37
12/19/2025,12795,401430,Pregnancy Test - Milk,Re-Check,0.237,162,92
12/19/2025,18649,401430,Pregnancy Test - Milk,Pregnant,0.683,109,36
12/19/2025,18027,401430,Pregnancy Test - Milk,Pregnant,0.406,159,85
12/19/2025,20678,401430,Pregnancy Test - Milk,Pregnant,0.594,193,82
12/19/2025,18257,401430,Pregnancy Test - Milk,Pregnant,0.676,202,78
12/19/2025,18936,401430,Pregnancy Test - Milk,Pregnant,0.693,108,36
12/19/2025,15689,401430,Pregnancy Test - Milk,Pregnant,0.623,319,47
12/19/2025,18819,401430,Pregnancy Test - Milk,Pregnant,0.839,107,36
12/19/2025,16566,401430,Pregnancy Test - Milk,Pregnant,0.59,195,37
12/19/2025,15154,401430,Pregnancy Test - Milk,Pregnant,0.366,335,82
12/19/2025,15406,401430,Pregnancy Test - Milk,Re-Check,0.248,203,78
12/19/2025,18091,401430,Pregnancy Test - Milk,Pregnant,0.625,218,37
12/19/2025,20248,401430,Pregnancy Test - Milk,Pregnant,0.252,198,81
12/19/2025,15995,401430,Pregnancy Test - Milk,Re-Check,0.163,149,78
12/19/2025,20752,401430,Pregnancy Test - Milk,Pregnant,1.344,151,78
12/19/2025,18697,401430,Pregnancy Test - Milk,Pregnant,0.564,133,37
12/19/2025,16432,401430,Pregnancy Test - Milk,Pregnant,0.464,158,36
12/19/2025,20687,401430,Pregnancy Test - Milk,Pregnant,0.529,149,38
12/19/2025,16424,401430,Pregnancy Test - Milk,Pregnant,0.991,110,36
12/19/2025,14388,401430,Pregnancy Test - Milk,Re-Check,0.195,150,78
12/19/2025,20215,401430,Pregnancy Test - Milk,Pregnant,1.012,233,36
12/19/2025,20263,401430,Pregnancy Test - Milk,Pregnant,0.703,212,39
12/19/2025,1636,401430,Pregnancy Test - Milk,Open,0.035,139,40
12/19/2025,18967,401430,Pregnancy Test - Milk,Open,0.027,137,39
12/19/2025,16189,401430,Pregnancy Test - Milk,Re-Check,0.194,160,85
12/23/2025,16601,401430,Pregnancy Test - Milk,Pregnant,1.034,107,33
12/23/2025,16854,401430,Pregnancy Test - Milk,Pregnant,0.593,99,33
12/23/2025,12279,401430,Pregnancy Test - Milk,Pregnant,0.857,128,32
12/23/2025,11661,401430,Pregnancy Test - Milk,Pregnant,0.959,100,33
12/23/2025,13580,401430,Pregnancy Test - Milk,Pregnant,1.436,167,33
12/23/2025,13899,401430,Pregnancy Test - Milk,Pregnant,0.303,175,73
12/23/2025,5179,401430,Pregnancy Test - Milk,Pregnant,0.66,149,33
12/23/2025,12296,401430,Pregnancy Test - Milk,Pregnant,0.97,101,33
12/23/2025,19024,401430,Pregnancy Test - Milk,Pregnant,0.287,141,68
12/23/2025,17462,401430,Pregnancy Test - Milk,Re-Check,0.222,173,81
12/23/2025,16921,401430,Pregnancy Test - Milk,Pregnant,0.717,148,33
12/23/2025,12969,401430,Pregnancy Test - Milk,Pregnant,0.47,235,73
12/23/2025,19159,401430,Pregnancy Test - Milk,Pregnant,1.053,102,33
12/23/2025,16266,401430,Pregnancy Test - Milk,Pregnant,1.239,130,33
12/23/2025,5079,401430,Pregnancy Test - Milk,Pregnant,0.537,107,33
12/23/2025,17718,401430,Pregnancy Test - Milk,Pregnant,0.431,166,74
12/23/2025,13619,401430,Pregnancy Test - Milk,Pregnant,0.283,186,38
12/23/2025,16746,401430,Pregnancy Test - Milk,Pregnant,0.717,108,36
12/23/2025,15175,401430,Pregnancy Test - Milk,Pregnant,0.638,166,36
12/23/2025,14212,401430,Pregnancy Test - Milk,Pregnant,0.78,102,33
12/23/2025,8675,401430,Pregnancy Test - Milk,Pregnant,1.202,258,32
12/23/2025,18682,401430,Pregnancy Test - Milk,Pregnant,0.555,188,74
12/23/2025,16468,401430,Pregnancy Test - Milk,Pregnant,0.629,190,71
12/23/2025,16489,401430,Pregnancy Test - Milk,Pregnant,0.775,100,33
12/23/2025,16770,401430,Pregnancy Test - Milk,Pregnant,0.555,99,33
12/23/2025,16561,401430,Pregnancy Test - Milk,Pregnant,1.285,99,33
12/23/2025,18977,401430,Pregnancy Test - Milk,Pregnant,0.595,132,38
12/23/2025,9259,401430,Pregnancy Test - Milk,Pregnant,0.594,107,33
12/23/2025,13474,401430,Pregnancy Test - Milk,Pregnant,0.306,191,68
12/23/2025,16569,401430,Pregnancy Test - Milk,Pregnant,1.034,100,33
12/23/2025,15772,401430,Pregnancy Test - Milk,Open,0.036,99,33
12/23/2025,15525,401430,Pregnancy Test - Milk,Re-Check,0.21,140,68
12/23/2025,11851,401430,Pregnancy Test - Milk,Pregnant,0.469,166,72
12/23/2025,10660,401430,Pregnancy Test - Milk,Open,0.021,154,37
12/23/2025,13421,401430,Pregnancy Test - Milk,Open,0.018,138,68
12/23/2025,18308,401430,Pregnancy Test - Milk,Pregnant,0.282,183,68
12/23/2025,10752,401430,Pregnancy Test - Milk,Open,-0.017,134,35
12/23/2025,18725,401430,Pregnancy Test - Milk,Pregnant,0.544,143,68
12/23/2025,14458,401430,Pregnancy Test - Milk,Pregnant,0.886,99,33
12/23/2025,16741,401430,Pregnancy Test - Milk,Pregnant,0.571,105,33
12/23/2025,15869,401430,Pregnancy Test - Milk,Re-Check,0.204,208,78
12/23/2025,12517,401430,Pregnancy Test - Milk,Pregnant,0.416,141,68
12/23/2025,15688,401430,Pregnancy Test - Milk,Pregnant,0.705,105,33
12/23/2025,10122,401430,Pregnancy Test - Milk,Pregnant,0.514,109,33
12/23/2025,5129,401430,Pregnancy Test - Milk,Open,-0.009,104,33
12/23/2025,18572,401430,Pregnancy Test - Milk,Re-Check,0.139,144,68
12/23/2025,18481,401430,Pregnancy Test - Milk,Pregnant,0.529,154,34
12/23/2025,5149,401430,Pregnancy Test - Milk,Open,0.074,177,38
12/23/2025,15962,401430,Pregnancy Test - Milk,Open,0.058,108,33
12/23/2025,17077,401430,Pregnancy Test - Milk,Pregnant,0.774,108,33
12/23/2025,19063,401430,Pregnancy Test - Milk,Open,-0.01,152,34
12/23/2025,11303,401430,Pregnancy Test - Milk,Pregnant,0.256,139,68
12/23/2025,11549,401430,Pregnancy Test - Milk,Pregnant,0.56,103,33
12/23/2025,14518,401430,Pregnancy Test - Milk,Pregnant,0.475,283,35
12/23/2025,16811,401430,Pregnancy Test - Milk,Pregnant,0.674,108,33
12/23/2025,19018,401430,Pregnancy Test - Milk,Pregnant,0.837,101,33
12/23/2025,14885,401430,Pregnancy Test - Milk,Pregnant,0.627,103,33
12/23/2025,19016,401430,Pregnancy Test - Milk,Pregnant,1.547,127,34
12/23/2025,11813,401430,Pregnancy Test - Milk,Pregnant,0.35,207,85
12/23/2025,16124,401430,Pregnancy Test - Milk,Pregnant,0.886,157,33
12/23/2025,12155,401430,Pregnancy Test - Milk,Pregnant,0.257,134,34
12/23/2025,15011,401430,Pregnancy Test - Milk,Open,-0.001,107,33
12/23/2025,13061,401430,Pregnancy Test - Milk,Pregnant,0.418,234,38
12/23/2025,16650,401430,Pregnancy Test - Milk,Pregnant,0.709,171,34
12/23/2025,13702,401430,Pregnancy Test - Milk,Pregnant,0.433,101,33
12/23/2025,14092,401430,Pregnancy Test - Milk,Pregnant,0.338,128,32
12/23/2025,18201,401430,Pregnancy Test - Milk,Pregnant,1.111,145,32
12/23/2025,12499,401430,Pregnancy Test - Milk,Re-Check,0.228,131,37
12/23/2025,14595,401430,Pregnancy Test - Milk,Pregnant,0.695,108,33
12/23/2025,5221,401430,Pregnancy Test - Milk,Pregnant,1.665,220,36
12/23/2025,12691,401430,Pregnancy Test - Milk,Open,0.009,100,33
12/23/2025,992,401430,Pregnancy Test - Milk,Pregnant,0.319,147,36
12/23/2025,10692,401430,Pregnancy Test - Milk,Pregnant,1.058,102,33
12/23/2025,14099,401430,Pregnancy Test - Milk,Open,0.069,108,33
12/23/2025,11046,401430,Pregnancy Test - Milk,Pregnant,0.666,238,73
12/23/2025,14047,401430,Pregnancy Test - Milk,Pregnant,1.17,125,32
12/23/2025,14377,401430,Pregnancy Test - Milk,Pregnant,0.789,101,33
12/23/2025,14200,401430,Pregnancy Test - Milk,Pregnant,0.323,134,35
12/23/2025,10126,401430,Pregnancy Test - Milk,Pregnant,0.29,139,68
12/23/2025,16801,401430,Pregnancy Test - Milk,Pregnant,1.21,106,33
12/23/2025,13019,401430,Pregnancy Test - Milk,Pregnant,0.396,101,33
12/23/2025,13993,401430,Pregnancy Test - Milk,Pregnant,0.657,140,68
12/23/2025,1657,401430,Pregnancy Test - Milk,Pregnant,0.57,169,74
12/23/2025,16335,401430,Pregnancy Test - Milk,Pregnant,0.727,170,72
12/23/2025,19102,401430,Pregnancy Test - Milk,Pregnant,0.323,163,33
12/23/2025,14109,401430,Pregnancy Test - Milk,Pregnant,0.579,209,71
12/23/2025,3628,401430,Pregnancy Test - Milk,Open,0.031,144,68
12/23/2025,18500,401430,Pregnancy Test - Milk,Re-Check,0.195,187,78
12/23/2025,16707,401430,Pregnancy Test - Milk,Pregnant,1.175,163,69
12/23/2025,9656,401430,Pregnancy Test - Milk,Re-Check,0.15,150,0
12/26/2025,13815,401430,Pregnancy Test - Milk,Pregnant,2.559,156,36
12/26/2025,21062,401430,Pregnancy Test - Milk,Pregnant,1.432,104,36
12/26/2025,18666,401430,Pregnancy Test - Milk,Pregnant,0.565,146,35
12/26/2025,14743,401430,Pregnancy Test - Milk,Pregnant,0.645,103,36
12/26/2025,7687,401430,Pregnancy Test - Milk,Open,-0.017,107,36
12/26/2025,19041,401430,Pregnancy Test - Milk,Pregnant,0.402,166,72
12/26/2025,16138,401430,Pregnancy Test - Milk,Pregnant,0.405,142,71
12/26/2025,13398,401430,Pregnancy Test - Milk,Pregnant,0.536,155,40
12/26/2025,14447,401430,Pregnancy Test - Milk,Open,-0.013,146,71
12/26/2025,20359,401430,Pregnancy Test - Milk,Pregnant,0.489,188,75
12/26/2025,18162,401430,Pregnancy Test - Milk,Pregnant,0.529,243,77
12/26/2025,20337,401430,Pregnancy Test - Milk,Pregnant,0.379,228,40
12/26/2025,15750,401430,Pregnancy Test - Milk,Pregnant,0.668,196,45
12/26/2025,15676,401430,Pregnancy Test - Milk,Pregnant,0.288,147,71
12/26/2025,3902,401430,Pregnancy Test - Milk,Pregnant,0.561,244,38
12/26/2025,20867,401430,Pregnancy Test - Milk,Pregnant,0.867,160,38
12/26/2025,18689,401430,Pregnancy Test - Milk,Re-Check,0.225,229,83
12/26/2025,15215,401430,Pregnancy Test - Milk,Pregnant,1.945,214,37
12/26/2025,19234,401430,Pregnancy Test - Milk,Pregnant,0.59,109,36
12/26/2025,12718,401430,Pregnancy Test - Milk,Pregnant,0.543,149,37
12/26/2025,17815,401430,Pregnancy Test - Milk,Pregnant,1.692,290,36
12/26/2025,16047,401430,Pregnancy Test - Milk,Pregnant,0.819,148,78
12/26/2025,16300,401430,Pregnancy Test - Milk,Re-Check,0.166,106,36
12/26/2025,19144,401430,Pregnancy Test - Milk,Pregnant,0.252,160,85
12/26/2025,14727,401430,Pregnancy Test - Milk,Open,0.017,166,40
12/26/2025,16189,401430,Pregnancy Test - Milk,Open,0.065,167,92
12/26/2025,16761,401430,Pregnancy Test - Milk,Pregnant,0.453,142,71
12/26/2025,20381,401430,Pregnancy Test - Milk,Pregnant,0.475,192,75
12/26/2025,14596,401430,Pregnancy Test - Milk,Pregnant,0.443,111,36
12/26/2025,1665,401430,Pregnancy Test - Milk,Re-Check,0.115,201,74
12/26/2025,16024,401430,Pregnancy Test - Milk,Pregnant,1.465,227,38
12/26/2025,20541,401430,Pregnancy Test - Milk,Pregnant,0.67,156,41
12/26/2025,18643,401430,Pregnancy Test - Milk,Pregnant,0.362,154,78
12/26/2025,14322,401430,Pregnancy Test - Milk,Pregnant,0.633,183,36
12/26/2025,15377,401430,Pregnancy Test - Milk,Pregnant,0.784,201,36
12/26/2025,1503,401430,Pregnancy Test - Milk,Pregnant,0.784,102,36
12/26/2025,18133,401430,Pregnancy Test - Milk,Pregnant,0.739,243,38
12/26/2025,631,401430,Pregnancy Test - Milk,Pregnant,0.267,143,71
12/26/2025,3682,401430,Pregnancy Test - Milk,Pregnant,0.685,271,37
12/26/2025,12384,401430,Pregnancy Test - Milk,Open,0.037,182,40
12/26/2025,18038,401430,Pregnancy Test - Milk,Pregnant,0.66,151,78
12/26/2025,20558,401430,Pregnancy Test - Milk,Pregnant,2.13,229,81
12/26/2025,21042,401430,Pregnancy Test - Milk,Pregnant,0.958,103,36
12/26/2025,18303,401430,Pregnancy Test - Milk,Pregnant,0.51,152,78
12/26/2025,16267,401430,Pregnancy Test - Milk,Pregnant,0.735,112,36
12/26/2025,17534,401430,Pregnancy Test - Milk,Pregnant,2.014,258,78
12/26/2025,1615,401430,Pregnancy Test - Milk,Open,-0.031,155,36
12/26/2025,15995,401430,Pregnancy Test - Milk,Re-Check,0.249,156,85
12/26/2025,18125,401430,Pregnancy Test - Milk,Pregnant,0.897,112,36
12/26/2025,18553,401430,Pregnancy Test - Milk,Pregnant,0.412,226,75
12/26/2025,338,401430,Pregnancy Test - Milk,Pregnant,1.584,118,43
12/26/2025,2175,401430,Pregnancy Test - Milk,Pregnant,0.294,142,71
12/26/2025,18773,401430,Pregnancy Test - Milk,Pregnant,0.273,142,71
12/26/2025,20393,401430,Pregnancy Test - Milk,Pregnant,0.864,145,72
12/26/2025,17145,401430,Pregnancy Test - Milk,Pregnant,0.584,357,74
12/26/2025,18968,401430,Pregnancy Test - Milk,Pregnant,0.265,175,78
12/26/2025,20788,401430,Pregnancy Test - Milk,Pregnant,0.435,150,78
12/26/2025,17999,401430,Pregnancy Test - Milk,Pregnant,0.325,145,71
12/26/2025,16180,401430,Pregnancy Test - Milk,Pregnant,0.51,147,71
12/26/2025,15755,401430,Pregnancy Test - Milk,Pregnant,0.442,169,73
12/26/2025,20652,401430,Pregnancy Test - Milk,Open,-0.012,132,36
12/26/2025,16447,401430,Pregnancy Test - Milk,Pregnant,0.483,225,73
12/26/2025,19356,401430,Pregnancy Test - Milk,Pregnant,0.459,380,82
12/26/2025,21018,401430,Pregnancy Test - Milk,Pregnant,1.079,130,35
12/26/2025,16619,401430,Pregnancy Test - Milk,Pregnant,0.313,143,71
12/26/2025,18681,401430,Pregnancy Test - Milk,Pregnant,0.301,111,36
12/26/2025,15420,401430,Pregnancy Test - Milk,Pregnant,0.478,220,35
12/26/2025,20683,401430,Pregnancy Test - Milk,Pregnant,0.672,151,78
12/26/2025,15930,401430,Pregnancy Test - Milk,Pregnant,0.404,105,36
12/26/2025,21066,401430,Pregnancy Test - Milk,Pregnant,0.473,161,79
12/26/2025,19000,401430,Pregnancy Test - Milk,Pregnant,0.441,153,78
12/26/2025,20767,401430,Pregnancy Test - Milk,Pregnant,1.028,177,82
12/26/2025,1680,401430,Pregnancy Test - Milk,Pregnant,0.327,154,78
12/26/2025,13646,401430,Pregnancy Test - Milk,Pregnant,0.329,176,83
12/26/2025,17807,401430,Pregnancy Test - Milk,Pregnant,0.256,231,79
12/26/2025,20791,401430,Pregnancy Test - Milk,Pregnant,0.263,166,92
12/26/2025,20981,401430,Pregnancy Test - Milk,Pregnant,0.852,148,78
12/26/2025,14515,401430,Pregnancy Test - Milk,Pregnant,0.439,176,81
12/26/2025,20803,401430,Pregnancy Test - Milk,Pregnant,0.784,187,81
12/26/2025,14388,401430,Pregnancy Test - Milk,Pregnant,0.254,157,85
12/26/2025,15068,401430,Pregnancy Test - Milk,Pregnant,0.361,226,35
12/26/2025,11592,401430,Pregnancy Test - Milk,Pregnant,0.436,109,36
12/26/2025,20935,401430,Pregnancy Test - Milk,Pregnant,0.561,139,41
12/26/2025,15971,401430,Pregnancy Test - Milk,Pregnant,0.418,247,71
12/26/2025,3645,401430,Pregnancy Test - Milk,Pregnant,0.308,301,71
12/26/2025,16558,401430,Pregnancy Test - Milk,Pregnant,1.594,216,31
12/26/2025,3952,401430,Pregnancy Test - Milk,Pregnant,0.405,144,41
12/26/2025,18191,401430,Pregnancy Test - Milk,Open,0.023,158,42
12/26/2025,18657,401430,Pregnancy Test - Milk,Pregnant,0.783,152,78
12/26/2025,14186,401430,Pregnancy Test - Milk,Pregnant,0.53,148,78
12/26/2025,16535,401430,Pregnancy Test - Milk,Pregnant,1.079,105,36
12/26/2025,16885,401430,Pregnancy Test - Milk,Pregnant,1.489,107,36
12/26/2025,17199,401430,Pregnancy Test - Milk,Pregnant,0.654,154,78
12/26/2025,7672,401430,Pregnancy Test - Milk,Pregnant,0.533,195,77
12/26/2025,20718,401430,Pregnancy Test - Milk,Pregnant,0.596,202,84
12/26/2025,20528,401430,Pregnancy Test - Milk,Pregnant,0.309,153,78
12/26/2025,15949,401430,Pregnancy Test - Milk,Open,-0.034,161,41
12/26/2025,14022,401430,Pregnancy Test - Milk,Pregnant,0.893,197,82
12/26/2025,16412,401430,Pregnancy Test - Milk,Pregnant,0.669,143,71
12/26/2025,18515,401430,Pregnancy Test - Milk,Pregnant,1.15,166,74
12/26/2025,16287,401430,Pregnancy Test - Milk,Pregnant,0.757,206,77
12/26/2025,18457,401430,Pregnancy Test - Milk,Pregnant,0.672,228,82
12/26/2025,20162,401430,Pregnancy Test - Milk,Pregnant,0.376,226,84
12/26/2025,19176,401430,Pregnancy Test - Milk,Pregnant,0.647,110,36
12/26/2025,18754,401430,Pregnancy Test - Milk,Pregnant,0.842,143,71
12/26/2025,20213,401430,Pregnancy Test - Milk,Pregnant,0.678,130,37
12/26/2025,20682,401430,Pregnancy Test - Milk,Pregnant,0.302,148,78
12/26/2025,20646,401430,Pregnancy Test - Milk,Pregnant,0.738,158,37
12/26/2025,16262,401430,Pregnancy Test - Milk,Pregnant,0.287,137,39
12/26/2025,12795,401430,Pregnancy Test - Milk,Re-Check,0.169,169,99
12/26/2025,12597,401430,Pregnancy Test - Milk,Open,-0.044,122,40
12/26/2025,12752,401430,Pregnancy Test - Milk,Re-Check,0.233,156,87
12/26/2025,1353,401430,Pregnancy Test - Milk,Pregnant,0.255,107,36
12/26/2025,16816,401430,Pregnancy Test - Milk,Pregnant,1.225,181,37
12/26/2025,18886,401430,Pregnancy Test - Milk,Pregnant,0.891,106,36
12/26/2025,7668,401430,Pregnancy Test - Milk,Pregnant,0.857,287,84
12/26/2025,20797,401430,Pregnancy Test - Milk,Pregnant,0.752,205,35
12/26/2025,18817,401430,Pregnancy Test - Milk,Pregnant,0.875,105,36
12/26/2025,15073,401430,Pregnancy Test - Milk,Pregnant,0.64,143,72
12/26/2025,15794,401430,Pregnancy Test - Milk,Pregnant,0.653,252,36
12/26/2025,3784,401430,Pregnancy Test - Milk,Pregnant,0.389,141,71
12/26/2025,18414,401430,Pregnancy Test - Milk,Re-Check,0.22,254,74
12/26/2025,18588,401430,Pregnancy Test - Milk,Pregnant,1.072,112,36
12/26/2025,16609,401430,Pregnancy Test - Milk,Pregnant,0.284,146,71
12/26/2025,762,401430,Pregnancy Test - Milk,Pregnant,0.476,144,71
12/26/2025,17982,401430,Pregnancy Test - Milk,Pregnant,0.71,260,73
12/26/2025,14745,401430,Pregnancy Test - Milk,Pregnant,0.518,146,71
12/26/2025,17828,401430,Pregnancy Test - Milk,Pregnant,0.735,220,71
12/26/2025,10468,401430,Pregnancy Test - Milk,Re-Check,0.198,144,71
12/26/2025,17059,401430,Pregnancy Test - Milk,Re-Check,0.212,147,71
12/26/2025,18723,401430,Pregnancy Test - Milk,Re-Check,0.16,163,92
12/26/2025,20308,401430,Pregnancy Test - Milk,Pregnant,1.316,224,79
12/26/2025,15568,401430,Pregnancy Test - Milk,Re-Check,0.171,161,62
12/26/2025,17526,401430,Pregnancy Test - Milk,Pregnant,0.845,110,36
12/26/2025,17898,401430,Pregnancy Test - Milk,Pregnant,0.954,107,36
12/26/2025,20510,401430,Pregnancy Test - Milk,Pregnant,0.541,144,71
12/26/2025,19079,401430,Pregnancy Test - Milk,Pregnant,0.349,152,78
12/26/2025,13476,401430,Pregnancy Test - Milk,Pregnant,0.56,272,71
12/26/2025,3509,401430,Pregnancy Test - Milk,Open,-0.002,107,36
12/26/2025,13691,401430,Pregnancy Test - Milk,Pregnant,0.558,183,72
12/26/2025,20531,401430,Pregnancy Test - Milk,Pregnant,0.7,194,77
12/26/2025,18213,401430,Pregnancy Test - Milk,Pregnant,0.573,190,73
12/26/2025,64,401430,Pregnancy Test - Milk,Pregnant,0.523,188,78
12/26/2025,16937,401430,Pregnancy Test - Milk,Pregnant,0.772,106,36
12/26/2025,14794,401430,Pregnancy Test - Milk,Pregnant,0.4,159,36
12/26/2025,18731,401430,Pregnancy Test - Milk,Pregnant,0.918,130,35
12/26/2025,14424,401430,Pregnancy Test - Milk,Pregnant,0.363,140,39
12/26/2025,16161,401430,Pregnancy Test - Milk,Pregnant,1.479,128,35
12/26/2025,15334,401430,Pregnancy Test - Milk,Pregnant,0.684,105,36
12/26/2025,18180,401430,Pregnancy Test - Milk,Pregnant,0.453,143,71
12/26/2025,14048,401430,Pregnancy Test - Milk,Re-Check,0.162,142,72
12/26/2025,3338,401430,Pregnancy Test - Milk,Re-Check,0.244,190,71
12/26/2025,16938,401430,Pregnancy Test - Milk,Open,0.029,109,36
12/26/2025,17147,401430,Pregnancy Test - Milk,Pregnant,0.92,139,41
12/26/2025,3889,401430,Pregnancy Test - Milk,Pregnant,0.757,103,36
12/26/2025,18461,401430,Pregnancy Test - Milk,Pregnant,0.514,145,71
12/26/2025,13984,401430,Pregnancy Test - Milk,Pregnant,0.567,105,36
12/26/2025,19201,401430,Pregnancy Test - Milk,Pregnant,1.232,129,37
12/26/2025,19071,401430,Pregnancy Test - Milk,Pregnant,0.759,109,36
12/26/2025,15406,401430,Pregnancy Test - Milk,Pregnant,0.319,210,85
12/26/2025,16585,401430,Pregnancy Test - Milk,Pregnant,0.824,107,36
12/26/2025,20569,401430,Pregnancy Test - Milk,Pregnant,0.484,188,72
12/26/2025,18139,401430,Pregnancy Test - Milk,Pregnant,0.55,170,72
12/26/2025,14299,401430,Pregnancy Test - Milk,Pregnant,0.457,210,38
12/26/2025,17858,401430,Pregnancy Test - Milk,Pregnant,0.479,130,37
12/26/2025,18558,401430,Pregnancy Test - Milk,Open,0.011,171,0
12/26/2025,19019,401430,Pregnancy Test - Milk,Pregnant,0.255,145,71
12/26/2025,18726,401430,Pregnancy Test - Milk,Re-Check,0.221,142,71
12/26/2025,18766,401430,Pregnancy Test - Milk,Pregnant,1.13,151,78
12/26/2025,19004,401430,Pregnancy Test - Milk,Pregnant,0.69,140,42
12/26/2025,16616,401430,Pregnancy Test - Milk,Pregnant,0.672,105,36
12/26/2025,16405,401430,Pregnancy Test - Milk,Pregnant,0.45,107,36
12/26/2025,20942,401430,Pregnancy Test - Milk,Pregnant,0.84,161,85
12/26/2025,18630,401430,Pregnancy Test - Milk,Re-Check,0.221,142,71
12/26/2025,15143,401430,Pregnancy Test - Milk,Re-Check,0.245,104,36
12/26/2025,14976,401430,Pregnancy Test - Milk,Pregnant,0.491,104,36
12/26/2025,13828,401430,Pregnancy Test - Milk,Pregnant,0.568,112,36
12/26/2025,16042,401430,Pregnancy Test - Milk,Pregnant,0.318,228,73
12/26/2025,13181,401430,Pregnancy Test - Milk,Pregnant,0.458,280,39
12/26/2025,17229,401430,Pregnancy Test - Milk,Pregnant,1.137,368,76
12/26/2025,14775,401430,Pregnancy Test - Milk,Pregnant,0.7,112,36
12/26/2025,18509,401430,Pregnancy Test - Milk,Pregnant,0.61,145,71
12/26/2025,15169,401430,Pregnancy Test - Milk,Pregnant,0.696,102,36
12/26/2025,17584,401430,Pregnancy Test - Milk,Pregnant,0.708,313,71
12/26/2025,18738,401430,Pregnancy Test - Milk,Pregnant,1.211,107,36
12/26/2025,16349,401430,Pregnancy Test - Milk,Pregnant,1.077,147,71
12/26/2025,20193,401430,Pregnancy Test - Milk,Pregnant,1.053,214,71
12/26/2025,20872,401430,Pregnancy Test - Milk,Pregnant,0.533,142,71
12/26/2025,18692,401430,Pregnancy Test - Milk,Open,-0.033,219,36
12/26/2025,20661,401430,Pregnancy Test - Milk,Pregnant,0.691,167,38
12/26/2025,2387,401430,Pregnancy Test - Milk,Pregnant,0.819,177,39
12/31/2025,14589,401430,Pregnancy Test - Milk,Open,0.019,109,37
12/31/2025,11303,401430,Pregnancy Test - Milk,Pregnant,0.281,150,79
12/31/2025,14511,401430,Pregnancy Test - Milk,Pregnant,0.345,104,37
12/31/2025,13472,401430,Pregnancy Test - Milk,Pregnant,1.016,215,75
12/31/2025,15991,401430,Pregnancy Test - Milk,Pregnant,0.845,105,37
12/31/2025,16067,401430,Pregnancy Test - Milk,Pregnant,0.254,175,77
12/31/2025,16451,401430,Pregnancy Test - Milk,Pregnant,0.311,145,72
12/31/2025,14105,401430,Pregnancy Test - Milk,Re-Check,0.238,146,72
12/31/2025,12053,401430,Pregnancy Test - Milk,Open,-0.019,253,1
12/31/2025,14503,401430,Pregnancy Test - Milk,Pregnant,0.836,154,37
12/31/2025,19017,401430,Pregnancy Test - Milk,Pregnant,2.796,156,37
12/31/2025,18916,401430,Pregnancy Test - Milk,Pregnant,0.617,143,72
12/31/2025,12122,401430,Pregnancy Test - Milk,Pregnant,0.625,145,72
12/31/2025,16470,401430,Pregnancy Test - Milk,Pregnant,0.703,176,74
12/31/2025,5145,401430,Pregnancy Test - Milk,Open,0.007,158,37
12/31/2025,13987,401430,Pregnancy Test - Milk,Pregnant,0.632,109,37
12/31/2025,9190,401430,Pregnancy Test - Milk,Pregnant,0.972,154,37
12/31/2025,16773,401430,Pregnancy Test - Milk,Open,0.013,133,37
12/31/2025,16629,401430,Pregnancy Test - Milk,Pregnant,0.294,102,37
12/31/2025,5343,401430,Pregnancy Test - Milk,Pregnant,0.266,260,73
12/31/2025,11343,401430,Pregnancy Test - Milk,Pregnant,0.449,187,40
12/31/2025,13313,401430,Pregnancy Test - Milk,Open,-0.018,103,37
12/31/2025,12351,401430,Pregnancy Test - Milk,Pregnant,0.521,108,37
12/31/2025,8663,401430,Pregnancy Test - Milk,Open,0.041,191,77
12/31/2025,14106,401430,Pregnancy Test - Milk,Open,-0.013,178,74
12/31/2025,12650,401430,Pregnancy Test - Milk,Pregnant,0.702,136,40
12/31/2025,15293,401430,Pregnancy Test - Milk,Pregnant,0.978,105,37
12/31/2025,15975,401430,Pregnancy Test - Milk,Pregnant,0.642,129,35
12/31/2025,15577,401430,Pregnancy Test - Milk,Pregnant,0.624,128,39
12/31/2025,5274,401430,Pregnancy Test - Milk,Pregnant,0.347,175,74
12/31/2025,9714,401430,Pregnancy Test - Milk,Pregnant,0.658,104,37
12/31/2025,16707,401430,Pregnancy Test - Milk,Pregnant,1.284,174,80
12/31/2025,18273,401430,Pregnancy Test - Milk,Pregnant,0.551,182,38
12/31/2025,14387,401430,Pregnancy Test - Milk,Pregnant,0.329,163,37
12/31/2025,860,401430,Pregnancy Test - Milk,Pregnant,0.351,143,72
12/31/2025,5152,401430,Pregnancy Test - Milk,Open,-0.012,107,37
12/31/2025,13384,401430,Pregnancy Test - Milk,Pregnant,0.55,105,37
12/31/2025,15039,401430,Pregnancy Test - Milk,Open,0.014,131,36
12/31/2025,14365,401430,Pregnancy Test - Milk,Pregnant,0.337,145,72
12/31/2025,14145,401430,Pregnancy Test - Milk,Pregnant,0.814,102,37
12/31/2025,15525,401430,Pregnancy Test - Milk,Re-Check,0.221,151,79
12/31/2025,19024,401430,Pregnancy Test - Milk,Pregnant,0.306,152,79
12/31/2025,12660,401430,Pregnancy Test - Milk,Pregnant,0.271,134,42
12/31/2025,16523,401430,Pregnancy Test - Milk,Pregnant,0.703,145,72
12/31/2025,14075,401430,Pregnancy Test - Milk,Re-Check,0.133,144,72
12/31/2025,16289,401430,Pregnancy Test - Milk,Pregnant,0.253,176,74
12/31/2025,10374,401430,Pregnancy Test - Milk,Pregnant,0.304,109,37
12/31/2025,17703,401430,Pregnancy Test - Milk,Re-Check,0.17,158,37
12/31/2025,9378,401430,Pregnancy Test - Milk,Pregnant,0.496,341,35
12/31/2025,16027,401430,Pregnancy Test - Milk,Re-Check,0.167,142,72
12/31/2025,14840,401430,Pregnancy Test - Milk,Pregnant,0.634,103,37
12/31/2025,16624,401430,Pregnancy Test - Milk,Open,0.031,109,37
12/31/2025,13358,401430,Pregnancy Test - Milk,Pregnant,0.494,148,72
12/31/2025,16078,401430,Pregnancy Test - Milk,Open,-0.021,148,72
12/31/2025,13034,401430,Pregnancy Test - Milk,Pregnant,0.567,250,42
12/31/2025,15228,401430,Pregnancy Test - Milk,Pregnant,0.707,103,37
12/31/2025,18572,401430,Pregnancy Test - Milk,Re-Check,0.169,155,79
12/31/2025,13940,401430,Pregnancy Test - Milk,Re-Check,0.233,148,42
12/31/2025,18427,401430,Pregnancy Test - Milk,Pregnant,0.614,143,72
12/31/2025,13912,401430,Pregnancy Test - Milk,Pregnant,0.34,143,72
12/31/2025,15869,401430,Pregnancy Test - Milk,Pregnant,0.361,219,89
12/31/2025,18923,401430,Pregnancy Test - Milk,Pregnant,0.618,157,37
12/31/2025,12421,401430,Pregnancy Test - Milk,Pregnant,0.301,192,72
12/31/2025,14609,401430,Pregnancy Test - Milk,Pregnant,0.528,144,72
12/31/2025,5132,401430,Pregnancy Test - Milk,Pregnant,1.179,290,37
12/31/2025,15740,401430,Pregnancy Test - Milk,Pregnant,0.719,159,37
12/31/2025,18308,401430,Pregnancy Test - Milk,Pregnant,0.344,194,79
12/31/2025,12499,401430,Pregnancy Test - Milk,Re-Check,0.198,142,48
12/31/2025,14470,401430,Pregnancy Test - Milk,Re-Check,0.211,143,72
12/31/2025,15142,401430,Pregnancy Test - Milk,Pregnant,0.72,103,37
12/31/2025,30008,401430,Pregnancy Test - Milk,Pregnant,0.609,107,37
12/31/2025,18500,401430,Pregnancy Test - Milk,Re-Check,0.208,198,89
12/31/2025,13993,401430,Pregnancy Test - Milk,Pregnant,0.781,151,79
12/31/2025,16696,401430,Pregnancy Test - Milk,Open,0.012,107,37
12/31/2025,13542,401430,Pregnancy Test - Milk,Pregnant,1.412,297,37
12/31/2025,12652,401430,Pregnancy Test - Milk,Pregnant,0.674,176,76
12/31/2025,14721,401430,Pregnancy Test - Milk,Re-Check,0.227,147,72
12/31/2025,17381,401430,Pregnancy Test - Milk,Pregnant,0.377,108,37
12/31/2025,5091,401430,Pregnancy Test - Milk,Pregnant,0.609,240,37
12/31/2025,14827,401430,Pregnancy Test - Milk,Pregnant,0.765,107,37
12/31/2025,18268,401430,Pregnancy Test - Milk,Pregnant,0.346,144,72
12/31/2025,1438,401430,Pregnancy Test - Milk,Open,-0.019,107,37
12/31/2025,17455,401430,Pregnancy Test - Milk,Pregnant,0.971,233,41
12/31/2025,12517,401430,Pregnancy Test - Milk,Pregnant,0.433,152,79
12/31/2025,14071,401430,Pregnancy Test - Milk,Re-Check,0.145,146,72
12/31/2025,17344,401430,Pregnancy Test - Milk,Pregnant,0.635,332,36
12/31/2025,15383,401430,Pregnancy Test - Milk,Re-Check,0.234,185,77
12/31/2025,15988,401430,Pregnancy Test - Milk,Open,0.01,160,37
12/31/2025,18492,401430,Pregnancy Test - Milk,Pregnant,0.408,142,72
12/31/2025,17462,401430,Pregnancy Test - Milk,Pregnant,0.323,184,92
12/31/2025,12539,401430,Pregnancy Test - Milk,Re-Check,0.175,173,74
12/31/2025,18468,401430,Pregnancy Test - Milk,Pregnant,1.428,139,35
12/31/2025,18715,401430,Pregnancy Test - Milk,Pregnant,0.433,181,77
12/31/2025,10126,401430,Pregnancy Test - Milk,Pregnant,0.489,150,79
12/31/2025,16308,401430,Pregnancy Test - Milk,Open,0.003,144,72
12/31/2025,12401,401430,Pregnancy Test - Milk,Pregnant,0.298,171,76
12/31/2025,11345,401430,Pregnancy Test - Milk,Pregnant,0.938,201,35
12/31/2025,12487,401430,Pregnancy Test - Milk,Pregnant,0.861,108,37
12/31/2025,18725,401430,Pregnancy Test - Milk,Pregnant,0.661,154,79
12/31/2025,47729,401430,Pregnancy Test - Milk,Pregnant,0.837,247,40
12/31/2025,13474,401430,Pregnancy Test - Milk,Pregnant,0.307,202,79
12/31/2025,16918,401430,Pregnancy Test - Milk,Pregnant,1.139,103,37
01/02/2026,20537,401430,Pregnancy Test - Milk,Pregnant,0.4,152,79
01/02/2026,20246,401430,Pregnancy Test - Milk,Re-Check,0.217,212,78
01/02/2026,21032,401430,Pregnancy Test - Milk,Pregnant,0.344,168,50
01/02/2026,20623,401430,Pregnancy Test - Milk,Pregnant,0.393,170,81
01/02/2026,16709,401430,Pregnancy Test - Milk,Pregnant,0.507,118,44
01/02/2026,7786,401430,Pregnancy Test - Milk,Pregnant,0.908,106,36
01/02/2026,339,401430,Pregnancy Test - Milk,Pregnant,0.687,111,44
01/02/2026,21102,401430,Pregnancy Test - Milk,Pregnant,0.592,116,44
01/02/2026,20552,401430,Pregnancy Test - Milk,Open,-0.002,152,79
01/02/2026,20411,401430,Pregnancy Test - Milk,Pregnant,0.289,203,79
01/02/2026,18321,401430,Pregnancy Test - Milk,Pregnant,0.425,136,42
01/02/2026,20719,401430,Pregnancy Test - Milk,Pregnant,0.347,186,76
01/02/2026,3338,401430,Pregnancy Test - Milk,Re-Check,0.249,198,79
01/02/2026,20289,401430,Pregnancy Test - Milk,Pregnant,0.428,194,72
01/02/2026,20170,401430,Pregnancy Test - Milk,Pregnant,0.973,192,77
01/02/2026,7775,401430,Pregnancy Test - Milk,Open,0.039,105,36
01/02/2026,7725,401430,Pregnancy Test - Milk,Open,-0.039,103,37
01/02/2026,20813,401430,Pregnancy Test - Milk,Pregnant,1.037,105,36
01/02/2026,20978,401430,Pregnancy Test - Milk,Open,0,113,44
01/02/2026,20688,401430,Pregnancy Test - Milk,Pregnant,0.808,178,37
01/02/2026,19028,401430,Pregnancy Test - Milk,Pregnant,0.51,104,37
01/02/2026,21245,401430,Pregnancy Test - Milk,Pregnant,0.998,118,44
01/02/2026,18452,401430,Pregnancy Test - Milk,Pregnant,0.411,153,79
01/02/2026,20712,401430,Pregnancy Test - Milk,Pregnant,0.34,198,80
01/02/2026,18376,401430,Pregnancy Test - Milk,Re-Check,0.231,192,47
01/02/2026,20877,401430,Pregnancy Test - Milk,Pregnant,0.441,147,72
01/02/2026,18409,401430,Pregnancy Test - Milk,Pregnant,1.103,232,74
01/02/2026,18877,401430,Pregnancy Test - Milk,Re-Check,0.242,168,47
01/02/2026,18723,401430,Pregnancy Test - Milk,Re-Check,0.2,171,100
01/02/2026,12905,401430,Pregnancy Test - Milk,Pregnant,1.627,154,36
01/02/2026,20041,401430,Pregnancy Test - Milk,Pregnant,0.731,211,84
01/02/2026,7776,401430,Pregnancy Test - Milk,Open,-0.01,114,44
01/02/2026,19118,401430,Pregnancy Test - Milk,Pregnant,0.609,109,37
01/02/2026,21041,401430,Pregnancy Test - Milk,Pregnant,0.452,108,37
01/02/2026,18663,401430,Pregnancy Test - Milk,Pregnant,0.772,105,37
01/02/2026,15568,401430,Pregnancy Test - Milk,Re-Check,0.221,169,70
01/02/2026,20012,401430,Pregnancy Test - Milk,Pregnant,0.262,241,72
01/02/2026,18767,401430,Pregnancy Test - Milk,Pregnant,0.507,104,37
01/02/2026,18911,401430,Pregnancy Test - Milk,Pregnant,0.416,148,72
01/02/2026,20703,401430,Pregnancy Test - Milk,Pregnant,0.466,207,84
01/02/2026,21033,401430,Pregnancy Test - Milk,Pregnant,0.965,108,36
01/02/2026,15773,401430,Pregnancy Test - Milk,Pregnant,0.713,264,40
01/02/2026,20003,401430,Pregnancy Test - Milk,Open,-0.008,262,50
01/02/2026,20668,401430,Pregnancy Test - Milk,Pregnant,0.499,203,79
01/02/2026,20806,401430,Pregnancy Test - Milk,Pregnant,0.582,103,37
01/02/2026,20812,401430,Pregnancy Test - Milk,Pregnant,0.835,161,86
01/02/2026,20487,401430,Pregnancy Test - Milk,Pregnant,0.344,146,72
01/02/2026,20695,401430,Pregnancy Test - Milk,Pregnant,1.02,206,76
01/02/2026,16622,401430,Pregnancy Test - Milk,Pregnant,1.319,104,37
01/02/2026,16216,401430,Pregnancy Test - Milk,Re-Check,0.159,196,76
01/02/2026,18970,401430,Pregnancy Test - Milk,Pregnant,0.442,146,72
01/02/2026,3676,401430,Pregnancy Test - Milk,Re-Check,0.112,108,37
01/02/2026,18327,401430,Pregnancy Test - Milk,Re-Check,0.181,173,75
01/02/2026,16159,401430,Pregnancy Test - Milk,Pregnant,0.356,227,75
01/02/2026,2386,401430,Pregnancy Test - Milk,Open,-0.002,179,36
01/02/2026,913,401430,Pregnancy Test - Milk,Pregnant,0.296,116,44
01/02/2026,21132,401430,Pregnancy Test - Milk,Open,0.051,115,44
01/02/2026,15952,401430,Pregnancy Test - Milk,Pregnant,0.26,192,75
01/02/2026,1665,401430,Pregnancy Test - Milk,Re-Check,0.178,208,81
01/02/2026,921,401430,Pregnancy Test - Milk,Open,0.002,117,44
01/02/2026,21012,401430,Pregnancy Test - Milk,Open,-0.013,105,37
01/02/2026,18808,401430,Pregnancy Test - Milk,Re-Check,0.174,154,79
01/02/2026,19183,401430,Pregnancy Test - Milk,Pregnant,0.277,162,86
01/02/2026,18726,401430,Pregnancy Test - Milk,Re-Check,0.153,150,79
01/02/2026,19098,401430,Pregnancy Test - Milk,Pregnant,0.319,148,72
01/02/2026,18695,401430,Pregnancy Test - Milk,Pregnant,0.821,206,77
01/02/2026,16815,401430,Pregnancy Test - Milk,Re-Check,0.112,170,39
01/02/2026,14016,401430,Pregnancy Test - Milk,Open,0.063,326,39
01/02/2026,20733,401430,Pregnancy Test - Milk,Pregnant,0.564,172,40
01/02/2026,18834,401430,Pregnancy Test - Milk,Pregnant,0.735,109,37
01/02/2026,10468,401430,Pregnancy Test - Milk,Re-Check,0.106,152,79
01/02/2026,17059,401430,Pregnancy Test - Milk,Pregnant,0.279,155,79
01/02/2026,20995,401430,Pregnancy Test - Milk,Pregnant,0.638,128,37
01/02/2026,12730,401430,Pregnancy Test - Milk,Pregnant,0.256,197,40
01/02/2026,7663,401430,Pregnancy Test - Milk,Open,0.001,300,37
01/02/2026,15761,401430,Pregnancy Test - Milk,Pregnant,1.05,188,75
01/02/2026,16108,401430,Pregnancy Test - Milk,Pregnant,0.377,193,73
01/02/2026,12605,401430,Pregnancy Test - Milk,Pregnant,0.488,127,36
01/02/2026,20886,401430,Pregnancy Test - Milk,Pregnant,0.558,148,78
01/02/2026,20147,401430,Pregnancy Test - Milk,Pregnant,0.555,265,45
01/02/2026,18973,401430,Pregnancy Test - Milk,Pregnant,0.417,107,37
01/02/2026,20665,401430,Pregnancy Test - Milk,Pregnant,1.214,157,86
01/02/2026,7769,401430,Pregnancy Test - Milk,Open,-0.011,103,36
01/02/2026,18655,401430,Pregnancy Test - Milk,Pregnant,0.283,149,41
01/02/2026,15995,401430,Pregnancy Test - Milk,Pregnant,0.31,163,92
01/02/2026,18604,401430,Pregnancy Test - Milk,Pregnant,0.607,205,86
01/02/2026,20858,401430,Pregnancy Test - Milk,Pregnant,0.691,128,38
01/02/2026,16092,401430,Pregnancy Test - Milk,Re-Check,0.171,142,72
01/02/2026,16893,401430,Pregnancy Test - Milk,Pregnant,0.796,109,37
01/02/2026,18298,401430,Pregnancy Test - Milk,Pregnant,0.435,256,73
01/02/2026,19085,401430,Pregnancy Test - Milk,Re-Check,0.188,151,78
01/02/2026,1530,401430,Pregnancy Test - Milk,Pregnant,2.658,101,36
01/02/2026,20169,401430,Pregnancy Test - Milk,Pregnant,0.546,259,37
01/02/2026,18479,401430,Pregnancy Test - Milk,Pregnant,0.931,151,78
01/02/2026,17357,401430,Pregnancy Test - Milk,Pregnant,0.511,316,72
01/02/2026,14300,401430,Pregnancy Test - Milk,Pregnant,0.544,104,36
01/02/2026,18722,401430,Pregnancy Test - Milk,Pregnant,0.708,172,37
01/02/2026,20696,401430,Pregnancy Test - Milk,Pregnant,1.225,188,37
01/02/2026,16522,401430,Pregnancy Test - Milk,Pregnant,0.306,148,78
01/02/2026,20673,401430,Pregnancy Test - Milk,Open,0.077,160,37
01/02/2026,20230,401430,Pregnancy Test - Milk,Pregnant,1.231,176,40
01/02/2026,21216,401430,Pregnancy Test - Milk,Pregnant,0.657,103,37
01/02/2026,20808,401430,Pregnancy Test - Milk,Open,0.013,102,37
01/02/2026,20775,401430,Pregnancy Test - Milk,Pregnant,0.738,193,42
01/02/2026,19202,401430,Pregnancy Test - Milk,Pregnant,0.417,110,44
01/02/2026,14747,401430,Pregnancy Test - Milk,Open,-0.016,101,36
01/02/2026,15434,401430,Pregnancy Test - Milk,Pregnant,0.465,241,82
01/02/2026,13159,401430,Pregnancy Test - Milk,Pregnant,1.082,107,36
01/02/2026,7777,401430,Pregnancy Test - Milk,Pregnant,0.936,106,36
01/02/2026,20697,401430,Pregnancy Test - Milk,Pregnant,0.816,161,40
01/02/2026,12795,401430,Pregnancy Test - Milk,Pregnant,0.502,176,106
01/02/2026,7720,401430,Pregnancy Test - Milk,Open,0.018,111,44
01/02/2026,18704,401430,Pregnancy Test - Milk,Re-Check,0.193,147,46
01/02/2026,21055,401430,Pregnancy Test - Milk,Open,0.05,113,44
01/02/2026,18313,401430,Pregnancy Test - Milk,Open,0.007,132,1
01/02/2026,15123,401430,Pregnancy Test - Milk,Pregnant,0.438,107,37
01/02/2026,20762,401430,Pregnancy Test - Milk,Pregnant,0.338,144,72
01/02/2026,18023,401430,Pregnancy Test - Milk,Pregnant,0.403,105,37
01/02/2026,16864,401430,Pregnancy Test - Milk,Pregnant,0.309,139,38
01/02/2026,15653,401430,Pregnancy Test - Milk,Pregnant,0.355,219,74
01/02/2026,13986,401430,Pregnancy Test - Milk,Re-Check,0.169,201,74
01/02/2026,17955,401430,Pregnancy Test - Milk,Re-Check,0.224,264,73
01/02/2026,7731,401430,Pregnancy Test - Milk,Pregnant,0.274,105,36
01/02/2026,18587,401430,Pregnancy Test - Milk,Pregnant,0.35,152,78
01/02/2026,7707,401430,Pregnancy Test - Milk,Open,0.009,205,36
01/02/2026,2163,401430,Pregnancy Test - Milk,Pregnant,0.335,192,79
01/02/2026,18658,401430,Pregnancy Test - Milk,Pregnant,1.337,107,37
01/02/2026,2663,401430,Pregnancy Test - Milk,Pregnant,0.484,176,36
01/02/2026,20919,401430,Pregnancy Test - Milk,Pregnant,1.018,147,72
01/02/2026,20819,401430,Pregnancy Test - Milk,Open,0.082,145,72
01/02/2026,13734,401430,Pregnancy Test - Milk,Pregnant,0.894,214,41
01/02/2026,14680,401430,Pregnancy Test - Milk,Pregnant,0.313,109,37
01/02/2026,16357,401430,Pregnancy Test - Milk,Pregnant,0.463,153,78
01/02/2026,18688,401430,Pregnancy Test - Milk,Pregnant,0.549,101,36
01/02/2026,17615,401430,Pregnancy Test - Milk,Re-Check,0.205,227,36
01/02/2026,19306,401430,Pregnancy Test - Milk,Pregnant,0.864,104,37
01/02/2026,19097,401430,Pregnancy Test - Milk,Pregnant,0.369,159,86
01/02/2026,20100,401430,Pregnancy Test - Milk,Pregnant,0.409,288,47
01/02/2026,20997,401430,Pregnancy Test - Milk,Pregnant,0.632,109,37
01/02/2026,20721,401430,Pregnancy Test - Milk,Pregnant,0.39,170,47
01/02/2026,17326,401430,Pregnancy Test - Milk,Re-Check,0.119,168,40
01/02/2026,14625,401430,Pregnancy Test - Milk,Open,-0.014,109,37
01/02/2026,814119,401430,Pregnancy Test - Milk,Pregnant,0.364,241,85
01/02/2026,21057,401430,Pregnancy Test - Milk,Pregnant,0.86,106,37
01/02/2026,20196,401430,Pregnancy Test - Milk,Pregnant,0.523,182,77
01/02/2026,20198,401430,Pregnancy Test - Milk,Re-Check,0.24,196,73
01/02/2026,3419,401430,Pregnancy Test - Milk,Pregnant,0.395,144,72
01/02/2026,20892,401430,Pregnancy Test - Milk,Pregnant,1.244,156,1
01/02/2026,18874,401430,Pregnancy Test - Milk,Pregnant,0.373,144,74
01/02/2026,7723,401430,Pregnancy Test - Milk,Pregnant,0.277,118,44
01/02/2026,19709,401430,Pregnancy Test - Milk,Pregnant,0.289,347,75
01/02/2026,18414,401430,Pregnancy Test - Milk,Re-Check,0.169,262,82
01/02/2026,18630,401430,Pregnancy Test - Milk,Re-Check,0.24,150,79
01/02/2026,12913,401430,Pregnancy Test - Milk,Re-Check,0.195,363,76
01/02/2026,16218,401430,Pregnancy Test - Milk,Pregnant,0.405,104,37
01/02/2026,18689,401430,Pregnancy Test - Milk,Pregnant,0.53,236,90
01/02/2026,20706,401430,Pregnancy Test - Milk,Pregnant,0.882,210,38
01/02/2026,18852,401430,Pregnancy Test - Milk,Pregnant,0.336,203,85
01/02/2026,21051,401430,Pregnancy Test - Milk,Pregnant,0.682,104,37
01/02/2026,21023,401430,Pregnancy Test - Milk,Re-Check,0.182,147,72
01/02/2026,14738,401430,Pregnancy Test - Milk,Pregnant,0.278,192,76
01/02/2026,18552,401430,Pregnancy Test - Milk,Pregnant,0.318,152,78
01/02/2026,19298,401430,Pregnancy Test - Milk,Pregnant,0.458,149,78
01/02/2026,18823,401430,Pregnancy Test - Milk,Pregnant,0.364,236,78
01/02/2026,20851,401430,Pregnancy Test - Milk,Pregnant,0.635,148,78
01/02/2026,19009,401430,Pregnancy Test - Milk,Open,-0.007,146,47
01/02/2026,20711,401430,Pregnancy Test - Milk,Pregnant,0.685,184,36
01/02/2026,20270,401430,Pregnancy Test - Milk,Pregnant,0.73,218,72
01/02/2026,20956,401430,Pregnancy Test - Milk,Pregnant,1.187,117,46
01/02/2026,20809,401430,Pregnancy Test - Milk,Pregnant,1.035,192,40
01/02/2026,21013,401430,Pregnancy Test - Milk,Pregnant,0.632,131,37
01/02/2026,3659,401430,Pregnancy Test - Milk,Re-Check,0.175,149,41
01/02/2026,20588,401430,Pregnancy Test - Milk,Pregnant,0.796,202,86
01/02/2026,20450,401430,Pregnancy Test - Milk,Pregnant,0.383,211,78
01/02/2026,18909,401430,Pregnancy Test - Milk,Pregnant,1.275,171,80
01/02/2026,19222,401430,Pregnancy Test - Milk,Pregnant,1.029,102,36
01/02/2026,15628,401430,Pregnancy Test - Milk,Pregnant,0.622,247,36
01/02/2026,19066,401430,Pregnancy Test - Milk,Pregnant,0.488,104,37
01/02/2026,18758,401430,Pregnancy Test - Milk,Pregnant,0.895,159,86
01/02/2026,920,401430,Pregnancy Test - Milk,Pregnant,0.398,113,44
01/02/2026,20920,401430,Pregnancy Test - Milk,Pregnant,0.617,114,44
01/02/2026,21100,401430,Pregnancy Test - Milk,Pregnant,0.625,109,37
01/02/2026,18361,401430,Pregnancy Test - Milk,Pregnant,0.897,115,39
01/02/2026,20223,401430,Pregnancy Test - Milk,Pregnant,1.988,226,84
01/02/2026,19157,401430,Pregnancy Test - Milk,Open,0.004,161,86
01/02/2026,30013,401430,Pregnancy Test - Milk,Pregnant,1.107,102,37
01/02/2026,18157,401430,Pregnancy Test - Milk,Re-Check,0.227,249,78
01/02/2026,19552,401430,Pregnancy Test - Milk,Open,-0.001,326,45
01/02/2026,17673,401430,Pregnancy Test - Milk,Re-Check,0.16,195,72
01/02/2026,20766,401430,Pregnancy Test - Milk,Pregnant,0.547,148,78
01/02/2026,20816,401430,Pregnancy Test - Milk,Pregnant,0.65,151,78
01/02/2026,18544,401430,Pregnancy Test - Milk,Pregnant,0.507,233,78
01/02/2026,21061,401430,Pregnancy Test - Milk,Pregnant,0.606,146,37
01/02/2026,21015,401430,Pregnancy Test - Milk,Pregnant,1.047,110,44
01/02/2026,18430,401430,Pregnancy Test - Milk,Pregnant,0.29,146,72
01/02/2026,20873,401430,Pregnancy Test - Milk,Re-Check,0.189,146,72
01/02/2026,17925,401430,Pregnancy Test - Milk,Re-Check,0.125,199,38
01/02/2026,13851,401430,Pregnancy Test - Milk,Pregnant,0.377,165,38
01/02/2026,20151,401430,Pregnancy Test - Milk,Pregnant,0.611,278,38
01/02/2026,20642,401430,Pregnancy Test - Milk,Open,0.064,171,43
01/02/2026,2346,401430,Pregnancy Test - Milk,Pregnant,0.252,281,78
01/02/2026,15353,401430,Pregnancy Test - Milk,Pregnant,0.803,276,79
01/02/2026,20443,401430,Pregnancy Test - Milk,Pregnant,1.041,160,86
01/02/2026,18216,401430,Pregnancy Test - Milk,Pregnant,0.605,149,79
01/02/2026,18832,401430,Pregnancy Test - Milk,Pregnant,0.265,159,83
01/02/2026,20836,401430,Pregnancy Test - Milk,Pregnant,0.921,115,44
01/02/2026,19093,401430,Pregnancy Test - Milk,Pregnant,0.356,160,86
01/02/2026,20477,401430,Pregnancy Test - Milk,Pregnant,0.731,102,37
01/02/2026,11875,401430,Pregnancy Test - Milk,Pregnant,0.557,266,37
01/02/2026,20795,401430,Pregnancy Test - Milk,Pregnant,0.962,150,78
01/02/2026,20884,401430,Pregnancy Test - Milk,Open,-0.008,104,37
01/02/2026,2171,401430,Pregnancy Test - Milk,Open,0.023,166,37
01/02/2026,18254,401430,Pregnancy Test - Milk,Re-Check,0.213,208,47
01/02/2026,20654,401430,Pregnancy Test - Milk,Pregnant,0.762,114,44
01/02/2026,21120,401430,Pregnancy Test - Milk,Pregnant,1.648,109,37
01/02/2026,18605,401430,Pregnancy Test - Milk,Pregnant,0.583,121,41
01/02/2026,15918,401430,Pregnancy Test - Milk,Pregnant,0.347,104,37
01/02/2026,12752,401430,Pregnancy Test - Milk,Re-Check,0.17,164,95
01/02/2026,19251,401430,Pregnancy Test - Milk,Pregnant,1.16,104,36
01/02/2026,21121,401430,Pregnancy Test - Milk,Open,-0.001,119,44
01/02/2026,20747,401430,Pregnancy Test - Milk,Pregnant,0.535,176,39
01/02/2026,20550,401430,Pregnancy Test - Milk,Open,-0.013,172,81
01/02/2026,20944,401430,Pregnancy Test - Milk,Pregnant,0.489,185,41
01/02/2026,18922,401430,Pregnancy Test - Milk,Pregnant,0.317,111,44
01/02/2026,20969,401430,Pregnancy Test - Milk,Pregnant,1.035,118,44
01/02/2026,17487,401430,Pregnancy Test - Milk,Re-Check,0.237,267,39
01/02/2026,20690,401430,Pregnancy Test - Milk,Re-Check,0.197,171,78
01/02/2026,18670,401430,Pregnancy Test - Milk,Pregnant,0.499,212,39
01/02/2026,20986,401430,Pregnancy Test - Milk,Pregnant,1.309,103,37
01/02/2026,10993,401430,Pregnancy Test - Milk,Open,-0.012,104,37
01/02/2026,20334,401430,Pregnancy Test - Milk,Pregnant,0.553,230,46
01/02/2026,18881,401430,Pregnancy Test - Milk,Open,0.056,169,72
01/02/2026,20134,401430,Pregnancy Test - Milk,Pregnant,0.743,203,84
01/02/2026,15254,401430,Pregnancy Test - Milk,Pregnant,0.526,282,82
01/02/2026,20482,401430,Pregnancy Test - Milk,Pregnant,0.537,191,80
01/02/2026,7767,401430,Pregnancy Test - Milk,Pregnant,1.056,102,36
01/02/2026,20710,401430,Pregnancy Test - Milk,Pregnant,0.363,160,48
01/02/2026,336,401430,Pregnancy Test - Milk,Pregnant,0.367,115,1
01/02/2026,19061,401430,Pregnancy Test - Milk,Pregnant,0.722,175,82
01/02/2026,20352,401430,Pregnancy Test - Milk,Pregnant,0.925,180,85
01/02/2026,18398,401430,Pregnancy Test - Milk,Pregnant,0.626,193,36
01/02/2026,14048,401430,Pregnancy Test - Milk,Open,0.071,150,80
01/02/2026,2267,401430,Pregnancy Test - Milk,Pregnant,0.349,212,76
01/02/2026,17731,401430,Pregnancy Test - Milk,Pregnant,0.336,306,78
01/02/2026,18332,401430,Pregnancy Test - Milk,Pregnant,0.536,199,73
01/08/2026,19279,401430,Pregnancy Test - Milk,Pregnant,0.864,106,35
01/08/2026,3676,401430,Pregnancy Test - Milk,Open,0.038,113,42
01/08/2026,20462,401430,Pregnancy Test - Milk,Pregnant,1.288,195,72
01/08/2026,18645,401430,Pregnancy Test - Milk,Pregnant,0.386,146,70
01/08/2026,15378,401430,Pregnancy Test - Milk,Pregnant,0.439,334,71
01/08/2026,15976,401430,Pregnancy Test - Milk,Pregnant,0.987,104,35
01/08/2026,21251,401430,Pregnancy Test - Milk,Open,-0.013,105,35
01/08/2026,18454,401430,Pregnancy Test - Milk,Pregnant,0.536,224,71
01/08/2026,15027,401430,Pregnancy Test - Milk,Pregnant,0.679,101,35
01/08/2026,17387,401430,Pregnancy Test - Milk,Pregnant,0.49,218,71
01/08/2026,18714,401430,Pregnancy Test - Milk,Pregnant,0.442,175,76
01/08/2026,16986,401430,Pregnancy Test - Milk,Pregnant,0.595,105,35
01/08/2026,14979,401430,Pregnancy Test - Milk,Pregnant,0.377,144,70
01/08/2026,19192,401430,Pregnancy Test - Milk,Pregnant,1.295,101,35
01/08/2026,15639,401430,Pregnancy Test - Milk,Open,-0.004,261,35
01/08/2026,16388,401430,Pregnancy Test - Milk,Pregnant,1.201,100,35
01/08/2026,9869,401430,Pregnancy Test - Milk,Pregnant,0.354,105,35
01/08/2026,9708,401430,Pregnancy Test - Milk,Pregnant,0.258,145,70
01/08/2026,15525,401430,Pregnancy Test - Milk,Pregnant,0.349,156,84
01/08/2026,18920,401430,Pregnancy Test - Milk,Re-Check,0.22,144,70
01/08/2026,13940,401430,Pregnancy Test - Milk,Re-Check,0.192,153,47
01/08/2026,20727,401430,Pregnancy Test - Milk,Pregnant,1.367,104,35
01/08/2026,17110,401430,Pregnancy Test - Milk,Pregnant,0.833,102,35
01/08/2026,9289,401430,Pregnancy Test - Milk,Pregnant,0.421,144,70
01/08/2026,11755,401430,Pregnancy Test - Milk,Pregnant,0.276,254,70
01/08/2026,16581,401430,Pregnancy Test - Milk,Pregnant,0.396,191,70
01/08/2026,15383,401430,Pregnancy Test - Milk,Pregnant,0.335,190,82
01/08/2026,17919,401430,Pregnancy Test - Milk,Pregnant,0.506,228,70
01/08/2026,20221,401430,Pregnancy Test - Milk,Pregnant,0.565,190,75
01/08/2026,20557,401430,Pregnancy Test - Milk,Pregnant,0.685,161,40
01/08/2026,20873,401430,Pregnancy Test - Milk,Re-Check,0.245,151,77
01/08/2026,16216,401430,Pregnancy Test - Milk,Pregnant,0.29,201,81
01/08/2026,16298,401430,Pregnancy Test - Milk,Pregnant,1.379,193,38
01/08/2026,17476,401430,Pregnancy Test - Milk,Pregnant,0.409,377,76
01/08/2026,17612,401430,Pregnancy Test - Milk,Pregnant,0.996,276,73
01/08/2026,18476,401430,Pregnancy Test - Milk,Pregnant,0.35,142,71
01/08/2026,10490,401430,Pregnancy Test - Milk,Pregnant,0.275,172,72
01/08/2026,15576,401430,Pregnancy Test - Milk,Pregnant,0.341,252,71
01/08/2026,16278,401430,Pregnancy Test - Milk,Pregnant,2.776,106,35
01/08/2026,17487,401430,Pregnancy Test - Milk,Re-Check,0.178,272,44
01/08/2026,18877,401430,Pregnancy Test - Milk,Re-Check,0.162,173,52
01/08/2026,17326,401430,Pregnancy Test - Milk,Not Tested,,173,45
01/08/2026,18414,401430,Pregnancy Test - Milk,Pregnant,0.419,267,87
01/08/2026,16092,401430,Pregnancy Test - Milk,Re-Check,0.197,147,77
01/08/2026,16503,401430,Pregnancy Test - Milk,Pregnant,0.324,105,35
01/08/2026,15339,401430,Pregnancy Test - Milk,Pregnant,1.394,105,35
01/08/2026,18442,401430,Pregnancy Test - Milk,Pregnant,0.424,216,74
01/08/2026,18914,401430,Pregnancy Test - Milk,Open,0.002,103,0
01/08/2026,18376,401430,Pregnancy Test - Milk,Re-Check,0.192,197,52
01/08/2026,10468,401430,Pregnancy Test - Milk,Re-Check,0.207,157,84
01/08/2026,17410,401430,Pregnancy Test - Milk,Re-Check,0.181,367,73
01/08/2026,16859,401430,Pregnancy Test - Milk,Pregnant,0.659,134,39
01/08/2026,10669,401430,Pregnancy Test - Milk,Open,0.014,237,36
01/08/2026,20246,401430,Pregnancy Test - Milk,Pregnant,0.287,217,83
01/08/2026,17286,401430,Pregnancy Test - Milk,Open,0.047,121,49
01/08/2026,18630,401430,Pregnancy Test - Milk,Pregnant,0.405,155,84
01/08/2026,16947,401430,Pregnancy Test - Milk,Pregnant,2.45,104,35
01/08/2026,18576,401430,Pregnancy Test - Milk,Pregnant,0.563,194,40
01/08/2026,17482,401430,Pregnancy Test - Milk,Pregnant,0.586,369,72
01/08/2026,14614,401430,Pregnancy Test - Milk,Pregnant,0.648,106,35
01/08/2026,13395,401430,Pregnancy Test - Milk,Re-Check,0.191,146,70
01/08/2026,15814,401430,Pregnancy Test - Milk,Pregnant,0.404,241,70
01/08/2026,18770,401430,Pregnancy Test - Milk,Pregnant,0.309,206,74
01/08/2026,10978,401430,Pregnancy Test - Milk,Open,0.01,100,35
01/08/2026,21078,401430,Pregnancy Test - Milk,Open,0.004,129,39
01/08/2026,18704,401430,Pregnancy Test - Milk,Re-Check,0.21,152,51
01/08/2026,20207,401430,Pregnancy Test - Milk,Pregnant,0.731,194,73
01/08/2026,16588,401430,Pregnancy Test - Milk,Pregnant,0.75,106,35
01/08/2026,11216,401430,Pregnancy Test - Milk,Pregnant,0.848,155,37
01/08/2026,12352,401430,Pregnancy Test - Milk,Re-Check,0.158,140,70
01/08/2026,17616,401430,Pregnancy Test - Milk,Open,0.001,248,35
01/08/2026,18808,401430,Pregnancy Test - Milk,Re-Check,0.22,159,84
01/08/2026,18723,401430,Pregnancy Test - Milk,Pregnant,0.323,176,105
01/08/2026,17955,401430,Pregnancy Test - Milk,Pregnant,0.36,269,78
01/08/2026,12499,401430,Pregnancy Test - Milk,Pregnant,0.429,147,53
01/08/2026,18500,401430,Pregnancy Test - Milk,Pregnant,0.278,203,94
01/08/2026,20962,401430,Pregnancy Test - Milk,Pregnant,1.082,129,34
01/08/2026,12518,401430,Pregnancy Test - Milk,Pregnant,0.491,146,70
01/08/2026,20784,401430,Pregnancy Test - Milk,Open,-0.005,155,35
01/08/2026,20344,401430,Pregnancy Test - Milk,Pregnant,1.507,205,35
01/08/2026,18675,401430,Pregnancy Test - Milk,Pregnant,0.784,172,76
01/08/2026,7659,401430,Pregnancy Test - Milk,Pregnant,0.421,349,76
01/08/2026,17502,401430,Pregnancy Test - Milk,Pregnant,0.429,233,75
01/08/2026,3909,401430,Pregnancy Test - Milk,Re-Check,0.189,100,35
01/08/2026,3345,401430,Pregnancy Test - Milk,Pregnant,0.523,174,74
01/08/2026,984,401430,Pregnancy Test - Milk,Pregnant,0.325,235,38
01/08/2026,18293,401430,Pregnancy Test - Milk,Pregnant,0.709,167,72
01/08/2026,15768,401430,Pregnancy Test - Milk,Pregnant,0.559,103,35
01/08/2026,16416,401430,Pregnancy Test - Milk,Pregnant,0.626,175,75
01/08/2026,14087,401430,Pregnancy Test - Milk,Pregnant,0.628,142,70
01/08/2026,16896,401430,Pregnancy Test - Milk,Re-Check,0.233,162,70
01/08/2026,11656,401430,Pregnancy Test - Milk,Pregnant,0.574,186,35
01/08/2026,12539,401430,Pregnancy Test - Milk,Pregnant,0.282,178,79
01/08/2026,20950,401430,Pregnancy Test - Milk,Open,0.033,102,35
01/08/2026,13986,401430,Pregnancy Test - Milk,Pregnant,0.262,206,79
01/08/2026,17925,401430,Pregnancy Test - Milk,Re-Check,0.145,204,43
01/08/2026,15568,401430,Pregnancy Test - Milk,Re-Check,0.239,174,75
01/08/2026,12752,401430,Pregnancy Test - Milk,Pregnant,0.321,169,100
01/08/2026,18572,401430,Pregnancy Test - Milk,Pregnant,0.309,160,84
01/08/2026,16553,401430,Pregnancy Test - Milk,Re-Check,0.182,144,70
01/08/2026,14629,401430,Pregnancy Test - Milk,Pregnant,0.483,104,35
01/08/2026,18254,401430,Pregnancy Test - Milk,Re-Check,0.245,213,52
01/08/2026,20982,401430,Pregnancy Test - Milk,Pregnant,1.427,150,39
01/08/2026,10594,401430,Pregnancy Test - Milk,Pregnant,1.262,106,35
01/08/2026,20529,401430,Pregnancy Test - Milk,Pregnant,0.287,169,71
01/08/2026,12913,401430,Pregnancy Test - Milk,Re-Check,0.219,368,81
01/08/2026,9438,401430,Pregnancy Test - Milk,Pregnant,0.711,248,37
01/08/2026,14721,401430,Pregnancy Test - Milk,Pregnant,0.401,152,77
01/08/2026,17819,401430,Pregnancy Test - Milk,Pregnant,0.811,202,73
01/08/2026,15060,401430,Pregnancy Test - Milk,Pregnant,0.794,104,35
01/08/2026,16027,401430,Pregnancy Test - Milk,Pregnant,0.311,147,77
01/08/2026,2151,401430,Pregnancy Test - Milk,Pregnant,0.484,203,72
01/08/2026,16935,401430,Pregnancy Test - Milk,Pregnant,0.388,144,70
01/08/2026,813539,401430,Pregnancy Test - Milk,Pregnant,0.414,248,51
01/08/2026,17890,401430,Pregnancy Test - Milk,Pregnant,1.024,238,39
01/08/2026,18327,401430,Pregnancy Test - Milk,Pregnant,0.294,178,80
01/08/2026,20730,401430,Pregnancy Test - Milk,Open,0.05,173,38
01/08/2026,17719,401430,Pregnancy Test - Milk,Re-Check,0.223,267,72
01/08/2026,17673,401430,Pregnancy Test - Milk,Pregnant,0.363,200,77
01/08/2026,15382,401430,Pregnancy Test - Milk,Open,-0.012,216,0
01/08/2026,18451,401430,Pregnancy Test - Milk,Pregnant,0.793,223,39
01/08/2026,18397,401430,Pregnancy Test - Milk,Pregnant,0.367,162,70
01/08/2026,10186,401430,Pregnancy Test - Milk,Pregnant,0.682,145,70
01/08/2026,19074,401430,Pregnancy Test - Milk,Pregnant,0.972,145,70
01/08/2026,14599,401430,Pregnancy Test - Milk,Pregnant,0.489,145,70
01/08/2026,14568,401430,Pregnancy Test - Milk,Pregnant,0.437,100,35
01/08/2026,20595,401430,Pregnancy Test - Milk,Pregnant,0.451,228,71
01/08/2026,16530,401430,Pregnancy Test - Milk,Pregnant,1.127,105,35
01/08/2026,20690,401430,Pregnancy Test - Milk,Pregnant,0.368,176,83
01/08/2026,21023,401430,Pregnancy Test - Milk,Re-Check,0.129,152,77
01/08/2026,18822,401430,Pregnancy Test - Milk,Pregnant,1.05,104,35
01/08/2026,20131,401430,Pregnancy Test - Milk,Pregnant,0.829,211,35
01/08/2026,21035,401430,Pregnancy Test - Milk,Pregnant,0.35,106,35
01/08/2026,18855,401430,Pregnancy Test - Milk,Pregnant,0.803,158,35
01/08/2026,16705,401430,Pregnancy Test - Milk,Open,0.008,106,35
01/08/2026,10461,401430,Pregnancy Test - Milk,Re-Check,0.248,142,70
01/08/2026,14058,401430,Pregnancy Test - Milk,Re-Check,0.22,141,70
01/08/2026,19208,401430,Pregnancy Test - Milk,Pregnant,1.293,104,35
01/08/2026,1554,401430,Pregnancy Test - Milk,Pregnant,1.045,104,35
01/08/2026,16958,401430,Pregnancy Test - Milk,Pregnant,0.702,100,35
01/08/2026,18791,401430,Pregnancy Test - Milk,Pregnant,0.598,100,35
01/08/2026,18157,401430,Pregnancy Test - Milk,Pregnant,0.485,254,83
01/08/2026,20198,401430,Pregnancy Test - Milk,Pregnant,0.453,201,78
01/08/2026,20999,401430,Pregnancy Test - Milk,Pregnant,0.732,104,35
01/08/2026,21113,401430,Pregnancy Test - Milk,Pregnant,1.38,105,35
01/08/2026,17917,401430,Pregnancy Test - Milk,Pregnant,0.561,265,36
01/08/2026,15452,401430,Pregnancy Test - Milk,Re-Check,0.206,310,76
01/08/2026,16694,401430,Pregnancy Test - Milk,Pregnant,0.929,101,35
01/08/2026,16443,401430,Pregnancy Test - Milk,Re-Check,0.137,163,35
01/08/2026,14988,401430,Pregnancy Test - Milk,Pregnant,0.332,105,35
01/08/2026,12161,401430,Pregnancy Test - Milk,Re-Check,0.209,102,35
01/08/2026,18164,401430,Pregnancy Test - Milk,Pregnant,0.994,230,38
01/08/2026,15978,401430,Pregnancy Test - Milk,Pregnant,0.475,165,70
01/08/2026,16815,401430,Pregnancy Test - Milk,Re-Check,0.108,175,44
01/08/2026,17113,401430,Pregnancy Test - Milk,Pregnant,0.739,101,35
01/08/2026,20452,401430,Pregnancy Test - Milk,Pregnant,1.192,176,71
01/08/2026,15945,401430,Pregnancy Test - Milk,Pregnant,0.452,104,35
01/08/2026,1459,401430,Pregnancy Test - Milk,Pregnant,0.898,103,35
01/08/2026,14276,401430,Pregnancy Test - Milk,Open,0.034,141,70
01/08/2026,16823,401430,Pregnancy Test - Milk,Pregnant,0.679,103,35
01/08/2026,10271,401430,Pregnancy Test - Milk,Pregnant,0.803,286,35
01/08/2026,14831,401430,Pregnancy Test - Milk,Pregnant,0.558,100,35
01/08/2026,14105,401430,Pregnancy Test - Milk,Re-Check,0.233,151,77
01/08/2026,14031,401430,Pregnancy Test - Milk,Pregnant,0.275,144,70
01/08/2026,20313,401430,Pregnancy Test - Milk,Pregnant,0.804,243,37
01/08/2026,21242,401430,Pregnancy Test - Milk,Pregnant,1.168,100,35
01/08/2026,17002,401430,Pregnancy Test - Milk,Pregnant,0.818,103,35
01/08/2026,3249,401430,Pregnancy Test - Milk,Pregnant,0.402,206,35
01/08/2026,18466,401430,Pregnancy Test - Milk,Re-Check,0.168,101,35
01/08/2026,3659,401430,Pregnancy Test - Milk,Re-Check,0.155,154,46
01/08/2026,3338,401430,Pregnancy Test - Milk,Pregnant,0.335,203,84
01/08/2026,18818,401430,Pregnancy Test - Milk,Pregnant,0.389,169,75
01/08/2026,16722,401430,Pregnancy Test - Milk,Pregnant,1.466,106,35
01/08/2026,18240,401430,Pregnancy Test - Milk,Open,0.026,100,35
01/08/2026,13319,401430,Pregnancy Test - Milk,Pregnant,1.162,105,35
01/08/2026,14501,401430,Pregnancy Test - Milk,Pregnant,0.869,106,35
01/08/2026,21131,401430,Pregnancy Test - Milk,Pregnant,0.254,119,49
01/08/2026,16659,401430,Pregnancy Test - Milk,Open,-0.011,103,0
01/08/2026,20303,401430,Pregnancy Test - Milk,Pregnant,0.667,195,37
01/08/2026,410,401430,Pregnancy Test - Milk,Pregnant,0.437,105,35
01/08/2026,14963,401430,Pregnancy Test - Milk,Pregnant,0.599,104,35
01/08/2026,17877,401430,Pregnancy Test - Milk,Re-Check,0.176,172,75
01/08/2026,832,401430,Pregnancy Test - Milk,Pregnant,0.798,101,35
01/08/2026,20498,401430,Pregnancy Test - Milk,Pregnant,2.012,185,74
01/08/2026,20972,401430,Pregnancy Test - Milk,Pregnant,1.209,106,35
01/08/2026,13064,401430,Pregnancy Test - Milk,Pregnant,0.414,169,74
01/08/2026,16777,401430,Pregnancy Test - Milk,Pregnant,0.787,106,35
01/08/2026,12627,401430,Pregnancy Test - Milk,Pregnant,1.099,143,70
01/08/2026,14075,401430,Pregnancy Test - Milk,Re-Check,0.216,149,77
01/08/2026,15078,401430,Pregnancy Test - Milk,Pregnant,0.458,103,35
01/08/2026,13459,401430,Pregnancy Test - Milk,Open,0.009,103,35
01/08/2026,1810,401430,Pregnancy Test - Milk,Pregnant,0.862,103,35
01/08/2026,1652,401430,Pregnancy Test - Milk,Pregnant,0.69,138,40
01/08/2026,15737,401430,Pregnancy Test - Milk,Pregnant,0.906,101,35
01/08/2026,2168,401430,Pregnancy Test - Milk,Open,-0.007,196,0
01/08/2026,17391,401430,Pregnancy Test - Milk,Open,0.04,127,35
01/08/2026,20267,401430,Pregnancy Test - Milk,Pregnant,0.857,296,35
01/08/2026,14606,401430,Pregnancy Test - Milk,Open,0.032,164,35
01/08/2026,18726,401430,Pregnancy Test - Milk,Re-Check,0.169,155,84
01/08/2026,14470,401430,Pregnancy Test - Milk,Re-Check,0.245,148,77
01/08/2026,13207,401430,Pregnancy Test - Milk,Pregnant,0.881,101,35
01/08/2026,14071,401430,Pregnancy Test - Milk,Open,0.098,151,77
01/08/2026,18717,401430,Pregnancy Test - Milk,Pregnant,0.737,157,39
01/08/2026,21137,401430,Pregnancy Test - Milk,Pregnant,1.465,106,35
01/08/2026,18306,401430,Pregnancy Test - Milk,Pregnant,0.65,101,35
01/08/2026,20130,401430,Pregnancy Test - Milk,Pregnant,0.467,238,75
01/09/2026,5308,401430,Pregnancy Test - Milk,Pregnant,0.403,292,78
01/09/2026,20921,401430,Pregnancy Test - Milk,Pregnant,0.75,105,36
01/09/2026,19083,401430,Pregnancy Test - Milk,Pregnant,0.417,154,78
01/09/2026,2393,401430,Pregnancy Test - Milk,Pregnant,0.326,174,78
01/09/2026,15951,401430,Pregnancy Test - Milk,Pregnant,0.595,285,82
01/09/2026,17615,401430,Pregnancy Test - Milk,Pregnant,0.273,234,43
01/09/2026,20814,401430,Pregnancy Test - Milk,Pregnant,0.543,151,78
01/09/2026,20778,401430,Pregnancy Test - Milk,Pregnant,0.706,177,35
01/09/2026,20866,401430,Pregnancy Test - Milk,Re-Check,0.106,107,36
01/09/2026,20149,401430,Pregnancy Test - Milk,Pregnant,0.94,297,78
01/09/2026,15780,401430,Pregnancy Test - Milk,Pregnant,0.454,150,78
01/09/2026,19050,401430,Pregnancy Test - Milk,Pregnant,0.893,153,35
01/09/2026,20847,401430,Pregnancy Test - Milk,Pregnant,0.569,151,78
01/09/2026,1665,401430,Pregnancy Test - Milk,Pregnant,0.541,215,88
01/09/2026,20765,401430,Pregnancy Test - Milk,Pregnant,0.375,197,78
01/09/2026,14846,401430,Pregnancy Test - Milk,Pregnant,0.354,154,78
01/09/2026,21007,401430,Pregnancy Test - Milk,Re-Check,0.134,106,36
01/09/2026,21300,401430,Pregnancy Test - Milk,Re-Check,0.104,101,36
01/09/2026,20976,401430,Pregnancy Test - Milk,Pregnant,1.213,148,78
01/09/2026,19290,401430,Pregnancy Test - Milk,Re-Check,0.126,107,36
01/09/2026,13238,401430,Pregnancy Test - Milk,Re-Check,0.143,102,36
01/09/2026,12546,401430,Pregnancy Test - Milk,Pregnant,0.329,179,83
01/09/2026,20576,401430,Pregnancy Test - Milk,Pregnant,0.621,193,79
01/09/2026,13793,401430,Pregnancy Test - Milk,Pregnant,0.496,150,36
01/09/2026,19085,401430,Pregnancy Test - Milk,Pregnant,0.278,158,85
01/09/2026,16430,401430,Pregnancy Test - Milk,Open,0.073,104,36
01/09/2026,20989,401430,Pregnancy Test - Milk,Pregnant,0.879,148,78
01/09/2026,18447,401430,Pregnancy Test - Milk,Re-Check,0.174,130,35
01/09/2026,18495,401430,Pregnancy Test - Milk,Open,0.077,181,39
01/09/2026,7788,401430,Pregnancy Test - Milk,Pregnant,0.646,102,36
01/09/2026,7824,401430,Pregnancy Test - Milk,Pregnant,0.657,152,78
01/09/2026,18718,401430,Pregnancy Test - Milk,Pregnant,0.462,160,80
01/09/2026,20488,401430,Pregnancy Test - Milk,Pregnant,0.57,254,35
01/09/2026,18809,401430,Pregnancy Test - Milk,Re-Check,0.208,152,78
01/15/2026,10590,401430,Pregnancy Test - Milk,Pregnant,0.875,105,35
01/15/2026,11404,401430,Pregnancy Test - Milk,Pregnant,0.873,156,40
01/15/2026,20127,401430,Pregnancy Test - Milk,Pregnant,0.915,202,35
01/15/2026,20899,401430,Pregnancy Test - Milk,Pregnant,0.716,102,35
01/15/2026,3909,401430,Pregnancy Test - Milk,Open,0.013,107,42
01/15/2026,18432,401430,Pregnancy Test - Milk,Pregnant,0.325,163,71
01/15/2026,1659,401430,Pregnancy Test - Milk,Pregnant,0.375,151,77
01/15/2026,14760,401430,Pregnancy Test - Milk,Pregnant,0.479,103,35
01/15/2026,15402,401430,Pregnancy Test - Milk,Pregnant,0.379,99,35
01/15/2026,21181,401430,Pregnancy Test - Milk,Open,-0.013,102,35
01/15/2026,20876,401430,Pregnancy Test - Milk,Pregnant,0.876,124,39
01/15/2026,20763,401430,Pregnancy Test - Milk,Pregnant,0.756,143,71
01/15/2026,20873,401430,Pregnancy Test - Milk,Re-Check,0.177,158,84
01/15/2026,21304,401430,Pregnancy Test - Milk,Open,-0.018,101,35
01/15/2026,21426,401430,Pregnancy Test - Milk,Pregnant,1.3,105,35
01/15/2026,18813,401430,Pregnancy Test - Milk,Open,-0.018,198,38
01/15/2026,21427,401430,Pregnancy Test - Milk,Pregnant,1.251,103,35
01/15/2026,17877,401430,Pregnancy Test - Milk,Pregnant,0.345,179,82
01/15/2026,20848,401430,Pregnancy Test - Milk,Pregnant,0.929,106,35
01/15/2026,20586,401430,Pregnancy Test - Milk,Pregnant,0.735,128,37
01/15/2026,18820,401430,Pregnancy Test - Milk,Pregnant,0.989,135,41
01/15/2026,3612,401430,Pregnancy Test - Milk,Pregnant,0.3,170,76
01/15/2026,20802,401430,Pregnancy Test - Milk,Pregnant,0.531,150,77
01/15/2026,15461,401430,Pregnancy Test - Milk,Re-Check,0.178,148,77
01/15/2026,3877,401430,Pregnancy Test - Milk,Pregnant,0.362,276,72
01/15/2026,7198,401430,Pregnancy Test - Milk,Pregnant,0.888,179,36
01/15/2026,18603,401430,Pregnancy Test - Milk,Pregnant,0.745,154,35
01/15/2026,18893,401430,Pregnancy Test - Milk,Pregnant,0.575,169,76
01/15/2026,16053,401430,Pregnancy Test - Milk,Open,0.01,139,39
01/15/2026,13924,401430,Pregnancy Test - Milk,Pregnant,0.529,140,70
01/15/2026,13775,401430,Pregnancy Test - Milk,Re-Check,0.186,131,35
01/15/2026,14303,401430,Pregnancy Test - Milk,Pregnant,0.511,219,35
01/15/2026,14795,401430,Pregnancy Test - Milk,Pregnant,0.504,135,39
01/15/2026,14460,401430,Pregnancy Test - Milk,Re-Check,0.21,142,70
01/15/2026,17888,401430,Pregnancy Test - Milk,Pregnant,0.508,160,37
01/15/2026,18466,401430,Pregnancy Test - Milk,Re-Check,0.175,108,42
01/15/2026,16815,401430,Pregnancy Test - Milk,Pregnant,0.27,182,51
01/15/2026,18376,401430,Pregnancy Test - Milk,Re-Check,0.158,204,59
01/15/2026,17925,401430,Pregnancy Test - Milk,Re-Check,0.147,211,50
01/15/2026,18546,401430,Pregnancy Test - Milk,Pregnant,0.557,198,75
01/15/2026,7662,401430,Pregnancy Test - Milk,Pregnant,1.151,312,38
01/15/2026,16570,401430,Pregnancy Test - Milk,Pregnant,0.603,101,35
01/15/2026,17423,401430,Pregnancy Test - Milk,Pregnant,0.343,240,73
01/15/2026,1092,401430,Pregnancy Test - Milk,Pregnant,1.146,102,35
01/15/2026,18808,401430,Pregnancy Test - Milk,Pregnant,0.37,166,91
01/15/2026,16205,401430,Pregnancy Test - Milk,Open,0.033,152,77
01/15/2026,17951,401430,Pregnancy Test - Milk,Pregnant,0.347,174,73
01/15/2026,16685,401430,Pregnancy Test - Milk,Pregnant,0.948,196,72
01/15/2026,14052,401430,Pregnancy Test - Milk,Open,0.072,105,35
01/15/2026,8960,401430,Pregnancy Test - Milk,Pregnant,0.54,271,72
01/15/2026,17921,401430,Pregnancy Test - Milk,Pregnant,0.597,180,72
01/15/2026,10806,401430,Pregnancy Test - Milk,Pregnant,0.889,157,35
01/15/2026,16896,401430,Pregnancy Test - Milk,Pregnant,0.28,169,77
01/15/2026,16297,401430,Pregnancy Test - Milk,Open,0.065,159,0
01/15/2026,18690,401430,Pregnancy Test - Milk,Pregnant,0.669,192,38
01/15/2026,15747,401430,Pregnancy Test - Milk,Pregnant,0.343,199,73
01/15/2026,18221,401430,Pregnancy Test - Milk,Open,-0.002,153,38
01/15/2026,1666,401430,Pregnancy Test - Milk,Pregnant,0.492,105,35
01/15/2026,16844,401430,Pregnancy Test - Milk,Pregnant,0.387,180,72
01/15/2026,15568,401430,Pregnancy Test - Milk,Pregnant,0.313,181,82
01/15/2026,20554,401430,Pregnancy Test - Milk,Pregnant,0.512,148,77
01/15/2026,17326,401430,Pregnancy Test - Milk,Re-Check,0.149,180,52
01/15/2026,20838,401430,Pregnancy Test - Milk,Open,-0.005,147,77
01/15/2026,17728,401430,Pregnancy Test - Milk,Re-Check,0.237,147,77
01/15/2026,17264,401430,Pregnancy Test - Milk,Re-Check,0.159,151,77
01/15/2026,18877,401430,Pregnancy Test - Milk,Re-Check,0.109,180,59
01/15/2026,16670,401430,Pregnancy Test - Milk,Open,-0.021,175,72
01/15/2026,16358,401430,Pregnancy Test - Milk,Open,-0.019,105,35
01/15/2026,12352,401430,Pregnancy Test - Milk,Pregnant,0.266,147,77
01/15/2026,18755,401430,Pregnancy Test - Milk,Pregnant,0.818,192,70
01/15/2026,17029,401430,Pregnancy Test - Milk,Pregnant,0.291,124,35
01/15/2026,10174,401430,Pregnancy Test - Milk,Pregnant,0.338,100,35
01/15/2026,13369,401430,Pregnancy Test - Milk,Pregnant,0.805,352,37
01/15/2026,18939,401430,Pregnancy Test - Milk,Pregnant,0.493,202,36
01/15/2026,14143,401430,Pregnancy Test - Milk,Pregnant,0.486,199,74
01/15/2026,17174,401430,Pregnancy Test - Milk,Open,0.011,99,35
01/15/2026,18846,401430,Pregnancy Test - Milk,Pregnant,0.533,179,35
01/15/2026,2371,401430,Pregnancy Test - Milk,Pregnant,0.847,325,74
01/15/2026,20227,401430,Pregnancy Test - Milk,Pregnant,0.268,187,74
01/15/2026,19156,401430,Pregnancy Test - Milk,Not Tested,,209,35
01/15/2026,13395,401430,Pregnancy Test - Milk,Re-Check,0.226,153,77
01/15/2026,14105,401430,Pregnancy Test - Milk,Pregnant,0.415,158,84
01/15/2026,17318,401430,Pregnancy Test - Milk,Pregnant,0.499,170,35
01/15/2026,21387,401430,Pregnancy Test - Milk,Pregnant,1.004,103,35
01/15/2026,12119,401430,Pregnancy Test - Milk,Pregnant,0.357,205,37
01/15/2026,19059,401430,Pregnancy Test - Milk,Pregnant,0.574,168,75
01/15/2026,16643,401430,Pregnancy Test - Milk,Pregnant,0.34,141,70
01/15/2026,17988,401430,Pregnancy Test - Milk,Pregnant,0.812,151,35
01/15/2026,14075,401430,Pregnancy Test - Milk,Pregnant,0.282,156,84
01/15/2026,20769,401430,Pregnancy Test - Milk,Not Tested,,152,35
01/15/2026,18631,401430,Pregnancy Test - Milk,Pregnant,0.618,156,35
01/15/2026,9695,401430,Pregnancy Test - Milk,Pregnant,1.557,180,35
01/15/2026,9932,401430,Pregnancy Test - Milk,Pregnant,0.414,104,35
01/15/2026,9624,401430,Pregnancy Test - Milk,Pregnant,0.851,99,35
01/15/2026,13729,401430,Pregnancy Test - Milk,Pregnant,0.985,233,75
01/15/2026,16062,401430,Pregnancy Test - Milk,Pregnant,0.377,148,77
01/15/2026,20787,401430,Pregnancy Test - Milk,Pregnant,1.19,103,37
01/15/2026,18981,401430,Pregnancy Test - Milk,Pregnant,0.946,105,36
01/15/2026,19119,401430,Pregnancy Test - Milk,Pregnant,0.834,160,35
01/15/2026,18762,401430,Pregnancy Test - Milk,Pregnant,0.664,136,40
01/15/2026,20746,401430,Pregnancy Test - Milk,Pregnant,0.478,147,77
01/15/2026,17908,401430,Pregnancy Test - Milk,Pregnant,0.296,149,77
01/15/2026,12444,401430,Pregnancy Test - Milk,Pregnant,0.974,99,35
01/15/2026,18446,401430,Pregnancy Test - Milk,Pregnant,1.174,213,38
01/15/2026,16652,401430,Pregnancy Test - Milk,Re-Check,0.128,140,70
01/15/2026,18920,401430,Pregnancy Test - Milk,Pregnant,0.378,151,77
01/15/2026,14470,401430,Pregnancy Test - Milk,Pregnant,0.365,155,84
01/15/2026,18704,401430,Pregnancy Test - Milk,Re-Check,0.22,159,58
01/15/2026,20700,401430,Pregnancy Test - Milk,Pregnant,0.489,99,35
01/15/2026,16195,401430,Pregnancy Test - Milk,Pregnant,0.592,140,70
01/15/2026,16310,401430,Pregnancy Test - Milk,Pregnant,1.065,132,35
01/15/2026,13155,401430,Pregnancy Test - Milk,Pregnant,0.642,123,35
01/15/2026,10808,401430,Pregnancy Test - Milk,Open,0.069,106,35
01/15/2026,54443,401430,Pregnancy Test - Milk,Not Tested,,249,35
01/15/2026,49059,401430,Pregnancy Test - Milk,Not Tested,,267,38
01/15/2026,16849,401430,Pregnancy Test - Milk,Pregnant,0.256,102,35
01/15/2026,20904,401430,Pregnancy Test - Milk,Pregnant,0.978,145,39
01/15/2026,16562,401430,Pregnancy Test - Milk,Pregnant,0.401,106,35
01/15/2026,2261,401430,Pregnancy Test - Milk,Pregnant,0.875,238,38
01/15/2026,10451,401430,Pregnancy Test - Milk,Pregnant,0.422,141,71
01/15/2026,1063,401430,Pregnancy Test - Milk,Pregnant,0.301,316,71
01/15/2026,18196,401430,Pregnancy Test - Milk,Open,0.006,270,38
01/15/2026,17843,401430,Pregnancy Test - Milk,Pregnant,0.464,194,72
01/15/2026,14368,401430,Pregnancy Test - Milk,Pregnant,0.411,106,35
01/15/2026,16443,401430,Pregnancy Test - Milk,Re-Check,0.15,170,42
01/15/2026,17903,401430,Pregnancy Test - Milk,Pregnant,0.818,208,72
01/15/2026,3697,401430,Pregnancy Test - Milk,Pregnant,0.545,197,35
01/15/2026,18580,401430,Pregnancy Test - Milk,Pregnant,1.335,186,36
01/15/2026,20101,401430,Pregnancy Test - Milk,Pregnant,0.584,252,76
01/15/2026,843,401430,Pregnancy Test - Milk,Pregnant,1.204,106,35
01/15/2026,14372,401430,Pregnancy Test - Milk,Pregnant,0.737,210,37
01/15/2026,20906,401430,Pregnancy Test - Milk,Pregnant,1.088,150,77
01/15/2026,16190,401430,Pregnancy Test - Milk,Pregnant,1.098,149,77
01/15/2026,18035,401430,Pregnancy Test - Milk,Pregnant,0.306,237,36
01/15/2026,20345,401430,Pregnancy Test - Milk,Pregnant,0.485,224,75
01/15/2026,19045,401430,Pregnancy Test - Milk,Pregnant,1.079,171,39
01/15/2026,18335,401430,Pregnancy Test - Milk,Pregnant,0.248,223,77
01/15/2026,18254,401430,Pregnancy Test - Milk,Re-Check,0.223,220,59
01/15/2026,20902,401430,Pregnancy Test - Milk,Pregnant,1.175,101,35
01/15/2026,15452,401430,Pregnancy Test - Milk,Re-Check,0.189,317,83
01/15/2026,20387,401430,Pregnancy Test - Milk,Pregnant,1.644,245,71
01/15/2026,21023,401430,Pregnancy Test - Milk,Re-Check,0.203,159,84
01/15/2026,15813,401430,Pregnancy Test - Milk,Pregnant,0.526,149,77
01/15/2026,12913,401430,Pregnancy Test - Milk,Re-Check,0.224,375,88
01/15/2026,14483,401430,Pregnancy Test - Milk,Pregnant,0.262,196,73
01/15/2026,13768,401430,Pregnancy Test - Milk,Pregnant,1.278,157,35
01/15/2026,16577,401430,Pregnancy Test - Milk,Re-Check,0.227,151,77
01/15/2026,10468,401430,Pregnancy Test - Milk,Pregnant,0.389,164,91
01/15/2026,18611,401430,Pregnancy Test - Milk,Pregnant,1.058,172,76
01/15/2026,20593,401430,Pregnancy Test - Milk,Open,-0.016,105,35
01/15/2026,18703,401430,Pregnancy Test - Milk,Open,-0.003,134,39
01/15/2026,3659,401430,Pregnancy Test - Milk,Re-Check,0.127,161,53
01/15/2026,20616,401430,Pregnancy Test - Milk,Pregnant,0.456,150,77
01/15/2026,17410,401430,Pregnancy Test - Milk,Pregnant,0.259,374,80
01/15/2026,30005,401430,Pregnancy Test - Milk,Pregnant,0.539,140,71
01/15/2026,14958,401430,Pregnancy Test - Milk,Pregnant,0.761,105,35
01/15/2026,10145,401430,Pregnancy Test - Milk,Open,0.014,106,35
01/15/2026,18182,401430,Pregnancy Test - Milk,Pregnant,0.459,184,72
01/15/2026,13789,401430,Pregnancy Test - Milk,Open,-0.02,154,35
01/15/2026,16714,401430,Pregnancy Test - Milk,Pregnant,0.491,183,77
01/15/2026,20900,401430,Pregnancy Test - Milk,Re-Check,0.121,107,36
01/15/2026,18344,401430,Pregnancy Test - Milk,Pregnant,0.659,260,40
01/15/2026,1839,401430,Pregnancy Test - Milk,Pregnant,0.384,151,77
01/15/2026,13445,401430,Pregnancy Test - Milk,Pregnant,0.781,104,35
01/15/2026,5728,401430,Pregnancy Test - Milk,Pregnant,0.706,105,35
01/15/2026,16610,401430,Pregnancy Test - Milk,Re-Check,0.219,166,71
01/15/2026,14823,401430,Pregnancy Test - Milk,Re-Check,0.207,152,77
01/15/2026,824990,401430,Pregnancy Test - Milk,Pregnant,0.262,251,73
01/15/2026,20881,401430,Pregnancy Test - Milk,Pregnant,1.221,171,76
01/15/2026,9567,401430,Pregnancy Test - Milk,Pregnant,0.991,106,35
01/15/2026,10905,401430,Pregnancy Test - Milk,Pregnant,0.499,103,35
01/15/2026,3864,401430,Pregnancy Test - Milk,Open,-0.002,257,39
01/15/2026,17767,401430,Pregnancy Test - Milk,Pregnant,0.703,266,73
01/15/2026,16092,401430,Pregnancy Test - Milk,Pregnant,0.33,154,84
01/15/2026,18667,401430,Pregnancy Test - Milk,Open,-0.006,149,77
01/15/2026,19140,401430,Pregnancy Test - Milk,Not Tested,,210,36
01/15/2026,953,401430,Pregnancy Test - Milk,Open,-0.003,101,35
01/15/2026,18554,401430,Pregnancy Test - Milk,Pregnant,0.404,149,77
01/15/2026,14667,401430,Pregnancy Test - Milk,Re-Check,0.127,233,71
01/15/2026,2115,401430,Pregnancy Test - Milk,Pregnant,0.425,160,35
01/15/2026,13667,401430,Pregnancy Test - Milk,Pregnant,0.486,247,73
01/15/2026,5797,401430,Pregnancy Test - Milk,Pregnant,0.55,168,72
01/15/2026,20469,401430,Pregnancy Test - Milk,Pregnant,0.721,187,41
01/15/2026,17048,401430,Pregnancy Test - Milk,Pregnant,0.522,103,35
01/15/2026,9969,401430,Pregnancy Test - Milk,Open,-0.02,106,35
01/15/2026,16367,401430,Pregnancy Test - Milk,Pregnant,0.486,157,35
01/15/2026,16553,401430,Pregnancy Test - Milk,Pregnant,0.252,151,77
01/15/2026,5265,401430,Pregnancy Test - Milk,Pregnant,0.923,177,35
01/15/2026,12146,401430,Pregnancy Test - Milk,Re-Check,0.119,191,70
01/15/2026,16600,401430,Pregnancy Test - Milk,Open,0.02,105,35
01/15/2026,17186,401430,Pregnancy Test - Milk,Pregnant,0.666,105,35
01/15/2026,20912,401430,Pregnancy Test - Milk,Pregnant,1.235,123,35
01/15/2026,12449,401430,Pregnancy Test - Milk,Pregnant,0.658,169,74
01/15/2026,14279,401430,Pregnancy Test - Milk,Pregnant,0.436,146,70
01/15/2026,9085,401430,Pregnancy Test - Milk,Re-Check,0.218,142,70
01/15/2026,21009,401430,Pregnancy Test - Milk,Open,-0.017,103,35
01/15/2026,18831,401430,Pregnancy Test - Milk,Pregnant,0.383,140,71
01/15/2026,16753,401430,Pregnancy Test - Milk,Pregnant,0.647,104,35
01/15/2026,12552,401430,Pregnancy Test - Milk,Pregnant,0.327,195,74
01/15/2026,20649,401430,Pregnancy Test - Milk,Pregnant,0.498,147,77
01/15/2026,18602,401430,Pregnancy Test - Milk,Pregnant,0.618,140,71
01/15/2026,12050,401430,Pregnancy Test - Milk,Pregnant,0.43,136,40
01/15/2026,7556,401430,Pregnancy Test - Milk,Pregnant,1.31,101,35
01/15/2026,13940,401430,Pregnancy Test - Milk,Re-Check,0.184,160,54
01/15/2026,14436,401430,Pregnancy Test - Milk,Open,-0.015,99,35
01/15/2026,13786,401430,Pregnancy Test - Milk,Pregnant,0.352,105,35
01/15/2026,14533,401430,Pregnancy Test - Milk,Pregnant,0.584,106,35
01/15/2026,14187,401430,Pregnancy Test - Milk,Open,0.051,147,37
01/15/2026,15938,401430,Pregnancy Test - Milk,Re-Check,0.193,227,71
01/15/2026,20734,401430,Pregnancy Test - Milk,Pregnant,1.135,214,39
01/15/2026,16917,401430,Pregnancy Test - Milk,Pregnant,1.841,104,35
01/15/2026,14966,401430,Pregnancy Test - Milk,Re-Check,0.205,153,77
01/15/2026,20090,401430,Pregnancy Test - Milk,Pregnant,0.837,238,71
01/15/2026,15746,401430,Pregnancy Test - Milk,Re-Check,0.232,266,76
01/15/2026,16779,401430,Pregnancy Test - Milk,Pregnant,1.026,104,35
01/15/2026,18650,401430,Pregnancy Test - Milk,Pregnant,0.754,205,38
01/15/2026,16894,401430,Pregnancy Test - Milk,Pregnant,0.394,151,77
01/15/2026,18776,401430,Pregnancy Test - Milk,Pregnant,0.92,173,76
01/15/2026,16890,401430,Pregnancy Test - Milk,Open,0.013,103,35
01/15/2026,30011,401430,Pregnancy Test - Milk,Pregnant,1.547,124,35
01/15/2026,215,401430,Pregnancy Test - Milk,Pregnant,0.465,193,40
01/15/2026,20724,401430,Pregnancy Test - Milk,Pregnant,0.617,143,72
01/15/2026,987,401430,Pregnancy Test - Milk,Pregnant,0.707,105,35
01/15/2026,18726,401430,Pregnancy Test - Milk,Re-Check,0.22,162,91
01/15/2026,3467,401430,Pregnancy Test - Milk,Pregnant,0.588,100,35
01/15/2026,16571,401430,Pregnancy Test - Milk,Pregnant,0.931,196,35
01/15/2026,5605,401430,Pregnancy Test - Milk,Pregnant,0.316,152,77
01/15/2026,15022,401430,Pregnancy Test - Milk,Pregnant,0.742,104,35
01/15/2026,18870,401430,Pregnancy Test - Milk,Re-Check,0.217,102,35
01/15/2026,854,401430,Pregnancy Test - Milk,Open,0.009,101,35
01/15/2026,20453,401430,Pregnancy Test - Milk,Pregnant,0.375,162,71
01/15/2026,19229,401430,Pregnancy Test - Milk,Not Tested,,99,35
01/15/2026,10461,401430,Pregnancy Test - Milk,Pregnant,0.429,149,77
01/15/2026,10460,401430,Pregnancy Test - Milk,Pregnant,1.055,103,35
01/15/2026,14402,401430,Pregnancy Test - Milk,Open,0.008,134,35
01/15/2026,17719,401430,Pregnancy Test - Milk,Pregnant,0.302,274,79
01/15/2026,21016,401430,Pregnancy Test - Milk,Pregnant,1.191,128,35
01/15/2026,18626,401430,Pregnancy Test - Milk,Pregnant,1.199,137,40
01/15/2026,18433,401430,Pregnancy Test - Milk,Pregnant,0.847,112,41
01/15/2026,17487,401430,Pregnancy Test - Milk,Re-Check,0.175,279,51
01/15/2026,16532,401430,Pregnancy Test - Milk,Pregnant,0.663,150,77
01/15/2026,20456,401430,Pregnancy Test - Milk,Pregnant,0.809,150,77
01/15/2026,16691,401430,Pregnancy Test - Milk,Pregnant,1.104,181,36
01/15/2026,2018,401430,Pregnancy Test - Milk,Re-Check,0.124,148,77
01/15/2026,16494,401430,Pregnancy Test - Milk,Pregnant,0.859,176,39
01/15/2026,14058,401430,Pregnancy Test - Milk,Pregnant,0.353,148,77
01/15/2026,16292,401430,Pregnancy Test - Milk,Open,0.027,156,36
01/15/2026,16318,401430,Pregnancy Test - Milk,Pregnant,0.336,156,35
01/15/2026,15346,401430,Pregnancy Test - Milk,Pregnant,1.965,99,35
01/15/2026,12161,401430,Pregnancy Test - Milk,Re-Check,0.161,109,42
01/15/2026,21118,401430,Pregnancy Test - Milk,Pregnant,1.153,103,36
01/15/2026,19916,401430,Pregnancy Test - Milk,Re-Check,0.206,281,39
01/16/2026,16222,401430,Pregnancy Test - Milk,Pregnant,0.644,101,36
01/16/2026,17168,401430,Pregnancy Test - Milk,Open,0.05,128,37
01/16/2026,19290,401430,Pregnancy Test - Milk,Open,0.03,114,43
01/16/2026,15282,401430,Pregnancy Test - Milk,Pregnant,2.198,319,80
01/16/2026,20866,401430,Pregnancy Test - Milk,Open,0.03,114,43
01/16/2026,15007,401430,Pregnancy Test - Milk,Pregnant,0.702,102,36
01/16/2026,20933,401430,Pregnancy Test - Milk,Pregnant,0.422,181,84
01/16/2026,14437,401430,Pregnancy Test - Milk,Pregnant,0.259,160,37
01/16/2026,20567,401430,Pregnancy Test - Milk,Pregnant,0.443,151,78
01/16/2026,7782,401430,Pregnancy Test - Milk,Pregnant,1.016,106,36
01/16/2026,11693,401430,Pregnancy Test - Milk,Re-Check,0.156,151,78
01/16/2026,14313,401430,Pregnancy Test - Milk,Pregnant,0.334,175,80
01/16/2026,20939,401430,Pregnancy Test - Milk,Pregnant,0.47,151,78
01/16/2026,1656,401430,Pregnancy Test - Milk,Open,0.065,136,40
01/16/2026,14490,401430,Pregnancy Test - Milk,Pregnant,0.834,106,36
01/16/2026,20776,401430,Pregnancy Test - Milk,Pregnant,1.487,176,40
01/16/2026,14693,401430,Pregnancy Test - Milk,Pregnant,0.311,153,78
01/16/2026,20021,401430,Pregnancy Test - Milk,Pregnant,0.508,231,83
01/16/2026,20374,401430,Pregnancy Test - Milk,Pregnant,1.295,200,78
01/16/2026,7771,401430,Pregnancy Test - Milk,Open,0.009,102,36
01/16/2026,15981,401430,Pregnancy Test - Milk,Open,0.016,156,41
01/16/2026,13238,401430,Pregnancy Test - Milk,Open,0.023,109,43
01/16/2026,12540,401430,Pregnancy Test - Milk,Re-Check,0.205,251,82
01/16/2026,13804,401430,Pregnancy Test - Milk,Pregnant,0.481,152,78
01/16/2026,1653,401430,Pregnancy Test - Milk,Pregnant,0.5,217,83
01/16/2026,1449,401430,Pregnancy Test - Milk,Pregnant,0.407,224,81
01/16/2026,20990,401430,Pregnancy Test - Milk,Pregnant,0.342,175,80
01/16/2026,20820,401430,Pregnancy Test - Milk,Pregnant,0.701,112,35
01/16/2026,16288,401430,Pregnancy Test - Milk,Pregnant,0.71,184,36
01/16/2026,21049,401430,Pregnancy Test - Milk,Re-Check,0.211,105,36
01/16/2026,20388,401430,Pregnancy Test - Milk,Pregnant,0.858,221,80
01/16/2026,18888,401430,Pregnancy Test - Milk,Re-Check,0.117,102,36
01/16/2026,20894,401430,Pregnancy Test - Milk,Open,-0.013,157,37
01/16/2026,19077,401430,Pregnancy Test - Milk,Pregnant,0.778,129,37
01/16/2026,7745,401430,Pregnancy Test - Milk,Pregnant,0.295,149,78
01/16/2026,19162,401430,Pregnancy Test - Milk,Pregnant,0.559,100,36
01/16/2026,18447,401430,Pregnancy Test - Milk,Open,0.07,137,42
01/16/2026,14504,401430,Pregnancy Test - Milk,Pregnant,0.691,139,41
01/16/2026,20082,401430,Pregnancy Test - Milk,Pregnant,0.626,194,38
01/16/2026,16254,401430,Pregnancy Test - Milk,Pregnant,0.461,151,79
01/16/2026,19127,401430,Pregnancy Test - Milk,Pregnant,1.163,102,36
01/16/2026,20760,401430,Pregnancy Test - Milk,Pregnant,0.648,221,39
01/16/2026,20967,401430,Pregnancy Test - Milk,Pregnant,1.166,185,41
01/16/2026,20338,401430,Pregnancy Test - Milk,Pregnant,0.471,175,80
01/16/2026,18809,401430,Pregnancy Test - Milk,Pregnant,0.495,159,85
01/16/2026,18458,401430,Pregnancy Test - Milk,Open,0.037,102,36
01/16/2026,13958,401430,Pregnancy Test - Milk,Open,0.001,315,36
01/16/2026,16478,401430,Pregnancy Test - Milk,Pregnant,0.375,198,81
01/16/2026,1623,401430,Pregnancy Test - Milk,Pregnant,0.294,249,83
01/16/2026,21141,401430,Pregnancy Test - Milk,Pregnant,0.362,101,37
01/16/2026,16701,401430,Pregnancy Test - Milk,Pregnant,0.491,144,40
01/16/2026,15503,401430,Pregnancy Test - Milk,Pregnant,0.256,239,81
01/16/2026,1667,401430,Pregnancy Test - Milk,Re-Check,0.226,151,78
01/22/2026,18877,401430,Pregnancy Test - Milk,Open,0.097,187,66
01/22/2026,17264,401430,Pregnancy Test - Milk,Pregnant,0.299,158,84
01/22/2026,20873,401430,Pregnancy Test - Milk,Pregnant,0.266,165,91
01/22/2026,16208,401430,Pregnancy Test - Milk,Pregnant,0.821,99,35
01/22/2026,3866,401430,Pregnancy Test - Milk,Open,0.057,168,39
01/22/2026,17461,401430,Pregnancy Test - Milk,Pregnant,0.37,367,77
01/22/2026,20903,401430,Pregnancy Test - Milk,Pregnant,0.323,205,72
01/22/2026,14561,401430,Pregnancy Test - Milk,Pregnant,0.32,207,72
01/22/2026,21092,401430,Pregnancy Test - Milk,Re-Check,0.118,152,77
01/22/2026,20934,401430,Pregnancy Test - Milk,Pregnant,0.616,147,77
01/22/2026,18938,401430,Pregnancy Test - Milk,Pregnant,0.492,101,35
01/22/2026,12841,401430,Pregnancy Test - Milk,Open,0.003,146,70
01/22/2026,14307,401430,Pregnancy Test - Milk,Pregnant,0.406,148,40
01/22/2026,11977,401430,Pregnancy Test - Milk,Pregnant,1.037,250,36
01/22/2026,19218,401430,Pregnancy Test - Milk,Pregnant,0.326,185,72
01/22/2026,21023,401430,Pregnancy Test - Milk,Pregnant,0.344,166,91
01/22/2026,14823,401430,Pregnancy Test - Milk,Re-Check,0.196,159,84
01/22/2026,20663,401430,Pregnancy Test - Milk,Pregnant,0.571,101,35
01/22/2026,21211,401430,Pregnancy Test - Milk,Pregnant,1.035,102,35
01/22/2026,18845,401430,Pregnancy Test - Milk,Pregnant,0.383,192,72
01/22/2026,18618,401430,Pregnancy Test - Milk,Re-Check,0.156,206,71
01/22/2026,20607,401430,Pregnancy Test - Milk,Pregnant,0.343,152,77
01/22/2026,5172,401430,Pregnancy Test - Milk,Pregnant,0.711,103,35
01/22/2026,21259,401430,Pregnancy Test - Milk,Pregnant,0.712,140,70
01/22/2026,14247,401430,Pregnancy Test - Milk,Pregnant,0.408,103,35
01/22/2026,12146,401430,Pregnancy Test - Milk,Open,0.018,198,77
01/22/2026,19229,401430,Pregnancy Test - Milk,Pregnant,0.72,106,42
01/22/2026,16651,401430,Pregnancy Test - Milk,Pregnant,0.461,187,35
01/22/2026,16955,401430,Pregnancy Test - Milk,Pregnant,0.6,107,35
01/22/2026,20671,401430,Pregnancy Test - Milk,Pregnant,1.042,149,77
01/22/2026,16231,401430,Pregnancy Test - Milk,Pregnant,0.266,215,73
01/22/2026,21195,401430,Pregnancy Test - Milk,Pregnant,0.894,103,35
01/22/2026,21156,401430,Pregnancy Test - Milk,Pregnant,0.528,105,35
01/22/2026,16652,401430,Pregnancy Test - Milk,Re-Check,0.141,147,77
01/22/2026,12658,401430,Pregnancy Test - Milk,Pregnant,0.382,233,70
01/22/2026,20769,401430,Pregnancy Test - Milk,Open,0.004,159,42
01/22/2026,15356,401430,Pregnancy Test - Milk,Re-Check,0.225,158,35
01/22/2026,12626,401430,Pregnancy Test - Milk,Pregnant,0.83,127,34
01/22/2026,825237,401430,Pregnancy Test - Milk,Pregnant,1.932,257,35
01/22/2026,16821,401430,Pregnancy Test - Milk,Re-Check,0.16,102,35
01/22/2026,16577,401430,Pregnancy Test - Milk,Pregnant,0.381,158,84
01/22/2026,12889,401430,Pregnancy Test - Milk,Pregnant,0.313,104,35
01/22/2026,18700,401430,Pregnancy Test - Milk,Pregnant,0.506,153,77
01/22/2026,16979,401430,Pregnancy Test - Milk,Pregnant,0.748,103,35
01/22/2026,13775,401430,Pregnancy Test - Milk,Re-Check,0.144,138,42
01/22/2026,14361,401430,Pregnancy Test - Milk,Pregnant,0.253,130,40
01/22/2026,14838,401430,Pregnancy Test - Milk,Pregnant,0.772,104,35
01/22/2026,13940,401430,Pregnancy Test - Milk,Open,0.095,167,61
01/22/2026,18979,401430,Pregnancy Test - Milk,Pregnant,0.533,122,37
01/22/2026,11618,401430,Pregnancy Test - Milk,Open,-0.016,150,77
01/22/2026,18910,401430,Pregnancy Test - Milk,Pregnant,0.335,192,75
01/22/2026,16610,401430,Pregnancy Test - Milk,Pregnant,0.253,173,78
01/22/2026,18267,401430,Pregnancy Test - Milk,Pregnant,0.648,183,39
01/22/2026,21075,401430,Pregnancy Test - Milk,Pregnant,0.656,122,37
01/22/2026,21219,401430,Pregnancy Test - Milk,Pregnant,0.698,103,35
01/22/2026,18466,401430,Pregnancy Test - Milk,Open,0.096,115,49
01/22/2026,9107,401430,Pregnancy Test - Milk,Pregnant,0.398,158,37
01/22/2026,5233,401430,Pregnancy Test - Milk,Pregnant,0.494,105,35
01/22/2026,16393,401430,Pregnancy Test - Milk,Pregnant,0.351,168,77
01/22/2026,15270,401430,Pregnancy Test - Milk,Pregnant,0.61,99,35
01/22/2026,18609,401430,Pregnancy Test - Milk,Pregnant,1.131,211,35
01/22/2026,15750,401430,Pregnancy Test - Milk,Pregnant,1.076,223,72
01/22/2026,15933,401430,Pregnancy Test - Milk,Pregnant,0.889,301,35
01/22/2026,1654,401430,Pregnancy Test - Milk,Pregnant,0.619,100,35
01/22/2026,18627,401430,Pregnancy Test - Milk,Pregnant,0.291,147,77
01/22/2026,18704,401430,Pregnancy Test - Milk,Pregnant,0.277,166,65
01/22/2026,18903,401430,Pregnancy Test - Milk,Open,0.03,99,35
01/22/2026,14305,401430,Pregnancy Test - Milk,Pregnant,0.796,151,77
01/22/2026,18870,401430,Pregnancy Test - Milk,Open,0.041,109,0
01/22/2026,11206,401430,Pregnancy Test - Milk,Re-Check,0.133,140,70
01/22/2026,19156,401430,Pregnancy Test - Milk,Open,0.018,216,42
01/22/2026,13399,401430,Pregnancy Test - Milk,Pregnant,0.554,258,39
01/22/2026,13074,401430,Pregnancy Test - Milk,Pregnant,0.4,144,70
01/22/2026,9085,401430,Pregnancy Test - Milk,Pregnant,0.272,149,77
01/22/2026,18607,401430,Pregnancy Test - Milk,Re-Check,0.24,191,72
01/22/2026,21288,401430,Pregnancy Test - Milk,Pregnant,0.724,99,36
01/22/2026,15196,401430,Pregnancy Test - Milk,Pregnant,0.621,103,35
01/22/2026,13509,401430,Pregnancy Test - Milk,Pregnant,0.604,138,37
01/22/2026,19302,401430,Pregnancy Test - Milk,Pregnant,1.456,102,35
01/22/2026,14250,401430,Pregnancy Test - Milk,Open,-0.006,209,35
01/22/2026,16904,401430,Pregnancy Test - Milk,Pregnant,1.112,299,77
01/22/2026,18376,401430,Pregnancy Test - Milk,Re-Check,0.198,211,66
01/22/2026,18505,401430,Pregnancy Test - Milk,Re-Check,0.18,150,77
01/22/2026,20192,401430,Pregnancy Test - Milk,Open,-0.028,184,35
01/22/2026,20770,401430,Pregnancy Test - Milk,Pregnant,1.041,153,35
01/22/2026,21241,401430,Pregnancy Test - Milk,Pregnant,0.629,102,35
01/22/2026,8608,401430,Pregnancy Test - Milk,Pregnant,0.348,103,35
01/22/2026,20737,401430,Pregnancy Test - Milk,Open,-0.002,105,35
01/22/2026,14383,401430,Pregnancy Test - Milk,Pregnant,0.301,191,70
01/22/2026,3736,401430,Pregnancy Test - Milk,Open,0.021,162,38
01/22/2026,15461,401430,Pregnancy Test - Milk,Pregnant,0.405,155,84
01/22/2026,15746,401430,Pregnancy Test - Milk,Pregnant,0.278,273,83
01/22/2026,21268,401430,Pregnancy Test - Milk,Open,-0.025,101,35
01/22/2026,19295,401430,Pregnancy Test - Milk,Pregnant,2.195,150,77
01/22/2026,20959,401430,Pregnancy Test - Milk,Pregnant,0.408,141,70
01/22/2026,7449,401430,Pregnancy Test - Milk,Open,0.039,141,70
01/22/2026,10546,401430,Pregnancy Test - Milk,Open,0.024,105,35
01/22/2026,14208,401430,Pregnancy Test - Milk,Open,0.034,103,35
01/22/2026,14845,401430,Pregnancy Test - Milk,Open,0.054,130,39
01/22/2026,17151,401430,Pregnancy Test - Milk,Pregnant,0.345,165,76
01/22/2026,17487,401430,Pregnancy Test - Milk,Re-Check,0.124,286,58
01/22/2026,18726,401430,Pregnancy Test - Milk,Re-Check,0.231,169,98
01/22/2026,30015,401430,Pregnancy Test - Milk,Pregnant,0.589,153,77
01/22/2026,18550,401430,Pregnancy Test - Milk,Pregnant,0.923,101,35
01/22/2026,20043,401430,Pregnancy Test - Milk,Pregnant,0.374,332,77
01/22/2026,16593,401430,Pregnancy Test - Milk,Re-Check,0.162,192,76
01/22/2026,20751,401430,Pregnancy Test - Milk,Pregnant,0.383,192,70
01/22/2026,14162,401430,Pregnancy Test - Milk,Re-Check,0.192,204,72
01/22/2026,21064,401430,Pregnancy Test - Milk,Pregnant,0.718,152,77
01/22/2026,1452,401430,Pregnancy Test - Milk,Pregnant,0.497,128,37
01/22/2026,15909,401430,Pregnancy Test - Milk,Pregnant,0.522,104,35
01/22/2026,20794,401430,Pregnancy Test - Milk,Pregnant,0.361,153,77
01/22/2026,16617,401430,Pregnancy Test - Milk,Pregnant,0.776,101,35
01/22/2026,2938,401430,Pregnancy Test - Milk,Re-Check,0.188,152,77
01/22/2026,18640,401430,Pregnancy Test - Milk,Pregnant,1.733,196,77
01/22/2026,20801,401430,Pregnancy Test - Milk,Pregnant,0.745,178,35
01/22/2026,5247,401430,Pregnancy Test - Milk,Pregnant,1.951,142,70
01/22/2026,15733,401430,Pregnancy Test - Milk,Re-Check,0.227,153,77
01/22/2026,20414,401430,Pregnancy Test - Milk,Pregnant,0.26,207,77
01/22/2026,16245,401430,Pregnancy Test - Milk,Pregnant,0.691,129,38
01/22/2026,14667,401430,Pregnancy Test - Milk,Open,0.095,240,78
01/22/2026,16637,401430,Pregnancy Test - Milk,Pregnant,0.623,134,38
01/22/2026,3584,401430,Pregnancy Test - Milk,Open,0.098,188,37
01/22/2026,813964,401430,Pregnancy Test - Milk,Pregnant,0.942,260,76
01/22/2026,914,401430,Pregnancy Test - Milk,Open,-0.008,102,35
01/22/2026,13160,401430,Pregnancy Test - Milk,Pregnant,0.369,194,70
01/22/2026,21067,401430,Pregnancy Test - Milk,Pregnant,0.677,150,77
01/22/2026,21142,401430,Pregnancy Test - Milk,Pregnant,0.395,101,35
01/22/2026,12161,401430,Pregnancy Test - Milk,Re-Check,0.188,116,49
01/22/2026,19209,401430,Pregnancy Test - Milk,Pregnant,0.682,102,35
01/22/2026,18837,401430,Pregnancy Test - Milk,Re-Check,0.197,171,74
01/22/2026,13390,401430,Pregnancy Test - Milk,Pregnant,0.4,249,74
01/22/2026,15368,401430,Pregnancy Test - Milk,Open,0.014,248,72
01/22/2026,10310,401430,Pregnancy Test - Milk,Open,-0.015,166,38
01/22/2026,12395,401430,Pregnancy Test - Milk,Pregnant,0.409,129,40
01/22/2026,19140,401430,Pregnancy Test - Milk,Pregnant,0.29,217,43
01/22/2026,16720,401430,Pregnancy Test - Milk,Pregnant,0.28,141,70
01/22/2026,16990,401430,Pregnancy Test - Milk,Re-Check,0.243,140,70
01/22/2026,13571,401430,Pregnancy Test - Milk,Re-Check,0.152,269,72
01/22/2026,13697,401430,Pregnancy Test - Milk,Pregnant,0.416,215,71
01/22/2026,17925,401430,Pregnancy Test - Milk,Re-Check,0.166,218,57
01/22/2026,16443,401430,Pregnancy Test - Milk,Re-Check,0.186,177,49
01/22/2026,20500,401430,Pregnancy Test - Milk,Pregnant,0.867,209,77
01/22/2026,18254,401430,Pregnancy Test - Milk,Pregnant,0.341,227,66
01/22/2026,12913,401430,Pregnancy Test - Milk,Re-Check,0.22,382,95
01/22/2026,16348,401430,Pregnancy Test - Milk,Pregnant,0.649,154,35
01/22/2026,18539,401430,Pregnancy Test - Milk,Pregnant,0.32,217,77
01/22/2026,21370,401430,Pregnancy Test - Milk,Open,0.002,111,42
01/22/2026,20754,401430,Pregnancy Test - Milk,Pregnant,0.705,142,70
01/22/2026,20828,401430,Pregnancy Test - Milk,Pregnant,0.435,140,70
01/22/2026,15851,401430,Pregnancy Test - Milk,Pregnant,0.601,103,35
01/22/2026,14966,401430,Pregnancy Test - Milk,Pregnant,0.369,160,84
01/22/2026,20546,401430,Pregnancy Test - Milk,Pregnant,0.493,149,77
01/22/2026,17576,401430,Pregnancy Test - Milk,Re-Check,0.181,235,47
01/22/2026,16492,401430,Pregnancy Test - Milk,Pregnant,0.955,104,35
01/22/2026,12313,401430,Pregnancy Test - Milk,Open,0.08,148,77
01/22/2026,20093,401430,Pregnancy Test - Milk,Pregnant,0.365,307,41
01/22/2026,19305,401430,Pregnancy Test - Milk,Pregnant,0.814,127,35
01/22/2026,16437,401430,Pregnancy Test - Milk,Pregnant,0.311,140,70
01/22/2026,2541,401430,Pregnancy Test - Milk,Open,-0.019,102,35
01/22/2026,18499,401430,Pregnancy Test - Milk,Pregnant,0.629,227,71
01/22/2026,18067,401430,Pregnancy Test - Milk,Pregnant,0.599,281,77
01/22/2026,21086,401430,Pregnancy Test - Milk,Pregnant,1.324,121,36
01/22/2026,17094,401430,Pregnancy Test - Milk,Pregnant,0.668,104,35
01/22/2026,926,401430,Pregnancy Test - Milk,Pregnant,0.341,139,38
01/22/2026,17547,401430,Pregnancy Test - Milk,Pregnant,0.703,159,35
01/22/2026,13292,401430,Pregnancy Test - Milk,Pregnant,0.525,285,70
01/22/2026,505,401430,Pregnancy Test - Milk,Pregnant,0.688,327,38
01/22/2026,20167,401430,Pregnancy Test - Milk,Pregnant,0.47,235,73
01/22/2026,17728,401430,Pregnancy Test - Milk,Re-Check,0.223,154,84
01/22/2026,15452,401430,Pregnancy Test - Milk,Re-Check,0.175,324,90
01/22/2026,2311,401430,Pregnancy Test - Milk,Pregnant,0.488,271,40
01/22/2026,4063,401430,Pregnancy Test - Milk,Pregnant,0.335,100,36
01/22/2026,2137,401430,Pregnancy Test - Milk,Re-Check,0.226,210,74
01/22/2026,15266,401430,Pregnancy Test - Milk,Pregnant,0.827,100,35
01/22/2026,20439,401430,Pregnancy Test - Milk,Pregnant,0.263,189,73
01/22/2026,15656,401430,Pregnancy Test - Milk,Pregnant,0.803,149,77
01/22/2026,21383,401430,Pregnancy Test - Milk,Pregnant,0.84,102,35
01/22/2026,20900,401430,Pregnancy Test - Milk,Open,-0.003,114,43
01/22/2026,7427,401430,Pregnancy Test - Milk,Open,0.019,141,70
01/22/2026,8789,401430,Pregnancy Test - Milk,Pregnant,0.619,215,70
01/22/2026,13692,401430,Pregnancy Test - Milk,Pregnant,0.664,220,34
01/22/2026,9993,401430,Pregnancy Test - Milk,Pregnant,0.298,104,35
01/22/2026,20897,401430,Pregnancy Test - Milk,Open,-0.011,105,35
01/22/2026,16264,401430,Pregnancy Test - Milk,Pregnant,0.328,104,35
01/22/2026,14331,401430,Pregnancy Test - Milk,Pregnant,0.582,102,35
01/22/2026,16612,401430,Pregnancy Test - Milk,Pregnant,0.546,105,35
01/22/2026,14098,401430,Pregnancy Test - Milk,Pregnant,0.263,247,75
01/22/2026,16549,401430,Pregnancy Test - Milk,Pregnant,0.298,150,77
01/22/2026,19695,401430,Pregnancy Test - Milk,Pregnant,0.355,341,76
01/22/2026,20342,401430,Pregnancy Test - Milk,Pregnant,0.499,211,72
01/22/2026,16795,401430,Pregnancy Test - Milk,Open,-0.013,104,35
01/22/2026,21081,401430,Pregnancy Test - Milk,Pregnant,0.388,141,71
01/22/2026,20954,401430,Pregnancy Test - Milk,Pregnant,0.974,100,35
01/22/2026,10751,401430,Pregnancy Test - Milk,Open,-0.006,133,38
01/22/2026,13220,401430,Pregnancy Test - Milk,Pregnant,0.319,102,35
01/22/2026,16487,401430,Pregnancy Test - Milk,Pregnant,1.02,196,38
01/22/2026,16993,401430,Pregnancy Test - Milk,Pregnant,0.571,165,40
01/22/2026,18861,401430,Pregnancy Test - Milk,Pregnant,0.485,147,77
01/22/2026,2018,401430,Pregnancy Test - Milk,Re-Check,0.231,155,84
01/22/2026,19916,401430,Pregnancy Test - Milk,Open,0.015,288,46
01/22/2026,21201,401430,Pregnancy Test - Milk,Pregnant,0.534,100,35
01/22/2026,20896,401430,Pregnancy Test - Milk,Pregnant,1.14,183,35
01/22/2026,17326,401430,Pregnancy Test - Milk,Open,0.086,187,59
01/22/2026,11604,401430,Pregnancy Test - Milk,Pregnant,0.605,171,73
01/22/2026,14563,401430,Pregnancy Test - Milk,Re-Check,0.12,99,35
01/22/2026,1579,401430,Pregnancy Test - Milk,Pregnant,2.744,137,37
01/22/2026,16567,401430,Pregnancy Test - Milk,Pregnant,1.459,104,35
01/22/2026,13018,401430,Pregnancy Test - Milk,Pregnant,0.359,104,35
01/22/2026,13346,401430,Pregnancy Test - Milk,Pregnant,0.42,220,76
01/22/2026,16614,401430,Pregnancy Test - Milk,Pregnant,0.488,103,35
01/22/2026,18195,401430,Pregnancy Test - Milk,Pregnant,0.523,149,37
01/22/2026,18712,401430,Pregnancy Test - Milk,Re-Check,0.189,214,71
01/22/2026,21123,401430,Pregnancy Test - Milk,Pregnant,1.108,101,35
01/22/2026,1597,401430,Pregnancy Test - Milk,Pregnant,1.129,121,36
01/22/2026,19214,401430,Pregnancy Test - Milk,Pregnant,0.93,100,35
01/22/2026,14460,401430,Pregnancy Test - Milk,Pregnant,0.39,149,77
01/22/2026,13395,401430,Pregnancy Test - Milk,Pregnant,0.291,160,84
01/22/2026,30009,401430,Pregnancy Test - Milk,Re-Check,0.219,147,77
01/22/2026,15938,401430,Pregnancy Test - Milk,Pregnant,0.428,234,78
01/22/2026,17472,401430,Pregnancy Test - Milk,Pregnant,0.362,365,73
01/22/2026,16692,401430,Pregnancy Test - Milk,Pregnant,0.419,192,71
01/22/2026,15965,401430,Pregnancy Test - Milk,Pregnant,0.684,104,35
01/22/2026,14802,401430,Pregnancy Test - Milk,Open,-0.01,100,35
01/22/2026,14347,401430,Pregnancy Test - Milk,Pregnant,0.324,143,70
01/22/2026,11716,401430,Pregnancy Test - Milk,Open,0.018,140,40
01/22/2026,20640,401430,Pregnancy Test - Milk,Pregnant,0.865,180,36
01/22/2026,3659,401430,Pregnancy Test - Milk,Open,0.071,168,60
01/22/2026,21087,401430,Pregnancy Test - Milk,Open,0.09,101,35
01/22/2026,49059,401430,Pregnancy Test - Milk,Pregnant,0.541,274,45
01/22/2026,16284,401430,Pregnancy Test - Milk,Open,0.069,194,70
01/22/2026,20031,401430,Pregnancy Test - Milk,Pregnant,0.31,321,77
01/22/2026,16502,401430,Pregnancy Test - Milk,Pregnant,0.268,165,71
01/22/2026,18732,401430,Pregnancy Test - Milk,Open,0.1,140,71
01/22/2026,15812,401430,Pregnancy Test - Milk,Pregnant,0.439,257,73
01/22/2026,16344,401430,Pregnancy Test - Milk,Re-Check,0.166,186,72
01/22/2026,19227,401430,Pregnancy Test - Milk,Pregnant,1.172,149,77
01/22/2026,20384,401430,Pregnancy Test - Milk,Pregnant,1.136,129,41
01/23/2026,18888,401430,Pregnancy Test - Milk,Open,0.043,112,1
01/23/2026,20125,401430,Pregnancy Test - Milk,Pregnant,0.884,204,39
01/23/2026,15510,401430,Pregnancy Test - Milk,Pregnant,0.574,209,39
01/23/2026,17949,401430,Pregnancy Test - Milk,Pregnant,0.65,262,84
01/23/2026,12540,401430,Pregnancy Test - Milk,Pregnant,0.508,261,92
01/23/2026,1667,401430,Pregnancy Test - Milk,Pregnant,0.319,161,88
01/23/2026,11693,401430,Pregnancy Test - Milk,Re-Check,0.152,161,88
01/23/2026,18684,401430,Pregnancy Test - Milk,Re-Check,0.171,153,38
01/23/2026,14312,401430,Pregnancy Test - Milk,Open,0.027,120,39
01/23/2026,19091,401430,Pregnancy Test - Milk,Pregnant,0.925,109,39
01/23/2026,14560,401430,Pregnancy Test - Milk,Pregnant,0.286,205,81
01/23/2026,19238,401430,Pregnancy Test - Milk,Re-Check,0.218,155,81
01/23/2026,15689,401430,Pregnancy Test - Milk,Re-Check,0.241,357,85
01/23/2026,12344,401430,Pregnancy Test - Milk,Pregnant,0.521,107,39
01/23/2026,12594,401430,Pregnancy Test - Milk,Re-Check,0.183,141,44
01/23/2026,15311,401430,Pregnancy Test - Milk,Pregnant,0.493,279,87
01/23/2026,20615,401430,Pregnancy Test - Milk,Open,0.062,221,39
01/23/2026,20732,401430,Pregnancy Test - Milk,Pregnant,0.267,179,87
01/23/2026,18343,401430,Pregnancy Test - Milk,Open,0.014,196,41
01/23/2026,18734,401430,Pregnancy Test - Milk,Re-Check,0.195,153,81
01/23/2026,20656,401430,Pregnancy Test - Milk,Pregnant,0.545,203,17
01/23/2026,14996,401430,Pregnancy Test - Milk,Pregnant,0.815,301,87
01/23/2026,20473,401430,Pregnancy Test - Milk,Pregnant,0.271,244,86
01/23/2026,21049,401430,Pregnancy Test - Milk,Re-Check,0.157,115,46
01/23/2026,20449,401430,Pregnancy Test - Milk,Open,0.005,208,39
01/23/2026,19084,401430,Pregnancy Test - Milk,Re-Check,0.12,153,81
01/23/2026,19429,401430,Pregnancy Test - Milk,Pregnant,0.344,104,39
01/23/2026,15436,401430,Pregnancy Test - Milk,Pregnant,0.321,106,39
01/23/2026,20635,401430,Pregnancy Test - Milk,Open,0.012,160,39
01/23/2026,14587,401430,Pregnancy Test - Milk,Pregnant,0.446,107,39
01/23/2026,14673,401430,Pregnancy Test - Milk,Pregnant,0.413,212,42
01/23/2026,15579,401430,Pregnancy Test - Milk,Pregnant,0.558,154,81
01/23/2026,18455,401430,Pregnancy Test - Milk,Pregnant,0.447,108,39
01/23/2026,20740,401430,Pregnancy Test - Milk,Pregnant,0.331,174,85
01/23/2026,13538,401430,Pregnancy Test - Milk,Open,0.003,106,39
01/23/2026,20602,401430,Pregnancy Test - Milk,Re-Check,0.217,222,43
01/23/2026,14990,401430,Pregnancy Test - Milk,Pregnant,0.342,109,39
01/23/2026,16594,401430,Pregnancy Test - Milk,Open,0.016,224,43
01/23/2026,14339,401430,Pregnancy Test - Milk,Pregnant,0.326,158,39
01/23/2026,20284,401430,Pregnancy Test - Milk,Re-Check,0.188,284,43
01/23/2026,17723,401430,Pregnancy Test - Milk,Pregnant,0.522,304,40
01/23/2026,16320,401430,Pregnancy Test - Milk,Re-Check,0.215,246,81
01/23/2026,17359,401430,Pregnancy Test - Milk,Pregnant,0.373,105,39
01/23/2026,7772,401430,Pregnancy Test - Milk,Open,0.004,107,39
01/23/2026,19006,401430,Pregnancy Test - Milk,Pregnant,0.273,103,39
01/23/2026,20564,401430,Pregnancy Test - Milk,Pregnant,0.557,243,83
01/23/2026,16826,401430,Pregnancy Test - Milk,Pregnant,0.47,103,40
01/23/2026,15088,401430,Pregnancy Test - Milk,Open,0.04,109,39
01/23/2026,7756,401430,Pregnancy Test - Milk,Re-Check,0.19,156,81
01/23/2026,20761,401430,Pregnancy Test - Milk,Re-Check,0.157,181,85
01/29/2026,10295,401430,Pregnancy Test - Milk,Pregnant,0.849,221,39
01/29/2026,12150,401430,Pregnancy Test - Milk,Pregnant,0.908,121,38
01/29/2026,13628,401430,Pregnancy Test - Milk,Pregnant,0.613,199,35
01/29/2026,16605,401430,Pregnancy Test - Milk,Pregnant,0.344,136,40
01/29/2026,11341,401430,Pregnancy Test - Milk,Pregnant,0.568,327,35
01/29/2026,15356,401430,Pregnancy Test - Milk,Re-Check,0.143,165,42
01/29/2026,16741,401430,Pregnancy Test - Milk,Pregnant,0.28,142,70
01/29/2026,16975,401430,Pregnancy Test - Milk,Re-Check,0.191,99,35
01/29/2026,12231,401430,Pregnancy Test - Milk,Open,-0.022,137,40
01/29/2026,53894,401430,Pregnancy Test - Milk,Pregnant,0.337,275,36
01/29/2026,14814,401430,Pregnancy Test - Milk,Pregnant,0.744,132,39
01/29/2026,13019,401430,Pregnancy Test - Milk,Re-Check,0.121,138,70
01/29/2026,16124,401430,Pregnancy Test - Milk,Pregnant,0.316,194,70
01/29/2026,16652,401430,Pregnancy Test - Milk,Pregnant,0.299,154,84
01/29/2026,18977,401430,Pregnancy Test - Milk,Pregnant,0.402,169,75
01/29/2026,12161,401430,Pregnancy Test - Milk,Re-Check,0.159,123,56
01/29/2026,18481,401430,Pregnancy Test - Milk,Re-Check,0.133,191,71
01/29/2026,16436,401430,Pregnancy Test - Milk,Open,0.016,103,35
01/29/2026,19159,401430,Pregnancy Test - Milk,Pregnant,0.472,139,70
01/29/2026,14885,401430,Pregnancy Test - Milk,Re-Check,0.17,140,70
01/29/2026,14005,401430,Pregnancy Test - Milk,Open,0.056,178,38
01/29/2026,19102,401430,Pregnancy Test - Milk,Open,0.075,200,70
01/29/2026,16801,401430,Pregnancy Test - Milk,Re-Check,0.217,143,70
01/29/2026,16666,401430,Pregnancy Test - Milk,Open,-0.002,192,35
01/29/2026,16593,401430,Pregnancy Test - Milk,Re-Check,0.216,199,83
01/29/2026,10790,401430,Pregnancy Test - Milk,Pregnant,0.31,100,35
01/29/2026,15710,401430,Pregnancy Test - Milk,Pregnant,0.337,185,35
01/29/2026,16489,401430,Pregnancy Test - Milk,Pregnant,0.581,137,70
01/29/2026,10692,401430,Pregnancy Test - Milk,Pregnant,0.254,139,70
01/29/2026,16921,401430,Pregnancy Test - Milk,Re-Check,0.154,185,70
01/29/2026,13917,401430,Pregnancy Test - Milk,Pregnant,0.404,105,35
01/29/2026,15175,401430,Pregnancy Test - Milk,Pregnant,0.305,203,73
01/29/2026,16561,401430,Pregnancy Test - Milk,Pregnant,0.366,136,70
01/29/2026,5079,401430,Pregnancy Test - Milk,Re-Check,0.106,144,70
01/29/2026,12499,401430,Pregnancy Test - Milk,Pregnant,0.427,168,74
01/29/2026,11661,401430,Pregnancy Test - Milk,Pregnant,0.662,137,70
01/29/2026,15688,401430,Pregnancy Test - Milk,Pregnant,0.509,142,70
01/29/2026,16925,401430,Pregnancy Test - Milk,Pregnant,0.945,100,35
01/29/2026,13061,401430,Pregnancy Test - Milk,Pregnant,0.72,271,75
01/29/2026,9798,401430,Pregnancy Test - Milk,Pregnant,0.387,154,35
01/29/2026,5179,401430,Pregnancy Test - Milk,Re-Check,0.144,186,70
01/29/2026,14212,401430,Pregnancy Test - Milk,Pregnant,0.292,139,70
01/29/2026,14458,401430,Pregnancy Test - Milk,Pregnant,0.46,136,70
01/29/2026,16212,401430,Pregnancy Test - Milk,Pregnant,0.576,186,35
01/29/2026,13833,401430,Pregnancy Test - Milk,Pregnant,0.386,312,40
01/29/2026,13906,401430,Pregnancy Test - Milk,Re-Check,0.1,155,40
01/29/2026,992,401430,Pregnancy Test - Milk,Pregnant,0.298,184,73
01/29/2026,19018,401430,Pregnancy Test - Milk,Pregnant,0.535,138,70
01/29/2026,17077,401430,Pregnancy Test - Milk,Pregnant,0.473,145,70
01/29/2026,12602,401430,Pregnancy Test - Milk,Pregnant,0.254,104,35
01/29/2026,16770,401430,Pregnancy Test - Milk,Re-Check,0.156,136,70
01/29/2026,16811,401430,Pregnancy Test - Milk,Pregnant,0.512,145,70
01/29/2026,17017,401430,Pregnancy Test - Milk,Pregnant,0.387,106,38
01/29/2026,13775,401430,Pregnancy Test - Milk,Re-Check,0.118,145,49
01/29/2026,16746,401430,Pregnancy Test - Milk,Pregnant,0.317,145,73
01/29/2026,16990,401430,Pregnancy Test - Milk,Pregnant,0.347,147,77
01/29/2026,14563,401430,Pregnancy Test - Milk,Open,-0.003,106,42
01/29/2026,19016,401430,Pregnancy Test - Milk,Pregnant,1.519,164,71
01/29/2026,11549,401430,Pregnancy Test - Milk,Re-Check,0.228,140,70
01/29/2026,9259,401430,Pregnancy Test - Milk,Re-Check,0.194,144,70
01/29/2026,14273,401430,Pregnancy Test - Milk,Pregnant,0.569,101,35
01/29/2026,19323,401430,Pregnancy Test - Milk,Pregnant,0.656,99,35
01/29/2026,17204,401430,Pregnancy Test - Milk,Pregnant,0.38,312,36
01/29/2026,51695,401430,Pregnancy Test - Milk,Pregnant,0.634,275,35
01/29/2026,13580,401430,Pregnancy Test - Milk,Re-Check,0.212,204,70
01/29/2026,15694,401430,Pregnancy Test - Milk,Pregnant,0.659,159,35
01/29/2026,5221,401430,Pregnancy Test - Milk,Pregnant,0.529,257,73
01/29/2026,14518,401430,Pregnancy Test - Milk,Re-Check,0.202,320,72
01/29/2026,16854,401430,Pregnancy Test - Milk,Pregnant,0.355,136,70
01/29/2026,14377,401430,Pregnancy Test - Milk,Pregnant,0.747,138,70
01/29/2026,13060,401430,Pregnancy Test - Milk,Pregnant,0.673,104,35
01/29/2026,16266,401430,Pregnancy Test - Milk,Re-Check,0.204,167,70
01/29/2026,10760,401430,Pregnancy Test - Milk,Pregnant,0.4,105,35
01/29/2026,13619,401430,Pregnancy Test - Milk,Open,-0.015,223,75
01/29/2026,12296,401430,Pregnancy Test - Milk,Pregnant,0.256,138,70
01/29/2026,14245,401430,Pregnancy Test - Milk,Pregnant,0.683,162,40
01/29/2026,10122,401430,Pregnancy Test - Milk,Re-Check,0.189,146,70
01/29/2026,13702,401430,Pregnancy Test - Milk,Re-Check,0.112,138,70
01/29/2026,911,401430,Pregnancy Test - Milk,Pregnant,0.465,207,35
01/30/2026,16026,401430,Pregnancy Test - Milk,Pregnant,0.907,228,43
01/30/2026,16344,401430,Pregnancy Test - Milk,Pregnant,0.254,195,81
01/30/2026,17576,401430,Pregnancy Test - Milk,Re-Check,0.112,244,56
01/30/2026,20583,401430,Pregnancy Test - Milk,Open,0.014,173,84
01/30/2026,18376,401430,Pregnancy Test - Milk,Pregnant,0.265,220,75
01/30/2026,20853,401430,Pregnancy Test - Milk,Pregnant,0.682,157,42
01/30/2026,20857,401430,Pregnancy Test - Milk,Pregnant,1.996,133,43
01/30/2026,20910,401430,Pregnancy Test - Milk,Pregnant,0.437,155,79
01/30/2026,338,401430,Pregnancy Test - Milk,Pregnant,0.679,154,79
01/30/2026,20929,401430,Pregnancy Test - Milk,Pregnant,0.59,155,79
01/30/2026,18697,401430,Pregnancy Test - Milk,Re-Check,0.219,175,79
01/30/2026,17157,401430,Pregnancy Test - Milk,Re-Check,0.186,155,79
01/30/2026,18964,401430,Pregnancy Test - Milk,Pregnant,0.525,149,79
01/30/2026,19108,401430,Pregnancy Test - Milk,Pregnant,0.716,125,39
01/30/2026,11693,401430,Pregnancy Test - Milk,Re-Check,0.154,165,92
01/30/2026,18967,401430,Pregnancy Test - Milk,Pregnant,0.828,179,40
01/30/2026,18280,401430,Pregnancy Test - Milk,Pregnant,0.641,198,43
01/30/2026,17147,401430,Pregnancy Test - Milk,Pregnant,0.423,175,77
01/30/2026,2258,401430,Pregnancy Test - Milk,Open,0.068,189,43
01/30/2026,2263,401430,Pregnancy Test - Milk,Pregnant,0.27,152,79
01/30/2026,17741,401430,Pregnancy Test - Milk,Pregnant,0.424,224,43
01/30/2026,3958,401430,Pregnancy Test - Milk,Pregnant,0.265,150,79
01/30/2026,1577,401430,Pregnancy Test - Milk,Pregnant,1.149,168,37
01/30/2026,16359,401430,Pregnancy Test - Milk,Pregnant,1.187,161,36
01/30/2026,20573,401430,Pregnancy Test - Milk,Open,0.01,209,78
01/30/2026,20263,401430,Pregnancy Test - Milk,Pregnant,0.419,254,81
01/30/2026,14014,401430,Pregnancy Test - Milk,Pregnant,0.342,201,79
01/30/2026,21046,401430,Pregnancy Test - Milk,Pregnant,0.792,153,79
01/30/2026,16445,401430,Pregnancy Test - Milk,Open,0.008,266,42
01/30/2026,21277,401430,Pregnancy Test - Milk,Re-Check,0.191,122,38
01/30/2026,17251,401430,Pregnancy Test - Milk,Pregnant,0.388,104,36
01/30/2026,19129,401430,Pregnancy Test - Milk,Pregnant,0.529,159,37
01/30/2026,18091,401430,Pregnancy Test - Milk,Open,-0.008,260,79
01/30/2026,16109,401430,Pregnancy Test - Milk,Pregnant,0.287,221,79
01/30/2026,20943,401430,Pregnancy Test - Milk,Open,0.025,130,43
01/30/2026,18936,401430,Pregnancy Test - Milk,Re-Check,0.145,150,78
01/30/2026,15908,401430,Pregnancy Test - Milk,Open,-0.008,336,79
01/30/2026,15733,401430,Pregnancy Test - Milk,Pregnant,0.419,162,86
01/30/2026,21070,401430,Pregnancy Test - Milk,Pregnant,0.368,155,79
01/30/2026,16821,401430,Pregnancy Test - Milk,Open,0.001,111,44
01/30/2026,18801,401430,Pregnancy Test - Milk,Pregnant,0.279,148,40
01/30/2026,20935,401430,Pregnancy Test - Milk,Re-Check,0.209,175,77
01/30/2026,7801,401430,Pregnancy Test - Milk,Open,0.001,105,36
01/30/2026,16432,401430,Pregnancy Test - Milk,Re-Check,0.117,200,78
01/30/2026,21112,401430,Pregnancy Test - Milk,Re-Check,0.114,133,39
01/30/2026,14947,401430,Pregnancy Test - Milk,Pregnant,0.923,194,41
01/30/2026,2938,401430,Pregnancy Test - Milk,Re-Check,0.235,161,86
01/30/2026,18837,401430,Pregnancy Test - Milk,Pregnant,0.304,180,83
01/30/2026,17728,401430,Pregnancy Test - Milk,Re-Check,0.177,163,93
01/30/2026,17487,401430,Pregnancy Test - Milk,Re-Check,0.157,295,67
01/30/2026,20687,401430,Pregnancy Test - Milk,Pregnant,0.348,191,80
01/30/2026,2185,401430,Pregnancy Test - Milk,Pregnant,0.803,153,79
01/30/2026,18618,401430,Pregnancy Test - Milk,Re-Check,0.152,215,80
01/30/2026,924,401430,Pregnancy Test - Milk,Pregnant,0.362,152,79
01/30/2026,16443,401430,Pregnancy Test - Milk,Re-Check,0.159,186,58
01/30/2026,12594,401430,Pregnancy Test - Milk,Re-Check,0.122,145,48
01/30/2026,13398,401430,Pregnancy Test - Milk,Pregnant,0.633,191,76
01/30/2026,5743,401430,Pregnancy Test - Milk,Pregnant,0.255,151,79
01/30/2026,18921,401430,Pregnancy Test - Milk,Pregnant,0.588,205,79
01/30/2026,18607,401430,Pregnancy Test - Milk,Pregnant,0.291,200,81
01/30/2026,19087,401430,Pregnancy Test - Milk,Open,0.03,111,4
01/30/2026,18734,401430,Pregnancy Test - Milk,Re-Check,0.208,157,85
01/30/2026,20215,401430,Pregnancy Test - Milk,Pregnant,0.291,275,78
01/30/2026,16424,401430,Pregnancy Test - Milk,Pregnant,0.343,152,78
01/30/2026,19114,401430,Pregnancy Test - Milk,Pregnant,0.667,144,36
01/30/2026,15055,401430,Pregnancy Test - Milk,Open,-0.001,207,38
01/30/2026,20602,401430,Pregnancy Test - Milk,Re-Check,0.211,226,47
01/30/2026,13970,401430,Pregnancy Test - Milk,Re-Check,0.242,129,41
01/30/2026,18064,401430,Pregnancy Test - Milk,Pregnant,0.745,196,36
01/30/2026,16974,401430,Pregnancy Test - Milk,Pregnant,0.613,102,36
01/30/2026,20761,401430,Pregnancy Test - Milk,Re-Check,0.124,185,89
01/30/2026,18868,401430,Pregnancy Test - Milk,Pregnant,0.339,150,79
01/30/2026,15743,401430,Pregnancy Test - Milk,Pregnant,0.394,254,79
01/30/2026,20710,401430,Pregnancy Test - Milk,Pregnant,0.484,188,76
01/30/2026,13571,401430,Pregnancy Test - Milk,Pregnant,0.256,278,81
01/30/2026,12913,401430,Pregnancy Test - Milk,Not Tested,,391,104
01/30/2026,15753,401430,Pregnancy Test - Milk,Re-Check,0.158,106,36
01/30/2026,7750,401430,Pregnancy Test - Milk,Pregnant,0.368,105,36
01/30/2026,15689,401430,Pregnancy Test - Milk,Pregnant,0.276,361,89
01/30/2026,12664,401430,Pregnancy Test - Milk,Pregnant,0.28,151,78
01/30/2026,18391,401430,Pregnancy Test - Milk,Pregnant,0.882,199,41
01/30/2026,19010,401430,Pregnancy Test - Milk,Pregnant,0.545,153,78
01/30/2026,14161,401430,Pregnancy Test - Milk,Open,0.057,150,79
01/30/2026,14520,401430,Pregnancy Test - Milk,Re-Check,0.206,134,43
01/30/2026,2018,401430,Pregnancy Test - Milk,Re-Check,0.193,164,93
01/30/2026,18505,401430,Pregnancy Test - Milk,Re-Check,0.201,159,86
01/30/2026,14823,401430,Pregnancy Test - Milk,Pregnant,0.263,168,93
01/30/2026,15437,401430,Pregnancy Test - Milk,Open,0.027,203,36
01/30/2026,18819,401430,Pregnancy Test - Milk,Re-Check,0.238,149,78
01/30/2026,20565,401430,Pregnancy Test - Milk,Pregnant,0.406,185,8
01/30/2026,2137,401430,Pregnancy Test - Milk,Re-Check,0.208,219,83
01/30/2026,17525,401430,Pregnancy Test - Milk,Pregnant,0.586,342,79
01/30/2026,7408,401430,Pregnancy Test - Milk,Pregnant,0.32,199,78
01/30/2026,7773,401430,Pregnancy Test - Milk,Pregnant,0.608,114,40
01/30/2026,1660,401430,Pregnancy Test - Milk,Pregnant,0.58,195,84
01/30/2026,13920,401430,Pregnancy Test - Milk,Pregnant,0.468,123,36
01/30/2026,17035,401430,Pregnancy Test - Milk,Open,0.02,105,36
01/30/2026,18872,401430,Pregnancy Test - Milk,Open,0.007,150,79
01/30/2026,14162,401430,Pregnancy Test - Milk,Pregnant,0.274,213,81
01/30/2026,19004,401430,Pregnancy Test - Milk,Pregnant,0.314,176,78
01/30/2026,21036,401430,Pregnancy Test - Milk,Pregnant,0.904,134,42
01/30/2026,21049,401430,Pregnancy Test - Milk,Re-Check,0.102,119,50
01/30/2026,14588,401430,Pregnancy Test - Milk,Pregnant,0.423,152,78
01/30/2026,14937,401430,Pregnancy Test - Milk,Pregnant,0.42,129,40
01/30/2026,30009,401430,Pregnancy Test - Milk,Re-Check,0.192,156,86
01/30/2026,20068,401430,Pregnancy Test - Milk,Pregnant,0.394,312,79
01/30/2026,18649,401430,Pregnancy Test - Milk,Pregnant,0.403,151,78
01/30/2026,19238,401430,Pregnancy Test - Milk,Pregnant,0.31,159,85
01/30/2026,2418,401430,Pregnancy Test - Milk,Pregnant,0.497,185,37
01/30/2026,3952,401430,Pregnancy Test - Milk,Pregnant,0.303,180,77
01/30/2026,20541,401430,Pregnancy Test - Milk,Pregnant,0.417,192,77
01/30/2026,18712,401430,Pregnancy Test - Milk,Re-Check,0.179,223,80
01/30/2026,10577,401430,Pregnancy Test - Milk,Pregnant,0.259,150,79
01/30/2026,17925,401430,Pregnancy Test - Milk,Re-Check,0.114,227,66
01/30/2026,16623,401430,Pregnancy Test - Milk,Pregnant,0.785,105,36
01/30/2026,1636,401430,Pregnancy Test - Milk,Open,0.015,181,35
01/30/2026,20210,401430,Pregnancy Test - Milk,Pregnant,0.89,258,36
01/30/2026,7756,401430,Pregnancy Test - Milk,Pregnant,0.379,160,85
01/30/2026,20830,401430,Pregnancy Test - Milk,Open,-0.008,221,36
01/30/2026,20288,401430,Pregnancy Test - Milk,Pregnant,1.164,197,78
01/30/2026,21032,401430,Pregnancy Test - Milk,Pregnant,0.431,196,78
01/30/2026,2288,401430,Pregnancy Test - Milk,Pregnant,0.31,152,79
01/30/2026,18994,401430,Pregnancy Test - Milk,Re-Check,0.228,166,43
01/30/2026,14585,401430,Pregnancy Test - Milk,Pregnant,0.629,128,35
01/30/2026,15394,401430,Pregnancy Test - Milk,Pregnant,0.672,182,36
01/30/2026,18684,401430,Pregnancy Test - Milk,Re-Check,0.196,157,42
01/30/2026,18726,401430,Pregnancy Test - Milk,Pregnant,0.26,178,107
01/30/2026,21092,401430,Pregnancy Test - Milk,Re-Check,0.215,161,86
01/30/2026,16973,401430,Pregnancy Test - Milk,Pregnant,0.563,130,42
01/30/2026,17061,401430,Pregnancy Test - Milk,Pregnant,0.881,213,40
01/30/2026,1720,401430,Pregnancy Test - Milk,Pregnant,0.448,149,79
01/30/2026,16320,401430,Pregnancy Test - Milk,Re-Check,0.192,250,85
01/30/2026,19084,401430,Pregnancy Test - Milk,Re-Check,0.173,157,85
01/30/2026,20634,401430,Pregnancy Test - Milk,Pregnant,0.747,203,43
01/30/2026,21068,401430,Pregnancy Test - Milk,Pregnant,0.792,135,42
01/30/2026,20337,401430,Pregnancy Test - Milk,Re-Check,0.183,264,76
01/30/2026,15452,401430,Pregnancy Test - Milk,Re-Check,0.183,333,99
01/30/2026,14554,401430,Pregnancy Test - Milk,Pregnant,0.311,213,38
01/30/2026,14074,401430,Pregnancy Test - Milk,Pregnant,0.621,158,36
01/30/2026,20284,401430,Pregnancy Test - Milk,Re-Check,0.228,288,47
02/05/2026,16266,401430,Pregnancy Test - Milk,Pregnant,0.288,174,77
02/05/2026,11549,401430,Pregnancy Test - Milk,Pregnant,0.284,147,77
02/05/2026,5132,401430,Pregnancy Test - Milk,Pregnant,0.291,323,70
02/05/2026,18481,401430,Pregnancy Test - Milk,Re-Check,0.158,198,78
02/05/2026,16975,401430,Pregnancy Test - Milk,Re-Check,0.239,106,42
02/05/2026,17171,401430,Pregnancy Test - Milk,Pregnant,0.632,104,35
02/05/2026,5174,401430,Pregnancy Test - Milk,Open,0.094,165,39
02/05/2026,19004,401430,Pregnancy Test - Milk,Pregnant,0.764,181,83
02/05/2026,2288,401430,Pregnancy Test - Milk,Pregnant,0.582,157,84
02/05/2026,2185,401430,Pregnancy Test - Milk,Pregnant,1.291,158,84
02/05/2026,14947,401430,Pregnancy Test - Milk,Pregnant,0.855,199,46
02/05/2026,18868,401430,Pregnancy Test - Milk,Pregnant,0.645,155,84
02/05/2026,20103,401430,Pregnancy Test - Milk,Pregnant,2.247,263,48
02/05/2026,14520,401430,Pregnancy Test - Milk,Not Tested,,139,48
02/05/2026,17147,401430,Pregnancy Test - Milk,Pregnant,0.458,180,82
02/05/2026,813539,401430,Pregnancy Test - Milk,Pregnant,0.759,276,79
02/05/2026,14336,401430,Pregnancy Test - Milk,Pregnant,1.217,215,37
02/05/2026,17728,401430,Pregnancy Test - Milk,Pregnant,0.456,168,98
02/05/2026,10131,401430,Pregnancy Test - Milk,Pregnant,1.478,243,35
02/05/2026,20923,401430,Pregnancy Test - Milk,Open,-0.011,100,35
02/05/2026,16754,401430,Pregnancy Test - Milk,Open,0.01,125,36
02/05/2026,14827,401430,Pregnancy Test - Milk,Re-Check,0.211,140,70
02/05/2026,47729,401430,Pregnancy Test - Milk,Pregnant,0.753,280,73
02/05/2026,9190,401430,Pregnancy Test - Milk,Pregnant,0.48,187,70
02/05/2026,16921,401430,Pregnancy Test - Milk,Re-Check,0.147,192,77
02/05/2026,18712,401430,Pregnancy Test - Milk,Pregnant,0.52,228,85
02/05/2026,18280,401430,Pregnancy Test - Milk,Pregnant,1.24,203,48
02/05/2026,16026,401430,Pregnancy Test - Milk,Pregnant,1.107,233,48
02/05/2026,17157,401430,Pregnancy Test - Milk,Pregnant,0.332,160,84
02/05/2026,18505,401430,Pregnancy Test - Milk,Pregnant,0.389,164,91
02/05/2026,913,401430,Pregnancy Test - Milk,Pregnant,0.627,149,77
02/05/2026,2137,401430,Pregnancy Test - Milk,Pregnant,0.797,224,88
02/05/2026,20721,401430,Pregnancy Test - Milk,Pregnant,1.569,203,80
02/05/2026,16801,401430,Pregnancy Test - Milk,Pregnant,0.326,150,77
02/05/2026,20337,401430,Pregnancy Test - Milk,Pregnant,0.481,269,81
02/05/2026,19087,401430,Pregnancy Test - Milk,Open,0.033,116,9
02/05/2026,19017,401430,Pregnancy Test - Milk,Pregnant,1.667,189,70
02/05/2026,10626,401430,Pregnancy Test - Milk,Open,-0.012,104,35
02/05/2026,18923,401430,Pregnancy Test - Milk,Re-Check,0.201,190,70
02/05/2026,13384,401430,Pregnancy Test - Milk,Open,0.031,138,70
02/05/2026,13775,401430,Pregnancy Test - Milk,Re-Check,0.108,152,56
02/05/2026,10752,401430,Pregnancy Test - Milk,Re-Check,0.152,178,40
02/05/2026,15733,401430,Pregnancy Test - Milk,Pregnant,0.669,167,91
02/05/2026,2258,401430,Pregnancy Test - Milk,Re-Check,0.118,194,48
02/05/2026,16973,401430,Pregnancy Test - Milk,Pregnant,0.807,135,47
02/05/2026,2938,401430,Pregnancy Test - Milk,Pregnant,0.491,166,91
02/05/2026,13181,401430,Pregnancy Test - Milk,Pregnant,0.765,321,80
02/05/2026,18558,401430,Pregnancy Test - Milk,Pregnant,1.129,212,41
02/05/2026,16885,401430,Pregnancy Test - Milk,Pregnant,1.223,148,77
02/05/2026,14823,401430,Pregnancy Test - Milk,Pregnant,0.701,173,98
02/05/2026,12913,401430,Pregnancy Test - Milk,Pregnant,0.412,396,109
02/05/2026,21068,401430,Pregnancy Test - Milk,Pregnant,0.83,140,47
02/05/2026,14885,401430,Pregnancy Test - Milk,Pregnant,0.302,147,77
02/05/2026,21070,401430,Pregnancy Test - Milk,Pregnant,0.978,160,84
02/05/2026,3952,401430,Pregnancy Test - Milk,Pregnant,0.615,185,82
02/05/2026,20920,401430,Pregnancy Test - Milk,Pregnant,1.367,147,77
02/05/2026,18712,401430,Pregnancy Test - Milk,Pregnant,0.663,228,85
02/05/2026,16864,401430,Pregnancy Test - Milk,Pregnant,0.545,172,71
02/05/2026,9259,401430,Pregnancy Test - Milk,Pregnant,0.297,151,77
02/05/2026,15281,401430,Pregnancy Test - Milk,Pregnant,0.536,102,35
02/05/2026,18583,401430,Pregnancy Test - Milk,Pregnant,0.485,178,35
02/05/2026,10981,401430,Pregnancy Test - Milk,Pregnant,0.852,225,35
02/05/2026,18273,401430,Pregnancy Test - Milk,Re-Check,0.107,215,71
02/05/2026,20565,401430,Pregnancy Test - Milk,Pregnant,0.643,190,13
02/05/2026,17925,401430,Pregnancy Test - Milk,Pregnant,0.418,232,71
02/05/2026,20943,401430,Pregnancy Test - Milk,Open,0.047,135,48
02/05/2026,20935,401430,Pregnancy Test - Milk,Pregnant,0.637,180,82
02/05/2026,5091,401430,Pregnancy Test - Milk,Pregnant,0.472,273,70
02/05/2026,18134,401430,Pregnancy Test - Milk,Pregnant,0.812,214,35
02/05/2026,12487,401430,Pregnancy Test - Milk,Pregnant,0.397,141,70
02/05/2026,20929,401430,Pregnancy Test - Milk,Pregnant,1.366,160,84
02/05/2026,2137,401430,Pregnancy Test - Milk,Pregnant,0.851,224,88
02/05/2026,21046,401430,Pregnancy Test - Milk,Pregnant,2.114,158,84
02/05/2026,20541,401430,Pregnancy Test - Milk,Pregnant,1.024,197,82
02/05/2026,7277,401430,Pregnancy Test - Milk,Pregnant,0.378,101,35
02/05/2026,15356,401430,Pregnancy Test - Milk,Re-Check,0.106,172,49
02/05/2026,11671,401430,Pregnancy Test - Milk,Open,0.024,187,35
02/05/2026,14756,401430,Pregnancy Test - Milk,Open,0.014,101,35
02/05/2026,3958,401430,Pregnancy Test - Milk,Pregnant,0.558,155,84
02/05/2026,20634,401430,Pregnancy Test - Milk,Pregnant,1.264,208,48
02/05/2026,18964,401430,Pregnancy Test - Milk,Pregnant,0.765,154,84
02/05/2026,18618,401430,Pregnancy Test - Milk,Pregnant,0.507,220,85
02/05/2026,20857,401430,Pregnancy Test - Milk,Pregnant,2.583,138,48
02/05/2026,20956,401430,Pregnancy Test - Milk,Pregnant,2.648,150,79
02/05/2026,17576,401430,Pregnancy Test - Milk,Re-Check,0.196,249,61
02/05/2026,3682,401430,Pregnancy Test - Milk,Pregnant,0.708,312,78
02/05/2026,20836,401430,Pregnancy Test - Milk,Pregnant,1.407,148,77
02/05/2026,12279,401430,Pregnancy Test - Milk,Pregnant,0.374,172,76
02/05/2026,1720,401430,Pregnancy Test - Milk,Pregnant,0.861,154,84
02/05/2026,13398,401430,Pregnancy Test - Milk,Pregnant,1.384,196,81
02/05/2026,19176,401430,Pregnancy Test - Milk,Pregnant,0.581,151,77
02/05/2026,13734,401430,Pregnancy Test - Milk,Pregnant,1.237,247,74
02/05/2026,18588,401430,Pregnancy Test - Milk,Pregnant,0.861,153,77
02/05/2026,21245,401430,Pregnancy Test - Milk,Pregnant,1.138,151,77
02/05/2026,15769,401430,Pregnancy Test - Milk,Pregnant,0.387,219,39
02/05/2026,14047,401430,Pregnancy Test - Milk,Pregnant,0.255,169,76
02/05/2026,15743,401430,Pregnancy Test - Milk,Pregnant,0.285,259,84
02/05/2026,20910,401430,Pregnancy Test - Milk,Pregnant,1.353,160,84
02/05/2026,10577,401430,Pregnancy Test - Milk,Pregnant,0.83,155,84
02/05/2026,20710,401430,Pregnancy Test - Milk,Pregnant,1.083,193,81
02/05/2026,12913,401430,Pregnancy Test - Milk,Pregnant,0.667,396,109
02/05/2026,21092,401430,Pregnancy Test - Milk,Pregnant,0.474,166,91
02/05/2026,11600,401430,Pregnancy Test - Milk,Pregnant,0.665,102,35
02/05/2026,20853,401430,Pregnancy Test - Milk,Not Tested,,162,47
02/05/2026,21102,401430,Pregnancy Test - Milk,Pregnant,0.558,149,77
02/05/2026,20100,401430,Pregnancy Test - Milk,Pregnant,1.229,321,80
02/05/2026,18837,401430,Pregnancy Test - Milk,Pregnant,0.869,185,88
02/05/2026,30008,401430,Pregnancy Test - Milk,Re-Check,0.197,140,70
02/05/2026,15765,401430,Pregnancy Test - Milk,Re-Check,0.143,132,37
02/05/2026,15577,401430,Pregnancy Test - Milk,Pregnant,0.65,161,72
02/05/2026,14503,401430,Pregnancy Test - Milk,Re-Check,0.24,187,70
02/05/2026,14840,401430,Pregnancy Test - Milk,Re-Check,0.178,136,70
02/05/2026,13702,401430,Pregnancy Test - Milk,Pregnant,0.488,145,77
02/05/2026,16821,401430,Pregnancy Test - Milk,Open,0.073,116,3
02/05/2026,19139,401430,Pregnancy Test - Milk,Pregnant,1.796,209,39
02/05/2026,14518,401430,Pregnancy Test - Milk,Pregnant,0.481,327,79
02/05/2026,15010,401430,Pregnancy Test - Milk,Pregnant,0.59,99,35
02/05/2026,17093,401430,Pregnancy Test - Milk,Pregnant,0.459,100,35
02/05/2026,5179,401430,Pregnancy Test - Milk,Re-Check,0.152,193,77
02/05/2026,17576,401430,Pregnancy Test - Milk,Pregnant,0.742,249,61
02/05/2026,14161,401430,Pregnancy Test - Milk,Open,0.072,155,84
02/05/2026,3889,401430,Pregnancy Test - Milk,Pregnant,0.313,144,77
02/05/2026,15991,401430,Pregnancy Test - Milk,Pregnant,0.601,138,70
02/05/2026,16770,401430,Pregnancy Test - Milk,Open,0.047,143,77
02/05/2026,8675,401430,Pregnancy Test - Milk,Re-Check,0.16,302,76
02/05/2026,17381,401430,Pregnancy Test - Milk,Re-Check,0.162,141,70
02/05/2026,17455,401430,Pregnancy Test - Milk,Pregnant,0.423,266,74
02/05/2026,12053,401430,Pregnancy Test - Milk,Pregnant,0.959,286,34
02/05/2026,13034,401430,Pregnancy Test - Milk,Open,0.082,283,75
02/05/2026,14511,401430,Pregnancy Test - Milk,Re-Check,0.12,137,70
02/05/2026,13542,401430,Pregnancy Test - Milk,Pregnant,1,330,70
02/05/2026,21092,401430,Pregnancy Test - Milk,Pregnant,0.5,166,91
02/05/2026,20583,401430,Pregnancy Test - Milk,Open,0.032,178,89
02/05/2026,16109,401430,Pregnancy Test - Milk,Pregnant,0.829,226,84
02/05/2026,18726,401430,Pregnancy Test - Milk,Pregnant,0.389,183,112
02/05/2026,12660,401430,Pregnancy Test - Milk,Pregnant,0.481,167,75
02/05/2026,15204,401430,Pregnancy Test - Milk,Pregnant,0.897,132,40
02/05/2026,16593,401430,Pregnancy Test - Milk,Pregnant,0.392,206,90
02/05/2026,16443,401430,Pregnancy Test - Milk,Pregnant,0.487,191,63
02/05/2026,17250,401430,Pregnancy Test - Milk,Open,-0.003,143,4
02/05/2026,18872,401430,Pregnancy Test - Milk,Open,0.087,155,84
02/05/2026,20334,401430,Pregnancy Test - Milk,Pregnant,1.081,263,79
02/05/2026,3902,401430,Pregnancy Test - Milk,Pregnant,1.744,285,79
02/05/2026,16584,401430,Pregnancy Test - Milk,Pregnant,0.679,177,37
02/05/2026,18201,401430,Pregnancy Test - Milk,Re-Check,0.185,189,76
02/05/2026,338,401430,Pregnancy Test - Milk,Pregnant,1.153,159,84
02/05/2026,17061,401430,Pregnancy Test - Milk,Pregnant,0.776,218,45
02/05/2026,15794,401430,Pregnancy Test - Milk,Pregnant,0.597,293,77
02/05/2026,15169,401430,Pregnancy Test - Milk,Pregnant,1.237,143,77
02/05/2026,17157,401430,Pregnancy Test - Milk,Pregnant,0.327,160,84
02/05/2026,30009,401430,Pregnancy Test - Milk,Pregnant,0.546,161,91
02/05/2026,17898,401430,Pregnancy Test - Milk,Pregnant,1.907,148,77
02/05/2026,20969,401430,Pregnancy Test - Milk,Pregnant,1.674,151,77
02/05/2026,18921,401430,Pregnancy Test - Milk,Pregnant,1.464,210,84
02/05/2026,12707,401430,Pregnancy Test - Milk,Pregnant,0.421,102,35
02/05/2026,16918,401430,Pregnancy Test - Milk,Re-Check,0.214,136,70
02/05/2026,20947,401430,Pregnancy Test - Milk,Pregnant,0.499,155,35
02/05/2026,10374,401430,Pregnancy Test - Milk,Re-Check,0.119,142,70
02/05/2026,10122,401430,Pregnancy Test - Milk,Pregnant,0.336,153,77
02/05/2026,14145,401430,Pregnancy Test - Milk,Re-Check,0.236,135,70
02/05/2026,2018,401430,Pregnancy Test - Milk,Pregnant,0.406,169,98
02/05/2026,17487,401430,Pregnancy Test - Milk,Pregnant,0.348,300,72
02/05/2026,5743,401430,Pregnancy Test - Milk,Pregnant,0.698,156,84
02/05/2026,16816,401430,Pregnancy Test - Milk,Pregnant,1.064,222,78
02/05/2026,1503,401430,Pregnancy Test - Milk,Pregnant,0.607,143,77
02/05/2026,18321,401430,Pregnancy Test - Milk,Pregnant,0.57,169,75
02/05/2026,20733,401430,Pregnancy Test - Milk,Pregnant,0.783,205,73
02/05/2026,9048,401430,Pregnancy Test - Milk,Pregnant,0.379,131,34
02/05/2026,10499,401430,Pregnancy Test - Milk,Re-Check,0.211,133,40
02/05/2026,14843,401430,Pregnancy Test - Milk,Pregnant,0.337,104,35
02/05/2026,13089,401430,Pregnancy Test - Milk,Open,0.005,123,35
02/05/2026,12161,401430,Pregnancy Test - Milk,Pregnant,0.4,130,63
02/05/2026,17741,401430,Pregnancy Test - Milk,Pregnant,0.429,229,48
02/05/2026,30009,401430,Pregnancy Test - Milk,Pregnant,0.455,161,91
02/05/2026,924,401430,Pregnancy Test - Milk,Pregnant,0.649,157,84
02/05/2026,21032,401430,Pregnancy Test - Milk,Pregnant,1.069,201,83
02/05/2026,18629,401430,Pregnancy Test - Milk,Pregnant,0.518,228,48
02/05/2026,15740,401430,Pregnancy Test - Milk,Pregnant,0.374,192,70
02/05/2026,13019,401430,Pregnancy Test - Milk,Re-Check,0.141,145,77
02/05/2026,12351,401430,Pregnancy Test - Milk,Pregnant,0.387,141,70
02/05/2026,18607,401430,Pregnancy Test - Milk,Pregnant,0.771,205,86
02/05/2026,21036,401430,Pregnancy Test - Milk,Pregnant,1.206,139,47
02/05/2026,18801,401430,Pregnancy Test - Milk,Re-Check,0.164,153,45
02/05/2026,14162,401430,Pregnancy Test - Milk,Pregnant,1.454,218,86
02/05/2026,18376,401430,Pregnancy Test - Milk,Pregnant,0.537,225,80
02/05/2026,18254,401430,Pregnancy Test - Milk,Pregnant,0.688,241,80
02/05/2026,19202,401430,Pregnancy Test - Milk,Pregnant,0.383,143,77
02/05/2026,16535,401430,Pregnancy Test - Milk,Pregnant,0.649,146,77
02/05/2026,15334,401430,Pregnancy Test - Milk,Pregnant,1.1,146,77
02/05/2026,18133,401430,Pregnancy Test - Milk,Pregnant,0.59,284,79
02/05/2026,18551,401430,Pregnancy Test - Milk,Re-Check,0.176,247,40
02/05/2026,15333,401430,Pregnancy Test - Milk,Pregnant,0.545,185,35
02/05/2026,11598,401430,Pregnancy Test - Milk,Open,0.017,104,35
02/05/2026,5079,401430,Pregnancy Test - Milk,Pregnant,0.391,151,77
02/05/2026,13580,401430,Pregnancy Test - Milk,Re-Check,0.151,211,77
02/05/2026,13571,401430,Pregnancy Test - Milk,Pregnant,0.556,283,86
02/05/2026,18670,401430,Pregnancy Test - Milk,Pregnant,0.581,245,72
02/05/2026,339,401430,Pregnancy Test - Milk,Pregnant,0.702,144,77
02/05/2026,16344,401430,Pregnancy Test - Milk,Pregnant,0.491,200,86
02/05/2026,17728,401430,Pregnancy Test - Milk,Pregnant,0.519,168,98
02/05/2026,20068,401430,Pregnancy Test - Milk,Pregnant,1.162,317,84
02/05/2026,18994,401430,Pregnancy Test - Milk,Re-Check,0.216,171,48
02/05/2026,2018,401430,Pregnancy Test - Milk,Pregnant,0.53,169,98
02/05/2026,15908,401430,Pregnancy Test - Milk,Pregnant,1.73,341,84
02/05/2026,16445,401430,Pregnancy Test - Milk,Open,-0.001,271,47
02/06/2026,16024,401430,Pregnancy Test - Milk,Pregnant,0.561,269,80
02/06/2026,16262,401430,Pregnancy Test - Milk,Re-Check,0.187,179,81
02/06/2026,20661,401430,Pregnancy Test - Milk,Pregnant,0.978,209,80
02/06/2026,7804,401430,Pregnancy Test - Milk,Open,0.078,101,36
02/06/2026,20867,401430,Pregnancy Test - Milk,Pregnant,0.936,202,80
02/06/2026,19406,401430,Pregnancy Test - Milk,Pregnant,0.988,101,36
02/06/2026,11544,401430,Pregnancy Test - Milk,Pregnant,0.698,126,36
02/06/2026,14234,401430,Pregnancy Test - Milk,Pregnant,0.273,132,41
02/06/2026,18942,401430,Pregnancy Test - Milk,Re-Check,0.229,102,36
02/06/2026,19084,401430,Pregnancy Test - Milk,Pregnant,0.295,164,92
02/06/2026,16937,401430,Pregnancy Test - Milk,Not Tested,,148,78
02/06/2026,19201,401430,Pregnancy Test - Milk,Pregnant,0.792,171,79
02/06/2026,15488,401430,Pregnancy Test - Milk,Pregnant,1.621,102,36
02/06/2026,18819,401430,Pregnancy Test - Milk,Pregnant,0.692,156,85
02/06/2026,20490,401430,Pregnancy Test - Milk,Pregnant,1.464,244,35
02/06/2026,20284,401430,Pregnancy Test - Milk,Pregnant,0.615,295,54
02/06/2026,15753,401430,Pregnancy Test - Milk,Re-Check,0.22,113,43
02/06/2026,21589,401430,Pregnancy Test - Milk,Pregnant,1.124,104,36
02/06/2026,15095,401430,Pregnancy Test - Milk,Pregnant,0.742,123,39
02/06/2026,15215,401430,Pregnancy Test - Milk,Pregnant,0.885,256,79
02/06/2026,14976,401430,Pregnancy Test - Milk,Pregnant,0.635,146,78
02/06/2026,19297,401430,Pregnancy Test - Milk,Pregnant,0.641,101,36
02/06/2026,16606,401430,Pregnancy Test - Milk,Pregnant,0.943,103,36
02/06/2026,16320,401430,Pregnancy Test - Milk,Pregnant,0.484,257,92
02/06/2026,14768,401430,Pregnancy Test - Milk,Pregnant,0.271,104,36
02/06/2026,20761,401430,Pregnancy Test - Milk,Re-Check,0.158,192,96
02/06/2026,14825,401430,Pregnancy Test - Milk,Pregnant,1.089,103,36
02/06/2026,18936,401430,Pregnancy Test - Milk,Pregnant,0.27,157,85
02/06/2026,2387,401430,Pregnancy Test - Milk,Pregnant,1.404,219,81
02/06/2026,14596,401430,Pregnancy Test - Milk,Pregnant,0.544,153,78
02/06/2026,13984,401430,Pregnancy Test - Milk,Pregnant,0.294,147,78
02/06/2026,19255,401430,Pregnancy Test - Milk,Pregnant,0.347,189,84
02/06/2026,13828,401430,Pregnancy Test - Milk,Pregnant,0.29,154,78
02/06/2026,14424,401430,Pregnancy Test - Milk,Pregnant,1.131,182,81
02/06/2026,20213,401430,Pregnancy Test - Milk,Pregnant,0.477,172,79
02/06/2026,21277,401430,Pregnancy Test - Milk,Re-Check,0.133,129,45
02/06/2026,1615,401430,Pregnancy Test - Milk,Open,0.041,197,39
02/06/2026,20646,401430,Pregnancy Test - Milk,Pregnant,0.915,200,79
02/06/2026,17112,401430,Pregnancy Test - Milk,Re-Check,0.238,101,36
02/06/2026,16702,401430,Pregnancy Test - Milk,Pregnant,0.686,105,36
02/06/2026,18886,401430,Pregnancy Test - Milk,Pregnant,0.434,148,78
02/06/2026,16907,401430,Pregnancy Test - Milk,Pregnant,0.951,103,36
02/06/2026,21049,401430,Pregnancy Test - Milk,Pregnant,0.321,126,57
02/06/2026,13970,401430,Pregnancy Test - Milk,Pregnant,0.309,136,48
02/06/2026,16858,401430,Pregnancy Test - Milk,Pregnant,1.024,104,36
02/06/2026,18734,401430,Pregnancy Test - Milk,Pregnant,0.41,164,92
02/06/2026,19234,401430,Pregnancy Test - Milk,Pregnant,0.904,151,38
02/06/2026,19976,401430,Pregnancy Test - Milk,Pregnant,1.872,227,35
02/06/2026,18697,401430,Pregnancy Test - Milk,Pregnant,0.536,182,86
02/06/2026,20602,401430,Pregnancy Test - Milk,Pregnant,0.369,233,54
02/06/2026,12594,401430,Pregnancy Test - Milk,Pregnant,0.281,152,55
02/06/2026,18684,401430,Pregnancy Test - Milk,Re-Check,0.175,164,49
02/06/2026,14794,401430,Pregnancy Test - Milk,Pregnant,0.315,201,78
02/06/2026,11693,401430,Pregnancy Test - Milk,Pregnant,0.314,172,99
02/06/2026,16432,401430,Pregnancy Test - Milk,Pregnant,0.481,207,85
02/06/2026,19071,401430,Pregnancy Test - Milk,Pregnant,0.95,151,78
02/12/2026,14323,401430,Pregnancy Test - Milk,Pregnant,0.818,104,35
02/12/2026,16918,401430,Pregnancy Test - Milk,Pregnant,0.587,143,77
02/12/2026,16278,401430,Pregnancy Test - Milk,Re-Check,0.245,141,70
02/12/2026,13791,401430,Pregnancy Test - Milk,Pregnant,0.345,91,40
02/12/2026,14183,401430,Pregnancy Test - Milk,Pregnant,0.768,101,35
02/12/2026,15765,401430,Pregnancy Test - Milk,Open,0.061,139,44
02/12/2026,11656,401430,Pregnancy Test - Milk,Pregnant,0.399,221,70
02/12/2026,12892,401430,Pregnancy Test - Milk,Pregnant,0.745,152,36
02/12/2026,16777,401430,Pregnancy Test - Milk,Pregnant,0.676,141,70
02/12/2026,17381,401430,Pregnancy Test - Milk,Pregnant,0.349,148,77
02/12/2026,10271,401430,Pregnancy Test - Milk,Pregnant,0.57,321,70
02/12/2026,17011,401430,Pregnancy Test - Milk,Pregnant,0.883,105,35
02/12/2026,17703,401430,Pregnancy Test - Milk,Pregnant,0.754,198,39
02/12/2026,16620,401430,Pregnancy Test - Milk,Open,0.022,99,35
02/12/2026,16986,401430,Pregnancy Test - Milk,Pregnant,0.427,140,70
02/12/2026,10866,401430,Pregnancy Test - Milk,Pregnant,1.293,100,35
02/12/2026,14509,401430,Pregnancy Test - Milk,Pregnant,1.197,103,35
02/12/2026,15975,401430,Pregnancy Test - Milk,Pregnant,0.521,169,75
02/12/2026,14501,401430,Pregnancy Test - Milk,Pregnant,0.71,141,70
02/12/2026,13207,401430,Pregnancy Test - Milk,Pregnant,0.663,136,70
02/12/2026,5242,401430,Pregnancy Test - Milk,Pregnant,0.318,102,35
02/12/2026,5237,401430,Pregnancy Test - Milk,Pregnant,1.032,99,35
02/12/2026,13775,401430,Pregnancy Test - Milk,Pregnant,0.282,159,63
02/12/2026,21313,401430,Pregnancy Test - Milk,Pregnant,0.877,139,38
02/12/2026,15356,401430,Pregnancy Test - Milk,Re-Check,0.188,179,56
02/12/2026,15235,401430,Pregnancy Test - Milk,Pregnant,0.566,90,37
02/12/2026,9233,401430,Pregnancy Test - Milk,Open,0.031,102,35
02/12/2026,18551,401430,Pregnancy Test - Milk,Pregnant,0.282,254,47
02/12/2026,15768,401430,Pregnancy Test - Milk,Pregnant,0.964,138,70
02/12/2026,10338,401430,Pregnancy Test - Milk,Pregnant,1.651,120,35
02/12/2026,17968,401430,Pregnancy Test - Milk,Pregnant,1.38,130,38
02/12/2026,10499,401430,Pregnancy Test - Milk,Re-Check,0.167,140,47
02/12/2026,14752,401430,Pregnancy Test - Milk,Open,-0.006,102,35
02/12/2026,12058,401430,Pregnancy Test - Milk,Pregnant,0.726,99,35
02/12/2026,19161,401430,Pregnancy Test - Milk,Pregnant,0.623,105,35
02/12/2026,18201,401430,Pregnancy Test - Milk,Pregnant,0.338,196,83
02/12/2026,15976,401430,Pregnancy Test - Milk,Pregnant,0.301,139,70
02/12/2026,16975,401430,Pregnancy Test - Milk,Re-Check,0.19,113,49
02/12/2026,14629,401430,Pregnancy Test - Milk,Pregnant,0.626,139,70
02/12/2026,7465,401430,Pregnancy Test - Milk,Open,0.03,91,37
02/12/2026,14831,401430,Pregnancy Test - Milk,Pregnant,0.356,135,70
02/12/2026,14568,401430,Pregnancy Test - Milk,Re-Check,0.223,135,70
02/12/2026,14511,401430,Pregnancy Test - Milk,Pregnant,0.396,144,77
02/12/2026,14613,401430,Pregnancy Test - Milk,Pregnant,1.33,101,36
02/12/2026,15395,401430,Pregnancy Test - Milk,Pregnant,0.964,100,35
02/12/2026,14827,401430,Pregnancy Test - Milk,Pregnant,0.383,147,77
02/12/2026,13580,401430,Pregnancy Test - Milk,Pregnant,0.316,218,84
02/12/2026,10738,401430,Pregnancy Test - Milk,Pregnant,0.745,103,35
02/12/2026,9524,401430,Pregnancy Test - Milk,Open,0.036,105,35
02/12/2026,14736,401430,Pregnancy Test - Milk,Pregnant,0.766,105,35
02/12/2026,13298,401430,Pregnancy Test - Milk,Pregnant,1.021,94,40
02/12/2026,14614,401430,Pregnancy Test - Milk,Pregnant,0.969,141,70
02/12/2026,30008,401430,Pregnancy Test - Milk,Pregnant,1.131,147,77
02/12/2026,10660,401430,Pregnancy Test - Milk,Pregnant,1.103,205,35
02/12/2026,18273,401430,Pregnancy Test - Milk,Pregnant,0.348,222,78
02/12/2026,21165,401430,Pregnancy Test - Milk,Pregnant,1.32,120,34
02/12/2026,15962,401430,Pregnancy Test - Milk,Pregnant,0.699,159,35
02/12/2026,10098,401430,Pregnancy Test - Milk,Open,0.048,86,37
02/12/2026,15034,401430,Pregnancy Test - Milk,Pregnant,1.273,103,35
02/12/2026,13019,401430,Pregnancy Test - Milk,Pregnant,0.454,152,84
02/12/2026,9438,401430,Pregnancy Test - Milk,Pregnant,0.59,283,72
02/12/2026,11216,401430,Pregnancy Test - Milk,Pregnant,0.511,190,72
02/12/2026,14840,401430,Pregnancy Test - Milk,Pregnant,0.308,143,77
02/12/2026,11684,401430,Pregnancy Test - Milk,Pregnant,0.756,101,35
02/12/2026,9858,401430,Pregnancy Test - Milk,Pregnant,0.624,115,40
02/12/2026,19268,401430,Pregnancy Test - Milk,Pregnant,1.095,124,34
02/12/2026,10752,401430,Pregnancy Test - Milk,Re-Check,0.163,185,47
02/12/2026,16503,401430,Pregnancy Test - Milk,Open,-0.005,140,70
02/12/2026,5179,401430,Pregnancy Test - Milk,Pregnant,0.398,200,84
02/12/2026,20999,401430,Pregnancy Test - Milk,Pregnant,1.233,139,70
02/12/2026,9341,401430,Pregnancy Test - Milk,Pregnant,0.918,224,39
02/12/2026,9378,401430,Pregnancy Test - Milk,Pregnant,0.378,381,75
02/12/2026,12257,401430,Pregnancy Test - Milk,Pregnant,0.913,104,35
02/12/2026,3628,401430,Pregnancy Test - Milk,Open,0.049,195,35
02/12/2026,16722,401430,Pregnancy Test - Milk,Pregnant,0.787,141,70
02/12/2026,14503,401430,Pregnancy Test - Milk,Pregnant,0.44,194,77
02/12/2026,15772,401430,Pregnancy Test - Milk,Open,0.046,150,35
02/12/2026,18468,401430,Pregnancy Test - Milk,Pregnant,1.101,179,75
02/12/2026,16921,401430,Pregnancy Test - Milk,Pregnant,0.445,199,84
02/12/2026,14927,401430,Pregnancy Test - Milk,Pregnant,0.721,84,35
02/12/2026,16823,401430,Pregnancy Test - Milk,Pregnant,0.52,138,70
02/12/2026,12586,401430,Pregnancy Test - Milk,Open,0,103,35
02/12/2026,18164,401430,Pregnancy Test - Milk,Pregnant,1.593,265,73
02/12/2026,14099,401430,Pregnancy Test - Milk,Pregnant,1.885,159,36
02/12/2026,12161,401430,Pregnancy Test - Milk,Pregnant,0.322,137,70
02/12/2026,16872,401430,Pregnancy Test - Milk,Pregnant,0.545,89,39
02/12/2026,5241,401430,Pregnancy Test - Milk,Pregnant,0.626,101,35
02/12/2026,10374,401430,Pregnancy Test - Milk,Pregnant,0.3,149,77
02/12/2026,15112,401430,Pregnancy Test - Milk,Pregnant,0.414,115,35
02/12/2026,13421,401430,Pregnancy Test - Milk,Open,0.047,189,35
02/12/2026,15111,401430,Pregnancy Test - Milk,Pregnant,1.082,131,40
02/12/2026,18985,401430,Pregnancy Test - Milk,Pregnant,0.941,103,35
02/12/2026,8675,401430,Pregnancy Test - Milk,Open,0.049,309,83
02/12/2026,18923,401430,Pregnancy Test - Milk,Pregnant,0.429,197,77
02/12/2026,15060,401430,Pregnancy Test - Milk,Pregnant,0.664,139,70
02/12/2026,18481,401430,Pregnancy Test - Milk,Pregnant,0.465,205,85
02/12/2026,17344,401430,Pregnancy Test - Milk,Pregnant,1.004,372,76
02/12/2026,14145,401430,Pregnancy Test - Milk,Pregnant,0.561,142,77
02/13/2026,8964,401430,Pregnancy Test - Milk,Pregnant,0.913,209,46
02/13/2026,20673,401430,Pregnancy Test - Milk,Pregnant,0.48,202,39
02/13/2026,16937,401430,Pregnancy Test - Milk,Re-Check,0.238,155,85
02/13/2026,21434,401430,Pregnancy Test - Milk,Pregnant,1.35,103,36
02/13/2026,15150,401430,Pregnancy Test - Milk,Pregnant,0.379,108,43
02/13/2026,20858,401430,Pregnancy Test - Milk,Pregnant,1.324,169,79
02/13/2026,19391,401430,Pregnancy Test - Milk,Pregnant,1.464,113,43
02/13/2026,3023,401430,Pregnancy Test - Milk,Open,0.02,142,50
02/13/2026,7786,401430,Pregnancy Test - Milk,Pregnant,0.759,148,78
02/13/2026,11704,401430,Pregnancy Test - Milk,Pregnant,0.457,107,43
02/13/2026,16380,401430,Pregnancy Test - Milk,Pregnant,0.61,134,49
02/13/2026,21487,401430,Pregnancy Test - Milk,Pregnant,0.909,111,43
02/13/2026,21100,401430,Pregnancy Test - Milk,Pregnant,0.658,150,78
02/13/2026,17129,401430,Pregnancy Test - Milk,Pregnant,0.7,104,36
02/13/2026,19252,401430,Pregnancy Test - Milk,Pregnant,0.583,115,50
02/13/2026,19165,401430,Pregnancy Test - Milk,Pregnant,1.238,90,39
02/13/2026,13557,401430,Pregnancy Test - Milk,Open,0.062,152,50
02/13/2026,16267,401430,Pregnancy Test - Milk,Pregnant,0.529,161,85
02/13/2026,16374,401430,Pregnancy Test - Milk,Open,-0.047,106,36
02/13/2026,16541,401430,Pregnancy Test - Milk,Pregnant,0.979,140,37
02/13/2026,20169,401430,Pregnancy Test - Milk,Pregnant,0.275,301,79
02/13/2026,21204,401430,Pregnancy Test - Milk,Pregnant,0.539,120,50
02/13/2026,20748,401430,Pregnancy Test - Milk,Pregnant,1.256,214,43
02/13/2026,21518,401430,Pregnancy Test - Milk,Pregnant,0.51,114,50
02/13/2026,20747,401430,Pregnancy Test - Milk,Pregnant,0.806,217,80
02/13/2026,19210,401430,Pregnancy Test - Milk,Re-Check,0.153,112,43
02/13/2026,20834,401430,Pregnancy Test - Milk,Pregnant,0.432,214,44
02/13/2026,21527,401430,Pregnancy Test - Milk,Pregnant,1.973,103,37
02/13/2026,21216,401430,Pregnancy Test - Milk,Pregnant,0.612,144,78
02/13/2026,7763,401430,Pregnancy Test - Milk,Pregnant,0.881,173,50
02/13/2026,18666,401430,Pregnancy Test - Milk,Pregnant,1.125,195,84
02/13/2026,1559,401430,Pregnancy Test - Milk,Open,-0.011,187,50
02/13/2026,15171,401430,Pregnancy Test - Milk,Pregnant,0.975,115,50
02/13/2026,18994,401430,Pregnancy Test - Milk,Re-Check,0.235,179,56
02/13/2026,14849,401430,Pregnancy Test - Milk,Pregnant,0.602,127,40
02/13/2026,17300,401430,Pregnancy Test - Milk,Pregnant,0.794,104,36
02/13/2026,14520,401430,Pregnancy Test - Milk,Re-Check,0.136,147,56
02/13/2026,14743,401430,Pregnancy Test - Milk,Pregnant,0.496,152,85
02/13/2026,14844,401430,Pregnancy Test - Milk,Pregnant,0.927,104,36
02/13/2026,20813,401430,Pregnancy Test - Milk,Pregnant,0.635,147,78
02/13/2026,15359,401430,Pregnancy Test - Milk,Pregnant,0.491,100,36
02/13/2026,21277,401430,Pregnancy Test - Milk,Re-Check,0.148,136,52
02/13/2026,20869,401430,Pregnancy Test - Milk,Pregnant,1.459,230,43
02/13/2026,1554,401430,Pregnancy Test - Milk,Pregnant,0.482,140,71
02/13/2026,21303,401430,Pregnancy Test - Milk,Pregnant,1.407,105,36
02/13/2026,20147,401430,Pregnancy Test - Milk,Pregnant,0.961,306,86
02/13/2026,18313,401430,Pregnancy Test - Milk,Pregnant,0.604,173,42
02/13/2026,20654,401430,Pregnancy Test - Milk,Pregnant,1.225,155,85
02/13/2026,21021,401430,Pregnancy Test - Milk,Pregnant,2.21,104,36
02/13/2026,21169,401430,Pregnancy Test - Milk,Pregnant,0.356,117,50
02/13/2026,16298,401430,Pregnancy Test - Milk,Pregnant,0.351,229,35
02/13/2026,18125,401430,Pregnancy Test - Milk,Pregnant,1.016,161,85
02/13/2026,18767,401430,Pregnancy Test - Milk,Pregnant,0.934,145,78
02/13/2026,15905,401430,Pregnancy Test - Milk,Pregnant,0.398,131,40
02/13/2026,19142,401430,Pregnancy Test - Milk,Pregnant,0.733,105,36
02/13/2026,12571,401430,Pregnancy Test - Milk,Pregnant,0.357,121,35
02/13/2026,1614,401430,Pregnancy Test - Milk,Pregnant,0.666,216,37
02/13/2026,19230,401430,Pregnancy Test - Milk,Pregnant,1.299,132,39
02/13/2026,21018,401430,Pregnancy Test - Milk,Pregnant,0.453,179,84
02/13/2026,19349,401430,Pregnancy Test - Milk,Pregnant,0.499,107,43
02/13/2026,15035,401430,Pregnancy Test - Milk,Open,0.086,119,50
02/13/2026,21077,401430,Pregnancy Test - Milk,Not Tested,,161,51
02/13/2026,20807,401430,Pregnancy Test - Milk,Pregnant,1.297,229,51
02/13/2026,21203,401430,Pregnancy Test - Milk,Open,-0.023,102,37
02/13/2026,21015,401430,Pregnancy Test - Milk,Pregnant,1.22,151,85
02/13/2026,21305,401430,Pregnancy Test - Milk,Pregnant,0.665,115,50
02/13/2026,20323,401430,Pregnancy Test - Milk,Pregnant,0.543,235,50
02/13/2026,15945,401430,Pregnancy Test - Milk,Re-Check,0.232,140,71
02/13/2026,21221,401430,Pregnancy Test - Milk,Re-Check,0.101,103,36
02/13/2026,18836,401430,Pregnancy Test - Milk,Pregnant,1.656,102,36
02/13/2026,4000,401430,Pregnancy Test - Milk,Open,-0.02,104,36
02/13/2026,19163,401430,Pregnancy Test - Milk,Pregnant,0.766,140,51
02/13/2026,13684,401430,Pregnancy Test - Milk,Pregnant,0.517,119,50
02/13/2026,16105,401430,Pregnancy Test - Milk,Re-Check,0.122,116,50
02/13/2026,7818,401430,Pregnancy Test - Milk,Pregnant,1.387,105,36
02/13/2026,21349,401430,Pregnancy Test - Milk,Pregnant,1.222,113,43
02/13/2026,21413,401430,Pregnancy Test - Milk,Open,0.001,101,36
02/13/2026,16958,401430,Pregnancy Test - Milk,Pregnant,0.621,136,71
02/13/2026,16642,401430,Pregnancy Test - Milk,Pregnant,0.546,138,46
02/13/2026,19460,401430,Pregnancy Test - Milk,Open,0.017,120,50
02/13/2026,19031,401430,Pregnancy Test - Milk,Pregnant,0.818,136,50
02/13/2026,18791,401430,Pregnancy Test - Milk,Pregnant,0.283,136,71
02/13/2026,16655,401430,Pregnancy Test - Milk,Open,0.051,103,36
02/13/2026,20818,401430,Pregnancy Test - Milk,Pregnant,0.637,117,50
02/13/2026,18768,401430,Pregnancy Test - Milk,Pregnant,0.784,106,36
02/13/2026,3894,401430,Pregnancy Test - Milk,Pregnant,0.678,101,36
02/13/2026,15966,401430,Pregnancy Test - Milk,Pregnant,0.318,238,46
02/13/2026,19051,401430,Pregnancy Test - Milk,Pregnant,0.495,101,36
02/13/2026,17065,401430,Pregnancy Test - Milk,Pregnant,0.987,105,36
02/13/2026,18973,401430,Pregnancy Test - Milk,Re-Check,0.124,148,78
02/13/2026,21433,401430,Pregnancy Test - Milk,Pregnant,0.909,104,36
02/13/2026,20837,401430,Pregnancy Test - Milk,Pregnant,1.137,100,36
02/13/2026,21290,401430,Pregnancy Test - Milk,Open,0.083,136,37
02/13/2026,12905,401430,Pregnancy Test - Milk,Pregnant,0.827,196,78
02/13/2026,21272,401430,Pregnancy Test - Milk,Pregnant,0.78,114,50
02/13/2026,19196,401430,Pregnancy Test - Milk,Open,0.079,82,43
02/13/2026,21430,401430,Pregnancy Test - Milk,Pregnant,1.425,103,36
02/13/2026,21097,401430,Pregnancy Test - Milk,Pregnant,1.259,118,50
02/13/2026,18665,401430,Pregnancy Test - Milk,Pregnant,1.443,234,46
02/13/2026,21550,401430,Pregnancy Test - Milk,Pregnant,0.412,119,50
02/13/2026,20955,401430,Pregnancy Test - Milk,Pregnant,1.161,167,48
02/13/2026,21029,401430,Pregnancy Test - Milk,Pregnant,0.43,183,48
02/13/2026,20898,401430,Pregnancy Test - Milk,Pregnant,0.646,167,46
02/13/2026,21228,401430,Pregnancy Test - Milk,Pregnant,1.92,100,36
02/13/2026,18023,401430,Pregnancy Test - Milk,Open,-0.002,146,78
02/13/2026,17935,401430,Pregnancy Test - Milk,Pregnant,0.468,171,50
02/13/2026,21382,401430,Pregnancy Test - Milk,Open,0,104,36
02/13/2026,18222,401430,Pregnancy Test - Milk,Pregnant,0.291,137,50
02/13/2026,15159,401430,Pregnancy Test - Milk,Re-Check,0.227,103,36
02/13/2026,19251,401430,Pregnancy Test - Milk,Pregnant,1.435,146,78
02/13/2026,20230,401430,Pregnancy Test - Milk,Pregnant,0.949,218,82
02/13/2026,21342,401430,Pregnancy Test - Milk,Pregnant,1.546,102,37
02/13/2026,21355,401430,Pregnancy Test - Milk,Pregnant,1.18,112,44
02/13/2026,19374,401430,Pregnancy Test - Milk,Pregnant,1.277,126,35
02/13/2026,30006,401430,Pregnancy Test - Milk,Pregnant,0.931,186,47
02/13/2026,20383,401430,Pregnancy Test - Milk,Pregnant,0.651,162,43
02/13/2026,21444,401430,Pregnancy Test - Milk,Pregnant,1.35,106,36
02/13/2026,21058,401430,Pregnancy Test - Milk,Pregnant,1.137,149,35
02/13/2026,21144,401430,Pregnancy Test - Milk,Pregnant,1.121,103,36
02/13/2026,18634,401430,Pregnancy Test - Milk,Pregnant,0.8,260,50
02/13/2026,19533,401430,Pregnancy Test - Milk,Pregnant,1.599,100,36
02/13/2026,19434,401430,Pregnancy Test - Milk,Pregnant,1.705,111,43
02/13/2026,20428,401430,Pregnancy Test - Milk,Pregnant,1.072,240,47
02/13/2026,19122,401430,Pregnancy Test - Milk,Pregnant,1.703,116,51
02/13/2026,18577,401430,Pregnancy Test - Milk,Open,0.055,120,50
02/13/2026,19158,401430,Pregnancy Test - Milk,Pregnant,0.72,116,50
02/13/2026,7816,401430,Pregnancy Test - Milk,Open,0.013,106,36
02/13/2026,19076,401430,Pregnancy Test - Milk,Pregnant,1.687,106,36
02/13/2026,15773,401430,Pregnancy Test - Milk,Pregnant,0.263,306,82
02/13/2026,20926,401430,Pregnancy Test - Milk,Open,-0.057,169,50
02/13/2026,21234,401430,Pregnancy Test - Milk,Pregnant,1.08,115,50
02/13/2026,21131,401430,Pregnancy Test - Milk,Pregnant,0.96,155,85
02/13/2026,21088,401430,Pregnancy Test - Milk,Pregnant,1.173,123,37
02/13/2026,21381,401430,Pregnancy Test - Milk,Pregnant,0.607,113,43
02/13/2026,19319,401430,Pregnancy Test - Milk,Open,-0.016,103,36
02/13/2026,18306,401430,Pregnancy Test - Milk,Pregnant,0.422,137,71
02/13/2026,16689,401430,Pregnancy Test - Milk,Pregnant,0.945,140,41
02/13/2026,21091,401430,Pregnancy Test - Milk,Pregnant,0.578,119,50
02/13/2026,18605,401430,Pregnancy Test - Milk,Pregnant,0.522,162,82
02/13/2026,16355,401430,Pregnancy Test - Milk,Pregnant,1.558,103,37
02/13/2026,15899,401430,Pregnancy Test - Milk,Pregnant,0.746,102,36
02/13/2026,16008,401430,Pregnancy Test - Milk,Pregnant,0.938,240,51
02/13/2026,17526,401430,Pregnancy Test - Milk,Pregnant,0.588,159,85
02/13/2026,18684,401430,Pregnancy Test - Milk,Re-Check,0.136,171,56
02/13/2026,15628,401430,Pregnancy Test - Milk,Pregnant,1.482,289,78
02/13/2026,18655,401430,Pregnancy Test - Milk,Pregnant,0.462,191,83
02/13/2026,16262,401430,Pregnancy Test - Milk,Pregnant,0.255,186,88
02/13/2026,13285,401430,Pregnancy Test - Milk,Pregnant,0.297,120,50
02/13/2026,19258,401430,Pregnancy Test - Milk,Pregnant,0.491,120,50
02/13/2026,18769,401430,Pregnancy Test - Milk,Pregnant,0.94,117,50
02/13/2026,18834,401430,Pregnancy Test - Milk,Pregnant,1.194,150,78
02/13/2026,994,401430,Pregnancy Test - Milk,Pregnant,0.623,176,35
02/13/2026,16900,401430,Pregnancy Test - Milk,Pregnant,0.366,104,36
02/13/2026,1384,401430,Pregnancy Test - Milk,Pregnant,0.426,146,44
02/13/2026,7777,401430,Pregnancy Test - Milk,Pregnant,0.381,148,78
02/13/2026,7810,401430,Pregnancy Test - Milk,Pregnant,1.613,112,43
02/13/2026,20711,401430,Pregnancy Test - Milk,Pregnant,0.869,225,77
02/13/2026,21113,401430,Pregnancy Test - Milk,Pregnant,0.67,141,71
02/13/2026,16444,401430,Pregnancy Test - Milk,Pregnant,1.227,124,52
02/13/2026,19466,401430,Pregnancy Test - Milk,Pregnant,1.879,106,36
02/13/2026,19542,401430,Pregnancy Test - Milk,Pregnant,1.056,106,36
02/13/2026,3776,401430,Pregnancy Test - Milk,Pregnant,0.252,236,50
02/13/2026,14300,401430,Pregnancy Test - Milk,Pregnant,0.525,146,78
02/13/2026,13159,401430,Pregnancy Test - Milk,Pregnant,0.362,149,78
02/13/2026,21423,401430,Pregnancy Test - Milk,Pregnant,0.915,101,36
02/13/2026,21263,401430,Pregnancy Test - Milk,Pregnant,1.448,106,36
02/13/2026,2176,401430,Pregnancy Test - Milk,Open,0.04,90,39
02/13/2026,17152,401430,Pregnancy Test - Milk,Pregnant,1.386,111,43
02/13/2026,21408,401430,Pregnancy Test - Milk,Pregnant,1.303,103,37
02/13/2026,20587,401430,Pregnancy Test - Milk,Pregnant,1.248,280,50
02/13/2026,17150,401430,Pregnancy Test - Milk,Pregnant,0.366,116,50
02/13/2026,17044,401430,Pregnancy Test - Milk,Pregnant,0.574,147,40
02/13/2026,16709,401430,Pregnancy Test - Milk,Pregnant,0.787,159,85
02/13/2026,21110,401430,Pregnancy Test - Milk,Pregnant,1.001,102,36
02/13/2026,21275,401430,Pregnancy Test - Milk,Pregnant,0.71,103,36
02/13/2026,18817,401430,Pregnancy Test - Milk,Pregnant,0.484,154,85
02/13/2026,18922,401430,Pregnancy Test - Milk,Pregnant,0.865,152,85
02/13/2026,16673,401430,Pregnancy Test - Milk,Pregnant,0.461,110,43
02/13/2026,18722,401430,Pregnancy Test - Milk,Pregnant,0.317,214,79
02/13/2026,21033,401430,Pregnancy Test - Milk,Pregnant,0.714,150,78
02/13/2026,825100,401430,Pregnancy Test - Milk,Pregnant,0.921,278,43
02/13/2026,21214,401430,Pregnancy Test - Milk,Pregnant,1.582,104,36
02/13/2026,21253,401430,Pregnancy Test - Milk,Pregnant,0.922,115,50
02/13/2026,18633,401430,Pregnancy Test - Milk,Pregnant,1.438,104,36
02/13/2026,21213,401430,Pregnancy Test - Milk,Pregnant,1.074,102,36
02/13/2026,16815,401430,Pregnancy Test - Milk,Pregnant,1.035,211,80
02/13/2026,3807,401430,Pregnancy Test - Milk,Re-Check,0.186,112,43
02/13/2026,20447,401430,Pregnancy Test - Milk,Pregnant,0.696,243,44
02/13/2026,14529,401430,Pregnancy Test - Milk,Pregnant,0.324,112,43
02/13/2026,15389,401430,Pregnancy Test - Milk,Pregnant,0.363,120,50
02/13/2026,19463,401430,Pregnancy Test - Milk,Open,-0.038,122,35
02/13/2026,15753,401430,Pregnancy Test - Milk,Pregnant,0.297,120,50
02/13/2026,920,401430,Pregnancy Test - Milk,Pregnant,0.557,154,85
02/13/2026,20843,401430,Pregnancy Test - Milk,Pregnant,0.572,145,50
02/13/2026,10377,401430,Pregnancy Test - Milk,Re-Check,0.151,111,43
02/13/2026,19154,401430,Pregnancy Test - Milk,Pregnant,0.715,215,49
02/13/2026,21232,401430,Pregnancy Test - Milk,Pregnant,1.383,101,37
02/13/2026,20153,401430,Pregnancy Test - Milk,Pregnant,0.963,271,43
02/13/2026,16765,401430,Pregnancy Test - Milk,Re-Check,0.136,114,50
02/13/2026,18658,401430,Pregnancy Test - Milk,Pregnant,0.872,148,78
02/13/2026,16780,401430,Pregnancy Test - Milk,Pregnant,0.939,113,43
02/13/2026,17348,401430,Pregnancy Test - Milk,Pregnant,0.88,109,43
02/13/2026,16400,401430,Pregnancy Test - Milk,Open,0.019,112,0
02/13/2026,17275,401430,Pregnancy Test - Milk,Pregnant,0.664,130,40
02/13/2026,1530,401430,Pregnancy Test - Milk,Pregnant,0.327,143,78
02/13/2026,17615,401430,Pregnancy Test - Milk,Pregnant,1.495,269,78
02/13/2026,20696,401430,Pregnancy Test - Milk,Pregnant,0.83,230,79
02/13/2026,12605,401430,Pregnancy Test - Milk,Pregnant,0.407,169,78
02/13/2026,21267,401430,Pregnancy Test - Milk,Re-Check,0.118,118,50
02/13/2026,18398,401430,Pregnancy Test - Milk,Pregnant,0.496,234,77
02/13/2026,11592,401430,Pregnancy Test - Milk,Pregnant,0.573,158,85
02/13/2026,18914,401430,Pregnancy Test - Milk,Open,0.063,139,36
02/13/2026,18907,401430,Pregnancy Test - Milk,Pregnant,0.792,110,43
02/13/2026,19392,401430,Pregnancy Test - Milk,Pregnant,2.008,89,39
02/13/2026,15898,401430,Pregnancy Test - Milk,Open,-0.015,214,50
02/13/2026,17024,401430,Pregnancy Test - Milk,Pregnant,0.333,106,42
02/13/2026,20797,401430,Pregnancy Test - Milk,Pregnant,0.494,254,84
02/13/2026,18731,401430,Pregnancy Test - Milk,Pregnant,1.069,179,84
02/13/2026,16236,401430,Pregnancy Test - Milk,Pregnant,0.549,138,47
02/13/2026,333,401430,Pregnancy Test - Milk,Pregnant,1.702,156,36
02/13/2026,19294,401430,Pregnancy Test - Milk,Pregnant,0.541,107,43
02/13/2026,19169,401430,Pregnancy Test - Milk,Open,-0.013,108,43
02/13/2026,19036,401430,Pregnancy Test - Milk,Pregnant,0.559,214,36
02/13/2026,11995,401430,Pregnancy Test - Milk,Pregnant,0.869,101,36
02/13/2026,16992,401430,Pregnancy Test - Milk,Pregnant,0.819,105,36
02/13/2026,21001,401430,Pregnancy Test - Milk,Open,-0.053,96,35
02/13/2026,7767,401430,Pregnancy Test - Milk,Open,-0.01,144,78
02/13/2026,20706,401430,Pregnancy Test - Milk,Pregnant,0.567,252,80
02/13/2026,19005,401430,Pregnancy Test - Milk,Re-Check,0.219,115,50
02/13/2026,21255,401430,Pregnancy Test - Milk,Not Tested,,119,50
02/13/2026,19279,401430,Pregnancy Test - Milk,Pregnant,1.003,142,71
02/13/2026,16409,401430,Pregnancy Test - Milk,Re-Check,0.117,135,41
02/13/2026,19200,401430,Pregnancy Test - Milk,Pregnant,0.704,108,43
02/13/2026,7649,401430,Pregnancy Test - Milk,Pregnant,0.594,303,37
02/13/2026,16463,401430,Pregnancy Test - Milk,Pregnant,1.015,128,39
02/13/2026,10657,401430,Pregnancy Test - Milk,Pregnant,1.838,151,41
02/13/2026,20884,401430,Pregnancy Test - Milk,Not Tested,,145,37
02/13/2026,21442,401430,Pregnancy Test - Milk,Open,-0.049,92,39
02/13/2026,21325,401430,Pregnancy Test - Milk,Pregnant,0.944,117,50
02/13/2026,7785,401430,Pregnancy Test - Milk,Pregnant,0.831,155,45
02/13/2026,19147,401430,Pregnancy Test - Milk,Pregnant,1.554,110,43
02/13/2026,20768,401430,Pregnancy Test - Milk,Pregnant,1.094,165,45
02/13/2026,18935,401430,Pregnancy Test - Milk,Pregnant,2.31,242,41
02/13/2026,16194,401430,Pregnancy Test - Milk,Re-Check,0.112,137,49
02/13/2026,16659,401430,Pregnancy Test - Milk,Pregnant,1.164,139,36
02/13/2026,18428,401430,Pregnancy Test - Milk,Open,0.089,105,36
02/13/2026,19080,401430,Pregnancy Test - Milk,Open,-0.037,100,36
02/13/2026,16161,401430,Pregnancy Test - Milk,Pregnant,1.239,177,84
02/13/2026,19222,401430,Pregnancy Test - Milk,Pregnant,0.623,144,78
02/13/2026,20975,401430,Pregnancy Test - Milk,Open,-0.004,107,43
02/13/2026,20275,401430,Pregnancy Test - Milk,Pregnant,0.594,271,46
02/13/2026,7759,401430,Pregnancy Test - Milk,Pregnant,0.701,165,43
02/13/2026,18704,401430,Pregnancy Test - Milk,Open,0.016,188,87
02/13/2026,16213,401430,Pregnancy Test - Milk,Re-Check,0.156,131,45
02/13/2026,20286,401430,Pregnancy Test - Milk,Pregnant,0.638,260,37
02/13/2026,18688,401430,Pregnancy Test - Milk,Pregnant,0.46,143,78
02/13/2026,21051,401430,Pregnancy Test - Milk,Pregnant,0.855,145,78
02/13/2026,21582,401430,Pregnancy Test - Milk,Pregnant,2.407,106,36
02/13/2026,19265,401430,Pregnancy Test - Milk,Pregnant,0.625,117,50
02/13/2026,21276,401430,Pregnancy Test - Milk,Pregnant,0.884,120,50
02/13/2026,21138,401430,Pregnancy Test - Milk,Pregnant,0.517,120,50
02/13/2026,21302,401430,Pregnancy Test - Milk,Open,-0.015,133,41
02/13/2026,21340,401430,Pregnancy Test - Milk,Pregnant,1.174,106,36
02/13/2026,20874,401430,Pregnancy Test - Milk,Pregnant,0.503,141,50
02/13/2026,19081,401430,Pregnancy Test - Milk,Pregnant,0.848,120,50
02/13/2026,19175,401430,Pregnancy Test - Milk,Open,0.017,91,39
02/13/2026,20997,401430,Pregnancy Test - Milk,Pregnant,0.428,150,78
02/13/2026,2173,401430,Pregnancy Test - Milk,Pregnant,0.462,164,36
02/13/2026,14197,401430,Pregnancy Test - Milk,Pregnant,0.637,101,36
02/13/2026,16938,401430,Pregnancy Test - Milk,Re-Check,0.172,158,40
02/13/2026,16585,401430,Pregnancy Test - Milk,Pregnant,0.594,156,43
02/13/2026,20863,401430,Pregnancy Test - Milk,Pregnant,0.894,128,39
02/13/2026,21326,401430,Pregnancy Test - Milk,Open,0.018,119,0
02/13/2026,21356,401430,Pregnancy Test - Milk,Pregnant,0.672,101,36
02/13/2026,21414,401430,Pregnancy Test - Milk,Open,0.095,105,36
02/13/2026,3767,401430,Pregnancy Test - Milk,Pregnant,0.292,119,50
02/13/2026,14207,401430,Pregnancy Test - Milk,Re-Check,0.1,118,50
02/13/2026,14426,401430,Pregnancy Test - Milk,Pregnant,0.632,91,39
02/13/2026,15808,401430,Pregnancy Test - Milk,Pregnant,0.827,128,43
02/13/2026,18799,401430,Pregnancy Test - Milk,Pregnant,0.459,106,36
02/13/2026,15826,401430,Pregnancy Test - Milk,Pregnant,0.313,162,43
02/13/2026,21400,401430,Pregnancy Test - Milk,Open,-0.04,127,36
02/13/2026,19195,401430,Pregnancy Test - Milk,Pregnant,0.715,89,38
02/13/2026,2386,401430,Pregnancy Test - Milk,Pregnant,1.227,221,38
02/13/2026,19832,401430,Pregnancy Test - Milk,Pregnant,2.296,322,35
02/13/2026,21285,401430,Pregnancy Test - Milk,Pregnant,0.898,116,50
02/13/2026,16988,401430,Pregnancy Test - Milk,Pregnant,0.645,105,36
02/13/2026,19070,401430,Pregnancy Test - Milk,Pregnant,0.596,107,43
02/13/2026,13192,401430,Pregnancy Test - Milk,Re-Check,0.175,115,50
02/13/2026,21476,401430,Pregnancy Test - Milk,Open,-0.02,91,39
02/19/2026,5195,401430,Pregnancy Test - Milk,Pregnant,1.736,103,35
02/19/2026,8961,401430,Pregnancy Test - Milk,Pregnant,1.012,99,35
02/19/2026,14875,401430,Pregnancy Test - Milk,Open,0.017,100,35
02/19/2026,14760,401430,Pregnancy Test - Milk,Pregnant,0.317,138,70
02/19/2026,14777,401430,Pregnancy Test - Milk,Pregnant,0.347,102,36
02/19/2026,19229,401430,Pregnancy Test - Milk,Pregnant,1.585,134,70
02/19/2026,13351,401430,Pregnancy Test - Milk,Pregnant,1.045,103,35
02/19/2026,14568,401430,Pregnancy Test - Milk,Re-Check,0.238,142,77
02/19/2026,5265,401430,Pregnancy Test - Milk,Pregnant,0.53,212,70
02/19/2026,13267,401430,Pregnancy Test - Milk,Pregnant,0.712,88,34
02/19/2026,10978,401430,Pregnancy Test - Milk,Open,0.045,142,39
02/19/2026,15289,401430,Pregnancy Test - Milk,Pregnant,0.329,91,38
02/19/2026,9932,401430,Pregnancy Test - Milk,Pregnant,0.456,139,70
02/19/2026,16914,401430,Pregnancy Test - Milk,Pregnant,0.697,133,40
02/19/2026,15396,401430,Pregnancy Test - Milk,Open,0.019,99,35
02/19/2026,15988,401430,Pregnancy Test - Milk,Pregnant,1.135,207,35
02/19/2026,18690,401430,Pregnancy Test - Milk,Pregnant,0.899,227,73
02/19/2026,18597,401430,Pregnancy Test - Milk,Pregnant,1.449,104,35
02/19/2026,13369,401430,Pregnancy Test - Milk,Pregnant,0.848,387,72
02/19/2026,9281,401430,Pregnancy Test - Milk,Pregnant,0.554,101,35
02/19/2026,16278,401430,Pregnancy Test - Milk,Re-Check,0.19,148,77
02/19/2026,16106,401430,Pregnancy Test - Milk,Pregnant,0.67,286,39
02/19/2026,14958,401430,Pregnancy Test - Milk,Pregnant,0.623,140,70
02/19/2026,14387,401430,Pregnancy Test - Milk,Re-Check,0.153,210,40
02/19/2026,17219,401430,Pregnancy Test - Milk,Pregnant,1.027,103,35
02/19/2026,16570,401430,Pregnancy Test - Milk,Re-Check,0.163,136,70
02/19/2026,17029,401430,Pregnancy Test - Milk,Re-Check,0.128,159,70
02/19/2026,16773,401430,Pregnancy Test - Milk,Pregnant,1.138,180,35
02/19/2026,16671,401430,Pregnancy Test - Milk,Pregnant,1.237,87,37
02/19/2026,15356,401430,Pregnancy Test - Milk,Re-Check,0.201,186,63
02/19/2026,12569,401430,Pregnancy Test - Milk,Open,0.028,103,35
02/19/2026,16397,401430,Pregnancy Test - Milk,Pregnant,0.732,103,35
02/19/2026,12444,401430,Pregnancy Test - Milk,Pregnant,0.292,134,70
02/19/2026,16975,401430,Pregnancy Test - Milk,Re-Check,0.157,120,56
02/19/2026,15013,401430,Pregnancy Test - Milk,Pregnant,0.648,91,38
02/19/2026,18603,401430,Pregnancy Test - Milk,Pregnant,0.402,189,70
02/19/2026,10905,401430,Pregnancy Test - Milk,Pregnant,0.493,138,70
02/19/2026,16944,401430,Pregnancy Test - Milk,Pregnant,0.676,170,34
02/19/2026,49059,401430,Pregnancy Test - Milk,Pregnant,0.563,302,73
02/19/2026,13786,401430,Pregnancy Test - Milk,Re-Check,0.176,140,70
02/19/2026,16318,401430,Pregnancy Test - Milk,Pregnant,0.39,191,70
02/19/2026,7556,401430,Pregnancy Test - Milk,Pregnant,0.494,136,70
02/19/2026,10174,401430,Pregnancy Test - Milk,Re-Check,0.168,135,70
02/19/2026,16571,401430,Pregnancy Test - Milk,Pregnant,1.21,231,70
02/19/2026,19140,401430,Pregnancy Test - Milk,Pregnant,0.468,245,71
02/19/2026,16494,401430,Pregnancy Test - Milk,Pregnant,0.503,211,74
02/19/2026,16367,401430,Pregnancy Test - Milk,Pregnant,0.361,192,70
02/19/2026,3222,401430,Pregnancy Test - Milk,Pregnant,0.518,102,35
02/19/2026,13301,401430,Pregnancy Test - Milk,Pregnant,0.869,102,35
02/19/2026,20962,401430,Pregnancy Test - Milk,Pregnant,1.134,171,76
02/19/2026,13768,401430,Pregnancy Test - Milk,Open,-0.009,192,70
02/19/2026,16703,401430,Pregnancy Test - Milk,Pregnant,1.338,159,38
02/19/2026,10590,401430,Pregnancy Test - Milk,Pregnant,0.907,140,70
02/19/2026,12119,401430,Pregnancy Test - Milk,Re-Check,0.126,240,72
02/19/2026,13155,401430,Pregnancy Test - Milk,Pregnant,0.534,158,70
02/19/2026,10752,401430,Pregnancy Test - Milk,Re-Check,0.244,192,54
02/19/2026,14070,401430,Pregnancy Test - Milk,Pregnant,0.772,129,39
02/19/2026,11404,401430,Pregnancy Test - Milk,Pregnant,0.863,191,75
02/19/2026,18812,401430,Pregnancy Test - Milk,Pregnant,0.672,99,35
02/19/2026,17988,401430,Pregnancy Test - Milk,Open,-0.002,186,70
02/19/2026,14533,401430,Pregnancy Test - Milk,Pregnant,0.52,141,70
02/19/2026,10460,401430,Pregnancy Test - Milk,Pregnant,2.409,138,70
02/19/2026,9567,401430,Pregnancy Test - Milk,Pregnant,0.573,141,70
02/19/2026,11645,401430,Pregnancy Test - Milk,Pregnant,0.794,128,39
02/19/2026,10806,401430,Pregnancy Test - Milk,Pregnant,0.674,192,70
02/19/2026,10499,401430,Pregnancy Test - Milk,Re-Check,0.173,147,54
02/19/2026,1438,401430,Pregnancy Test - Milk,Pregnant,1.054,154,35
02/19/2026,12812,401430,Pregnancy Test - Milk,Pregnant,1.066,105,35
02/19/2026,5170,401430,Pregnancy Test - Milk,Pregnant,0.827,123,34
02/19/2026,14368,401430,Pregnancy Test - Milk,Re-Check,0.186,141,70
02/19/2026,14795,401430,Pregnancy Test - Milk,Pregnant,0.773,170,74
02/19/2026,18631,401430,Pregnancy Test - Milk,Open,0.045,191,70
02/19/2026,12500,401430,Pregnancy Test - Milk,Open,-0.007,133,40
02/19/2026,7198,401430,Pregnancy Test - Milk,Open,0.031,214,71
02/19/2026,14303,401430,Pregnancy Test - Milk,Pregnant,0.397,254,70
02/19/2026,13319,401430,Pregnancy Test - Milk,Open,0.059,147,34
02/19/2026,16901,401430,Pregnancy Test - Milk,Pregnant,1.535,87,34
02/19/2026,15940,401430,Pregnancy Test - Milk,Open,-0.051,303,34
02/19/2026,5152,401430,Pregnancy Test - Milk,Pregnant,1.341,154,35
02/19/2026,14589,401430,Pregnancy Test - Milk,Open,0.005,156,35
02/19/2026,16078,401430,Pregnancy Test - Milk,Pregnant,2.488,195,36
02/19/2026,13775,401430,Pregnancy Test - Milk,Pregnant,0.36,166,70
02/20/2026,16928,401430,Pregnancy Test - Milk,Pregnant,0.353,179,45
02/20/2026,13633,401430,Pregnancy Test - Milk,Pregnant,0.68,156,58
02/20/2026,18610,401430,Pregnancy Test - Milk,Re-Check,0.114,207,39
02/20/2026,2261,401430,Pregnancy Test - Milk,Pregnant,1.008,274,74
02/20/2026,20003,401430,Pregnancy Test - Milk,Open,-0.008,310,39
02/20/2026,21153,401430,Pregnancy Test - Milk,Pregnant,1.128,101,36
02/20/2026,20972,401430,Pregnancy Test - Milk,Pregnant,1.086,149,78
02/20/2026,21118,401430,Pregnancy Test - Milk,Pregnant,1.297,139,72
02/20/2026,2663,401430,Pregnancy Test - Milk,Pregnant,1.163,224,84
02/20/2026,21360,401430,Pregnancy Test - Milk,Open,-0.034,101,36
02/20/2026,18855,401430,Pregnancy Test - Milk,Re-Check,0.14,201,78
02/20/2026,16937,401430,Pregnancy Test - Milk,Pregnant,0.524,162,92
02/20/2026,18887,401430,Pregnancy Test - Milk,Pregnant,0.469,214,53
02/20/2026,14692,401430,Pregnancy Test - Milk,Pregnant,0.406,133,36
02/20/2026,18981,401430,Pregnancy Test - Milk,Pregnant,0.371,141,72
02/20/2026,16293,401430,Pregnancy Test - Milk,Pregnant,0.467,199,59
02/20/2026,20848,401430,Pregnancy Test - Milk,Pregnant,0.708,142,71
02/20/2026,11737,401430,Pregnancy Test - Milk,Open,0.035,110,43
02/20/2026,21062,401430,Pregnancy Test - Milk,Pregnant,0.95,160,92
02/20/2026,15945,401430,Pregnancy Test - Milk,Re-Check,0.217,147,78
02/20/2026,3249,401430,Pregnancy Test - Milk,Open,-0.016,249,78
02/20/2026,18934,401430,Pregnancy Test - Milk,Pregnant,0.591,131,41
02/20/2026,21077,401430,Pregnancy Test - Milk,Pregnant,1.397,168,58
02/20/2026,16727,401430,Pregnancy Test - Milk,Re-Check,0.203,101,36
02/20/2026,984,401430,Pregnancy Test - Milk,Pregnant,0.689,278,81
02/20/2026,19401,401430,Pregnancy Test - Milk,Pregnant,0.32,101,36
02/20/2026,16342,401430,Pregnancy Test - Milk,Pregnant,2.284,182,40
02/20/2026,20821,401430,Pregnancy Test - Milk,Pregnant,0.584,131,43
02/20/2026,20964,401430,Pregnancy Test - Milk,Open,-0.007,182,41
02/20/2026,19244,401430,Pregnancy Test - Milk,Pregnant,0.825,113,43
02/20/2026,20991,401430,Pregnancy Test - Milk,Pregnant,0.943,103,36
02/20/2026,21484,401430,Pregnancy Test - Milk,Pregnant,1.292,104,36
02/20/2026,20586,401430,Pregnancy Test - Milk,Pregnant,0.744,164,73
02/20/2026,20755,401430,Pregnancy Test - Milk,Pregnant,1.255,102,36
02/20/2026,21258,401430,Pregnancy Test - Milk,Open,-0.032,102,36
02/20/2026,18663,401430,Pregnancy Test - Milk,Pregnant,0.622,153,85
02/20/2026,21163,401430,Pregnancy Test - Milk,Open,-0.02,121,36
02/20/2026,20667,401430,Pregnancy Test - Milk,Pregnant,0.627,174,52
02/20/2026,20688,401430,Pregnancy Test - Milk,Pregnant,1.887,226,85
02/20/2026,19118,401430,Pregnancy Test - Milk,Pregnant,0.481,157,85
02/20/2026,16562,401430,Pregnancy Test - Milk,Pregnant,0.358,142,71
02/20/2026,16691,401430,Pregnancy Test - Milk,Pregnant,0.836,217,72
02/20/2026,20744,401430,Pregnancy Test - Milk,Pregnant,1.333,209,41
02/20/2026,21426,401430,Pregnancy Test - Milk,Pregnant,0.908,141,71
02/20/2026,7677,401430,Pregnancy Test - Milk,Pregnant,1.313,113,43
02/20/2026,14207,401430,Pregnancy Test - Milk,Open,0.066,125,57
02/20/2026,17815,401430,Pregnancy Test - Milk,Pregnant,0.94,346,92
02/20/2026,1095,401430,Pregnancy Test - Milk,Pregnant,0.763,101,36
02/20/2026,12956,401430,Pregnancy Test - Milk,Pregnant,0.842,105,36
02/20/2026,14322,401430,Pregnancy Test - Milk,Pregnant,0.553,239,92
02/20/2026,20984,401430,Pregnancy Test - Milk,Pregnant,1.168,180,38
02/20/2026,16497,401430,Pregnancy Test - Milk,Open,0.002,141,44
02/20/2026,18684,401430,Pregnancy Test - Milk,Pregnant,1.357,178,63
02/20/2026,21056,401430,Pregnancy Test - Milk,Pregnant,1.246,219,40
02/20/2026,2274,401430,Pregnancy Test - Milk,Pregnant,1.752,178,37
02/20/2026,21314,401430,Pregnancy Test - Milk,Pregnant,0.27,132,40
02/20/2026,19023,401430,Pregnancy Test - Milk,Pregnant,1.279,100,36
02/20/2026,15025,401430,Pregnancy Test - Milk,Pregnant,0.289,141,50
02/20/2026,20267,401430,Pregnancy Test - Milk,Pregnant,1.254,339,78
02/20/2026,21016,401430,Pregnancy Test - Milk,Pregnant,1.158,164,71
02/20/2026,16269,401430,Pregnancy Test - Milk,Pregnant,0.483,180,57
02/20/2026,21042,401430,Pregnancy Test - Milk,Pregnant,0.47,159,92
02/20/2026,20151,401430,Pregnancy Test - Milk,Pregnant,0.84,326,86
02/20/2026,987,401430,Pregnancy Test - Milk,Pregnant,0.445,141,71
02/20/2026,7662,401430,Pregnancy Test - Milk,Pregnant,1.102,348,74
02/20/2026,19066,401430,Pregnancy Test - Milk,Pregnant,0.71,152,85
02/20/2026,20727,401430,Pregnancy Test - Milk,Pregnant,1.491,147,78
02/20/2026,21013,401430,Pregnancy Test - Milk,Pregnant,1.35,179,85
02/20/2026,20876,401430,Pregnancy Test - Milk,Pregnant,0.357,160,75
02/20/2026,19414,401430,Pregnancy Test - Milk,Open,0.026,106,36
02/20/2026,11875,401430,Pregnancy Test - Milk,Pregnant,0.535,314,85
02/20/2026,17271,401430,Pregnancy Test - Milk,Pregnant,0.745,104,36
02/20/2026,20963,401430,Pregnancy Test - Milk,Pregnant,1.881,105,36
02/20/2026,10594,401430,Pregnancy Test - Milk,Open,-0.007,149,78
02/20/2026,15737,401430,Pregnancy Test - Milk,Pregnant,0.915,144,78
02/20/2026,15078,401430,Pregnancy Test - Milk,Pregnant,0.381,146,78
02/20/2026,20191,401430,Pregnancy Test - Milk,Open,-0.015,248,41
02/20/2026,18361,401430,Pregnancy Test - Milk,Pregnant,1.169,164,40
02/20/2026,19316,401430,Pregnancy Test - Milk,Pregnant,1.118,122,36
02/20/2026,20469,401430,Pregnancy Test - Milk,Pregnant,0.998,223,77
02/20/2026,14299,401430,Pregnancy Test - Milk,Pregnant,1.222,266,94
02/20/2026,2405,401430,Pregnancy Test - Milk,Pregnant,0.857,220,35
02/20/2026,7791,401430,Pregnancy Test - Milk,Open,0.03,106,36
02/20/2026,16765,401430,Pregnancy Test - Milk,Re-Check,0.171,121,57
02/20/2026,16213,401430,Pregnancy Test - Milk,Re-Check,0.192,138,52
02/20/2026,17431,401430,Pregnancy Test - Milk,Pregnant,1.139,103,36
02/20/2026,19192,401430,Pregnancy Test - Milk,Pregnant,0.411,144,78
02/20/2026,18650,401430,Pregnancy Test - Milk,Pregnant,0.671,241,74
02/20/2026,16194,401430,Pregnancy Test - Milk,Re-Check,0.139,144,56
02/20/2026,3697,401430,Pregnancy Test - Milk,Pregnant,0.299,233,71
02/20/2026,17681,401430,Pregnancy Test - Milk,Open,-0.033,354,57
02/20/2026,15393,401430,Pregnancy Test - Milk,Pregnant,0.299,103,36
02/20/2026,20884,401430,Pregnancy Test - Milk,Pregnant,1.276,152,44
02/20/2026,21057,401430,Pregnancy Test - Milk,Pregnant,1.247,154,85
02/20/2026,19058,401430,Pregnancy Test - Milk,Pregnant,1.288,128,38
02/20/2026,18891,401430,Pregnancy Test - Milk,Pregnant,1.099,155,37
02/20/2026,14811,401430,Pregnancy Test - Milk,Pregnant,0.652,102,36
02/20/2026,12597,401430,Pregnancy Test - Milk,Pregnant,0.496,178,41
02/20/2026,20793,401430,Pregnancy Test - Milk,Pregnant,0.79,220,40
02/20/2026,18751,401430,Pregnancy Test - Milk,Open,0.052,152,38
02/20/2026,19357,401430,Pregnancy Test - Milk,Open,0.003,100,36
02/20/2026,20924,401430,Pregnancy Test - Milk,Open,-0.025,106,36
02/20/2026,21646,401430,Pregnancy Test - Milk,Pregnant,0.666,95,40
02/20/2026,16528,401430,Pregnancy Test - Milk,Pregnant,1.021,101,36
02/20/2026,14224,401430,Pregnancy Test - Milk,Pregnant,0.443,106,36
02/20/2026,21351,401430,Pregnancy Test - Milk,Open,-0.021,105,36
02/20/2026,20734,401430,Pregnancy Test - Milk,Pregnant,0.68,250,75
02/20/2026,20787,401430,Pregnancy Test - Milk,Pregnant,1.13,139,73
02/20/2026,16972,401430,Pregnancy Test - Milk,Pregnant,0.374,100,36
02/20/2026,18939,401430,Pregnancy Test - Milk,Pregnant,0.392,238,72
02/20/2026,20809,401430,Pregnancy Test - Milk,Pregnant,1.005,240,88
02/20/2026,20986,401430,Pregnancy Test - Milk,Pregnant,0.912,151,85
02/20/2026,1652,401430,Pregnancy Test - Milk,Pregnant,0.935,181,83
02/20/2026,20557,401430,Pregnancy Test - Milk,Pregnant,1.03,204,83
02/20/2026,20899,401430,Pregnancy Test - Milk,Pregnant,0.74,138,71
02/20/2026,17576,401430,Pregnancy Test - Milk,Pregnant,1.014,264,76
02/20/2026,17888,401430,Pregnancy Test - Milk,Pregnant,0.32,196,73
02/20/2026,20303,401430,Pregnancy Test - Milk,Pregnant,0.367,238,80
02/20/2026,17890,401430,Pregnancy Test - Milk,Pregnant,1.692,281,82
02/20/2026,19203,401430,Pregnancy Test - Milk,Pregnant,1.152,91,40
02/20/2026,3605,401430,Pregnancy Test - Milk,Pregnant,0.972,101,36
02/20/2026,16218,401430,Pregnancy Test - Milk,Pregnant,1.531,152,85
02/20/2026,16917,401430,Pregnancy Test - Milk,Pregnant,0.824,140,71
02/20/2026,14985,401430,Pregnancy Test - Milk,Pregnant,0.828,87,36
02/20/2026,17110,401430,Pregnancy Test - Milk,Re-Check,0.249,145,78
02/20/2026,5728,401430,Pregnancy Test - Milk,Re-Check,0.166,141,71
02/20/2026,21387,401430,Pregnancy Test - Milk,Pregnant,1.486,139,71
02/20/2026,20916,401430,Pregnancy Test - Milk,Pregnant,1.501,188,40
02/20/2026,21137,401430,Pregnancy Test - Milk,Pregnant,0.562,149,78
02/20/2026,18344,401430,Pregnancy Test - Milk,Pregnant,0.64,296,76
02/20/2026,16849,401430,Pregnancy Test - Milk,Pregnant,0.252,138,71
02/20/2026,3467,401430,Pregnancy Test - Milk,Pregnant,0.394,136,71
02/20/2026,843,401430,Pregnancy Test - Milk,Pregnant,0.966,142,71
02/20/2026,832,401430,Pregnancy Test - Milk,Pregnant,0.489,144,78
02/20/2026,16058,401430,Pregnancy Test - Milk,Pregnant,0.887,196,37
02/20/2026,17002,401430,Pregnancy Test - Milk,Pregnant,0.303,146,78
02/20/2026,14372,401430,Pregnancy Test - Milk,Pregnant,0.822,246,73
02/20/2026,19208,401430,Pregnancy Test - Milk,Pregnant,0.688,147,78
02/20/2026,16893,401430,Pregnancy Test - Milk,Pregnant,1.51,157,85
02/20/2026,17858,401430,Pregnancy Test - Milk,Pregnant,0.522,186,93
02/20/2026,7769,401430,Pregnancy Test - Milk,Pregnant,0.615,152,36
02/20/2026,21344,401430,Pregnancy Test - Milk,Pregnant,1.019,101,36
02/20/2026,14773,401430,Pregnancy Test - Milk,Pregnant,0.594,104,36
02/20/2026,20921,401430,Pregnancy Test - Milk,Open,-0.001,147,78
02/20/2026,16399,401430,Pregnancy Test - Milk,Pregnant,1.318,100,36
02/20/2026,18673,401430,Pregnancy Test - Milk,Open,0.043,141,37
02/20/2026,3051,401430,Pregnancy Test - Milk,Pregnant,0.587,106,36
02/20/2026,19210,401430,Pregnancy Test - Milk,Open,0.003,119,50
02/20/2026,20978,401430,Pregnancy Test - Milk,Open,0,161,41
02/20/2026,20904,401430,Pregnancy Test - Milk,Pregnant,2.833,181,75
02/20/2026,18506,401430,Pregnancy Test - Milk,Pregnant,0.871,236,40
02/20/2026,14775,401430,Pregnancy Test - Milk,Pregnant,0.972,168,92
02/20/2026,13851,401430,Pregnancy Test - Milk,Pregnant,1.08,213,86
02/20/2026,15068,401430,Pregnancy Test - Milk,Re-Check,0.227,282,0
02/20/2026,20815,401430,Pregnancy Test - Milk,Pregnant,0.583,239,46
02/20/2026,7788,401430,Pregnancy Test - Milk,Pregnant,0.284,144,78
02/20/2026,21160,401430,Pregnancy Test - Milk,Pregnant,0.821,128,41
02/20/2026,21257,401430,Pregnancy Test - Milk,Pregnant,1.181,139,39
02/20/2026,20339,401430,Pregnancy Test - Milk,Pregnant,0.827,243,38
02/20/2026,19225,401430,Pregnancy Test - Milk,Pregnant,0.944,91,39
02/20/2026,18820,401430,Pregnancy Test - Milk,Pregnant,0.824,171,77
02/20/2026,21255,401430,Pregnancy Test - Milk,Open,-0.01,126,0
02/20/2026,20127,401430,Pregnancy Test - Milk,Pregnant,1.079,238,71
02/20/2026,19119,401430,Pregnancy Test - Milk,Pregnant,0.664,196,71
02/20/2026,20676,401430,Pregnancy Test - Milk,Pregnant,0.824,202,40
02/20/2026,16596,401430,Pregnancy Test - Milk,Pregnant,0.407,102,36
02/20/2026,18994,401430,Pregnancy Test - Milk,Re-Check,0.24,186,63
02/20/2026,14782,401430,Pregnancy Test - Milk,Open,-0.001,141,37
02/20/2026,20749,401430,Pregnancy Test - Milk,Pregnant,0.613,246,52
02/20/2026,19285,401430,Pregnancy Test - Milk,Pregnant,0.95,150,39
02/20/2026,21238,401430,Pregnancy Test - Milk,Open,-0.007,105,36
02/20/2026,20344,401430,Pregnancy Test - Milk,Pregnant,1.355,248,78
02/20/2026,410,401430,Pregnancy Test - Milk,Pregnant,0.447,148,78
02/20/2026,3959,401430,Pregnancy Test - Milk,Open,0.054,98,45
02/20/2026,21427,401430,Pregnancy Test - Milk,Pregnant,1.542,139,71
02/20/2026,14520,401430,Pregnancy Test - Milk,Open,0.091,154,63
02/20/2026,14367,401430,Pregnancy Test - Milk,Pregnant,0.463,173,55
02/20/2026,16859,401430,Pregnancy Test - Milk,Pregnant,0.441,177,82
02/20/2026,12730,401430,Pregnancy Test - Milk,Pregnant,0.603,245,88
02/20/2026,16343,401430,Pregnancy Test - Milk,Pregnant,0.357,119,50
02/20/2026,21280,401430,Pregnancy Test - Milk,Pregnant,0.568,105,36
02/20/2026,21404,401430,Pregnancy Test - Milk,Pregnant,1.514,101,36
02/20/2026,19250,401430,Pregnancy Test - Milk,Pregnant,1.468,91,39
02/20/2026,15169,401430,Pregnancy Test - Milk,Pregnant,0.667,158,92
02/20/2026,16622,401430,Pregnancy Test - Milk,Pregnant,0.891,152,85
02/20/2026,16443,401430,Pregnancy Test - Milk,Pregnant,0.522,206,78
02/20/2026,215,401430,Pregnancy Test - Milk,Pregnant,0.486,229,76
02/20/2026,18191,401430,Pregnancy Test - Milk,Pregnant,0.489,214,46
02/20/2026,20850,401430,Pregnancy Test - Milk,Open,-0.013,106,36
02/20/2026,13192,401430,Pregnancy Test - Milk,Re-Check,0.145,122,57
02/20/2026,21061,401430,Pregnancy Test - Milk,Pregnant,1.965,194,85
02/20/2026,16356,401430,Pregnancy Test - Milk,Pregnant,0.794,229,39
02/20/2026,21277,401430,Pregnancy Test - Milk,Pregnant,0.281,143,59
02/20/2026,12245,401430,Pregnancy Test - Milk,Pregnant,0.586,106,36
02/20/2026,18433,401430,Pregnancy Test - Milk,Pregnant,0.759,148,77
02/20/2026,21249,401430,Pregnancy Test - Milk,Pregnant,1.592,106,36
02/20/2026,15452,401430,Pregnancy Test - Milk,Pregnant,1.047,353,119
02/20/2026,20912,401430,Pregnancy Test - Milk,Pregnant,1.859,159,71
02/20/2026,20792,401430,Pregnancy Test - Milk,Open,-0.024,197,38
02/20/2026,20083,401430,Pregnancy Test - Milk,Pregnant,0.847,293,35
02/20/2026,13559,401430,Pregnancy Test - Milk,Pregnant,0.57,105,36
02/20/2026,13767,401430,Pregnancy Test - Milk,Pregnant,0.886,236,56
02/20/2026,15402,401430,Pregnancy Test - Milk,Open,-0.016,135,71
02/20/2026,17088,401430,Pregnancy Test - Milk,Pregnant,1.69,131,39
02/20/2026,18900,401430,Pregnancy Test - Milk,Pregnant,0.53,168,41
02/20/2026,21120,401430,Pregnancy Test - Milk,Pregnant,1.316,157,85
02/20/2026,16557,401430,Pregnancy Test - Milk,Pregnant,0.516,106,36
02/20/2026,20944,401430,Pregnancy Test - Milk,Pregnant,1.413,233,89
02/20/2026,1092,401430,Pregnancy Test - Milk,Pregnant,1.462,138,71
02/20/2026,9869,401430,Pregnancy Test - Milk,Pregnant,0.539,148,78
02/20/2026,21300,401430,Pregnancy Test - Milk,Open,-0.016,143,36
02/20/2026,13793,401430,Pregnancy Test - Milk,Pregnant,0.815,192,78
02/20/2026,21420,401430,Pregnancy Test - Milk,Re-Check,0.225,102,36
02/20/2026,16880,401430,Pregnancy Test - Milk,Pregnant,0.825,123,35
02/20/2026,20806,401430,Pregnancy Test - Milk,Pregnant,0.386,151,85
02/20/2026,21662,401430,Pregnancy Test - Milk,Pregnant,0.842,100,36
02/20/2026,16409,401430,Pregnancy Test - Milk,Open,0.009,142,48
02/20/2026,30011,401430,Pregnancy Test - Milk,Pregnant,2.06,160,71
02/20/2026,19315,401430,Pregnancy Test - Milk,Pregnant,1.104,92,38
02/20/2026,14093,401430,Pregnancy Test - Milk,Open,0.005,123,36
02/20/2026,21040,401430,Pregnancy Test - Milk,Pregnant,1.345,143,36
02/20/2026,19039,401430,Pregnancy Test - Milk,Pregnant,0.768,102,36
02/20/2026,20968,401430,Pregnancy Test - Milk,Pregnant,1.049,178,38
02/20/2026,20700,401430,Pregnancy Test - Milk,Pregnant,0.777,135,71
02/20/2026,19005,401430,Pregnancy Test - Milk,Re-Check,0.169,122,57
02/20/2026,19028,401430,Pregnancy Test - Milk,Pregnant,1.599,152,85
02/20/2026,18451,401430,Pregnancy Test - Milk,Pregnant,0.586,266,82
02/20/2026,20313,401430,Pregnancy Test - Milk,Pregnant,1.146,286,80
02/20/2026,30013,401430,Pregnancy Test - Milk,Pregnant,1.531,150,85
02/20/2026,16759,401430,Pregnancy Test - Milk,Open,-0.007,120,50
02/20/2026,20995,401430,Pregnancy Test - Milk,Pregnant,1.242,176,85
02/20/2026,20855,401430,Pregnancy Test - Milk,Pregnant,0.346,175,57
02/20/2026,16984,401430,Pregnancy Test - Milk,Re-Check,0.221,100,36
02/20/2026,21111,401430,Pregnancy Test - Milk,Pregnant,0.789,123,57
02/20/2026,19423,401430,Pregnancy Test - Milk,Pregnant,1.036,102,36
02/20/2026,30001,401430,Pregnancy Test - Milk,Pregnant,0.851,155,36
02/20/2026,18973,401430,Pregnancy Test - Milk,Pregnant,0.331,155,85
02/20/2026,15341,401430,Pregnancy Test - Milk,Pregnant,0.312,308,57
02/20/2026,18846,401430,Pregnancy Test - Milk,Pregnant,1.027,215,71
02/20/2026,21215,401430,Pregnancy Test - Milk,Pregnant,1.98,124,36
02/20/2026,21654,401430,Pregnancy Test - Milk,Pregnant,1.076,102,36
02/20/2026,20477,401430,Pregnancy Test - Milk,Pregnant,1.472,150,85
02/20/2026,18940,401430,Pregnancy Test - Milk,Pregnant,0.498,218,82
02/20/2026,16670,401430,Pregnancy Test - Milk,Pregnant,1.209,211,35
02/20/2026,16300,401430,Pregnancy Test - Milk,Re-Check,0.156,162,54
02/20/2026,12197,401430,Pregnancy Test - Milk,Pregnant,0.29,116,50
02/20/2026,3807,401430,Pregnancy Test - Milk,Re-Check,0.182,119,50
02/20/2026,15159,401430,Pregnancy Test - Milk,Open,0.073,110,43
02/20/2026,17083,401430,Pregnancy Test - Milk,Re-Check,0.244,101,36
02/20/2026,21134,401430,Pregnancy Test - Milk,Pregnant,1.956,126,37
02/20/2026,17329,401430,Pregnancy Test - Milk,Pregnant,0.528,103,36
02/20/2026,21496,401430,Pregnancy Test - Milk,Pregnant,0.95,122,36
02/20/2026,16105,401430,Pregnancy Test - Milk,Re-Check,0.115,123,57
02/20/2026,18035,401430,Pregnancy Test - Milk,Pregnant,0.835,273,72
02/20/2026,20982,401430,Pregnancy Test - Milk,Pregnant,0.928,193,82
02/20/2026,18738,401430,Pregnancy Test - Milk,Pregnant,0.766,163,92
02/20/2026,15420,401430,Pregnancy Test - Milk,Pregnant,0.618,276,91
02/20/2026,15121,401430,Pregnancy Test - Milk,Pregnant,0.682,100,36
02/20/2026,4029,401430,Pregnancy Test - Milk,Pregnant,2.327,113,43
02/20/2026,20902,401430,Pregnancy Test - Milk,Pregnant,0.854,137,71
02/20/2026,19045,401430,Pregnancy Test - Milk,Pregnant,0.631,207,75
02/20/2026,17399,401430,Pregnancy Test - Milk,Pregnant,0.607,101,36
02/20/2026,16775,401430,Pregnancy Test - Milk,Pregnant,0.36,134,43
02/20/2026,16938,401430,Pregnancy Test - Milk,Re-Check,0.198,165,47
02/20/2026,1666,401430,Pregnancy Test - Milk,Pregnant,0.432,141,71
02/20/2026,18580,401430,Pregnancy Test - Milk,Pregnant,0.927,222,72
02/20/2026,15339,401430,Pregnancy Test - Milk,Pregnant,0.469,148,78
02/20/2026,19043,401430,Pregnancy Test - Milk,Pregnant,0.916,106,36
02/26/2026,13389,401430,Pregnancy Test - Milk,Pregnant,0.628,99,35
02/26/2026,16245,401430,Pregnancy Test - Milk,Pregnant,0.522,164,73
02/26/2026,15123,401430,Pregnancy Test - Milk,Open,-0.031,161,91
02/26/2026,10924,401430,Pregnancy Test - Milk,Pregnant,0.739,112,42
02/26/2026,10279,401430,Pregnancy Test - Milk,Open,-0.028,91,37
02/26/2026,16570,401430,Pregnancy Test - Milk,Re-Check,0.224,143,77
02/26/2026,19209,401430,Pregnancy Test - Milk,Pregnant,0.372,137,70
02/26/2026,14963,401430,Pregnancy Test - Milk,Pregnant,0.421,153,84
02/26/2026,13716,401430,Pregnancy Test - Milk,Pregnant,0.445,90,40
02/26/2026,21482,401430,Pregnancy Test - Milk,Pregnant,1.159,99,35
02/26/2026,13459,401430,Pregnancy Test - Milk,Open,-0.007,152,35
02/26/2026,18830,401430,Pregnancy Test - Milk,Pregnant,0.839,101,35
02/26/2026,16831,401430,Pregnancy Test - Milk,Pregnant,0.288,99,35
02/26/2026,18437,401430,Pregnancy Test - Milk,Pregnant,0.392,191,37
02/26/2026,14838,401430,Pregnancy Test - Milk,Pregnant,0.412,139,70
02/26/2026,16943,401430,Pregnancy Test - Milk,Open,0.025,103,35
02/26/2026,10499,401430,Pregnancy Test - Milk,Pregnant,0.312,154,61
02/26/2026,5233,401430,Pregnancy Test - Milk,Pregnant,0.795,140,70
02/26/2026,16598,401430,Pregnancy Test - Milk,Pregnant,0.732,101,35
02/26/2026,18576,401430,Pregnancy Test - Milk,Pregnant,0.719,243,89
02/26/2026,21048,401430,Pregnancy Test - Milk,Pregnant,0.611,149,65
02/26/2026,15639,401430,Pregnancy Test - Milk,Open,-0.013,310,35
02/26/2026,21251,401430,Pregnancy Test - Milk,Pregnant,0.57,154,37
02/26/2026,19291,401430,Pregnancy Test - Milk,Pregnant,1.815,121,35
02/26/2026,17616,401430,Pregnancy Test - Milk,Pregnant,0.796,297,36
02/26/2026,17411,401430,Pregnancy Test - Milk,Pregnant,0.671,99,35
02/26/2026,20287,401430,Pregnancy Test - Milk,Pregnant,0.994,250,38
02/26/2026,13509,401430,Pregnancy Test - Milk,Pregnant,0.258,173,72
02/26/2026,14387,401430,Pregnancy Test - Milk,Re-Check,0.157,217,47
02/26/2026,13399,401430,Pregnancy Test - Milk,Pregnant,0.504,293,74
02/26/2026,3676,401430,Pregnancy Test - Milk,Re-Check,0.129,162,35
02/26/2026,3268,401430,Pregnancy Test - Milk,Re-Check,0.196,94,36
02/26/2026,16213,401430,Pregnancy Test - Milk,Re-Check,0.201,144,58
02/26/2026,18717,401430,Pregnancy Test - Milk,Pregnant,0.873,206,88
02/26/2026,13192,401430,Pregnancy Test - Milk,Pregnant,0.324,128,63
02/26/2026,19878,401430,Pregnancy Test - Milk,Not Tested,,364,63
02/26/2026,19199,401430,Pregnancy Test - Milk,Pregnant,1.102,100,35
02/26/2026,21246,401430,Pregnancy Test - Milk,Re-Check,0.23,126,36
02/26/2026,17328,401430,Pregnancy Test - Milk,Pregnant,1.103,95,38
02/26/2026,16264,401430,Pregnancy Test - Milk,Re-Check,0.187,139,70
02/26/2026,14361,401430,Pregnancy Test - Milk,Pregnant,0.426,165,75
02/26/2026,10559,401430,Pregnancy Test - Milk,Pregnant,1.093,99,35
02/26/2026,14307,401430,Pregnancy Test - Milk,Pregnant,0.721,183,75
02/26/2026,12050,401430,Pregnancy Test - Milk,Pregnant,0.514,178,82
02/26/2026,17048,401430,Pregnancy Test - Milk,Pregnant,0.499,145,77
02/26/2026,7723,401430,Pregnancy Test - Milk,Pregnant,0.908,172,98
02/26/2026,21041,401430,Pregnancy Test - Milk,Pregnant,0.85,162,35
02/26/2026,921,401430,Pregnancy Test - Milk,Pregnant,1.374,171,35
02/26/2026,505,401430,Pregnancy Test - Milk,Pregnant,0.851,362,73
02/26/2026,21193,401430,Pregnancy Test - Milk,Pregnant,1.224,102,35
02/26/2026,15945,401430,Pregnancy Test - Milk,Pregnant,0.466,153,84
02/26/2026,16300,401430,Pregnancy Test - Milk,Re-Check,0.184,168,60
02/26/2026,14568,401430,Pregnancy Test - Milk,Pregnant,0.285,149,84
02/26/2026,16975,401430,Pregnancy Test - Milk,Re-Check,0.246,127,63
02/26/2026,14482,401430,Pregnancy Test - Milk,Pregnant,0.64,93,38
02/26/2026,13445,401430,Pregnancy Test - Milk,Pregnant,0.663,146,77
02/26/2026,10993,401430,Pregnancy Test - Milk,Open,0.047,158,35
02/26/2026,18870,401430,Pregnancy Test - Milk,Pregnant,0.986,144,35
02/26/2026,21012,401430,Pregnancy Test - Milk,Pregnant,1.248,159,35
02/26/2026,21179,401430,Pregnancy Test - Milk,Open,-0.011,90,39
02/26/2026,16176,401430,Pregnancy Test - Milk,Pregnant,1.944,94,34
02/26/2026,15026,401430,Pregnancy Test - Milk,Pregnant,0.429,95,38
02/26/2026,21086,401430,Pregnancy Test - Milk,Pregnant,2.063,156,71
02/26/2026,15918,401430,Pregnancy Test - Milk,Pregnant,0.847,158,91
02/26/2026,21186,401430,Pregnancy Test - Milk,Pregnant,0.743,99,35
02/26/2026,14200,401430,Pregnancy Test - Milk,Pregnant,0.565,199,36
02/26/2026,10669,401430,Pregnancy Test - Milk,Open,0.002,286,35
02/26/2026,14331,401430,Pregnancy Test - Milk,Pregnant,0.689,137,70
02/26/2026,17252,401430,Pregnancy Test - Milk,Pregnant,0.52,100,35
02/26/2026,3695,401430,Pregnancy Test - Milk,Open,0.046,100,35
02/26/2026,19375,401430,Pregnancy Test - Milk,Pregnant,1.354,93,40
02/26/2026,16694,401430,Pregnancy Test - Milk,Pregnant,1.017,150,84
02/26/2026,16105,401430,Pregnancy Test - Milk,Pregnant,0.301,129,63
02/26/2026,14606,401430,Pregnancy Test - Milk,Pregnant,0.488,213,35
02/26/2026,16727,401430,Pregnancy Test - Milk,Re-Check,0.142,107,42
02/26/2026,15182,401430,Pregnancy Test - Milk,Pregnant,1.007,129,35
02/26/2026,17072,401430,Pregnancy Test - Milk,Pregnant,0.797,89,37
02/26/2026,13786,401430,Pregnancy Test - Milk,Re-Check,0.243,147,77
02/26/2026,13890,401430,Pregnancy Test - Milk,Pregnant,1.077,221,45
02/26/2026,5728,401430,Pregnancy Test - Milk,Pregnant,0.476,147,77
02/26/2026,1452,401430,Pregnancy Test - Milk,Pregnant,0.363,163,72
02/26/2026,21243,401430,Pregnancy Test - Milk,Open,-0.011,100,35
02/26/2026,21410,401430,Pregnancy Test - Milk,Pregnant,0.618,86,36
02/26/2026,21078,401430,Pregnancy Test - Milk,Pregnant,1.68,178,35
02/26/2026,19005,401430,Pregnancy Test - Milk,Re-Check,0.181,128,63
02/26/2026,16194,401430,Pregnancy Test - Milk,Re-Check,0.12,150,62
02/26/2026,18267,401430,Pregnancy Test - Milk,Pregnant,0.554,218,74
02/26/2026,18041,401430,Pregnancy Test - Milk,Pregnant,1.362,196,34
02/26/2026,10174,401430,Pregnancy Test - Milk,Pregnant,0.312,142,77
02/26/2026,16455,401430,Pregnancy Test - Milk,Pregnant,1.767,102,35
02/26/2026,2311,401430,Pregnancy Test - Milk,Pregnant,0.758,306,75
02/26/2026,13535,401430,Pregnancy Test - Milk,Pregnant,0.292,95,38
02/26/2026,20384,401430,Pregnancy Test - Milk,Pregnant,0.813,164,76
02/26/2026,17286,401430,Pregnancy Test - Milk,Pregnant,1.31,170,35
02/26/2026,21453,401430,Pregnancy Test - Milk,Pregnant,1.167,101,35
02/26/2026,14792,401430,Pregnancy Test - Milk,Pregnant,0.748,93,38
02/26/2026,14368,401430,Pregnancy Test - Milk,Re-Check,0.145,148,77
02/26/2026,21085,401430,Pregnancy Test - Milk,Open,0.023,123,36
02/26/2026,20093,401430,Pregnancy Test - Milk,Pregnant,0.397,342,76
02/26/2026,18994,401430,Pregnancy Test - Milk,Re-Check,0.174,192,69
02/26/2026,19416,401430,Pregnancy Test - Milk,Pregnant,1.25,102,35
02/26/2026,21420,401430,Pregnancy Test - Milk,Open,0.028,108,42
02/26/2026,20640,401430,Pregnancy Test - Milk,Pregnant,0.797,215,71
02/26/2026,12395,401430,Pregnancy Test - Milk,Pregnant,1.018,164,75
02/26/2026,17263,401430,Pregnancy Test - Milk,Pregnant,1.02,99,35
02/26/2026,17350,401430,Pregnancy Test - Milk,Pregnant,1.062,101,35
02/26/2026,20642,401430,Pregnancy Test - Milk,Pregnant,1.013,225,35
02/26/2026,8608,401430,Pregnancy Test - Milk,Pregnant,0.289,138,70
02/26/2026,1541,401430,Pregnancy Test - Milk,Pregnant,0.807,93,36
02/26/2026,16530,401430,Pregnancy Test - Milk,Pregnant,0.71,154,84
02/26/2026,17581,401430,Pregnancy Test - Milk,Pregnant,0.632,90,35
02/26/2026,21288,401430,Pregnancy Test - Milk,Pregnant,0.824,134,71
02/26/2026,2115,401430,Pregnancy Test - Milk,Open,-0.017,202,77
02/26/2026,21570,401430,Pregnancy Test - Milk,Open,-0.016,101,35
02/26/2026,19332,401430,Pregnancy Test - Milk,Pregnant,2.259,90,37
02/26/2026,21488,401430,Pregnancy Test - Milk,Pregnant,0.379,105,35
02/26/2026,21044,401430,Pregnancy Test - Milk,Open,0.078,103,35
02/26/2026,19302,401430,Pregnancy Test - Milk,Pregnant,1.176,137,70
02/26/2026,14411,401430,Pregnancy Test - Milk,Pregnant,1.134,100,35
02/26/2026,16999,401430,Pregnancy Test - Milk,Pregnant,1.101,102,35
02/26/2026,18855,401430,Pregnancy Test - Milk,Pregnant,0.605,207,84
02/26/2026,20954,401430,Pregnancy Test - Milk,Pregnant,2.207,135,70
02/26/2026,10752,401430,Pregnancy Test - Milk,Pregnant,0.283,199,61
02/26/2026,16919,401430,Pregnancy Test - Milk,Pregnant,0.846,102,35
02/26/2026,17547,401430,Pregnancy Test - Milk,Pregnant,0.601,194,70
02/26/2026,3781,401430,Pregnancy Test - Milk,Pregnant,2.143,133,37
02/26/2026,19341,401430,Pregnancy Test - Milk,Pregnant,0.776,92,38
02/26/2026,489,401430,Pregnancy Test - Milk,Pregnant,0.959,95,37
02/26/2026,16450,401430,Pregnancy Test - Milk,Pregnant,1.027,100,35
02/26/2026,16984,401430,Pregnancy Test - Milk,Re-Check,0.177,106,42
02/26/2026,16993,401430,Pregnancy Test - Milk,Pregnant,0.343,200,75
02/26/2026,18979,401430,Pregnancy Test - Milk,Pregnant,0.274,157,72
02/26/2026,20808,401430,Pregnancy Test - Milk,Open,0.005,156,35
02/26/2026,15039,401430,Pregnancy Test - Milk,Pregnant,1.418,185,37
02/26/2026,15196,401430,Pregnancy Test - Milk,Pregnant,0.932,138,70
02/26/2026,11977,401430,Pregnancy Test - Milk,Open,-0.01,285,71
02/26/2026,5172,401430,Pregnancy Test - Milk,Pregnant,0.319,138,70
02/26/2026,12473,401430,Pregnancy Test - Milk,Pregnant,1.063,200,40
02/26/2026,13220,401430,Pregnancy Test - Milk,Open,0.029,137,70
02/26/2026,14447,401430,Pregnancy Test - Milk,Pregnant,0.71,208,42
02/26/2026,18195,401430,Pregnancy Test - Milk,Open,0.025,184,72
02/26/2026,19584,401430,Pregnancy Test - Milk,Open,-0.009,94,38
02/26/2026,15989,401430,Pregnancy Test - Milk,Re-Check,0.21,242,39
02/26/2026,18589,401430,Pregnancy Test - Milk,Pregnant,1.577,99,35
02/26/2026,19261,401430,Pregnancy Test - Milk,Open,-0.02,127,36
02/26/2026,20890,401430,Pregnancy Test - Milk,Pregnant,0.777,169,37
02/26/2026,9624,401430,Pregnancy Test - Milk,Pregnant,1.35,141,77
02/26/2026,16278,401430,Pregnancy Test - Milk,Pregnant,0.413,155,84
02/26/2026,15356,401430,Pregnancy Test - Milk,Pregnant,0.257,193,70
02/26/2026,3807,401430,Pregnancy Test - Milk,Re-Check,0.204,125,56
02/26/2026,20717,401430,Pregnancy Test - Milk,Open,-0.024,100,35
02/26/2026,20987,401430,Pregnancy Test - Milk,Pregnant,0.798,164,40
02/26/2026,926,401430,Pregnancy Test - Milk,Pregnant,0.314,174,73
02/26/2026,21075,401430,Pregnancy Test - Milk,Pregnant,0.329,157,72
02/26/2026,17269,401430,Pregnancy Test - Milk,Pregnant,0.542,101,35
02/26/2026,14680,401430,Pregnancy Test - Milk,Pregnant,0.518,163,91
02/26/2026,19372,401430,Pregnancy Test - Milk,Pregnant,1.451,90,38
02/26/2026,16705,401430,Pregnancy Test - Milk,Pregnant,1.155,155,35
02/26/2026,13069,401430,Pregnancy Test - Milk,Pregnant,1.125,177,38
02/26/2026,16938,401430,Pregnancy Test - Milk,Re-Check,0.222,171,53
02/26/2026,16608,401430,Pregnancy Test - Milk,Pregnant,0.6,99,35
02/26/2026,16637,401430,Pregnancy Test - Milk,Pregnant,1.225,169,73
02/26/2026,3753,401430,Pregnancy Test - Milk,Pregnant,0.576,101,35
02/26/2026,19009,401430,Pregnancy Test - Milk,Pregnant,0.747,200,35
02/26/2026,14469,401430,Pregnancy Test - Milk,Pregnant,0.82,130,38
02/26/2026,19530,401430,Pregnancy Test - Milk,Pregnant,1.55,99,35
02/26/2026,17110,401430,Pregnancy Test - Milk,Pregnant,2.457,151,84
02/26/2026,17235,401430,Pregnancy Test - Milk,Pregnant,0.85,100,35
02/26/2026,1597,401430,Pregnancy Test - Milk,Pregnant,0.278,156,71
02/26/2026,14579,401430,Pregnancy Test - Milk,Pregnant,1.088,99,35
02/26/2026,16325,401430,Pregnancy Test - Milk,Pregnant,0.59,102,35
02/26/2026,5314,401430,Pregnancy Test - Milk,Pregnant,0.889,93,36
02/26/2026,5250,401430,Pregnancy Test - Milk,Pregnant,1.31,103,35
02/26/2026,15851,401430,Pregnancy Test - Milk,Pregnant,0.329,138,70
02/26/2026,17318,401430,Pregnancy Test - Milk,Pregnant,0.459,212,77
02/26/2026,3957,401430,Pregnancy Test - Milk,Open,0.094,90,35
02/26/2026,16487,401430,Pregnancy Test - Milk,Pregnant,0.582,231,73
02/26/2026,16905,401430,Pregnancy Test - Milk,Pregnant,1.287,104,35
02/26/2026,18822,401430,Pregnancy Test - Milk,Pregnant,0.506,153,84
02/26/2026,18990,401430,Pregnancy Test - Milk,Pregnant,0.749,149,37
02/26/2026,15027,401430,Pregnancy Test - Milk,Pregnant,0.432,150,84
02/26/2026,20625,401430,Pregnancy Test - Milk,Pregnant,0.664,272,61
02/26/2026,16947,401430,Pregnancy Test - Milk,Pregnant,0.496,153,84
02/26/2026,16883,401430,Pregnancy Test - Milk,Pregnant,1.606,149,35
02/26/2026,12864,401430,Pregnancy Test - Milk,Pregnant,1.25,127,39
02/26/2026,17027,401430,Pregnancy Test - Milk,Pregnant,0.581,88,38
02/26/2026,17029,401430,Pregnancy Test - Milk,Re-Check,0.146,166,77
02/26/2026,16651,401430,Pregnancy Test - Milk,Pregnant,0.564,222,70
02/26/2026,12991,401430,Pregnancy Test - Milk,Open,-0.022,103,35
02/26/2026,1428,401430,Pregnancy Test - Milk,Pregnant,0.945,103,35
02/26/2026,15346,401430,Pregnancy Test - Milk,Pregnant,0.531,141,77
02/26/2026,17186,401430,Pregnancy Test - Milk,Pregnant,0.664,147,77
02/26/2026,14959,401430,Pregnancy Test - Milk,Pregnant,0.389,92,38
02/26/2026,18813,401430,Pregnancy Test - Milk,Open,-0.023,240,35
02/26/2026,1681,401430,Pregnancy Test - Milk,Pregnant,1.587,175,35
02/26/2026,19153,401430,Pregnancy Test - Milk,Pregnant,0.873,99,35
02/26/2026,16765,401430,Pregnancy Test - Milk,Re-Check,0.241,127,63
02/27/2026,16462,401430,Pregnancy Test - Milk,Pregnant,0.648,101,36
02/27/2026,20967,401430,Pregnancy Test - Milk,Pregnant,1.141,227,83
02/27/2026,20760,401430,Pregnancy Test - Milk,Pregnant,1.031,263,81
02/27/2026,20778,401430,Pregnancy Test - Milk,Pregnant,1.327,226,84
02/27/2026,7782,401430,Pregnancy Test - Milk,Pregnant,0.575,148,78
02/27/2026,19050,401430,Pregnancy Test - Milk,Pregnant,0.898,202,84
02/27/2026,14437,401430,Pregnancy Test - Milk,Pregnant,0.27,202,79
02/27/2026,20488,401430,Pregnancy Test - Milk,Pregnant,1.558,303,84
02/27/2026,14727,401430,Pregnancy Test - Milk,Pregnant,0.452,229,37
02/27/2026,19127,401430,Pregnancy Test - Milk,Pregnant,0.497,144,78
02/27/2026,19290,401430,Pregnancy Test - Milk,Pregnant,1.228,156,39
02/27/2026,21141,401430,Pregnancy Test - Milk,Pregnant,0.693,143,79
02/27/2026,13486,401430,Pregnancy Test - Milk,Open,0.025,93,39
02/27/2026,18495,401430,Pregnancy Test - Milk,Pregnant,0.764,230,37
02/27/2026,17083,401430,Pregnancy Test - Milk,Re-Check,0.144,108,43
02/27/2026,14660,401430,Pregnancy Test - Milk,Open,-0.016,106,36
02/27/2026,15301,401430,Pregnancy Test - Milk,Pregnant,1.307,91,37
02/27/2026,20753,401430,Pregnancy Test - Milk,Pregnant,1.24,206,39
02/27/2026,19145,401430,Pregnancy Test - Milk,Pregnant,2.401,170,40
02/27/2026,14490,401430,Pregnancy Test - Milk,Pregnant,1.34,148,78
02/27/2026,19235,401430,Pregnancy Test - Milk,Pregnant,0.794,132,41
02/27/2026,20082,401430,Pregnancy Test - Milk,Pregnant,0.455,236,80
02/27/2026,15021,401430,Pregnancy Test - Milk,Pregnant,0.62,100,36
02/27/2026,16288,401430,Pregnancy Test - Milk,Pregnant,0.54,226,78
02/27/2026,14899,401430,Pregnancy Test - Milk,Pregnant,0.591,100,36
02/27/2026,1606,401430,Pregnancy Test - Milk,Pregnant,0.93,229,39
02/27/2026,21049,401430,Pregnancy Test - Milk,Pregnant,0.357,147,78
02/27/2026,16430,401430,Pregnancy Test - Milk,Open,-0.011,153,36
02/27/2026,15007,401430,Pregnancy Test - Milk,Pregnant,0.361,144,78
02/27/2026,15894,401430,Pregnancy Test - Milk,Re-Check,0.225,104,36
02/27/2026,20776,401430,Pregnancy Test - Milk,Pregnant,2.05,218,82
02/27/2026,14504,401430,Pregnancy Test - Milk,Pregnant,2.454,181,83
02/27/2026,19162,401430,Pregnancy Test - Milk,Pregnant,0.445,142,78
02/27/2026,19281,401430,Pregnancy Test - Milk,Open,-0.004,105,36
03/05/2026,21077,401430,Pregnancy Test - Milk,Pregnant,1.458,181,71
03/05/2026,18938,401430,Pregnancy Test - Milk,Pregnant,0.634,143,77
03/05/2026,15909,401430,Pregnancy Test - Milk,Re-Check,0.223,146,77
03/05/2026,19040,401430,Pregnancy Test - Milk,Pregnant,0.378,94,38
03/05/2026,19878,401430,Pregnancy Test - Milk,Pregnant,1.504,371,70
03/05/2026,20857,401430,Pregnancy Test - Milk,Pregnant,0.479,166,76
03/05/2026,9798,401430,Pregnancy Test - Milk,Pregnant,0.4,189,70
03/05/2026,17280,401430,Pregnancy Test - Milk,Open,0.013,101,37
03/05/2026,13060,401430,Pregnancy Test - Milk,Pregnant,0.848,139,70
03/05/2026,15051,401430,Pregnancy Test - Milk,Pregnant,0.763,91,40
03/05/2026,21180,401430,Pregnancy Test - Milk,Pregnant,2.003,98,40
03/05/2026,17258,401430,Pregnancy Test - Milk,Pregnant,0.844,105,39
03/05/2026,14964,401430,Pregnancy Test - Milk,Pregnant,0.406,264,36
03/05/2026,20533,401430,Pregnancy Test - Milk,Pregnant,1.152,167,40
03/05/2026,16353,401430,Pregnancy Test - Milk,Pregnant,2.08,156,35
03/05/2026,21246,401430,Pregnancy Test - Milk,Open,-0.034,133,43
03/05/2026,18994,401430,Pregnancy Test - Milk,Pregnant,0.537,199,76
03/05/2026,16008,401430,Pregnancy Test - Milk,Pregnant,1.64,260,71
03/05/2026,17015,401430,Pregnancy Test - Milk,Pregnant,1.065,132,37
03/05/2026,20550,401430,Pregnancy Test - Milk,Pregnant,1.123,233,39
03/05/2026,16975,401430,Pregnancy Test - Milk,Re-Check,0.231,134,70
03/05/2026,16968,401430,Pregnancy Test - Milk,Pregnant,0.641,91,36
03/05/2026,16026,401430,Pregnancy Test - Milk,Pregnant,1.694,261,76
03/05/2026,16492,401430,Pregnancy Test - Milk,Pregnant,1.064,146,77
03/05/2026,17311,401430,Pregnancy Test - Milk,Pregnant,0.422,139,36
03/05/2026,16300,401430,Pregnancy Test - Milk,Pregnant,0.271,175,67
03/05/2026,14947,401430,Pregnancy Test - Milk,Pregnant,0.923,227,74
03/05/2026,1459,401430,Pregnancy Test - Milk,Pregnant,0.801,159,91
03/05/2026,21635,401430,Pregnancy Test - Milk,Pregnant,0.958,90,37
03/05/2026,21048,401430,Pregnancy Test - Milk,Pregnant,1.193,156,72
03/05/2026,15257,401430,Pregnancy Test - Milk,Pregnant,1.474,197,35
03/05/2026,51695,401430,Pregnancy Test - Milk,Pregnant,0.293,310,70
03/05/2026,12150,401430,Pregnancy Test - Milk,Pregnant,0.63,156,73
03/05/2026,20663,401430,Pregnancy Test - Milk,Pregnant,1.78,143,77
03/05/2026,21383,401430,Pregnancy Test - Milk,Pregnant,0.882,144,77
03/05/2026,18295,401430,Pregnancy Test - Milk,Pregnant,0.308,264,40
03/05/2026,2046,401430,Pregnancy Test - Milk,Open,-0.022,93,35
03/05/2026,824,401430,Pregnancy Test - Milk,Pregnant,1.514,133,37
03/05/2026,20634,401430,Pregnancy Test - Milk,Pregnant,1.485,236,76
03/05/2026,20103,401430,Pregnancy Test - Milk,Pregnant,POS,291,76
03/05/2026,16567,401430,Pregnancy Test - Milk,Pregnant,2.511,146,77
03/05/2026,12438,401430,Pregnancy Test - Milk,Pregnant,0.726,115,35
03/05/2026,17183,401430,Pregnancy Test - Milk,Pregnant,0.829,92,37
03/05/2026,16053,401430,Pregnancy Test - Milk,Pregnant,2.818,188,36
03/05/2026,16212,401430,Pregnancy Test - Milk,Pregnant,0.392,221,70
03/05/2026,20807,401430,Pregnancy Test - Milk,Pregnant,2.252,249,71
03/05/2026,13018,401430,Pregnancy Test - Milk,Pregnant,0.669,146,77
03/05/2026,16617,401430,Pregnancy Test - Milk,Pregnant,0.648,143,77
03/05/2026,14092,401430,Pregnancy Test - Milk,Open,-0.002,200,34
03/05/2026,17204,401430,Pregnancy Test - Milk,Re-Check,0.242,347,71
03/05/2026,16600,401430,Pregnancy Test - Milk,Pregnant,2.174,154,35
03/05/2026,17278,401430,Pregnancy Test - Milk,Open,-0.016,94,38
03/05/2026,21211,401430,Pregnancy Test - Milk,Pregnant,1.094,144,77
03/05/2026,16588,401430,Pregnancy Test - Milk,Pregnant,0.864,162,91
03/05/2026,17094,401430,Pregnancy Test - Milk,Pregnant,0.683,146,77
03/05/2026,15710,401430,Pregnancy Test - Milk,Open,0.006,220,70
03/05/2026,13917,401430,Pregnancy Test - Milk,Pregnant,0.412,140,70
03/05/2026,15270,401430,Pregnancy Test - Milk,Pregnant,0.693,141,77
03/05/2026,16925,401430,Pregnancy Test - Milk,Pregnant,0.667,135,70
03/05/2026,14368,401430,Pregnancy Test - Milk,Pregnant,0.32,155,84
03/05/2026,17029,401430,Pregnancy Test - Milk,Pregnant,0.377,173,84
03/05/2026,17500,401430,Pregnancy Test - Milk,Pregnant,0.276,89,38
03/05/2026,15694,401430,Pregnancy Test - Milk,Open,0.002,194,70
03/05/2026,16650,401430,Pregnancy Test - Milk,Pregnant,1.161,243,34
03/05/2026,21195,401430,Pregnancy Test - Milk,Pregnant,1.008,145,77
03/05/2026,16786,401430,Pregnancy Test - Milk,Pregnant,0.553,94,38
03/05/2026,17127,401430,Pregnancy Test - Milk,Pregnant,0.819,122,35
03/05/2026,12602,401430,Pregnancy Test - Milk,Pregnant,0.499,139,70
03/05/2026,11341,401430,Pregnancy Test - Milk,Pregnant,1.042,362,70
03/05/2026,10760,401430,Pregnancy Test - Milk,Pregnant,0.551,140,70
03/05/2026,3864,401430,Pregnancy Test - Milk,Pregnant,1.77,306,35
03/05/2026,10363,401430,Pregnancy Test - Milk,Pregnant,1.856,123,35
03/05/2026,16614,401430,Pregnancy Test - Milk,Pregnant,0.505,145,77
03/05/2026,16135,401430,Pregnancy Test - Milk,Pregnant,0.853,255,38
03/05/2026,16444,401430,Pregnancy Test - Milk,Pregnant,0.492,144,72
03/05/2026,16293,401430,Pregnancy Test - Milk,Pregnant,0.365,212,72
03/05/2026,19163,401430,Pregnancy Test - Milk,Pregnant,1.393,160,71
03/05/2026,21515,401430,Pregnancy Test - Milk,Pregnant,1.59,92,38
03/05/2026,16213,401430,Pregnancy Test - Milk,Re-Check,0.188,151,65
03/05/2026,18280,401430,Pregnancy Test - Milk,Pregnant,1.453,231,76
03/05/2026,16570,401430,Pregnancy Test - Milk,Pregnant,0.299,150,84
03/05/2026,11206,401430,Pregnancy Test - Milk,Pregnant,1.091,182,36
03/05/2026,10094,401430,Pregnancy Test - Milk,Pregnant,0.959,264,36
03/05/2026,17193,401430,Pregnancy Test - Milk,Pregnant,2.249,90,37
03/05/2026,15011,401430,Pregnancy Test - Milk,Pregnant,1.602,179,35
03/05/2026,19214,401430,Pregnancy Test - Milk,Pregnant,1.304,142,77
03/05/2026,20948,401430,Pregnancy Test - Milk,Pregnant,1.698,129,41
03/05/2026,16716,401430,Pregnancy Test - Milk,Pregnant,1.119,95,38
03/05/2026,21201,401430,Pregnancy Test - Milk,Open,-0.008,142,77
03/05/2026,16348,401430,Pregnancy Test - Milk,Open,-0.003,196,77
03/05/2026,16729,401430,Pregnancy Test - Milk,Pregnant,1.181,128,40
03/05/2026,16973,401430,Pregnancy Test - Milk,Pregnant,0.657,163,75
03/05/2026,20853,401430,Pregnancy Test - Milk,Pregnant,0.749,190,75
03/05/2026,21142,401430,Pregnancy Test - Milk,Pregnant,0.776,143,77
03/05/2026,13833,401430,Pregnancy Test - Milk,Pregnant,1.569,347,75
03/05/2026,12397,401430,Pregnancy Test - Milk,Pregnant,0.401,112,36
03/05/2026,15989,401430,Pregnancy Test - Milk,Open,0.054,249,46
03/05/2026,16926,401430,Pregnancy Test - Milk,Open,-0.005,105,37
03/05/2026,17617,401430,Pregnancy Test - Milk,Pregnant,1.111,109,38
03/05/2026,12626,401430,Pregnancy Test - Milk,Pregnant,0.684,169,76
03/05/2026,21099,401430,Pregnancy Test - Milk,Pregnant,1.992,143,41
03/05/2026,16727,401430,Pregnancy Test - Milk,Re-Check,0.139,114,49
03/05/2026,17566,401430,Pregnancy Test - Milk,Pregnant,0.582,93,38
03/05/2026,19005,401430,Pregnancy Test - Milk,Re-Check,0.233,135,70
03/05/2026,19571,401430,Pregnancy Test - Milk,Pregnant,0.549,92,38
03/05/2026,16874,401430,Pregnancy Test - Milk,Pregnant,2.352,177,35
03/05/2026,10808,401430,Pregnancy Test - Milk,Pregnant,0.716,155,36
03/05/2026,3866,401430,Pregnancy Test - Milk,Pregnant,1.157,210,41
03/05/2026,18550,401430,Pregnancy Test - Milk,Pregnant,0.731,143,77
03/05/2026,21219,401430,Pregnancy Test - Milk,Pregnant,0.926,145,77
03/05/2026,20868,401430,Pregnancy Test - Milk,Pregnant,1.267,123,35
03/05/2026,10393,401430,Pregnancy Test - Milk,Pregnant,0.923,152,36
03/05/2026,53894,401430,Pregnancy Test - Milk,Pregnant,0.472,310,71
03/05/2026,19323,401430,Pregnancy Test - Milk,Pregnant,0.592,134,70
03/05/2026,13789,401430,Pregnancy Test - Milk,Open,-0.01,203,35
03/05/2026,17260,401430,Pregnancy Test - Milk,Pregnant,0.575,91,37
03/05/2026,19233,401430,Pregnancy Test - Milk,Pregnant,0.976,111,38
03/05/2026,21116,401430,Pregnancy Test - Milk,Pregnant,1.716,121,36
03/05/2026,15965,401430,Pregnancy Test - Milk,Pregnant,0.812,146,77
03/05/2026,21241,401430,Pregnancy Test - Milk,Pregnant,1.279,144,77
03/05/2026,12889,401430,Pregnancy Test - Milk,Pregnant,0.671,146,77
03/05/2026,3807,401430,Pregnancy Test - Milk,Re-Check,0.147,132,63
03/05/2026,20801,401430,Pregnancy Test - Milk,Pregnant,0.921,220,77
03/05/2026,18609,401430,Pregnancy Test - Milk,Pregnant,1.189,253,77
03/05/2026,825237,401430,Pregnancy Test - Milk,Pregnant,2.405,299,77
03/05/2026,2290,401430,Pregnancy Test - Milk,Pregnant,1.294,315,36
03/05/2026,17143,401430,Pregnancy Test - Milk,Re-Check,0.183,183,40
03/05/2026,7708,401430,Pregnancy Test - Milk,Pregnant,1.529,185,37
03/05/2026,15619,401430,Pregnancy Test - Milk,Pregnant,1.392,207,35
03/05/2026,13375,401430,Pregnancy Test - Milk,Pregnant,1.15,104,40
03/05/2026,16574,401430,Pregnancy Test - Milk,Pregnant,1.197,141,34
03/05/2026,16612,401430,Pregnancy Test - Milk,Pregnant,0.371,147,77
03/05/2026,21125,401430,Pregnancy Test - Milk,Pregnant,1.408,124,35
03/05/2026,12946,401430,Pregnancy Test - Milk,Open,-0.016,94,36
03/05/2026,12595,401430,Pregnancy Test - Milk,Pregnant,0.681,103,38
03/05/2026,18221,401430,Pregnancy Test - Milk,Open,-0.011,202,36
03/05/2026,10295,401430,Pregnancy Test - Milk,Pregnant,0.674,256,74
03/05/2026,16264,401430,Pregnancy Test - Milk,Pregnant,0.341,146,77
03/05/2026,14245,401430,Pregnancy Test - Milk,Pregnant,1.151,197,75
03/05/2026,13628,401430,Pregnancy Test - Milk,Pregnant,0.574,234,70
03/05/2026,14187,401430,Pregnancy Test - Milk,Pregnant,0.495,196,35
03/05/2026,14457,401430,Pregnancy Test - Milk,Open,-0.01,101,34
03/05/2026,16882,401430,Pregnancy Test - Milk,Pregnant,1.259,120,35
03/05/2026,3268,401430,Pregnancy Test - Milk,Re-Check,0.109,101,43
03/05/2026,16194,401430,Pregnancy Test - Milk,Re-Check,0.126,157,69
03/05/2026,16869,401430,Pregnancy Test - Milk,Pregnant,1.985,209,36
03/05/2026,21538,401430,Pregnancy Test - Milk,Pregnant,2.15,133,41
03/05/2026,16774,401430,Pregnancy Test - Milk,Pregnant,2.224,90,37
03/05/2026,10145,401430,Pregnancy Test - Milk,Pregnant,0.975,155,35
03/05/2026,14402,401430,Pregnancy Test - Milk,Pregnant,1.212,183,35
03/05/2026,21542,401430,Pregnancy Test - Milk,Pregnant,1.465,91,41
03/05/2026,18629,401430,Pregnancy Test - Milk,Pregnant,0.544,256,76
03/05/2026,21626,401430,Pregnancy Test - Milk,Pregnant,2.15,121,35
03/05/2026,16955,401430,Pregnancy Test - Milk,Pregnant,0.895,149,77
03/05/2026,16979,401430,Pregnancy Test - Milk,Pregnant,0.669,145,77
03/05/2026,17061,401430,Pregnancy Test - Milk,Pregnant,0.326,246,73
03/05/2026,11349,401430,Pregnancy Test - Milk,Pregnant,0.618,93,38
03/05/2026,13786,401430,Pregnancy Test - Milk,Pregnant,0.363,154,84
03/05/2026,1654,401430,Pregnancy Test - Milk,Pregnant,0.394,142,77
03/05/2026,19157,401430,Pregnancy Test - Milk,Pregnant,1.593,222,36
03/05/2026,21123,401430,Pregnancy Test - Milk,Pregnant,2.169,143,77
03/05/2026,21036,401430,Pregnancy Test - Milk,Pregnant,0.872,167,75
03/05/2026,10408,401430,Pregnancy Test - Milk,Re-Check,0.199,90,36
03/05/2026,14814,401430,Pregnancy Test - Milk,Pregnant,0.672,167,74
03/05/2026,14066,401430,Pregnancy Test - Milk,Pregnant,1.284,178,37
03/05/2026,17741,401430,Pregnancy Test - Milk,Pregnant,0.553,257,76
03/05/2026,15266,401430,Pregnancy Test - Milk,Pregnant,0.927,142,77
03/05/2026,19122,401430,Pregnancy Test - Milk,Pregnant,1.939,136,71
03/05/2026,12649,401430,Pregnancy Test - Milk,Open,-0.018,95,36
03/05/2026,5149,401430,Pregnancy Test - Milk,Open,-0.008,249,34
03/05/2026,17017,401430,Pregnancy Test - Milk,Pregnant,0.324,141,73
03/05/2026,21252,401430,Pregnancy Test - Milk,Re-Check,0.221,150,40
03/05/2026,13633,401430,Pregnancy Test - Milk,Pregnant,0.343,169,71
03/05/2026,20770,401430,Pregnancy Test - Milk,Pregnant,0.689,195,77
03/05/2026,13692,401430,Pregnancy Test - Milk,Pregnant,1.272,262,76
03/05/2026,13289,401430,Pregnancy Test - Milk,Pregnant,0.845,105,36
03/05/2026,17026,401430,Pregnancy Test - Milk,Pregnant,0.332,96,39
03/05/2026,21068,401430,Pregnancy Test - Milk,Pregnant,0.836,168,75
03/05/2026,14670,401430,Pregnancy Test - Milk,Pregnant,0.386,156,38
03/05/2026,21237,401430,Pregnancy Test - Milk,Pregnant,0.851,110,40
03/05/2026,20896,401430,Pregnancy Test - Milk,Pregnant,1.522,225,77
03/05/2026,16765,401430,Pregnancy Test - Milk,Re-Check,0.205,134,70
03/05/2026,16208,401430,Pregnancy Test - Milk,Pregnant,1.517,141,77
03/05/2026,19306,401430,Pregnancy Test - Milk,Pregnant,1.958,165,98
03/05/2026,911,401430,Pregnancy Test - Milk,Pregnant,0.542,242,70
03/05/2026,16605,401430,Pregnancy Test - Milk,Pregnant,0.674,171,75
03/05/2026,15872,401430,Pregnancy Test - Milk,Pregnant,0.772,266,36
03/06/2026,14587,401430,Pregnancy Test - Milk,Re-Check,0.164,146,78
03/06/2026,18458,401430,Pregnancy Test - Milk,Pregnant,0.527,151,36
03/06/2026,18402,401430,Pregnancy Test - Milk,Pregnant,0.395,309,35
03/06/2026,20820,401430,Pregnancy Test - Milk,Pregnant,0.567,161,84
03/06/2026,15894,401430,Pregnancy Test - Milk,Re-Check,0.239,111,43
03/06/2026,15436,401430,Pregnancy Test - Milk,Open,-0.002,145,78
03/06/2026,16594,401430,Pregnancy Test - Milk,Pregnant,0.565,263,38
03/06/2026,15321,401430,Pregnancy Test - Milk,Open,0.083,93,38
03/06/2026,15143,401430,Pregnancy Test - Milk,Pregnant,0.502,174,40
03/06/2026,18888,401430,Pregnancy Test - Milk,Re-Check,0.173,151,40
03/06/2026,16419,401430,Pregnancy Test - Milk,Pregnant,0.489,172,37
03/06/2026,15981,401430,Pregnancy Test - Milk,Pregnant,1.343,205,36
03/06/2026,12344,401430,Pregnancy Test - Milk,Pregnant,0.327,146,78
03/06/2026,13525,401430,Pregnancy Test - Milk,Pregnant,0.928,96,38
03/06/2026,15088,401430,Pregnancy Test - Milk,Pregnant,0.732,148,39
03/06/2026,13238,401430,Pregnancy Test - Milk,Pregnant,0.531,158,36
03/06/2026,20136,401430,Pregnancy Test - Milk,Pregnant,2.874,310,41
03/06/2026,13538,401430,Pregnancy Test - Milk,Open,-0.01,145,36
03/06/2026,20284,401430,Pregnancy Test - Milk,Pregnant,0.771,323,82
03/06/2026,20602,401430,Pregnancy Test - Milk,Pregnant,0.601,261,82
03/06/2026,14339,401430,Pregnancy Test - Milk,Pregnant,0.619,197,78
03/06/2026,17723,401430,Pregnancy Test - Milk,Pregnant,0.604,343,79
03/06/2026,20532,401430,Pregnancy Test - Milk,Pregnant,1.426,234,37
03/06/2026,20894,401430,Pregnancy Test - Milk,Pregnant,0.701,206,36
03/06/2026,18455,401430,Pregnancy Test - Milk,Pregnant,0.313,147,78
03/06/2026,20125,401430,Pregnancy Test - Milk,Pregnant,1.026,243,78
03/06/2026,7731,401430,Pregnancy Test - Milk,Pregnant,0.692,168,35
03/06/2026,20827,401430,Pregnancy Test - Milk,Pregnant,0.765,242,37
03/06/2026,18447,401430,Pregnancy Test - Milk,Open,0.015,186,36
03/06/2026,17008,401430,Pregnancy Test - Milk,Pregnant,0.395,127,36
03/06/2026,15510,401430,Pregnancy Test - Milk,Pregnant,0.547,248,78
03/06/2026,14990,401430,Pregnancy Test - Milk,Pregnant,0.551,148,78
03/06/2026,16566,401430,Pregnancy Test - Milk,Pregnant,0.827,272,37
03/06/2026,19429,401430,Pregnancy Test - Milk,Open,0.048,143,78
03/06/2026,7700,401430,Pregnancy Test - Milk,Pregnant,1.555,125,36
03/06/2026,18842,401430,Pregnancy Test - Milk,Pregnant,0.687,134,38
03/06/2026,17359,401430,Pregnancy Test - Milk,Pregnant,0.426,144,78
03/06/2026,20866,401430,Pregnancy Test - Milk,Pregnant,1.434,163,36
03/06/2026,12594,401430,Pregnancy Test - Milk,Pregnant,0.33,180,83
03/06/2026,19217,401430,Pregnancy Test - Milk,Pregnant,1.866,123,36
03/06/2026,7775,401430,Pregnancy Test - Milk,Pregnant,0.916,168,39
03/06/2026,17083,401430,Pregnancy Test - Milk,Re-Check,0.184,115,50
03/06/2026,14688,401430,Pregnancy Test - Milk,Open,-0.008,331,37
03/06/2026,16826,401430,Pregnancy Test - Milk,Re-Check,0.229,142,79
03/12/2026,12817,401430,Pregnancy Test - Milk,Pregnant,1.113,112,40
03/12/2026,10408,401430,Pregnancy Test - Milk,Open,0.095,97,43
03/12/2026,8964,401430,Pregnancy Test - Milk,Pregnant,0.396,236,73
03/12/2026,21355,401430,Pregnancy Test - Milk,Pregnant,0.407,139,71
03/12/2026,12146,401430,Pregnancy Test - Milk,Pregnant,0.388,247,35
03/12/2026,18551,401430,Pregnancy Test - Milk,Re-Check,0.233,282,75
03/12/2026,12755,401430,Pregnancy Test - Milk,Pregnant,0.345,95,37
03/12/2026,20749,401430,Pregnancy Test - Milk,Pregnant,1.333,266,72
03/12/2026,13767,401430,Pregnancy Test - Milk,Pregnant,0.617,256,76
03/12/2026,19031,401430,Pregnancy Test - Milk,Pregnant,0.839,163,77
03/12/2026,927,401430,Pregnancy Test - Milk,Pregnant,1.355,187,38
03/12/2026,10838,401430,Pregnancy Test - Milk,Re-Check,0.248,112,38
03/12/2026,14904,401430,Pregnancy Test - Milk,Pregnant,0.748,180,38
03/12/2026,17171,401430,Pregnancy Test - Milk,Pregnant,0.466,139,70
03/12/2026,16584,401430,Pregnancy Test - Milk,Pregnant,0.348,212,72
03/12/2026,16284,401430,Pregnancy Test - Milk,Open,-0.011,243,35
03/12/2026,17081,401430,Pregnancy Test - Milk,Pregnant,0.34,95,38
03/12/2026,16632,401430,Pregnancy Test - Milk,Pregnant,0.717,225,36
03/12/2026,13105,401430,Pregnancy Test - Milk,Re-Check,0.233,94,38
03/12/2026,21304,401430,Pregnancy Test - Milk,Pregnant,1.057,157,36
03/12/2026,17143,401430,Pregnancy Test - Milk,Open,0.028,190,47
03/12/2026,854,401430,Pregnancy Test - Milk,Open,0.016,157,35
03/12/2026,21285,401430,Pregnancy Test - Milk,Pregnant,0.754,143,77
03/12/2026,19494,401430,Pregnancy Test - Milk,Pregnant,1.446,131,35
03/12/2026,12313,401430,Pregnancy Test - Milk,Open,-0.022,197,35
03/12/2026,20900,401430,Pregnancy Test - Milk,Pregnant,1.024,163,35
03/12/2026,16765,401430,Pregnancy Test - Milk,Re-Check,0.229,141,77
03/12/2026,15489,401430,Pregnancy Test - Milk,Pregnant,0.376,104,38
03/12/2026,21683,401430,Pregnancy Test - Milk,Pregnant,1.324,106,37
03/12/2026,19265,401430,Pregnancy Test - Milk,Pregnant,0.716,144,77
03/12/2026,15368,401430,Pregnancy Test - Milk,Pregnant,0.954,297,35
03/12/2026,19514,401430,Pregnancy Test - Milk,Pregnant,1.373,90,40
03/12/2026,18903,401430,Pregnancy Test - Milk,Pregnant,0.779,148,35
03/12/2026,19408,401430,Pregnancy Test - Milk,Pregnant,1.946,111,37
03/12/2026,21156,401430,Pregnancy Test - Milk,Pregnant,2.179,154,39
03/12/2026,16129,401430,Pregnancy Test - Milk,Pregnant,0.307,108,37
03/12/2026,21286,401430,Pregnancy Test - Milk,Pregnant,1.222,105,36
03/12/2026,17270,401430,Pregnancy Test - Milk,Re-Check,0.234,92,40
03/12/2026,7763,401430,Pregnancy Test - Milk,Pregnant,1.146,200,77
03/12/2026,5096,401430,Pregnancy Test - Milk,Open,0.009,116,35
03/12/2026,10546,401430,Pregnancy Test - Milk,Open,-0.004,154,35
03/12/2026,11600,401430,Pregnancy Test - Milk,Pregnant,0.411,137,70
03/12/2026,21331,401430,Pregnancy Test - Milk,Pregnant,1.487,92,36
03/12/2026,18777,401430,Pregnancy Test - Milk,Pregnant,0.864,197,38
03/12/2026,13668,401430,Pregnancy Test - Milk,Open,-0.011,262,35
03/12/2026,18667,401430,Pregnancy Test - Milk,Pregnant,1.025,205,35
03/12/2026,7785,401430,Pregnancy Test - Milk,Pregnant,0.547,182,72
03/12/2026,20323,401430,Pregnancy Test - Milk,Pregnant,0.692,262,77
03/12/2026,11348,401430,Pregnancy Test - Milk,Open,-0.004,121,35
03/12/2026,3736,401430,Pregnancy Test - Milk,Pregnant,0.516,211,35
03/12/2026,21325,401430,Pregnancy Test - Milk,Pregnant,0.671,144,77
03/12/2026,19491,401430,Pregnancy Test - Milk,Pregnant,1.285,92,38
03/12/2026,30006,401430,Pregnancy Test - Milk,Pregnant,0.566,213,74
03/12/2026,21029,401430,Pregnancy Test - Milk,Pregnant,0.609,210,75
03/12/2026,13684,401430,Pregnancy Test - Milk,Pregnant,0.773,146,77
03/12/2026,18222,401430,Pregnancy Test - Milk,Pregnant,0.864,164,77
03/12/2026,16585,401430,Pregnancy Test - Milk,Pregnant,0.487,183,70
03/12/2026,16642,401430,Pregnancy Test - Milk,Pregnant,0.496,165,73
03/12/2026,13285,401430,Pregnancy Test - Milk,Pregnant,0.327,147,77
03/12/2026,19567,401430,Pregnancy Test - Milk,Pregnant,1.356,95,38
03/12/2026,15305,401430,Pregnancy Test - Milk,Pregnant,0.402,129,39
03/12/2026,14907,401430,Pregnancy Test - Milk,Pregnant,1.228,127,39
03/12/2026,21546,401430,Pregnancy Test - Milk,Open,0.003,88,38
03/12/2026,20955,401430,Pregnancy Test - Milk,Pregnant,1.559,194,75
03/12/2026,21162,401430,Pregnancy Test - Milk,Pregnant,0.911,123,36
03/12/2026,21253,401430,Pregnancy Test - Milk,Pregnant,0.534,142,77
03/12/2026,21097,401430,Pregnancy Test - Milk,Pregnant,0.929,145,77
03/12/2026,17113,401430,Pregnancy Test - Milk,Pregnant,0.709,164,38
03/12/2026,10622,401430,Pregnancy Test - Milk,Pregnant,0.352,130,39
03/12/2026,20826,401430,Pregnancy Test - Milk,Pregnant,0.602,190,36
03/12/2026,15010,401430,Pregnancy Test - Milk,Pregnant,0.407,134,70
03/12/2026,16975,401430,Pregnancy Test - Milk,Pregnant,0.283,141,77
03/12/2026,10891,401430,Pregnancy Test - Milk,Open,0.007,112,38
03/12/2026,18887,401430,Pregnancy Test - Milk,Pregnant,0.378,234,73
03/12/2026,18703,401430,Pregnancy Test - Milk,Pregnant,0.515,190,35
03/12/2026,18665,401430,Pregnancy Test - Milk,Pregnant,1.754,261,73
03/12/2026,20834,401430,Pregnancy Test - Milk,Pregnant,0.457,241,71
03/12/2026,12489,401430,Pregnancy Test - Milk,Pregnant,0.302,133,38
03/12/2026,7449,401430,Pregnancy Test - Milk,Pregnant,1.817,190,35
03/12/2026,10644,401430,Pregnancy Test - Milk,Pregnant,0.689,128,37
03/12/2026,19177,401430,Pregnancy Test - Milk,Pregnant,0.725,139,38
03/12/2026,15333,401430,Pregnancy Test - Milk,Pregnant,0.378,220,70
03/12/2026,21417,401430,Pregnancy Test - Milk,Pregnant,0.729,95,38
03/12/2026,15966,401430,Pregnancy Test - Milk,Pregnant,0.66,265,73
03/12/2026,16269,401430,Pregnancy Test - Milk,Pregnant,0.503,200,77
03/12/2026,16105,401430,Pregnancy Test - Milk,Pregnant,0.541,143,77
03/12/2026,20428,401430,Pregnancy Test - Milk,Pregnant,0.555,267,74
03/12/2026,16821,401430,Pregnancy Test - Milk,Re-Check,0.126,151,38
03/12/2026,7597,401430,Pregnancy Test - Milk,Pregnant,0.842,103,39
03/12/2026,18593,401430,Pregnancy Test - Milk,Open,-0.033,201,40
03/12/2026,16358,401430,Pregnancy Test - Milk,Open,-0.004,161,35
03/12/2026,15249,401430,Pregnancy Test - Milk,Pregnant,1.38,134,41
03/12/2026,20888,401430,Pregnancy Test - Milk,Pregnant,2.457,195,38
03/12/2026,20947,401430,Pregnancy Test - Milk,Pregnant,0.531,190,70
03/12/2026,16924,401430,Pregnancy Test - Milk,Pregnant,0.997,111,40
03/12/2026,10187,401430,Pregnancy Test - Milk,Open,-0.022,104,36
03/12/2026,17396,401430,Pregnancy Test - Milk,Open,0.002,110,36
03/12/2026,16795,401430,Pregnancy Test - Milk,Pregnant,1.053,153,35
03/12/2026,16742,401430,Pregnancy Test - Milk,Pregnant,1.5,102,39
03/12/2026,20855,401430,Pregnancy Test - Milk,Pregnant,0.704,195,77
03/12/2026,21091,401430,Pregnancy Test - Milk,Pregnant,0.543,146,77
03/12/2026,21272,401430,Pregnancy Test - Milk,Pregnant,0.91,141,77
03/12/2026,15204,401430,Pregnancy Test - Milk,Pregnant,1.161,167,75
03/12/2026,13463,401430,Pregnancy Test - Milk,Pregnant,0.537,110,36
03/12/2026,10499,401430,Pregnancy Test - Milk,Re-Check,0.202,168,75
03/12/2026,14336,401430,Pregnancy Test - Milk,Pregnant,0.986,250,72
03/12/2026,21746,401430,Pregnancy Test - Milk,Pregnant,0.961,91,37
03/12/2026,19252,401430,Pregnancy Test - Milk,Pregnant,0.634,142,77
03/12/2026,17551,401430,Pregnancy Test - Milk,Pregnant,1.071,103,37
03/12/2026,3268,401430,Pregnancy Test - Milk,Open,0.068,108,50
03/12/2026,19081,401430,Pregnancy Test - Milk,Pregnant,0.773,147,77
03/12/2026,12983,401430,Pregnancy Test - Milk,Open,-0.023,91,38
03/12/2026,18583,401430,Pregnancy Test - Milk,Pregnant,0.396,213,70
03/12/2026,21315,401430,Pregnancy Test - Milk,Pregnant,1.137,93,38
03/12/2026,11716,401430,Pregnancy Test - Milk,Pregnant,0.371,189,36
03/12/2026,21268,401430,Pregnancy Test - Milk,Pregnant,1.147,150,35
03/12/2026,19373,401430,Pregnancy Test - Milk,Pregnant,1.413,129,41
03/12/2026,19381,401430,Pregnancy Test - Milk,Pregnant,1.182,85,36
03/12/2026,12707,401430,Pregnancy Test - Milk,Re-Check,0.119,137,70
03/12/2026,18620,401430,Pregnancy Test - Milk,Open,-0.017,97,37
03/12/2026,19005,401430,Pregnancy Test - Milk,Re-Check,0.244,142,77
03/12/2026,20874,401430,Pregnancy Test - Milk,Pregnant,0.743,168,77
03/12/2026,19154,401430,Pregnancy Test - Milk,Pregnant,0.447,242,76
03/12/2026,16727,401430,Pregnancy Test - Milk,Open,0.089,121,56
03/12/2026,19454,401430,Pregnancy Test - Milk,Pregnant,1.199,112,35
03/12/2026,20768,401430,Pregnancy Test - Milk,Pregnant,0.543,192,72
03/12/2026,16800,401430,Pregnancy Test - Milk,Pregnant,1.502,122,38
03/12/2026,16194,401430,Pregnancy Test - Milk,Open,0.095,164,76
03/12/2026,19424,401430,Pregnancy Test - Milk,Pregnant,0.805,92,40
03/12/2026,18635,401430,Pregnancy Test - Milk,Open,0.003,128,40
03/12/2026,21035,401430,Pregnancy Test - Milk,Pregnant,1.038,169,39
03/12/2026,21440,401430,Pregnancy Test - Milk,Pregnant,1.386,93,39
03/12/2026,18896,401430,Pregnancy Test - Milk,Pregnant,0.398,104,37
03/12/2026,15389,401430,Pregnancy Test - Milk,Pregnant,0.91,147,77
03/12/2026,20818,401430,Pregnancy Test - Milk,Pregnant,1.109,144,77
03/12/2026,19385,401430,Pregnancy Test - Milk,Pregnant,0.718,89,38
03/12/2026,13340,401430,Pregnancy Test - Milk,Open,-0.025,95,37
03/12/2026,17274,401430,Pregnancy Test - Milk,Pregnant,0.774,103,36
03/12/2026,17315,401430,Pregnancy Test - Milk,Pregnant,0.4,95,36
03/12/2026,15909,401430,Pregnancy Test - Milk,Pregnant,0.384,153,84
03/12/2026,14722,401430,Pregnancy Test - Milk,Pregnant,0.792,95,38
03/12/2026,16796,401430,Pregnancy Test - Milk,Pregnant,0.43,89,38
03/12/2026,14247,401430,Pregnancy Test - Milk,Pregnant,0.695,152,36
03/12/2026,15171,401430,Pregnancy Test - Milk,Pregnant,0.394,142,77
03/12/2026,16199,401430,Pregnancy Test - Milk,Open,-0.003,122,35
03/12/2026,14944,401430,Pregnancy Test - Milk,Pregnant,0.997,90,38
03/12/2026,9257,401430,Pregnancy Test - Milk,Pregnant,0.573,171,35
03/12/2026,17317,401430,Pregnancy Test - Milk,Pregnant,0.636,89,36
03/12/2026,16300,401430,Pregnancy Test - Milk,Pregnant,0.345,182,74
03/12/2026,21629,401430,Pregnancy Test - Milk,Pregnant,1.627,123,38
03/12/2026,14802,401430,Pregnancy Test - Milk,Pregnant,0.932,149,35
03/12/2026,16205,401430,Pregnancy Test - Milk,Pregnant,1.343,208,35
03/12/2026,10981,401430,Pregnancy Test - Milk,Pregnant,0.603,260,70
03/12/2026,10752,401430,Pregnancy Test - Milk,Open,0.008,213,75
03/12/2026,12321,401430,Pregnancy Test - Milk,Not Tested,,115,38
03/12/2026,11345,401430,Pregnancy Test - Milk,Pregnant,0.859,269,35
03/12/2026,17204,401430,Pregnancy Test - Milk,Open,0.019,354,78
03/12/2026,15292,401430,Pregnancy Test - Milk,Open,0.086,129,41
03/12/2026,15158,401430,Pregnancy Test - Milk,Pregnant,1.134,142,37
03/12/2026,17349,401430,Pregnancy Test - Milk,Open,-0.02,94,37
03/12/2026,19258,401430,Pregnancy Test - Milk,Pregnant,0.507,147,77
03/12/2026,14367,401430,Pregnancy Test - Milk,Pregnant,0.542,193,75
03/12/2026,21276,401430,Pregnancy Test - Milk,Pregnant,1.763,147,77
03/12/2026,17323,401430,Pregnancy Test - Milk,Open,0.001,94,37
03/12/2026,3751,401430,Pregnancy Test - Milk,Pregnant,0.69,154,38
03/12/2026,15769,401430,Pregnancy Test - Milk,Pregnant,0.47,254,74
03/12/2026,18134,401430,Pregnancy Test - Milk,Pregnant,0.602,249,70
03/12/2026,19139,401430,Pregnancy Test - Milk,Pregnant,0.47,244,74
03/12/2026,1384,401430,Pregnancy Test - Milk,Pregnant,0.315,173,71
03/12/2026,21584,401430,Pregnancy Test - Milk,Pregnant,0.939,112,40
03/12/2026,20625,401430,Pregnancy Test - Milk,Pregnant,1.515,286,75
03/12/2026,21494,401430,Pregnancy Test - Milk,Pregnant,0.902,103,40
03/12/2026,20275,401430,Pregnancy Test - Milk,Re-Check,0.245,298,73
03/12/2026,21212,401430,Pregnancy Test - Milk,Re-Check,0.24,146,41
03/12/2026,914,401430,Pregnancy Test - Milk,Pregnant,1.063,151,35
03/12/2026,21234,401430,Pregnancy Test - Milk,Pregnant,0.532,142,77
03/12/2026,11245,401430,Pregnancy Test - Milk,Pregnant,0.253,88,37
03/12/2026,17093,401430,Pregnancy Test - Milk,Re-Check,0.169,135,70
03/12/2026,13987,401430,Pregnancy Test - Milk,Pregnant,0.831,177,38
03/12/2026,9862,401430,Pregnancy Test - Milk,Pregnant,0.685,259,34
03/12/2026,9295,401430,Pregnancy Test - Milk,Open,-0.019,104,38
03/12/2026,21111,401430,Pregnancy Test - Milk,Pregnant,0.463,143,77
03/12/2026,20667,401430,Pregnancy Test - Milk,Pregnant,0.584,194,72
03/12/2026,21252,401430,Pregnancy Test - Milk,Re-Check,0.159,157,47
03/12/2026,3767,401430,Pregnancy Test - Milk,Pregnant,0.4,146,77
03/12/2026,18466,401430,Pregnancy Test - Milk,Open,-0.01,164,35
03/12/2026,21397,401430,Pregnancy Test - Milk,Pregnant,1.504,122,36
03/12/2026,21204,401430,Pregnancy Test - Milk,Pregnant,0.422,147,77
03/12/2026,5013,401430,Pregnancy Test - Milk,Pregnant,0.519,159,34
03/12/2026,11941,401430,Pregnancy Test - Milk,Re-Check,0.236,92,38
03/12/2026,14595,401430,Pregnancy Test - Milk,Pregnant,0.445,187,35
03/12/2026,12841,401430,Pregnancy Test - Milk,Open,-0.022,195,35
03/12/2026,10751,401430,Pregnancy Test - Milk,Pregnant,0.779,182,35
03/12/2026,13011,401430,Pregnancy Test - Milk,Pregnant,0.724,95,38
03/12/2026,17150,401430,Pregnancy Test - Milk,Pregnant,0.406,143,77
03/12/2026,14127,401430,Pregnancy Test - Milk,Re-Check,0.216,127,36
03/12/2026,13192,401430,Pregnancy Test - Milk,Pregnant,0.332,142,77
03/12/2026,20652,401430,Pregnancy Test - Milk,Pregnant,1.549,208,35
03/12/2026,15281,401430,Pregnancy Test - Milk,Pregnant,0.574,137,70
03/12/2026,20737,401430,Pregnancy Test - Milk,Open,-0.017,154,35
03/12/2026,14349,401430,Pregnancy Test - Milk,Pregnant,1.117,108,38
03/12/2026,15155,401430,Pregnancy Test - Milk,Open,0.064,86,34
03/12/2026,11542,401430,Pregnancy Test - Milk,Pregnant,1.051,90,36
03/12/2026,16297,401430,Pregnancy Test - Milk,Pregnant,1.206,215,35
03/12/2026,14845,401430,Pregnancy Test - Milk,Pregnant,1.053,179,35
03/12/2026,18634,401430,Pregnancy Test - Milk,Pregnant,1.02,287,77
03/12/2026,3909,401430,Pregnancy Test - Milk,Open,0.018,163,35
03/12/2026,11877,401430,Pregnancy Test - Milk,Pregnant,1.104,151,40
03/12/2026,21550,401430,Pregnancy Test - Milk,Pregnant,0.449,146,77
03/12/2026,19158,401430,Pregnancy Test - Milk,Pregnant,0.646,143,77
03/12/2026,20898,401430,Pregnancy Test - Milk,Pregnant,0.417,194,73
03/12/2026,21448,401430,Pregnancy Test - Milk,Pregnant,0.905,136,40
03/12/2026,21369,401430,Pregnancy Test - Milk,Pregnant,1.425,104,35
03/12/2026,11618,401430,Pregnancy Test - Milk,Pregnant,0.597,199,35
03/12/2026,20587,401430,Pregnancy Test - Milk,Re-Check,0.174,307,77
03/12/2026,3584,401430,Pregnancy Test - Milk,Open,-0.02,237,38
03/12/2026,15341,401430,Pregnancy Test - Milk,Pregnant,0.958,328,77
03/12/2026,15930,401430,Pregnancy Test - Milk,Pregnant,0.871,181,35
03/12/2026,16380,401430,Pregnancy Test - Milk,Pregnant,0.655,161,76
03/12/2026,21169,401430,Pregnancy Test - Milk,Pregnant,0.623,144,77
03/12/2026,17935,401430,Pregnancy Test - Milk,Pregnant,0.409,198,77
03/12/2026,20730,401430,Pregnancy Test - Milk,Pregnant,0.952,236,38
03/12/2026,17281,401430,Pregnancy Test - Milk,Pregnant,0.279,93,38
03/12/2026,21518,401430,Pregnancy Test - Milk,Pregnant,0.6,141,77
03/12/2026,21305,401430,Pregnancy Test - Milk,Pregnant,1.01,142,77
03/12/2026,16213,401430,Pregnancy Test - Milk,Re-Check,0.224,158,72
03/12/2026,3807,401430,Pregnancy Test - Milk,Re-Check,0.117,139,70
03/12/2026,20843,401430,Pregnancy Test - Milk,Pregnant,0.81,172,77
03/12/2026,17185,401430,Pregnancy Test - Milk,Pregnant,1.206,90,38
03/12/2026,18769,401430,Pregnancy Test - Milk,Pregnant,0.796,144,77
03/12/2026,21138,401430,Pregnancy Test - Milk,Pregnant,0.629,147,77
03/12/2026,10801,401430,Pregnancy Test - Milk,Pregnant,0.671,106,37
03/12/2026,9906,401430,Pregnancy Test - Milk,Pregnant,1.016,166,35
03/12/2026,16236,401430,Pregnancy Test - Milk,Pregnant,0.451,165,74
03/12/2026,20447,401430,Pregnancy Test - Milk,Pregnant,0.645,270,71
03/12/2026,2541,401430,Pregnancy Test - Milk,Pregnant,0.281,151,35
03/12/2026,21050,401430,Pregnancy Test - Milk,Pregnant,0.939,208,37
03/12/2026,17181,401430,Pregnancy Test - Milk,Pregnant,0.329,93,38
03/12/2026,18558,401430,Pregnancy Test - Milk,Pregnant,1.098,247,76
03/12/2026,21316,401430,Pregnancy Test - Milk,Pregnant,1.206,161,38
03/13/2026,14074,401430,Pregnancy Test - Milk,Pregnant,0.572,200,78
03/13/2026,17083,401430,Pregnancy Test - Milk,Re-Check,0.158,122,57
03/13/2026,18888,401430,Pregnancy Test - Milk,Open,0.02,158,47
03/13/2026,1656,401430,Pregnancy Test - Milk,Pregnant,0.436,192,43
03/13/2026,15115,401430,Pregnancy Test - Milk,Open,-0.012,110,38
03/13/2026,15816,401430,Pregnancy Test - Milk,Pregnant,0.384,130,37
03/13/2026,14747,401430,Pregnancy Test - Milk,Pregnant,0.711,171,38
03/13/2026,7707,401430,Pregnancy Test - Milk,Pregnant,1.079,275,35
03/13/2026,19364,401430,Pregnancy Test - Milk,Open,-0.015,105,39
03/13/2026,12718,401430,Pregnancy Test - Milk,Pregnant,0.679,226,35
03/13/2026,15394,401430,Pregnancy Test - Milk,Pregnant,0.636,224,78
03/13/2026,17037,401430,Pregnancy Test - Milk,Pregnant,0.615,127,37
03/13/2026,15102,401430,Pregnancy Test - Milk,Pregnant,1.035,104,39
03/13/2026,20210,401430,Pregnancy Test - Milk,Pregnant,1.132,300,78
03/13/2026,14937,401430,Pregnancy Test - Milk,Re-Check,0.202,171,82
03/13/2026,19114,401430,Pregnancy Test - Milk,Pregnant,0.428,186,78
03/13/2026,7771,401430,Pregnancy Test - Milk,Pregnant,0.807,158,43
03/13/2026,20656,401430,Pregnancy Test - Milk,Pregnant,1.016,249,38
03/13/2026,19108,401430,Pregnancy Test - Milk,Pregnant,1.196,167,81
03/13/2026,14587,401430,Pregnancy Test - Milk,Re-Check,0.222,153,85
03/13/2026,16826,401430,Pregnancy Test - Milk,Re-Check,0.237,149,86
03/13/2026,16359,401430,Pregnancy Test - Milk,Pregnant,0.361,203,78
03/13/2026,13215,401430,Pregnancy Test - Milk,Open,-0.028,93,39
03/13/2026,16646,401430,Pregnancy Test - Milk,Pregnant,0.478,91,39
03/13/2026,21277,401430,Pregnancy Test - Milk,Pregnant,0.33,164,80
03/13/2026,19129,401430,Pregnancy Test - Milk,Pregnant,0.471,201,79
03/13/2026,19091,401430,Pregnancy Test - Milk,Pregnant,1.334,155,85
03/13/2026,15753,401430,Pregnancy Test - Milk,Pregnant,0.7,148,78
03/13/2026,7798,401430,Pregnancy Test - Milk,Pregnant,1.008,133,43
03/13/2026,18391,401430,Pregnancy Test - Milk,Pregnant,0.567,241,83
03/13/2026,17251,401430,Pregnancy Test - Milk,Re-Check,0.135,146,78
03/13/2026,19170,401430,Pregnancy Test - Milk,Pregnant,0.662,172,36
03/13/2026,13970,401430,Pregnancy Test - Milk,Pregnant,0.625,171,83
03/13/2026,1577,401430,Pregnancy Test - Milk,Pregnant,0.447,210,79
03/13/2026,7801,401430,Pregnancy Test - Milk,Pregnant,0.984,147,41
03/13/2026,21007,401430,Pregnancy Test - Milk,Pregnant,1.612,169,38
03/13/2026,14282,401430,Pregnancy Test - Milk,Open,0.001,212,42
03/13/2026,21112,401430,Pregnancy Test - Milk,Pregnant,1.071,175,37
03/13/2026,16974,401430,Pregnancy Test - Milk,Pregnant,0.51,144,78
03/13/2026,13429,401430,Pregnancy Test - Milk,Pregnant,0.566,129,40
03/13/2026,18684,401430,Pregnancy Test - Milk,Pregnant,1.33,199,84
03/13/2026,18064,401430,Pregnancy Test - Milk,Pregnant,0.816,238,78
03/13/2026,7750,401430,Pregnancy Test - Milk,Re-Check,0.174,147,78
03/13/2026,14554,401430,Pregnancy Test - Milk,Pregnant,0.607,255,80
03/13/2026,7773,401430,Pregnancy Test - Milk,Pregnant,0.398,156,82
03/13/2026,18967,401430,Pregnancy Test - Milk,Pregnant,0.632,221,82
03/13/2026,13920,401430,Pregnancy Test - Milk,Pregnant,POS,165,78
03/19/2026,10702,401430,Pregnancy Test - Milk,Pregnant,0.312,118,35
03/19/2026,21252,401430,Pregnancy Test - Milk,Re-Check,0.166,164,54
03/19/2026,18774,401430,Pregnancy Test - Milk,Pregnant,0.652,154,41
03/19/2026,18191,401430,Pregnancy Test - Milk,Pregnant,0.301,241,73
03/19/2026,14674,401430,Pregnancy Test - Milk,Pregnant,0.873,127,39
03/19/2026,19467,401430,Pregnancy Test - Milk,Pregnant,1.468,117,39
03/19/2026,54443,401430,Pregnancy Test - Milk,Pregnant,1.211,312,37
03/19/2026,14099,401430,Pregnancy Test - Milk,Pregnant,0.328,194,71
03/19/2026,19161,401430,Pregnancy Test - Milk,Pregnant,0.589,140,70
03/19/2026,19011,401430,Pregnancy Test - Milk,Re-Check,0.182,133,39
03/19/2026,12460,401430,Pregnancy Test - Milk,Open,0.004,103,37
03/19/2026,14793,401430,Pregnancy Test - Milk,Open,0.04,92,36
03/19/2026,21121,401430,Pregnancy Test - Milk,Pregnant,0.718,194,37
03/19/2026,20925,401430,Pregnancy Test - Milk,Pregnant,0.453,147,37
03/19/2026,19305,401430,Pregnancy Test - Milk,Pregnant,0.569,183,39
03/19/2026,19719,401430,Pregnancy Test - Milk,Pregnant,1.905,91,38
03/19/2026,3776,401430,Pregnancy Test - Milk,Pregnant,0.256,270,84
03/19/2026,18711,401430,Pregnancy Test - Milk,Open,0.019,155,41
03/19/2026,18801,401430,Pregnancy Test - Milk,Pregnant,0.884,195,39
03/19/2026,10744,401430,Pregnancy Test - Milk,Pregnant,0.58,88,35
03/19/2026,17376,401430,Pregnancy Test - Milk,Pregnant,0.464,118,40
03/19/2026,14294,401430,Pregnancy Test - Milk,Pregnant,0.492,91,36
03/19/2026,14927,401430,Pregnancy Test - Milk,Pregnant,0.307,119,70
03/19/2026,17968,401430,Pregnancy Test - Milk,Pregnant,0.851,165,73
03/19/2026,21088,401430,Pregnancy Test - Milk,Pregnant,0.521,157,71
03/19/2026,14551,401430,Pregnancy Test - Milk,Pregnant,0.412,158,40
03/19/2026,11941,401430,Pregnancy Test - Milk,Re-Check,0.19,99,45
03/19/2026,14509,401430,Pregnancy Test - Milk,Pregnant,0.369,138,70
03/19/2026,16343,401430,Pregnancy Test - Milk,Pregnant,0.344,146,77
03/19/2026,21342,401430,Pregnancy Test - Milk,Pregnant,0.945,136,71
03/19/2026,21519,401430,Pregnancy Test - Milk,Pregnant,0.878,105,40
03/19/2026,16765,401430,Pregnancy Test - Milk,Pregnant,0.288,148,84
03/19/2026,19200,401430,Pregnancy Test - Milk,Open,0.083,142,77
03/19/2026,14988,401430,Pregnancy Test - Milk,Pregnant,0.463,175,35
03/19/2026,336,401430,Pregnancy Test - Milk,Pregnant,0.546,190,76
03/19/2026,15044,401430,Pregnancy Test - Milk,Pregnant,0.296,155,39
03/19/2026,19215,401430,Pregnancy Test - Milk,Pregnant,1.484,108,38
03/19/2026,17391,401430,Pregnancy Test - Milk,Pregnant,1.199,197,35
03/19/2026,20383,401430,Pregnancy Test - Milk,Pregnant,0.379,196,77
03/19/2026,19427,401430,Pregnancy Test - Milk,Pregnant,0.862,111,36
03/19/2026,20918,401430,Pregnancy Test - Milk,Pregnant,1.14,107,39
03/19/2026,21181,401430,Pregnancy Test - Milk,Pregnant,1.046,165,42
03/19/2026,21308,401430,Pregnancy Test - Milk,Pregnant,0.832,93,37
03/19/2026,7720,401430,Pregnancy Test - Milk,Pregnant,0.644,186,37
03/19/2026,21334,401430,Pregnancy Test - Milk,Pregnant,1.742,102,37
03/19/2026,14323,401430,Pregnancy Test - Milk,Pregnant,0.313,139,70
03/19/2026,5237,401430,Pregnancy Test - Milk,Pregnant,0.393,134,70
03/19/2026,12257,401430,Pregnancy Test - Milk,Pregnant,0.255,139,70
03/19/2026,15826,401430,Pregnancy Test - Milk,Pregnant,0.369,196,77
03/19/2026,10338,401430,Pregnancy Test - Milk,Pregnant,0.757,155,70
03/19/2026,16666,401430,Pregnancy Test - Milk,Open,-0.013,241,35
03/19/2026,10660,401430,Pregnancy Test - Milk,Pregnant,0.383,240,70
03/19/2026,21624,401430,Pregnancy Test - Milk,Pregnant,1.069,93,38
03/19/2026,21381,401430,Pregnancy Test - Milk,Pregnant,0.464,147,77
03/19/2026,10657,401430,Pregnancy Test - Milk,Pregnant,1.123,185,75
03/19/2026,20552,401430,Pregnancy Test - Milk,Pregnant,0.74,227,36
03/19/2026,18835,401430,Pregnancy Test - Milk,Pregnant,1.42,91,37
03/19/2026,3191,401430,Pregnancy Test - Milk,Pregnant,0.788,115,37
03/19/2026,14005,401430,Pregnancy Test - Milk,Pregnant,0.778,227,35
03/19/2026,15034,401430,Pregnancy Test - Milk,Pregnant,0.446,138,70
03/19/2026,21783,401430,Pregnancy Test - Milk,Pregnant,1.075,85,34
03/19/2026,15111,401430,Pregnancy Test - Milk,Pregnant,0.552,166,75
03/19/2026,19391,401430,Pregnancy Test - Milk,Pregnant,0.489,147,77
03/19/2026,19246,401430,Pregnancy Test - Milk,Pregnant,1.168,118,35
03/19/2026,19197,401430,Pregnancy Test - Milk,Pregnant,0.506,127,41
03/19/2026,16355,401430,Pregnancy Test - Milk,Not Tested,,137,71
03/19/2026,18907,401430,Pregnancy Test - Milk,Pregnant,0.602,144,77
03/19/2026,20153,401430,Pregnancy Test - Milk,Pregnant,0.986,305,77
03/19/2026,12704,401430,Pregnancy Test - Milk,Open,0.005,94,39
03/19/2026,15235,401430,Pregnancy Test - Milk,Pregnant,0.324,125,72
03/19/2026,967,401430,Pregnancy Test - Milk,Pregnant,0.258,95,38
03/19/2026,21371,401430,Pregnancy Test - Milk,Pregnant,1.82,112,37
03/19/2026,15808,401430,Pregnancy Test - Milk,Pregnant,0.684,162,77
03/19/2026,17270,401430,Pregnancy Test - Milk,Re-Check,0.117,99,47
03/19/2026,825100,401430,Pregnancy Test - Milk,Pregnant,0.541,312,77
03/19/2026,21365,401430,Pregnancy Test - Milk,Pregnant,1.04,104,35
03/19/2026,20815,401430,Pregnancy Test - Milk,Pregnant,0.441,266,73
03/19/2026,20892,401430,Pregnancy Test - Milk,Pregnant,0.907,231,76
03/19/2026,9858,401430,Pregnancy Test - Milk,Pregnant,0.669,150,75
03/19/2026,15122,401430,Pregnancy Test - Milk,Pregnant,0.948,104,37
03/19/2026,11704,401430,Pregnancy Test - Milk,Pregnant,1.401,141,77
03/19/2026,16821,401430,Pregnancy Test - Milk,Re-Check,0.122,158,45
03/19/2026,12197,401430,Pregnancy Test - Milk,Pregnant,0.341,143,77
03/19/2026,14311,401430,Pregnancy Test - Milk,Pregnant,POS,92,38
03/19/2026,21232,401430,Pregnancy Test - Milk,Pregnant,0.486,135,71
03/19/2026,925,401430,Pregnancy Test - Milk,Pregnant,1.657,204,37
03/19/2026,14183,401430,Pregnancy Test - Milk,Re-Check,0.242,136,70
03/19/2026,13284,401430,Pregnancy Test - Milk,Pregnant,0.519,114,35
03/19/2026,13377,401430,Pregnancy Test - Milk,Pregnant,0.587,95,38
03/19/2026,13105,401430,Pregnancy Test - Milk,Open,0.064,101,45
03/19/2026,2317,401430,Pregnancy Test - Milk,Pregnant,1.54,199,36
03/19/2026,19413,401430,Pregnancy Test - Milk,Pregnant,0.909,119,37
03/19/2026,19070,401430,Pregnancy Test - Milk,Pregnant,0.585,141,77
03/19/2026,21581,401430,Pregnancy Test - Milk,Pregnant,1.437,94,39
03/19/2026,20884,401430,Pregnancy Test - Milk,Pregnant,0.828,179,71
03/19/2026,15030,401430,Pregnancy Test - Milk,Pregnant,0.787,87,36
03/19/2026,12274,401430,Pregnancy Test - Milk,Pregnant,0.423,102,38
03/19/2026,16910,401430,Pregnancy Test - Milk,Open,0.014,98,35
03/19/2026,15905,401430,Pregnancy Test - Milk,Pregnant,0.28,165,74
03/19/2026,19327,401430,Pregnancy Test - Milk,Pregnant,1.029,99,41
03/19/2026,21408,401430,Pregnancy Test - Milk,Pregnant,0.898,137,71
03/19/2026,18388,401430,Pregnancy Test - Milk,Pregnant,0.844,248,38
03/19/2026,14849,401430,Pregnancy Test - Milk,Pregnant,0.571,161,74
03/19/2026,1625,401430,Pregnancy Test - Milk,Pregnant,0.787,89,37
03/19/2026,19147,401430,Pregnancy Test - Milk,Pregnant,0.647,144,77
03/19/2026,2168,401430,Pregnancy Test - Milk,Open,-0.011,266,36
03/19/2026,20275,401430,Pregnancy Test - Milk,Re-Check,0.218,305,80
03/19/2026,12646,401430,Pregnancy Test - Milk,Re-Check,0.243,153,41
03/19/2026,18935,401430,Pregnancy Test - Milk,Pregnant,2.537,276,75
03/19/2026,7810,401430,Pregnancy Test - Milk,Pregnant,1.317,146,77
03/19/2026,16780,401430,Pregnancy Test - Milk,Re-Check,0.163,147,77
03/19/2026,16872,401430,Pregnancy Test - Milk,Pregnant,0.309,124,74
03/19/2026,3983,401430,Pregnancy Test - Milk,Open,0.002,94,36
03/19/2026,12053,401430,Pregnancy Test - Milk,Pregnant,0.331,328,76
03/19/2026,12892,401430,Pregnancy Test - Milk,Pregnant,1.004,187,71
03/19/2026,21451,401430,Pregnancy Test - Milk,Pregnant,0.335,133,41
03/19/2026,15150,401430,Pregnancy Test - Milk,Re-Check,0.172,142,77
03/19/2026,19165,401430,Pregnancy Test - Milk,Pregnant,0.765,124,73
03/19/2026,4058,401430,Pregnancy Test - Milk,Pregnant,0.916,93,38
03/19/2026,21630,401430,Pregnancy Test - Milk,Pregnant,1.101,104,39
03/19/2026,20748,401430,Pregnancy Test - Milk,Pregnant,0.698,248,77
03/19/2026,17044,401430,Pregnancy Test - Milk,Pregnant,0.48,181,74
03/19/2026,18668,401430,Pregnancy Test - Milk,Open,0.016,207,41
03/19/2026,15025,401430,Pregnancy Test - Milk,Pregnant,0.314,168,77
03/19/2026,19294,401430,Pregnancy Test - Milk,Pregnant,0.351,141,77
03/19/2026,19392,401430,Pregnancy Test - Milk,Pregnant,0.77,123,73
03/19/2026,14676,401430,Pregnancy Test - Milk,Pregnant,0.451,172,35
03/19/2026,13313,401430,Pregnancy Test - Milk,Open,-0.002,178,37
03/19/2026,16538,401430,Pregnancy Test - Milk,Open,0.021,95,37
03/19/2026,17425,401430,Pregnancy Test - Milk,Pregnant,0.544,107,39
03/19/2026,21441,401430,Pregnancy Test - Milk,Pregnant,0.986,121,37
03/19/2026,21065,401430,Pregnancy Test - Milk,Pregnant,1.473,117,35
03/19/2026,19349,401430,Pregnancy Test - Milk,Pregnant,0.693,141,77
03/19/2026,17245,401430,Pregnancy Test - Milk,Pregnant,0.396,109,39
03/19/2026,17093,401430,Pregnancy Test - Milk,Re-Check,0.148,142,77
03/19/2026,14736,401430,Pregnancy Test - Milk,Pregnant,0.441,140,70
03/19/2026,14613,401430,Pregnancy Test - Milk,Pregnant,0.601,136,71
03/19/2026,12231,401430,Pregnancy Test - Milk,Pregnant,1.15,186,36
03/19/2026,20869,401430,Pregnancy Test - Milk,Pregnant,0.904,264,77
03/19/2026,21059,401430,Pregnancy Test - Milk,Open,0.035,119,35
03/19/2026,21418,401430,Pregnancy Test - Milk,Pregnant,1.01,124,36
03/19/2026,16075,401430,Pregnancy Test - Milk,Open,0.024,248,38
03/19/2026,15841,401430,Pregnancy Test - Milk,Pregnant,0.955,113,36
03/19/2026,13402,401430,Pregnancy Test - Milk,Pregnant,0.92,93,37
03/19/2026,21588,401430,Pregnancy Test - Milk,Pregnant,1.147,147,35
03/19/2026,17152,401430,Pregnancy Test - Milk,Pregnant,0.643,145,77
03/19/2026,11684,401430,Pregnancy Test - Milk,Pregnant,0.364,136,70
03/19/2026,13298,401430,Pregnancy Test - Milk,Re-Check,0.228,129,75
03/19/2026,3807,401430,Pregnancy Test - Milk,Pregnant,0.304,146,77
03/19/2026,15962,401430,Pregnancy Test - Milk,Pregnant,0.342,194,70
03/19/2026,15473,401430,Pregnancy Test - Milk,Pregnant,0.622,94,37
03/19/2026,10224,401430,Pregnancy Test - Milk,Re-Check,0.224,107,38
03/19/2026,21467,401430,Pregnancy Test - Milk,Pregnant,1.136,143,36
03/19/2026,21687,401430,Pregnancy Test - Milk,Pregnant,0.871,106,36
03/19/2026,16463,401430,Pregnancy Test - Milk,Pregnant,0.482,162,73
03/19/2026,13240,401430,Pregnancy Test - Milk,Pregnant,0.275,128,39
03/19/2026,15530,401430,Pregnancy Test - Milk,Pregnant,0.526,85,35
03/19/2026,21666,401430,Pregnancy Test - Milk,Pregnant,1.614,100,37
03/19/2026,7649,401430,Pregnancy Test - Milk,Re-Check,0.212,337,71
03/19/2026,18313,401430,Pregnancy Test - Milk,Pregnant,0.401,207,76
03/19/2026,20775,401430,Pregnancy Test - Milk,Pregnant,0.776,268,36
03/19/2026,16689,401430,Pregnancy Test - Milk,Pregnant,0.525,174,75
03/19/2026,16928,401430,Pregnancy Test - Milk,Pregnant,0.291,206,72
03/19/2026,12058,401430,Pregnancy Test - Milk,Pregnant,0.538,134,70
03/19/2026,10300,401430,Pregnancy Test - Milk,Pregnant,1.131,156,37
03/19/2026,14529,401430,Pregnancy Test - Milk,Re-Check,0.115,146,77
03/19/2026,17024,401430,Pregnancy Test - Milk,Pregnant,0.49,140,76
03/19/2026,21487,401430,Pregnancy Test - Milk,Pregnant,0.572,145,77
03/19/2026,19486,401430,Pregnancy Test - Milk,Pregnant,0.714,88,39
03/19/2026,21659,401430,Pregnancy Test - Milk,Pregnant,1.276,91,38
03/19/2026,21096,401430,Pregnancy Test - Milk,Pregnant,0.884,96,38
03/19/2026,7759,401430,Pregnancy Test - Milk,Pregnant,0.385,199,77
03/19/2026,14597,401430,Pregnancy Test - Milk,Pregnant,0.587,90,38
03/19/2026,14586,401430,Pregnancy Test - Milk,Open,0.034,91,35
03/19/2026,7627,401430,Pregnancy Test - Milk,Pregnant,1.24,87,35
03/19/2026,18551,401430,Pregnancy Test - Milk,Re-Check,0.231,289,82
03/19/2026,12707,401430,Pregnancy Test - Milk,Re-Check,0.155,144,77
03/19/2026,17703,401430,Pregnancy Test - Milk,Pregnant,0.655,233,74
03/19/2026,10499,401430,Pregnancy Test - Milk,Re-Check,0.221,175,82
03/19/2026,16233,401430,Pregnancy Test - Milk,Pregnant,1.179,238,39
03/19/2026,21349,401430,Pregnancy Test - Milk,Pregnant,0.365,147,77
03/19/2026,20587,401430,Pregnancy Test - Milk,Pregnant,1.395,314,84
03/19/2026,21531,401430,Pregnancy Test - Milk,Pregnant,0.93,91,38
03/19/2026,15395,401430,Pregnancy Test - Milk,Re-Check,0.244,135,70
03/19/2026,18441,401430,Pregnancy Test - Milk,Pregnant,1.019,268,36
03/19/2026,21402,401430,Pregnancy Test - Milk,Pregnant,1.002,108,38
03/19/2026,19434,401430,Pregnancy Test - Milk,Pregnant,0.885,145,77
03/19/2026,16213,401430,Pregnancy Test - Milk,Pregnant,0.404,165,79
03/19/2026,21295,401430,Pregnancy Test - Milk,Pregnant,0.996,102,35
03/19/2026,17348,401430,Pregnancy Test - Milk,Pregnant,0.373,143,77
03/19/2026,21184,401430,Pregnancy Test - Milk,Pregnant,0.846,116,37
03/19/2026,19005,401430,Pregnancy Test - Milk,Pregnant,0.269,149,84
03/19/2026,15112,401430,Pregnancy Test - Milk,Pregnant,0.51,150,70
03/19/2026,14426,401430,Pregnancy Test - Milk,Re-Check,0.248,125,73
03/19/2026,21415,401430,Pregnancy Test - Milk,Open,0.021,117,37
03/19/2026,21026,401430,Pregnancy Test - Milk,Pregnant,1.298,151,39
03/19/2026,21504,401430,Pregnancy Test - Milk,Pregnant,1.089,107,38
03/19/2026,10838,401430,Pregnancy Test - Milk,Re-Check,0.165,119,45
03/19/2026,17312,401430,Pregnancy Test - Milk,Open,-0.025,105,37
03/19/2026,19563,401430,Pregnancy Test - Milk,Pregnant,0.282,95,36
03/20/2026,19234,401430,Pregnancy Test - Milk,Pregnant,0.546,193,80
03/20/2026,20449,401430,Pregnancy Test - Milk,Pregnant,0.95,261,36
03/20/2026,17316,401430,Pregnancy Test - Milk,Open,0.081,135,35
03/20/2026,16606,401430,Pregnancy Test - Milk,Re-Check,0.112,145,78
03/20/2026,7830,401430,Pregnancy Test - Milk,Pregnant,1.073,105,41
03/20/2026,13345,401430,Pregnancy Test - Milk,Pregnant,0.3,106,37
03/20/2026,11544,401430,Pregnancy Test - Milk,Pregnant,0.355,168,78
03/20/2026,16826,401430,Pregnancy Test - Milk,Pregnant,0.322,156,93
03/20/2026,17083,401430,Pregnancy Test - Milk,Re-Check,0.176,129,64
03/20/2026,7772,401430,Pregnancy Test - Milk,Pregnant,1.167,160,36
03/20/2026,14312,401430,Pregnancy Test - Milk,Pregnant,0.616,173,36
03/20/2026,16907,401430,Pregnancy Test - Milk,Pregnant,0.322,145,78
03/20/2026,15427,401430,Pregnancy Test - Milk,Pregnant,0.356,93,38
03/20/2026,18942,401430,Pregnancy Test - Milk,Pregnant,0.257,144,40
03/20/2026,20573,401430,Pregnancy Test - Milk,Open,-0.013,258,36
03/20/2026,14585,401430,Pregnancy Test - Milk,Pregnant,0.374,177,84
03/20/2026,7735,401430,Pregnancy Test - Milk,Pregnant,2.007,209,41
03/20/2026,15488,401430,Pregnancy Test - Milk,Pregnant,0.54,144,78
03/20/2026,14587,401430,Pregnancy Test - Milk,Pregnant,0.303,160,92
03/20/2026,21589,401430,Pregnancy Test - Milk,Pregnant,0.932,146,78
03/20/2026,16858,401430,Pregnancy Test - Milk,Pregnant,0.602,146,78
03/20/2026,16702,401430,Pregnancy Test - Milk,Pregnant,0.584,147,78
03/20/2026,15095,401430,Pregnancy Test - Milk,Pregnant,0.276,165,81
03/20/2026,19406,401430,Pregnancy Test - Milk,Re-Check,0.203,143,78
03/20/2026,20619,401430,Pregnancy Test - Milk,Open,0.003,284,26
03/20/2026,14937,401430,Pregnancy Test - Milk,Pregnant,0.33,178,89
03/20/2026,17251,401430,Pregnancy Test - Milk,Pregnant,0.316,153,85
03/20/2026,17205,401430,Pregnancy Test - Milk,Pregnant,0.623,124,36
03/20/2026,7725,401430,Pregnancy Test - Milk,Pregnant,0.923,180,36
03/20/2026,19096,401430,Pregnancy Test - Milk,Open,-0.011,104,40
03/20/2026,14825,401430,Pregnancy Test - Milk,Pregnant,0.533,145,78
03/26/2026,21603,401430,Pregnancy Test - Milk,Pregnant,1.802,109,35
03/26/2026,21472,401430,Pregnancy Test - Milk,Pregnant,1.504,119,36
03/26/2026,13501,401430,Pregnancy Test - Milk,Pregnant,0.474,92,38
03/26/2026,21252,401430,Pregnancy Test - Milk,Pregnant,0.256,171,61
03/26/2026,21602,401430,Pregnancy Test - Milk,Pregnant,2.177,87,37
03/26/2026,21513,401430,Pregnancy Test - Milk,Pregnant,2.139,94,39
03/26/2026,18847,401430,Pregnancy Test - Milk,Pregnant,1.237,260,36
03/26/2026,21110,401430,Pregnancy Test - Milk,Pregnant,0.454,143,77
03/26/2026,15140,401430,Pregnancy Test - Milk,Pregnant,0.61,131,39
03/26/2026,20984,401430,Pregnancy Test - Milk,Pregnant,1.142,214,72
03/26/2026,16388,401430,Pregnancy Test - Milk,Pregnant,1.325,177,39
03/26/2026,16673,401430,Pregnancy Test - Milk,Pregnant,1.326,151,40
03/26/2026,16355,401430,Pregnancy Test - Milk,Pregnant,1.031,144,78
03/26/2026,18633,401430,Pregnancy Test - Milk,Pregnant,0.431,145,77
03/26/2026,20882,401430,Pregnancy Test - Milk,Pregnant,1.837,119,38
03/26/2026,19541,401430,Pregnancy Test - Milk,Pregnant,1.245,86,37
03/26/2026,7649,401430,Pregnancy Test - Milk,Pregnant,0.268,344,78
03/26/2026,17300,401430,Pregnancy Test - Milk,Pregnant,0.382,145,77
03/26/2026,20131,401430,Pregnancy Test - Milk,Pregnant,2.011,288,37
03/26/2026,21556,401430,Pregnancy Test - Milk,Pregnant,1.277,121,35
03/26/2026,21646,401430,Pregnancy Test - Milk,Pregnant,0.719,129,74
03/26/2026,2016,401430,Pregnancy Test - Milk,Pregnant,0.775,128,35
03/26/2026,14197,401430,Pregnancy Test - Milk,Pregnant,0.358,142,77
03/26/2026,953,401430,Pregnancy Test - Milk,Pregnant,0.349,171,36
03/26/2026,19117,401430,Pregnancy Test - Milk,Pregnant,0.306,129,41
03/26/2026,21134,401430,Pregnancy Test - Milk,Pregnant,0.54,160,71
03/26/2026,21115,401430,Pregnancy Test - Milk,Pregnant,1.899,158,39
03/26/2026,21228,401430,Pregnancy Test - Milk,Pregnant,1.107,141,77
03/26/2026,16058,401430,Pregnancy Test - Milk,Pregnant,0.43,230,71
03/26/2026,21058,401430,Pregnancy Test - Milk,Pregnant,0.84,190,76
03/26/2026,10377,401430,Pregnancy Test - Milk,Pregnant,0.354,152,40
03/26/2026,1413,401430,Pregnancy Test - Milk,Re-Check,0.174,122,35
03/26/2026,21379,401430,Pregnancy Test - Milk,Pregnant,1.286,155,35
03/26/2026,16298,401430,Pregnancy Test - Milk,Pregnant,0.646,270,76
03/26/2026,20339,401430,Pregnancy Test - Milk,Pregnant,0.75,277,72
03/26/2026,21275,401430,Pregnancy Test - Milk,Pregnant,1.027,144,77
03/26/2026,20968,401430,Pregnancy Test - Milk,Pregnant,0.673,212,72
03/26/2026,19374,401430,Pregnancy Test - Milk,Pregnant,0.871,167,76
03/26/2026,16400,401430,Pregnancy Test - Milk,Pregnant,0.519,153,41
03/26/2026,21221,401430,Pregnancy Test - Milk,Pregnant,1.168,144,35
03/26/2026,19444,401430,Pregnancy Test - Milk,Pregnant,0.477,114,40
03/26/2026,21205,401430,Pregnancy Test - Milk,Pregnant,0.578,97,41
03/26/2026,21284,401430,Pregnancy Test - Milk,Open,0.032,106,36
03/26/2026,21597,401430,Pregnancy Test - Milk,Pregnant,1.398,119,35
03/26/2026,21257,401430,Pregnancy Test - Milk,Pregnant,1.515,173,73
03/26/2026,20943,401430,Pregnancy Test - Milk,Pregnant,1.788,184,35
03/26/2026,15575,401430,Pregnancy Test - Milk,Pregnant,1.603,105,39
03/26/2026,13890,401430,Pregnancy Test - Milk,Pregnant,0.593,249,73
03/26/2026,19441,401430,Pregnancy Test - Milk,Pregnant,1.521,126,38
03/26/2026,17426,401430,Pregnancy Test - Milk,Pregnant,0.871,87,36
03/26/2026,19248,401430,Pregnancy Test - Milk,Pregnant,1.805,128,41
03/26/2026,21373,401430,Pregnancy Test - Milk,Pregnant,1.04,104,38
03/26/2026,19832,401430,Pregnancy Test - Milk,Pregnant,0.977,363,76
03/26/2026,2538,401430,Pregnancy Test - Milk,Pregnant,0.851,94,38
03/26/2026,21132,401430,Pregnancy Test - Milk,Pregnant,0.829,197,41
03/26/2026,21563,401430,Pregnancy Test - Milk,Pregnant,1.104,96,41
03/26/2026,19113,401430,Pregnancy Test - Milk,Open,0.045,118,35
03/26/2026,15150,401430,Pregnancy Test - Milk,Pregnant,0.327,149,84
03/26/2026,3659,401430,Pregnancy Test - Milk,Pregnant,0.68,231,36
03/26/2026,20275,401430,Pregnancy Test - Milk,Pregnant,0.614,312,87
03/26/2026,21433,401430,Pregnancy Test - Milk,Pregnant,0.447,145,77
03/26/2026,15899,401430,Pregnancy Test - Milk,Pregnant,0.282,143,77
03/26/2026,19126,401430,Pregnancy Test - Milk,Pregnant,0.811,103,37
03/26/2026,19315,401430,Pregnancy Test - Milk,Pregnant,0.321,126,72
03/26/2026,21516,401430,Pregnancy Test - Milk,Pregnant,1.223,118,35
03/26/2026,17270,401430,Pregnancy Test - Milk,Open,0.017,106,54
03/26/2026,16780,401430,Pregnancy Test - Milk,Pregnant,0.283,154,84
03/26/2026,21292,401430,Pregnancy Test - Milk,Pregnant,1.299,117,35
03/26/2026,12646,401430,Pregnancy Test - Milk,Open,0.095,160,48
03/26/2026,19236,401430,Pregnancy Test - Milk,Pregnant,0.618,114,35
03/26/2026,17129,401430,Pregnancy Test - Milk,Pregnant,0.331,145,77
03/26/2026,17088,401430,Pregnancy Test - Milk,Pregnant,0.297,165,73
03/26/2026,19533,401430,Pregnancy Test - Milk,Pregnant,2.46,141,77
03/26/2026,21640,401430,Pregnancy Test - Milk,Open,0.085,101,39
03/26/2026,14529,401430,Pregnancy Test - Milk,Re-Check,0.119,153,84
03/26/2026,21214,401430,Pregnancy Test - Milk,Pregnant,1.305,145,77
03/26/2026,21314,401430,Pregnancy Test - Milk,Pregnant,0.637,166,74
03/26/2026,21506,401430,Pregnancy Test - Milk,Pregnant,1.36,109,37
03/26/2026,21582,401430,Pregnancy Test - Milk,Pregnant,0.6,147,77
03/26/2026,21434,401430,Pregnancy Test - Milk,Pregnant,0.901,144,77
03/26/2026,19457,401430,Pregnancy Test - Milk,Pregnant,0.987,91,38
03/26/2026,21549,401430,Pregnancy Test - Milk,Pregnant,1.532,115,37
03/26/2026,21423,401430,Pregnancy Test - Milk,Pregnant,0.601,142,77
03/26/2026,20938,401430,Pregnancy Test - Milk,Pregnant,1.731,97,38
03/26/2026,21263,401430,Pregnancy Test - Milk,Pregnant,0.317,147,77
03/26/2026,14426,401430,Pregnancy Test - Milk,Pregnant,0.667,132,80
03/26/2026,18023,401430,Pregnancy Test - Milk,Pregnant,1.312,187,35
03/26/2026,19448,401430,Pregnancy Test - Milk,Pregnant,0.5,118,35
03/26/2026,16342,401430,Pregnancy Test - Milk,Pregnant,0.308,216,74
03/26/2026,3894,401430,Pregnancy Test - Milk,Pregnant,0.385,142,77
03/26/2026,19433,401430,Pregnancy Test - Milk,Pregnant,0.922,124,38
03/26/2026,20744,401430,Pregnancy Test - Milk,Pregnant,1.706,243,75
03/26/2026,333,401430,Pregnancy Test - Milk,Pregnant,0.69,197,77
03/26/2026,21430,401430,Pregnancy Test - Milk,Pregnant,0.691,144,77
03/26/2026,20916,401430,Pregnancy Test - Milk,Pregnant,1.313,222,74
03/26/2026,13858,401430,Pregnancy Test - Milk,Pregnant,0.773,250,40
03/26/2026,21213,401430,Pregnancy Test - Milk,Pregnant,0.63,143,77
03/26/2026,19317,401430,Pregnancy Test - Milk,Pregnant,1.314,92,38
03/26/2026,16775,401430,Pregnancy Test - Milk,Pregnant,0.493,168,77
03/26/2026,16616,401430,Pregnancy Test - Milk,Pregnant,0.483,195,35
03/26/2026,21144,401430,Pregnancy Test - Milk,Pregnant,0.85,144,77
03/26/2026,19225,401430,Pregnancy Test - Milk,Pregnant,0.671,125,73
03/26/2026,14267,401430,Pregnancy Test - Milk,Pregnant,0.598,107,36
03/26/2026,7589,401430,Pregnancy Test - Milk,Pregnant,1.065,126,37
03/26/2026,16821,401430,Pregnancy Test - Milk,Pregnant,0.252,165,52
03/26/2026,11840,401430,Pregnancy Test - Milk,Pregnant,0.507,150,38
03/26/2026,20583,401430,Pregnancy Test - Milk,Pregnant,1.592,227,36
03/26/2026,16988,401430,Pregnancy Test - Milk,Pregnant,0.468,146,77
03/26/2026,16445,401430,Pregnancy Test - Milk,Pregnant,1.592,320,35
03/26/2026,19203,401430,Pregnancy Test - Milk,Pregnant,0.519,125,74
03/26/2026,15793,401430,Pregnancy Test - Milk,Pregnant,0.97,91,37
03/26/2026,18900,401430,Pregnancy Test - Milk,Open,0.006,202,75
03/26/2026,994,401430,Pregnancy Test - Milk,Pregnant,0.767,217,76
03/26/2026,19289,401430,Pregnancy Test - Milk,Pregnant,0.449,124,37
03/26/2026,3931,401430,Pregnancy Test - Milk,Open,-0.012,107,38
03/26/2026,16712,401430,Pregnancy Test - Milk,Pregnant,0.452,94,38
03/26/2026,19250,401430,Pregnancy Test - Milk,Pregnant,0.27,125,73
03/26/2026,7776,401430,Pregnancy Test - Milk,Pregnant,1.351,196,40
03/26/2026,16655,401430,Pregnancy Test - Milk,Pregnant,0.851,144,38
03/26/2026,18626,401430,Pregnancy Test - Milk,Pregnant,0.692,207,35
03/26/2026,20852,401430,Pregnancy Test - Milk,Pregnant,1.629,223,38
03/26/2026,19676,401430,Pregnancy Test - Milk,Open,0.002,110,35
03/26/2026,19087,401430,Pregnancy Test - Milk,Pregnant,0.709,165,36
03/26/2026,19461,401430,Pregnancy Test - Milk,Open,0.021,122,35
03/26/2026,17687,401430,Pregnancy Test - Milk,Pregnant,0.274,89,38
03/26/2026,2176,401430,Pregnancy Test - Milk,Pregnant,0.929,131,37
03/26/2026,19014,401430,Pregnancy Test - Milk,Pregnant,1.119,89,38
03/26/2026,18506,401430,Pregnancy Test - Milk,Pregnant,0.285,270,74
03/26/2026,21527,401430,Pregnancy Test - Milk,Open,-0.015,144,40
03/26/2026,4029,401430,Pregnancy Test - Milk,Pregnant,1.339,147,77
03/26/2026,19384,401430,Pregnancy Test - Milk,Pregnant,1.134,92,40
03/26/2026,19629,401430,Pregnancy Test - Milk,Pregnant,1.2,85,35
03/26/2026,7677,401430,Pregnancy Test - Milk,Pregnant,0.615,147,77
03/26/2026,20676,401430,Pregnancy Test - Milk,Pregnant,0.56,236,74
03/26/2026,20837,401430,Pregnancy Test - Milk,Pregnant,0.671,141,77
03/26/2026,21236,401430,Pregnancy Test - Milk,Pregnant,0.673,118,35
03/26/2026,19466,401430,Pregnancy Test - Milk,Pregnant,1.161,147,77
03/26/2026,20838,401430,Pregnancy Test - Milk,Open,-0.008,217,49
03/26/2026,16992,401430,Pregnancy Test - Milk,Pregnant,0.761,146,77
03/26/2026,19542,401430,Pregnancy Test - Milk,Pregnant,0.412,147,77
03/26/2026,21680,401430,Pregnancy Test - Milk,Pregnant,0.573,95,39
03/26/2026,19036,401430,Pregnancy Test - Milk,Pregnant,0.414,255,77
03/26/2026,18836,401430,Pregnancy Test - Milk,Pregnant,1.168,143,77
03/26/2026,16659,401430,Pregnancy Test - Milk,Pregnant,0.984,180,77
03/26/2026,21532,401430,Pregnancy Test - Milk,Pregnant,1.473,120,35
03/26/2026,21242,401430,Pregnancy Test - Milk,Pregnant,1.292,177,37
03/26/2026,2274,401430,Pregnancy Test - Milk,Pregnant,0.974,212,71
03/26/2026,16728,401430,Pregnancy Test - Milk,Pregnant,0.713,154,39
03/26/2026,21620,401430,Pregnancy Test - Milk,Pregnant,1.424,114,41
03/26/2026,19244,401430,Pregnancy Test - Milk,Pregnant,0.749,147,77
03/26/2026,21303,401430,Pregnancy Test - Milk,Pregnant,1.045,146,77
03/27/2026,20286,401430,Pregnancy Test - Milk,Pregnant,0.747,302,79
03/27/2026,17443,401430,Pregnancy Test - Milk,Pregnant,0.817,152,36
03/27/2026,16541,401430,Pregnancy Test - Milk,Pregnant,0.593,182,79
03/27/2026,16314,401430,Pregnancy Test - Milk,Pregnant,0.488,106,39
03/27/2026,1615,401430,Pregnancy Test - Milk,Pregnant,0.27,246,36
03/27/2026,21001,401430,Pregnancy Test - Milk,Open,-0.007,138,38
03/27/2026,7714,401430,Pregnancy Test - Milk,Open,-0.011,157,37
03/27/2026,15359,401430,Pregnancy Test - Milk,Pregnant,0.455,142,78
03/27/2026,19406,401430,Pregnancy Test - Milk,Pregnant,0.467,150,85
03/27/2026,13900,401430,Pregnancy Test - Milk,Pregnant,0.494,93,38
03/27/2026,18799,401430,Pregnancy Test - Milk,Pregnant,0.352,148,78
03/27/2026,16606,401430,Pregnancy Test - Milk,Pregnant,0.291,152,85
03/27/2026,20543,401430,Pregnancy Test - Milk,Pregnant,0.697,270,38
03/27/2026,19230,401430,Pregnancy Test - Milk,Pregnant,0.562,174,81
03/27/2026,20619,401430,Pregnancy Test - Milk,Open,0.001,291,33
03/27/2026,14263,401430,Pregnancy Test - Milk,Pregnant,1.497,124,36
03/27/2026,19076,401430,Pregnancy Test - Milk,Pregnant,1.089,148,78
03/27/2026,17083,401430,Pregnancy Test - Milk,Pregnant,0.461,136,71
03/27/2026,17275,401430,Pregnancy Test - Milk,Pregnant,0.317,172,82
03/27/2026,1614,401430,Pregnancy Test - Milk,Pregnant,0.752,258,79
03/27/2026,16556,401430,Pregnancy Test - Milk,Open,0.052,109,38
03/27/2026,15207,401430,Pregnancy Test - Milk,Pregnant,0.378,104,39
03/27/2026,20490,401430,Pregnancy Test - Milk,Pregnant,1.461,293,84
03/27/2026,15212,401430,Pregnancy Test - Milk,Pregnant,0.939,114,36
03/27/2026,2386,401430,Pregnancy Test - Milk,Pregnant,0.805,263,80
03/27/2026,19976,401430,Pregnancy Test - Milk,Pregnant,0.758,276,84
03/27/2026,13199,401430,Pregnancy Test - Milk,Open,-0.004,123,39
03/27/2026,16981,401430,Pregnancy Test - Milk,Pregnant,1.181,91,39
03/27/2026,17065,401430,Pregnancy Test - Milk,Pregnant,0.573,147,78
03/27/2026,15571,401430,Pregnancy Test - Milk,Pregnant,0.736,123,36
03/27/2026,16900,401430,Pregnancy Test - Milk,Pregnant,0.418,146,78
03/27/2026,14790,401430,Pregnancy Test - Milk,Pregnant,0.538,134,41
03/27/2026,7818,401430,Pregnancy Test - Milk,Pregnant,0.553,147,78
03/27/2026,18978,401430,Pregnancy Test - Milk,Pregnant,0.898,92,39
03/27/2026,19051,401430,Pregnancy Test - Milk,Pregnant,0.401,143,78
03/27/2026,20673,401430,Pregnancy Test - Milk,Pregnant,0.914,244,81
03/27/2026,20863,401430,Pregnancy Test - Milk,Pregnant,0.751,170,81
04/02/2026,21310,401430,Pregnancy Test - Milk,Open,-0.008,121,35
04/02/2026,14469,401430,Pregnancy Test - Milk,Pregnant,0.541,165,73
04/02/2026,20963,401430,Pregnancy Test - Milk,Pregnant,0.834,146,77
04/02/2026,21633,401430,Pregnancy Test - Milk,Pregnant,1.401,107,38
04/02/2026,10606,401430,Pregnancy Test - Milk,Open,0.099,135,45
04/02/2026,12939,401430,Pregnancy Test - Milk,Re-Check,0.163,129,42
04/02/2026,12373,401430,Pregnancy Test - Milk,Re-Check,0.172,135,46
04/02/2026,1541,401430,Pregnancy Test - Milk,Pregnant,0.347,128,71
04/02/2026,16901,401430,Pregnancy Test - Milk,Pregnant,0.747,129,76
04/02/2026,13069,401430,Pregnancy Test - Milk,Pregnant,0.702,212,73
04/02/2026,19316,401430,Pregnancy Test - Milk,Pregnant,0.303,163,77
04/02/2026,13205,401430,Pregnancy Test - Milk,Not Tested,,131,39
04/02/2026,10633,401430,Pregnancy Test - Milk,Open,-0.027,128,35
04/02/2026,5250,401430,Pregnancy Test - Milk,Pregnant,0.396,138,70
04/02/2026,16914,401430,Pregnancy Test - Milk,Pregnant,0.587,175,82
04/02/2026,15039,401430,Pregnancy Test - Milk,Pregnant,0.346,220,72
04/02/2026,8961,401430,Pregnancy Test - Milk,Pregnant,0.344,141,77
04/02/2026,16557,401430,Pregnancy Test - Milk,Pregnant,0.387,147,77
04/02/2026,21153,401430,Pregnancy Test - Milk,Pregnant,0.644,142,77
04/02/2026,17104,401430,Pregnancy Test - Milk,Pregnant,0.376,121,38
04/02/2026,19451,401430,Pregnancy Test - Milk,Re-Check,0.175,154,39
04/02/2026,7607,401430,Pregnancy Test - Milk,Pregnant,1.142,123,41
04/02/2026,21428,401430,Pregnancy Test - Milk,Pregnant,1.318,114,37
04/02/2026,14482,401430,Pregnancy Test - Milk,Pregnant,0.304,128,73
04/02/2026,14589,401430,Pregnancy Test - Milk,Pregnant,0.422,198,39
04/02/2026,16919,401430,Pregnancy Test - Milk,Pregnant,0.332,137,70
04/02/2026,10924,401430,Pregnancy Test - Milk,Open,-0.026,147,77
04/02/2026,17328,401430,Pregnancy Test - Milk,Pregnant,0.298,130,73
04/02/2026,16308,401430,Pregnancy Test - Milk,Pregnant,0.391,233,45
04/02/2026,21476,401430,Pregnancy Test - Milk,Pregnant,1.43,139,35
04/02/2026,15022,401430,Pregnancy Test - Milk,Pregnant,1.031,181,38
04/02/2026,21344,401430,Pregnancy Test - Milk,Pregnant,0.524,142,77
04/02/2026,17616,401430,Pregnancy Test - Milk,Pregnant,2.182,332,71
04/02/2026,19372,401430,Pregnancy Test - Milk,Pregnant,0.893,125,73
04/02/2026,19482,401430,Pregnancy Test - Milk,Pregnant,0.982,114,36
04/02/2026,16940,401430,Pregnancy Test - Milk,Pregnant,0.523,115,36
04/02/2026,21406,401430,Pregnancy Test - Milk,Pregnant,1.013,114,36
04/02/2026,19401,401430,Pregnancy Test - Milk,Re-Check,0.188,142,77
04/02/2026,18914,401430,Pregnancy Test - Milk,Pregnant,0.739,187,35
04/02/2026,21191,401430,Pregnancy Test - Milk,Pregnant,0.914,107,38
04/02/2026,19460,401430,Pregnancy Test - Milk,Pregnant,1.003,168,35
04/02/2026,1413,401430,Pregnancy Test - Milk,Open,0.004,129,42
04/02/2026,12956,401430,Pregnancy Test - Milk,Pregnant,0.647,146,77
04/02/2026,13559,401430,Pregnancy Test - Milk,Pregnant,0.565,146,77
04/02/2026,9993,401430,Pregnancy Test - Milk,Pregnant,0.623,174,35
04/02/2026,14756,401430,Pregnancy Test - Milk,Open,-0.028,157,42
04/02/2026,1438,401430,Pregnancy Test - Milk,Re-Check,0.222,196,77
04/02/2026,15395,401430,Pregnancy Test - Milk,Pregnant,0.509,149,84
04/02/2026,17656,401430,Pregnancy Test - Milk,Open,-0.016,99,45
04/02/2026,17074,401430,Pregnancy Test - Milk,Open,0.08,97,42
04/02/2026,14200,401430,Pregnancy Test - Milk,Re-Check,0.194,234,71
04/02/2026,13389,401430,Pregnancy Test - Milk,Pregnant,0.293,134,70
04/02/2026,16653,401430,Pregnancy Test - Milk,Pregnant,1.28,97,39
04/02/2026,7622,401430,Pregnancy Test - Milk,Pregnant,1.283,112,35
04/02/2026,21021,401430,Pregnancy Test - Milk,Pregnant,0.856,152,84
04/02/2026,1559,401430,Pregnancy Test - Milk,Pregnant,1.366,235,35
04/02/2026,17399,401430,Pregnancy Test - Milk,Pregnant,0.255,142,77
04/02/2026,21251,401430,Pregnancy Test - Milk,Pregnant,0.496,189,72
04/02/2026,19376,401430,Pregnancy Test - Milk,Open,-0.019,95,36
04/02/2026,19043,401430,Pregnancy Test - Milk,Pregnant,0.305,147,77
04/02/2026,21255,401430,Pregnancy Test - Milk,Pregnant,0.714,167,41
04/02/2026,16999,401430,Pregnancy Test - Milk,Pregnant,0.69,137,70
04/02/2026,16503,401430,Pregnancy Test - Milk,Pregnant,1.103,189,44
04/02/2026,14052,401430,Pregnancy Test - Milk,Pregnant,0.905,182,41
04/02/2026,21280,401430,Pregnancy Test - Milk,Pregnant,0.393,146,77
04/02/2026,20991,401430,Pregnancy Test - Milk,Pregnant,0.442,144,77
04/02/2026,16149,401430,Pregnancy Test - Milk,Pregnant,0.778,133,36
04/02/2026,16598,401430,Pregnancy Test - Milk,Pregnant,0.326,136,70
04/02/2026,15988,401430,Pregnancy Test - Milk,Pregnant,0.672,249,77
04/02/2026,14276,401430,Pregnancy Test - Milk,Pregnant,0.571,225,36
04/02/2026,19063,401430,Pregnancy Test - Milk,Open,-0.023,252,42
04/02/2026,9233,401430,Pregnancy Test - Milk,Pregnant,1.163,151,35
04/02/2026,5249,401430,Pregnancy Test - Milk,Open,-0.02,135,38
04/02/2026,9714,401430,Pregnancy Test - Milk,Pregnant,0.862,193,38
04/02/2026,18812,401430,Pregnancy Test - Milk,Re-Check,0.23,141,77
04/02/2026,12864,401430,Pregnancy Test - Milk,Pregnant,0.378,162,74
04/02/2026,16681,401430,Pregnancy Test - Milk,Pregnant,0.702,97,39
04/02/2026,15026,401430,Pregnancy Test - Milk,Pregnant,0.303,130,73
04/02/2026,11361,401430,Pregnancy Test - Milk,Pregnant,1.008,111,35
04/02/2026,16106,401430,Pregnancy Test - Milk,Pregnant,1.071,328,39
04/02/2026,11941,401430,Pregnancy Test - Milk,Pregnant,0.315,113,59
04/02/2026,13774,401430,Pregnancy Test - Milk,Pregnant,1.063,139,37
04/02/2026,13419,401430,Pregnancy Test - Milk,Open,-0.023,135,40
04/02/2026,17108,401430,Pregnancy Test - Milk,Open,-0.025,98,45
04/02/2026,5241,401430,Pregnancy Test - Milk,Pregnant,0.585,150,42
04/02/2026,20987,401430,Pregnancy Test - Milk,Pregnant,0.339,199,75
04/02/2026,16847,401430,Pregnancy Test - Milk,Open,-0.022,105,35
04/02/2026,21662,401430,Pregnancy Test - Milk,Pregnant,0.263,141,77
04/02/2026,3781,401430,Pregnancy Test - Milk,Pregnant,0.658,168,72
04/02/2026,21290,401430,Pregnancy Test - Milk,Pregnant,0.419,184,41
04/02/2026,15898,401430,Pregnancy Test - Milk,Pregnant,1.108,262,35
04/02/2026,16880,401430,Pregnancy Test - Milk,Pregnant,0.376,164,76
04/02/2026,1095,401430,Pregnancy Test - Milk,Re-Check,0.156,142,77
04/02/2026,10414,401430,Pregnancy Test - Milk,Not Tested,,128,42
04/02/2026,17319,401430,Pregnancy Test - Milk,Pregnant,0.4,111,44
04/02/2026,12719,401430,Pregnancy Test - Milk,Pregnant,0.978,104,36
04/02/2026,13351,401430,Pregnancy Test - Milk,Re-Check,0.232,145,77
04/02/2026,5170,401430,Pregnancy Test - Milk,Open,-0.019,165,76
04/02/2026,16671,401430,Pregnancy Test - Milk,Pregnant,0.704,129,79
04/02/2026,17329,401430,Pregnancy Test - Milk,Pregnant,0.583,144,77
04/02/2026,13915,401430,Pregnancy Test - Milk,Re-Check,0.248,267,46
04/02/2026,21313,401430,Pregnancy Test - Milk,Pregnant,0.457,188,44
04/02/2026,15289,401430,Pregnancy Test - Milk,Re-Check,0.247,133,80
04/02/2026,17436,401430,Pregnancy Test - Milk,Pregnant,0.324,97,44
04/02/2026,16905,401430,Pregnancy Test - Milk,Pregnant,0.482,139,70
04/02/2026,216,401430,Pregnancy Test - Milk,Open,-0.024,101,45
04/02/2026,17072,401430,Pregnancy Test - Milk,Pregnant,0.319,124,72
04/02/2026,16524,401430,Pregnancy Test - Milk,Pregnant,1.01,126,35
04/02/2026,13716,401430,Pregnancy Test - Milk,Re-Check,0.194,125,75
04/02/2026,19607,401430,Pregnancy Test - Milk,Pregnant,0.808,94,38
04/02/2026,19146,401430,Pregnancy Test - Milk,Pregnant,0.292,117,35
04/02/2026,16545,401430,Pregnancy Test - Milk,Pregnant,0.569,132,41
04/02/2026,12707,401430,Pregnancy Test - Milk,Re-Check,0.246,158,91
04/02/2026,13089,401430,Pregnancy Test - Milk,Not Tested,,179,35
04/02/2026,12473,401430,Pregnancy Test - Milk,Pregnant,0.283,235,75
04/02/2026,15734,401430,Pregnancy Test - Milk,Pregnant,0.312,130,42
04/02/2026,16773,401430,Pregnancy Test - Milk,Pregnant,0.484,222,77
04/02/2026,19369,401430,Pregnancy Test - Milk,Pregnant,1.218,107,38
04/02/2026,19423,401430,Pregnancy Test - Milk,Pregnant,0.329,143,77
04/02/2026,21445,401430,Pregnancy Test - Milk,Pregnant,1.516,120,36
04/02/2026,14529,401430,Pregnancy Test - Milk,Open,0.016,160,91
04/02/2026,13102,401430,Pregnancy Test - Milk,Open,-0.022,92,38
04/02/2026,15032,401430,Pregnancy Test - Milk,Pregnant,0.584,90,37
04/02/2026,11645,401430,Pregnancy Test - Milk,Pregnant,0.479,170,81
04/02/2026,19156,401430,Pregnancy Test - Milk,Pregnant,0.592,286,44
04/02/2026,19332,401430,Pregnancy Test - Milk,Pregnant,0.434,125,72
04/02/2026,14447,401430,Pregnancy Test - Milk,Pregnant,0.455,243,77
04/02/2026,15347,401430,Pregnancy Test - Milk,Pregnant,0.315,122,37
04/02/2026,17271,401430,Pregnancy Test - Milk,Pregnant,0.776,145,77
04/02/2026,19375,401430,Pregnancy Test - Milk,Pregnant,0.46,128,75
04/02/2026,2405,401430,Pregnancy Test - Milk,Pregnant,0.511,261,76
04/02/2026,21777,401430,Pregnancy Test - Milk,Pregnant,0.609,100,44
04/02/2026,7167,401430,Pregnancy Test - Milk,Pregnant,0.304,100,44
04/02/2026,10180,401430,Pregnancy Test - Milk,Re-Check,0.22,97,45
04/02/2026,16325,401430,Pregnancy Test - Milk,Re-Check,0.154,137,70
04/02/2026,13481,401430,Pregnancy Test - Milk,Not Tested,,115,41
04/02/2026,16397,401430,Pregnancy Test - Milk,Pregnant,0.465,145,77
04/02/2026,15545,401430,Pregnancy Test - Milk,Open,0.008,102,39
04/02/2026,489,401430,Pregnancy Test - Milk,Re-Check,0.173,130,72
04/02/2026,14792,401430,Pregnancy Test - Milk,Pregnant,0.503,128,73
04/02/2026,17431,401430,Pregnancy Test - Milk,Re-Check,0.245,144,77
04/02/2026,19458,401430,Pregnancy Test - Milk,Pregnant,1.728,112,44
04/02/2026,9048,401430,Pregnancy Test - Milk,Open,-0.007,187,46
04/02/2026,16596,401430,Pregnancy Test - Milk,Pregnant,0.272,143,77
04/02/2026,21413,401430,Pregnancy Test - Milk,Pregnant,1.316,149,38
04/02/2026,16497,401430,Pregnancy Test - Milk,Pregnant,0.608,182,39
04/02/2026,3051,401430,Pregnancy Test - Milk,Pregnant,0.555,147,77
04/02/2026,1810,401430,Pregnancy Test - Milk,Pregnant,0.968,187,39
04/02/2026,16756,401430,Pregnancy Test - Milk,Not Tested,,100,37
04/02/2026,21496,401430,Pregnancy Test - Milk,Pregnant,0.728,163,77
04/02/2026,21087,401430,Pregnancy Test - Milk,Pregnant,1.423,171,36
04/02/2026,21165,401430,Pregnancy Test - Milk,Pregnant,0.652,169,83
04/02/2026,16078,401430,Pregnancy Test - Milk,Pregnant,0.908,237,78
04/02/2026,19341,401430,Pregnancy Test - Milk,Pregnant,0.256,127,73
04/02/2026,15121,401430,Pregnancy Test - Milk,Pregnant,0.296,141,77
04/02/2026,20890,401430,Pregnancy Test - Milk,Pregnant,0.285,204,72
04/02/2026,1673,401430,Pregnancy Test - Milk,Pregnant,0.904,154,35
04/02/2026,9123,401430,Pregnancy Test - Milk,Pregnant,0.656,153,40
04/02/2026,15013,401430,Pregnancy Test - Milk,Pregnant,0.725,133,80
04/02/2026,10499,401430,Pregnancy Test - Milk,Pregnant,0.384,189,96
04/02/2026,16934,401430,Pregnancy Test - Milk,Pregnant,0.261,93,38
04/02/2026,14773,401430,Pregnancy Test - Milk,Pregnant,0.418,145,77
04/02/2026,19180,401430,Pregnancy Test - Milk,Pregnant,1.212,175,46
04/02/2026,16292,401430,Pregnancy Test - Milk,Pregnant,1.137,233,40
04/02/2026,5195,401430,Pregnancy Test - Milk,Pregnant,0.506,145,77
04/02/2026,15248,401430,Pregnancy Test - Milk,Pregnant,0.318,109,47
04/02/2026,13535,401430,Pregnancy Test - Milk,Pregnant,0.552,130,34
04/02/2026,14677,401430,Pregnancy Test - Milk,Pregnant,0.967,122,40
04/02/2026,21317,401430,Pregnancy Test - Milk,Pregnant,0.804,121,36
04/02/2026,16399,401430,Pregnancy Test - Milk,Pregnant,0.611,141,77
04/02/2026,18990,401430,Pregnancy Test - Milk,Pregnant,0.293,184,72
04/02/2026,20958,401430,Pregnancy Test - Milk,Pregnant,1.203,154,40
04/02/2026,16927,401430,Pregnancy Test - Milk,Pregnant,0.621,97,44
04/02/2026,17219,401430,Pregnancy Test - Milk,Pregnant,0.366,145,77
04/02/2026,17715,401430,Pregnancy Test - Milk,Pregnant,1.041,106,38
04/02/2026,17308,401430,Pregnancy Test - Milk,Pregnant,0.44,125,40
04/02/2026,14692,401430,Pregnancy Test - Milk,Pregnant,0.253,174,77
04/02/2026,17806,401430,Pregnancy Test - Milk,Pregnant,0.513,111,36
04/02/2026,18873,401430,Pregnancy Test - Milk,Pregnant,1.008,254,39
04/02/2026,18239,401430,Pregnancy Test - Milk,Pregnant,1.025,151,37
04/02/2026,21008,401430,Pregnancy Test - Milk,Pregnant,1.081,165,40
04/02/2026,21404,401430,Pregnancy Test - Milk,Pregnant,0.858,142,77
04/02/2026,21536,401430,Pregnancy Test - Milk,Pregnant,0.914,92,35
04/02/2026,19168,401430,Pregnancy Test - Milk,Pregnant,1.641,93,37
04/02/2026,20975,401430,Pregnancy Test - Milk,Open,-0.021,155,35
04/02/2026,16813,401430,Pregnancy Test - Milk,Pregnant,0.556,102,45
04/02/2026,21668,401430,Pregnancy Test - Milk,Pregnant,1.052,121,36
04/02/2026,19489,401430,Pregnancy Test - Milk,Open,-0.016,112,36
04/02/2026,18985,401430,Pregnancy Test - Milk,Re-Check,0.231,152,43
04/02/2026,20897,401430,Pregnancy Test - Milk,Pregnant,1.649,175,36
04/02/2026,21822,401430,Pregnancy Test - Milk,Pregnant,0.903,97,45
04/02/2026,17169,401430,Pregnancy Test - Milk,Re-Check,0.154,137,44
04/02/2026,16978,401430,Pregnancy Test - Milk,Open,-0.024,97,39
04/02/2026,12812,401430,Pregnancy Test - Milk,Not Tested,,147,77
04/02/2026,16972,401430,Pregnancy Test - Milk,Pregnant,0.283,141,77
04/02/2026,18502,401430,Pregnancy Test - Milk,Open,-0.019,283,36
04/02/2026,21604,401430,Pregnancy Test - Milk,Open,0.017,121,35
04/02/2026,14985,401430,Pregnancy Test - Milk,Pregnant,0.288,128,77
04/02/2026,20901,401430,Pregnancy Test - Milk,Open,-0.013,145,41
04/02/2026,17136,401430,Pregnancy Test - Milk,Pregnant,0.25,85,35
04/02/2026,18551,401430,Pregnancy Test - Milk,Pregnant,0.511,303,96
04/02/2026,16703,401430,Pregnancy Test - Milk,Pregnant,0.482,201,80
04/02/2026,5152,401430,Pregnancy Test - Milk,Pregnant,0.673,196,77
04/02/2026,17650,401430,Pregnancy Test - Milk,Pregnant,0.952,291,39
04/02/2026,12245,401430,Pregnancy Test - Milk,Pregnant,0.422,147,77
04/02/2026,15262,401430,Pregnancy Test - Milk,Pregnant,1.442,93,36
04/02/2026,21330,401430,Pregnancy Test - Milk,Pregnant,1.825,123,36
04/02/2026,10614,401430,Pregnancy Test - Milk,Re-Check,0.208,135,42
04/02/2026,19134,401430,Pregnancy Test - Milk,Pregnant,1.478,124,42
04/02/2026,10224,401430,Pregnancy Test - Milk,Pregnant,0.34,121,52
04/02/2026,10838,401430,Pregnancy Test - Milk,Open,0.08,133,59
04/02/2026,5255,401430,Pregnancy Test - Milk,Pregnant,0.704,104,37
04/02/2026,14805,401430,Pregnancy Test - Milk,Pregnant,0.259,129,42
04/02/2026,16529,401430,Pregnancy Test - Milk,Open,-0.021,109,40
04/02/2026,21577,401430,Pregnancy Test - Milk,Pregnant,1.389,91,37
04/02/2026,14224,401430,Pregnancy Test - Milk,Pregnant,0.456,147,77
04/02/2026,21554,401430,Pregnancy Test - Milk,Re-Check,0.242,113,37
04/02/2026,13557,401430,Pregnancy Test - Milk,Pregnant,0.877,200,35
04/02/2026,21356,401430,Pregnancy Test - Milk,Pregnant,0.987,149,37
04/02/2026,21215,401430,Pregnancy Test - Milk,Pregnant,0.378,165,77
04/02/2026,2241,401430,Pregnancy Test - Milk,Pregnant,0.97,148,35
04/02/2026,19196,401430,Pregnancy Test - Milk,Open,-0.009,130,35
04/02/2026,13298,401430,Pregnancy Test - Milk,Pregnant,0.453,143,89
04/02/2026,9524,401430,Pregnancy Test - Milk,Open,-0.018,154,35
04/02/2026,14411,401430,Pregnancy Test - Milk,Pregnant,0.269,135,70
04/02/2026,16698,401430,Pregnancy Test - Milk,Open,-0.021,107,38
04/02/2026,19023,401430,Pregnancy Test - Milk,Pregnant,0.586,141,77
04/02/2026,21484,401430,Pregnancy Test - Milk,Pregnant,0.654,145,77
04/02/2026,16670,401430,Pregnancy Test - Milk,Pregnant,0.529,252,76
04/02/2026,21654,401430,Pregnancy Test - Milk,Pregnant,0.62,143,77
04/02/2026,19476,401430,Pregnancy Test - Milk,Pregnant,0.917,103,37
04/02/2026,20755,401430,Pregnancy Test - Milk,Pregnant,0.481,143,77
04/02/2026,21510,401430,Pregnancy Test - Milk,Pregnant,1.157,89,37
04/02/2026,18881,401430,Pregnancy Test - Milk,Pregnant,0.972,258,37
04/02/2026,14836,401430,Pregnancy Test - Milk,Open,-0.027,167,44
04/02/2026,16528,401430,Pregnancy Test - Milk,Pregnant,0.251,142,77
04/02/2026,19169,401430,Pregnancy Test - Milk,Open,-0.02,156,35
04/02/2026,14563,401430,Pregnancy Test - Milk,Pregnant,0.862,169,38
04/02/2026,14183,401430,Pregnancy Test - Milk,Pregnant,0.256,150,84
04/02/2026,10480,401430,Pregnancy Test - Milk,Not Tested,,128,39
04/02/2026,21203,401430,Pregnancy Test - Milk,Pregnant,1.199,150,36
04/02/2026,20287,401430,Pregnancy Test - Milk,Pregnant,0.586,285,73
04/02/2026,18597,401430,Pregnancy Test - Milk,Pregnant,1.171,146,77
04/02/2026,13301,401430,Pregnancy Test - Milk,Pregnant,0.316,144,77
04/02/2026,19268,401430,Pregnancy Test - Milk,Pregnant,0.77,173,83
04/02/2026,5035,401430,Pregnancy Test - Milk,Pregnant,0.551,246,35
04/02/2026,17093,401430,Pregnancy Test - Milk,Re-Check,0.218,156,91
04/03/2026,15355,401430,Pregnancy Test - Milk,Pregnant,0.311,131,40
04/03/2026,12571,401430,Pregnancy Test - Milk,Pregnant,0.379,170,84
04/03/2026,19103,401430,Pregnancy Test - Milk,Pregnant,0.529,130,36
04/03/2026,17132,401430,Pregnancy Test - Milk,Pregnant,1.073,124,36
04/03/2026,14824,401430,Pregnancy Test - Milk,Pregnant,0.494,104,38
04/03/2026,18976,401430,Pregnancy Test - Milk,Open,-0.005,116,36
04/03/2026,15393,401430,Pregnancy Test - Milk,Pregnant,1.498,145,78
04/03/2026,18934,401430,Pregnancy Test - Milk,Pregnant,0.593,173,83
04/03/2026,18091,401430,Pregnancy Test - Milk,Pregnant,0.784,323,40
04/03/2026,21729,401430,Pregnancy Test - Milk,Pregnant,1.271,101,37
04/03/2026,21040,401430,Pregnancy Test - Milk,Pregnant,0.424,185,78
04/03/2026,1649,401430,Pregnancy Test - Milk,Pregnant,0.842,337,35
04/03/2026,21056,401430,Pregnancy Test - Milk,Pregnant,0.865,261,82
04/03/2026,7769,401430,Pregnancy Test - Milk,Re-Check,0.165,194,78
04/03/2026,16374,401430,Pregnancy Test - Milk,Open,0,155,36
04/03/2026,21405,401430,Pregnancy Test - Milk,Pregnant,1.067,99,35
04/03/2026,17083,401430,Pregnancy Test - Milk,Pregnant,0.31,143,78
04/03/2026,18891,401430,Pregnancy Test - Milk,Pregnant,0.486,197,79
04/03/2026,20793,401430,Pregnancy Test - Milk,Pregnant,0.585,262,82
04/03/2026,19463,401430,Pregnancy Test - Milk,Pregnant,0.649,171,36
04/03/2026,19058,401430,Pregnancy Test - Milk,Pregnant,0.272,170,80
04/03/2026,19285,401430,Pregnancy Test - Milk,Pregnant,0.83,192,81
04/03/2026,21160,401430,Pregnancy Test - Milk,Pregnant,0.598,170,83
04/03/2026,18361,401430,Pregnancy Test - Milk,Pregnant,0.576,206,82
04/03/2026,20619,401430,Pregnancy Test - Milk,Open,0.054,298,40
04/03/2026,21612,401430,Pregnancy Test - Milk,Pregnant,1.288,142,37
04/03/2026,14662,401430,Pregnancy Test - Milk,Pregnant,0.664,118,36
04/03/2026,19080,401430,Pregnancy Test - Milk,Re-Check,0.243,149,36
04/03/2026,14811,401430,Pregnancy Test - Milk,Pregnant,0.32,144,78
04/03/2026,14126,401430,Pregnancy Test - Milk,Pregnant,0.81,122,36
04/07/2026,13146,401430,Pregnancy Test - Milk,Open,-0.012,106,38
04/07/2026,10614,401430,Pregnancy Test - Milk,Re-Check,0.247,142,49
04/07/2026,16600,401430,Pregnancy Test - Milk,Pregnant,0.807,189,70
04/07/2026,16754,401430,Pregnancy Test - Milk,Pregnant,1.353,188,35
04/07/2026,3222,401430,Pregnancy Test - Milk,Pregnant,0.677,151,84
04/07/2026,16199,401430,Pregnancy Test - Milk,Pregnant,0.523,150,40
04/07/2026,15872,401430,Pregnancy Test - Milk,Pregnant,0.305,301,71
04/07/2026,10098,401430,Pregnancy Test - Milk,Open,0.058,142,40
04/07/2026,13906,401430,Pregnancy Test - Milk,Pregnant,0.268,225,44
04/07/2026,13375,401430,Pregnancy Test - Milk,Pregnant,0.477,139,75
04/07/2026,10935,401430,Pregnancy Test - Milk,Pregnant,0.534,143,36
04/07/2026,15396,401430,Pregnancy Test - Milk,Pregnant,0.581,148,35
04/07/2026,15051,401430,Pregnancy Test - Milk,Pregnant,0.33,126,75
04/07/2026,18985,401430,Pregnancy Test - Milk,Re-Check,0.202,159,50
04/07/2026,17713,401430,Pregnancy Test - Milk,Open,0.02,93,36
04/07/2026,19838,401430,Pregnancy Test - Milk,Pregnant,0.628,96,38
04/07/2026,15289,401430,Pregnancy Test - Milk,Pregnant,0.489,140,87
04/07/2026,10180,401430,Pregnancy Test - Milk,Re-Check,0.141,104,52
04/07/2026,1438,401430,Pregnancy Test - Milk,Re-Check,0.191,203,84
04/07/2026,14066,401430,Pregnancy Test - Milk,Pregnant,0.455,213,72
04/07/2026,340,401430,Pregnancy Test - Milk,Pregnant,0.736,161,37
04/07/2026,18041,401430,Pregnancy Test - Milk,Pregnant,0.414,238,76
04/07/2026,12373,401430,Pregnancy Test - Milk,Re-Check,0.193,142,53
04/07/2026,5252,401430,Pregnancy Test - Milk,Re-Check,0.154,122,51
04/07/2026,16968,401430,Pregnancy Test - Milk,Pregnant,0.252,126,71
04/07/2026,19473,401430,Pregnancy Test - Milk,Pregnant,0.707,108,39
04/07/2026,15011,401430,Pregnancy Test - Milk,Pregnant,0.259,214,70
04/07/2026,17183,401430,Pregnancy Test - Milk,Re-Check,0.2,127,72
04/07/2026,14200,401430,Pregnancy Test - Milk,Re-Check,0.247,241,78
04/07/2026,15619,401430,Pregnancy Test - Milk,Re-Check,0.249,242,70
04/07/2026,17500,401430,Pregnancy Test - Milk,Pregnant,0.384,124,73
04/07/2026,13351,401430,Pregnancy Test - Milk,Re-Check,0.223,152,84
04/07/2026,17011,401430,Pregnancy Test - Milk,Pregnant,0.751,161,37
04/07/2026,21544,401430,Pregnancy Test - Milk,Pregnant,0.713,104,38
04/07/2026,10808,401430,Pregnancy Test - Milk,Pregnant,0.349,190,71
04/07/2026,13089,401430,Pregnancy Test - Milk,Pregnant,0.427,186,42
04/07/2026,12438,401430,Pregnancy Test - Milk,Re-Check,0.228,150,70
04/07/2026,9719,401430,Pregnancy Test - Milk,Pregnant,0.616,313,35
04/07/2026,16882,401430,Pregnancy Test - Milk,Pregnant,0.305,155,70
04/07/2026,11377,401430,Pregnancy Test - Milk,Open,-0.012,96,39
04/07/2026,13482,401430,Pregnancy Test - Milk,Pregnant,0.565,100,37
04/07/2026,16176,401430,Pregnancy Test - Milk,Pregnant,0.616,136,76
04/07/2026,13421,401430,Pregnancy Test - Milk,Pregnant,0.538,245,34
04/07/2026,12691,401430,Pregnancy Test - Milk,Pregnant,0.632,207,38
04/07/2026,17260,401430,Pregnancy Test - Milk,Pregnant,0.286,126,72
04/07/2026,15257,401430,Pregnancy Test - Milk,Re-Check,0.179,232,70
04/07/2026,12595,401430,Pregnancy Test - Milk,Pregnant,0.354,138,73
04/07/2026,16053,401430,Pregnancy Test - Milk,Open,0.021,223,71
04/07/2026,7779,401430,Pregnancy Test - Milk,Pregnant,1.034,218,38
04/07/2026,11598,401430,Pregnancy Test - Milk,Open,-0.008,167,35
04/07/2026,16774,401430,Pregnancy Test - Milk,Pregnant,0.729,125,72
04/07/2026,11206,401430,Pregnancy Test - Milk,Pregnant,1.177,217,71
04/07/2026,16618,401430,Pregnancy Test - Milk,Pregnant,0.69,110,37
04/07/2026,12812,401430,Pregnancy Test - Milk,Pregnant,0.43,154,84
04/07/2026,7708,401430,Pregnancy Test - Milk,Pregnant,0.703,220,72
04/07/2026,9656,401430,Pregnancy Test - Milk,Pregnant,0.99,257,34
04/07/2026,12397,401430,Pregnancy Test - Milk,Re-Check,0.175,147,71
04/07/2026,10145,401430,Pregnancy Test - Milk,Re-Check,0.228,190,70
04/07/2026,16874,401430,Pregnancy Test - Milk,Pregnant,0.582,212,70
04/07/2026,17617,401430,Pregnancy Test - Milk,Re-Check,0.2,144,73
04/07/2026,12569,401430,Pregnancy Test - Milk,Pregnant,0.785,152,35
04/07/2026,5145,401430,Pregnancy Test - Milk,Open,-0.001,254,36
04/07/2026,17093,401430,Pregnancy Test - Milk,Pregnant,0.271,163,98
04/07/2026,16325,401430,Pregnancy Test - Milk,Re-Check,0.15,144,77
04/07/2026,18812,401430,Pregnancy Test - Milk,Pregnant,0.288,148,84
04/07/2026,16455,401430,Pregnancy Test - Milk,Pregnant,0.533,144,77
04/07/2026,17193,401430,Pregnancy Test - Milk,Pregnant,0.639,125,72
04/07/2026,17309,401430,Pregnancy Test - Milk,Pregnant,0.472,109,35
04/07/2026,11349,401430,Pregnancy Test - Milk,Re-Check,0.222,128,73
04/07/2026,12707,401430,Pregnancy Test - Milk,Pregnant,0.269,165,98
04/07/2026,12939,401430,Pregnancy Test - Milk,Open,0.024,136,49
04/07/2026,16729,401430,Pregnancy Test - Milk,Pregnant,0.479,163,75
04/07/2026,18796,401430,Pregnancy Test - Milk,Pregnant,0.857,99,38
04/07/2026,10480,401430,Pregnancy Test - Milk,Re-Check,0.223,135,46
04/07/2026,13148,401430,Pregnancy Test - Milk,Open,0.003,91,36
04/07/2026,14843,401430,Pregnancy Test - Milk,Pregnant,0.519,167,34
04/07/2026,17026,401430,Pregnancy Test - Milk,Pregnant,0.322,131,74
04/07/2026,12839,401430,Pregnancy Test - Milk,Pregnant,0.883,99,37
04/07/2026,18521,401430,Pregnancy Test - Milk,Pregnant,0.688,253,34
04/07/2026,13267,401430,Pregnancy Test - Milk,Open,-0.019,137,35
04/07/2026,17169,401430,Pregnancy Test - Milk,Re-Check,0.14,144,51
04/07/2026,17339,401430,Pregnancy Test - Milk,Pregnant,0.718,114,35
04/07/2026,10393,401430,Pregnancy Test - Milk,Pregnant,0.317,187,71
04/07/2026,13289,401430,Pregnancy Test - Milk,Re-Check,0.191,140,71
04/07/2026,14071,401430,Pregnancy Test - Milk,Pregnant,0.45,242,38
04/07/2026,12808,401430,Pregnancy Test - Milk,Pregnant,0.572,100,37
04/07/2026,13205,401430,Pregnancy Test - Milk,Re-Check,0.132,138,46
04/07/2026,5314,401430,Pregnancy Test - Milk,Pregnant,0.309,135,78
04/07/2026,3864,401430,Pregnancy Test - Milk,Pregnant,0.742,341,70
04/07/2026,17365,401430,Pregnancy Test - Milk,Pregnant,0.794,110,35
04/07/2026,19725,401430,Pregnancy Test - Milk,Pregnant,0.918,97,38
04/07/2026,14550,401430,Pregnancy Test - Milk,Open,-0.003,156,37
04/07/2026,15293,401430,Pregnancy Test - Milk,Pregnant,0.956,201,35
04/07/2026,13481,401430,Pregnancy Test - Milk,Pregnant,0.255,122,48
04/07/2026,17027,401430,Pregnancy Test - Milk,Re-Check,0.23,130,40
04/07/2026,18295,401430,Pregnancy Test - Milk,Re-Check,0.121,299,75
04/07/2026,14983,401430,Pregnancy Test - Milk,Pregnant,0.961,121,34
04/07/2026,15069,401430,Pregnancy Test - Milk,Pregnant,0.416,88,40
04/07/2026,10414,401430,Pregnancy Test - Milk,Re-Check,0.2,135,49
04/09/2026,17070,401430,Pregnancy Test - Milk,Pregnant,0.597,90,35
04/09/2026,3866,401430,Pregnancy Test - Milk,Re-Check,0.224,245,76
04/09/2026,21569,401430,Pregnancy Test - Milk,Pregnant,0.839,140,37
04/09/2026,21453,401430,Pregnancy Test - Milk,Pregnant,0.632,143,77
04/09/2026,16786,401430,Pregnancy Test - Milk,Re-Check,0.179,129,73
04/09/2026,20971,401430,Pregnancy Test - Milk,Pregnant,1.526,159,40
04/09/2026,21380,401430,Pregnancy Test - Milk,Pregnant,1.654,121,35
04/09/2026,21193,401430,Pregnancy Test - Milk,Pregnant,0.531,144,77
04/09/2026,19593,401430,Pregnancy Test - Milk,Pregnant,0.977,99,41
04/09/2026,14744,401430,Pregnancy Test - Milk,Pregnant,0.62,171,37
04/09/2026,16869,401430,Pregnancy Test - Milk,Pregnant,0.754,244,71
04/09/2026,21721,401430,Pregnancy Test - Milk,Pregnant,0.963,118,36
04/09/2026,15319,401430,Pregnancy Test - Milk,Pregnant,0.724,111,37
04/09/2026,17252,401430,Pregnancy Test - Milk,Re-Check,0.249,142,77
04/09/2026,20211,401430,Pregnancy Test - Milk,Pregnant,0.794,312,41
04/09/2026,7608,401430,Pregnancy Test - Milk,Pregnant,0.882,119,38
04/09/2026,21370,401430,Pregnancy Test - Milk,Pregnant,0.766,188,41
04/09/2026,3676,401430,Pregnancy Test - Milk,Open,0.014,204,39
04/09/2026,19267,401430,Pregnancy Test - Milk,Pregnant,1.039,137,40
04/09/2026,18536,401430,Pregnancy Test - Milk,Pregnant,0.273,118,41
04/09/2026,14606,401430,Pregnancy Test - Milk,Pregnant,0.494,255,77
04/09/2026,21595,401430,Pregnancy Test - Milk,Pregnant,0.796,105,38
04/09/2026,19430,401430,Pregnancy Test - Milk,Pregnant,0.424,119,41
04/09/2026,17416,401430,Pregnancy Test - Milk,Re-Check,0.177,152,36
04/09/2026,19040,401430,Pregnancy Test - Milk,Re-Check,0.238,129,73
04/09/2026,21554,401430,Pregnancy Test - Milk,Re-Check,0.148,120,44
04/09/2026,14670,401430,Pregnancy Test - Milk,Re-Check,0.137,191,73
04/09/2026,21041,401430,Pregnancy Test - Milk,Pregnant,0.424,204,77
04/09/2026,14782,401430,Pregnancy Test - Milk,Pregnant,0.789,189,36
04/09/2026,21099,401430,Pregnancy Test - Milk,Pregnant,0.298,178,76
04/09/2026,17431,401430,Pregnancy Test - Milk,Re-Check,0.229,151,84
04/09/2026,17350,401430,Pregnancy Test - Milk,Pregnant,0.687,143,77
04/09/2026,14964,401430,Pregnancy Test - Milk,Open,0.082,299,71
04/09/2026,21716,401430,Pregnancy Test - Milk,Pregnant,0.778,117,36
04/09/2026,17296,401430,Pregnancy Test - Milk,Pregnant,0.502,94,37
04/09/2026,16716,401430,Pregnancy Test - Milk,Pregnant,0.255,130,73
04/09/2026,19592,401430,Pregnancy Test - Milk,Open,-0.019,90,36
04/09/2026,17263,401430,Pregnancy Test - Milk,Pregnant,0.671,141,77
04/09/2026,2290,401430,Pregnancy Test - Milk,Re-Check,0.219,350,71
04/09/2026,16759,401430,Pregnancy Test - Milk,Pregnant,1.569,168,35
04/09/2026,15182,401430,Pregnancy Test - Milk,Pregnant,0.503,171,77
04/09/2026,14844,401430,Pregnancy Test - Milk,Open,0.016,159,38
04/09/2026,7611,401430,Pregnancy Test - Milk,Pregnant,0.585,120,35
04/09/2026,19199,401430,Pregnancy Test - Milk,Pregnant,0.554,142,77
04/09/2026,15045,401430,Pregnancy Test - Milk,Pregnant,0.636,122,35
04/09/2026,12800,401430,Pregnancy Test - Milk,Pregnant,1.272,214,40
04/09/2026,10594,401430,Pregnancy Test - Milk,Pregnant,0.546,197,37
04/09/2026,30001,401430,Pregnancy Test - Milk,Pregnant,0.554,203,41
04/09/2026,21538,401430,Pregnancy Test - Milk,Pregnant,1.131,168,76
04/09/2026,19451,401430,Pregnancy Test - Milk,Open,0.034,161,0
04/09/2026,17115,401430,Pregnancy Test - Milk,Pregnant,0.342,89,38
04/09/2026,16883,401430,Pregnancy Test - Milk,Pregnant,0.373,191,77
04/09/2026,17286,401430,Pregnancy Test - Milk,Pregnant,0.467,212,77
04/09/2026,21874,401430,Pregnancy Test - Milk,Pregnant,1.507,86,35
04/09/2026,21745,401430,Pregnancy Test - Milk,Pregnant,1.085,93,39
04/09/2026,19571,401430,Pregnancy Test - Milk,Open,-0.015,127,73
04/09/2026,13318,401430,Pregnancy Test - Milk,Pregnant,0.364,95,38
04/09/2026,21327,401430,Pregnancy Test - Milk,Pregnant,1.102,119,35
04/09/2026,21326,401430,Pregnancy Test - Milk,Pregnant,0.992,174,35
04/09/2026,1681,401430,Pregnancy Test - Milk,Pregnant,0.634,217,77
04/09/2026,18830,401430,Pregnancy Test - Milk,Pregnant,0.457,143,77
04/09/2026,20382,401430,Pregnancy Test - Milk,Open,-0.009,270,36
04/09/2026,21701,401430,Pregnancy Test - Milk,Pregnant,0.442,92,40
04/09/2026,20550,401430,Pregnancy Test - Milk,Pregnant,0.297,268,74
04/09/2026,21012,401430,Pregnancy Test - Milk,Pregnant,0.345,201,77
04/09/2026,17581,401430,Pregnancy Test - Milk,Pregnant,0.527,132,77
04/09/2026,18681,401430,Pregnancy Test - Milk,Re-Check,0.231,215,40
04/09/2026,921,401430,Pregnancy Test - Milk,Pregnant,0.428,213,77
04/09/2026,18870,401430,Pregnancy Test - Milk,Re-Check,0.125,186,77
04/09/2026,21643,401430,Pregnancy Test - Milk,Pregnant,0.657,114,38
04/09/2026,13716,401430,Pregnancy Test - Milk,Re-Check,0.215,132,82
04/09/2026,21237,401430,Pregnancy Test - Milk,Pregnant,0.371,145,75
04/09/2026,19416,401430,Pregnancy Test - Milk,Pregnant,0.542,144,77
04/09/2026,20642,401430,Pregnancy Test - Milk,Pregnant,0.517,267,77
04/09/2026,18589,401430,Pregnancy Test - Milk,Pregnant,1.026,141,77
04/09/2026,16706,401430,Pregnancy Test - Milk,Pregnant,0.679,93,38
04/09/2026,21635,401430,Pregnancy Test - Milk,Pregnant,0.396,125,72
04/09/2026,19340,401430,Pregnancy Test - Milk,Pregnant,0.973,166,40
04/09/2026,17566,401430,Pregnancy Test - Milk,Re-Check,0.135,128,73
04/09/2026,16705,401430,Pregnancy Test - Milk,Pregnant,0.74,197,77
04/09/2026,915,401430,Pregnancy Test - Milk,Pregnant,0.412,90,38
04/09/2026,21462,401430,Pregnancy Test - Milk,Pregnant,0.576,118,35
04/09/2026,21180,401430,Pregnancy Test - Milk,Pregnant,0.574,133,75
04/09/2026,21478,401430,Pregnancy Test - Milk,Pregnant,0.834,170,36
04/09/2026,21394,401430,Pregnancy Test - Milk,Pregnant,0.374,126,37
04/09/2026,15376,401430,Pregnancy Test - Milk,Re-Check,0.149,89,37
04/09/2026,824,401430,Pregnancy Test - Milk,Pregnant,0.437,168,72
04/09/2026,19401,401430,Pregnancy Test - Milk,Re-Check,0.157,149,84
04/09/2026,13432,401430,Pregnancy Test - Milk,Pregnant,0.485,95,39
04/09/2026,14302,401430,Pregnancy Test - Milk,Pregnant,0.365,167,39
04/09/2026,20533,401430,Pregnancy Test - Milk,Pregnant,1.097,202,75
04/09/2026,14250,401430,Pregnancy Test - Milk,Pregnant,0.397,286,39
04/09/2026,14579,401430,Pregnancy Test - Milk,Pregnant,0.422,141,77
04/09/2026,17407,401430,Pregnancy Test - Milk,Pregnant,0.44,92,38
04/09/2026,19210,401430,Pregnancy Test - Milk,Pregnant,0.728,167,35
04/09/2026,7631,401430,Pregnancy Test - Milk,Pregnant,0.983,396,40
04/09/2026,19157,401430,Pregnancy Test - Milk,Pregnant,0.653,257,71
04/09/2026,18732,401430,Pregnancy Test - Milk,Pregnant,0.353,217,41
04/09/2026,17235,401430,Pregnancy Test - Milk,Pregnant,0.338,142,77
04/09/2026,17411,401430,Pregnancy Test - Milk,Re-Check,0.184,141,77
04/09/2026,1428,401430,Pregnancy Test - Milk,Pregnant,0.491,145,77
04/09/2026,19153,401430,Pregnancy Test - Milk,Pregnant,0.366,141,77
04/09/2026,19233,401430,Pregnancy Test - Milk,Pregnant,0.277,146,73
04/09/2026,1095,401430,Pregnancy Test - Milk,Re-Check,0.216,149,84
04/09/2026,17311,401430,Pregnancy Test - Milk,Pregnant,0.82,174,71
04/09/2026,19414,401430,Pregnancy Test - Milk,Pregnant,1.292,154,35
04/09/2026,3906,401430,Pregnancy Test - Milk,Pregnant,0.312,107,38
04/09/2026,16890,401430,Pregnancy Test - Milk,Open,-0.016,187,39
04/09/2026,17326,401430,Pregnancy Test - Milk,Pregnant,0.549,264,38
04/09/2026,14667,401430,Pregnancy Test - Milk,Open,-0.007,317,36
04/09/2026,21252,401430,Pregnancy Test - Milk,Re-Check,0.166,185,75
04/09/2026,20978,401430,Pregnancy Test - Milk,Open,-0.021,209,35
04/09/2026,19291,401430,Pregnancy Test - Milk,Pregnant,0.457,163,77
04/09/2026,16756,401430,Pregnancy Test - Milk,Pregnant,0.342,107,44
04/09/2026,17510,401430,Pregnancy Test - Milk,Open,-0.015,118,40
04/09/2026,3249,401430,Pregnancy Test - Milk,Pregnant,0.514,297,35
04/09/2026,19261,401430,Pregnancy Test - Milk,Pregnant,0.711,169,38
04/09/2026,5747,401430,Pregnancy Test - Milk,Pregnant,0.511,114,36
04/09/2026,13703,401430,Pregnancy Test - Milk,Pregnant,0.329,107,40
04/09/2026,19530,401430,Pregnancy Test - Milk,Pregnant,0.294,141,77
04/09/2026,14959,401430,Pregnancy Test - Milk,Pregnant,0.637,134,41
04/09/2026,489,401430,Pregnancy Test - Milk,Pregnant,0.301,137,79
04/09/2026,17025,401430,Pregnancy Test - Milk,Pregnant,0.782,91,36
04/09/2026,18353,401430,Pregnancy Test - Milk,Pregnant,1.002,201,38
04/09/2026,21542,401430,Pregnancy Test - Milk,Pregnant,0.51,126,76
04/09/2026,20845,401430,Pregnancy Test - Milk,Pregnant,0.901,168,38
04/09/2026,21078,401430,Pregnancy Test - Milk,Pregnant,0.863,220,77
04/09/2026,21186,401430,Pregnancy Test - Milk,Pregnant,0.333,141,77
04/09/2026,16831,401430,Pregnancy Test - Milk,Open,-0.015,141,77
04/09/2026,20948,401430,Pregnancy Test - Milk,Pregnant,0.368,164,76
04/09/2026,15402,401430,Pregnancy Test - Milk,Open,-0.019,183,35
04/09/2026,17146,401430,Pregnancy Test - Milk,Pregnant,0.263,108,40
04/09/2026,21575,401430,Pregnancy Test - Milk,Pregnant,0.353,162,39
04/09/2026,1144,401430,Pregnancy Test - Milk,Pregnant,0.369,104,37
04/09/2026,7629,401430,Pregnancy Test - Milk,Pregnant,1.467,112,36
04/09/2026,17258,401430,Pregnancy Test - Milk,Re-Check,0.197,140,74
04/09/2026,21482,401430,Pregnancy Test - Milk,Pregnant,0.39,141,77
04/09/2026,3753,401430,Pregnancy Test - Milk,Re-Check,0.179,143,77
04/09/2026,21178,401430,Pregnancy Test - Milk,Pregnant,0.594,126,42
04/09/2026,20964,401430,Pregnancy Test - Milk,Open,-0.014,230,35
04/09/2026,21515,401430,Pregnancy Test - Milk,Pregnant,0.358,127,73
04/09/2026,21116,401430,Pregnancy Test - Milk,Pregnant,0.752,156,71
04/09/2026,21346,401430,Pregnancy Test - Milk,Open,-0.021,124,35
04/10/2026,15098,401430,Pregnancy Test - Milk,Pregnant,0.851,125,43
04/10/2026,20635,401430,Pregnancy Test - Milk,Pregnant,0.523,234,39
04/10/2026,14899,401430,Pregnancy Test - Milk,Pregnant,0.561,142,78
04/10/2026,18692,401430,Pregnancy Test - Milk,Open,-0.023,324,39
04/10/2026,15159,401430,Pregnancy Test - Milk,Pregnant,0.455,159,36
04/10/2026,20921,401430,Pregnancy Test - Milk,Pregnant,0.821,196,36
04/10/2026,20619,401430,Pregnancy Test - Milk,Open,0.049,305,47
04/10/2026,18495,401430,Pregnancy Test - Milk,Pregnant,0.377,272,79
04/10/2026,7769,401430,Pregnancy Test - Milk,Pregnant,0.444,201,85
04/10/2026,15430,401430,Pregnancy Test - Milk,Pregnant,0.791,104,40
04/10/2026,16462,401430,Pregnancy Test - Milk,Pregnant,0.26,143,78
04/10/2026,15021,401430,Pregnancy Test - Milk,Re-Check,0.229,142,78
04/10/2026,15301,401430,Pregnancy Test - Milk,Pregnant,0.516,133,79
04/10/2026,21300,401430,Pregnancy Test - Milk,Pregnant,1.057,192,36
04/10/2026,21802,401430,Pregnancy Test - Milk,Pregnant,0.943,93,39
04/10/2026,7767,401430,Pregnancy Test - Milk,Open,0.006,200,43
04/10/2026,19006,401430,Pregnancy Test - Milk,Pregnant,0.626,177,41
04/10/2026,20083,401430,Pregnancy Test - Milk,Pregnant,0.39,342,84
04/10/2026,19290,401430,Pregnancy Test - Milk,Pregnant,0.531,198,81
04/10/2026,19357,401430,Pregnancy Test - Milk,Pregnant,1.012,149,36
04/10/2026,15437,401430,Pregnancy Test - Milk,Pregnant,0.499,273,36
04/10/2026,19297,401430,Pregnancy Test - Milk,Re-Check,0.202,164,37
04/10/2026,15318,401430,Pregnancy Test - Milk,Pregnant,0.339,118,40
04/10/2026,19235,401430,Pregnancy Test - Milk,Pregnant,0.699,174,83
04/10/2026,14727,401430,Pregnancy Test - Milk,Pregnant,0.441,271,79
04/10/2026,21359,401430,Pregnancy Test - Milk,Pregnant,0.612,114,41
04/10/2026,21820,401430,Pregnancy Test - Milk,Pregnant,0.795,114,40
04/10/2026,20753,401430,Pregnancy Test - Milk,Pregnant,0.407,248,81
04/10/2026,5368,401430,Pregnancy Test - Milk,Pregnant,0.806,94,39
04/10/2026,7804,401430,Pregnancy Test - Milk,Pregnant,1.403,164,40
04/10/2026,19080,401430,Pregnancy Test - Milk,Open,0.06,156,43
04/10/2026,20761,401430,Pregnancy Test - Milk,Pregnant,0.361,255,39
04/15/2026,12438,401430,Pregnancy Test - Milk,Pregnant,0.325,157,77
04/15/2026,9906,401430,Pregnancy Test - Milk,Pregnant,0.49,201,70
04/15/2026,21461,401430,Pregnancy Test - Milk,Pregnant,1.276,118,35
04/15/2026,13205,401430,Pregnancy Test - Milk,Re-Check,0.241,145,53
04/15/2026,14457,401430,Pregnancy Test - Milk,Pregnant,0.41,143,40
04/15/2026,13618,401430,Pregnancy Test - Milk,Pregnant,0.431,109,34
04/15/2026,3751,401430,Pregnancy Test - Milk,Pregnant,0.296,189,73
04/15/2026,14845,401430,Pregnancy Test - Milk,Pregnant,0.257,214,70
04/15/2026,9257,401430,Pregnancy Test - Milk,Pregnant,0.268,206,70
04/15/2026,18295,401430,Pregnancy Test - Milk,Re-Check,0.173,306,82
04/15/2026,10058,401430,Pregnancy Test - Milk,Open,0.023,186,35
04/15/2026,19504,401430,Pregnancy Test - Milk,Pregnant,1.213,99,40
04/15/2026,10801,401430,Pregnancy Test - Milk,Pregnant,0.427,141,72
04/15/2026,14349,401430,Pregnancy Test - Milk,Pregnant,0.31,143,73
04/15/2026,14247,401430,Pregnancy Test - Milk,Re-Check,0.21,187,71
04/15/2026,13463,401430,Pregnancy Test - Milk,Re-Check,0.245,145,71
04/15/2026,10145,401430,Pregnancy Test - Milk,Pregnant,0.365,197,77
04/15/2026,12817,401430,Pregnancy Test - Milk,Pregnant,0.578,147,75
04/15/2026,15082,401430,Pregnancy Test - Milk,Pregnant,0.493,131,37
04/15/2026,13220,401430,Pregnancy Test - Milk,Pregnant,0.869,186,35
04/15/2026,10540,401430,Pregnancy Test - Milk,Pregnant,0.745,119,35
04/15/2026,10480,401430,Pregnancy Test - Milk,Re-Check,0.189,142,53
04/15/2026,10180,401430,Pregnancy Test - Milk,Re-Check,0.174,111,59
04/15/2026,13531,401430,Pregnancy Test - Milk,Pregnant,1.031,140,35
04/15/2026,10644,401430,Pregnancy Test - Milk,Re-Check,0.133,163,72
04/15/2026,18985,401430,Pregnancy Test - Milk,Open,0.052,166,57
04/15/2026,14200,401430,Pregnancy Test - Milk,Pregnant,0.252,248,85
04/15/2026,10790,401430,Pregnancy Test - Milk,Pregnant,0.465,177,36
04/15/2026,12755,401430,Pregnancy Test - Milk,Re-Check,0.146,130,72
04/15/2026,12898,401430,Pregnancy Test - Milk,Pregnant,0.348,109,37
04/15/2026,10761,401430,Pregnancy Test - Milk,Open,-0.005,103,37
04/15/2026,11977,401430,Pregnancy Test - Milk,Open,-0.01,334,35
04/15/2026,13289,401430,Pregnancy Test - Milk,Re-Check,0.201,147,78
04/15/2026,10414,401430,Pregnancy Test - Milk,Re-Check,0.12,142,56
04/15/2026,3184,401430,Pregnancy Test - Milk,Pregnant,1.054,96,40
04/15/2026,11345,401430,Pregnancy Test - Milk,Pregnant,0.428,304,70
04/15/2026,9341,401430,Pregnancy Test - Milk,Pregnant,1.22,287,34
04/15/2026,13011,401430,Pregnancy Test - Milk,Pregnant,0.39,130,73
04/15/2026,13987,401430,Pregnancy Test - Milk,Re-Check,0.171,212,73
04/15/2026,12397,401430,Pregnancy Test - Milk,Re-Check,0.179,154,78
04/15/2026,11713,401430,Pregnancy Test - Milk,Pregnant,0.809,89,37
04/15/2026,21335,401430,Pregnancy Test - Milk,Pregnant,0.575,148,35
04/15/2026,10279,401430,Pregnancy Test - Milk,Open,-0.023,140,35
04/15/2026,14821,401430,Pregnancy Test - Milk,Open,-0.022,123,35
04/15/2026,18746,401430,Pregnancy Test - Milk,Open,-0.004,105,40
04/15/2026,12373,401430,Pregnancy Test - Milk,Re-Check,0.121,149,60
04/15/2026,12932,401430,Pregnancy Test - Milk,Pregnant,0.785,119,35
04/15/2026,9817,401430,Pregnancy Test - Milk,Open,-0.012,97,38
04/15/2026,20826,401430,Pregnancy Test - Milk,Pregnant,0.338,225,71
04/15/2026,1438,401430,Pregnancy Test - Milk,Re-Check,0.173,210,91
04/15/2026,19570,401430,Pregnancy Test - Milk,Pregnant,0.641,106,37
04/15/2026,13109,401430,Pregnancy Test - Milk,Pregnant,0.623,119,35
04/15/2026,5254,401430,Pregnancy Test - Milk,Open,-0.015,92,36
04/15/2026,14944,401430,Pregnancy Test - Milk,Pregnant,0.265,125,73
04/15/2026,13085,401430,Pregnancy Test - Milk,Pregnant,0.562,121,40
04/15/2026,14904,401430,Pregnancy Test - Milk,Pregnant,0.304,215,73
04/15/2026,5129,401430,Pregnancy Test - Milk,Open,-0.015,218,36
04/15/2026,11349,401430,Pregnancy Test - Milk,Pregnant,0.384,135,80
04/15/2026,13351,401430,Pregnancy Test - Milk,Pregnant,0.371,159,91
04/15/2026,18056,401430,Pregnancy Test - Milk,Pregnant,0.766,108,37
04/15/2026,14595,401430,Pregnancy Test - Milk,Pregnant,0.337,222,70
04/15/2026,14722,401430,Pregnancy Test - Milk,Pregnant,0.256,130,73
04/15/2026,10622,401430,Pregnancy Test - Milk,Re-Check,0.166,165,74
04/15/2026,11941,401430,Pregnancy Test - Milk,Pregnant,0.369,127,73
04/15/2026,7449,401430,Pregnancy Test - Milk,Pregnant,1.022,225,70
04/15/2026,5013,401430,Pregnancy Test - Milk,Pregnant,0.794,194,34
04/15/2026,19360,401430,Pregnancy Test - Milk,Pregnant,1.288,112,36
04/15/2026,15257,401430,Pregnancy Test - Milk,Re-Check,0.241,239,77
04/15/2026,14187,401430,Pregnancy Test - Milk,Pregnant,0.831,238,34
04/15/2026,12286,401430,Pregnancy Test - Milk,Pregnant,0.301,160,34
04/15/2026,10614,401430,Pregnancy Test - Milk,Pregnant,0.372,149,56
04/16/2026,15619,401430,Pregnancy Test - Milk,Pregnant,0.434,249,77
04/16/2026,19584,401430,Pregnancy Test - Milk,Pregnant,1.134,144,36
04/16/2026,17416,401430,Pregnancy Test - Milk,Open,0.069,160,44
04/16/2026,17551,401430,Pregnancy Test - Milk,Pregnant,0.636,139,73
04/16/2026,21728,401430,Pregnancy Test - Milk,Pregnant,0.882,124,36
04/16/2026,20717,401430,Pregnancy Test - Milk,Pregnant,1.195,150,36
04/16/2026,16129,401430,Pregnancy Test - Milk,Re-Check,0.176,144,73
04/16/2026,1095,401430,Pregnancy Test - Milk,Re-Check,0.225,157,92
04/16/2026,5402,401430,Pregnancy Test - Milk,Pregnant,0.587,96,35
04/16/2026,16353,401430,Pregnancy Test - Milk,Pregnant,0.424,199,78
04/16/2026,19583,401430,Pregnancy Test - Milk,Pregnant,0.481,113,40
04/16/2026,15489,401430,Pregnancy Test - Milk,Open,-0.028,140,3
04/16/2026,4103,401430,Pregnancy Test - Milk,Pregnant,0.617,132,36
04/16/2026,1003,401430,Pregnancy Test - Milk,Pregnant,0.52,120,40
04/16/2026,17526,401430,Pregnancy Test - Milk,Open,-0.021,222,36
04/16/2026,5407,401430,Pregnancy Test - Milk,Pregnant,0.988,114,41
04/16/2026,17411,401430,Pregnancy Test - Milk,Pregnant,0.305,149,85
04/16/2026,21631,401430,Pregnancy Test - Milk,Pregnant,0.929,121,40
04/16/2026,21683,401430,Pregnancy Test - Milk,Pregnant,0.557,142,73
04/16/2026,21448,401430,Pregnancy Test - Milk,Pregnant,0.844,172,76
04/16/2026,17185,401430,Pregnancy Test - Milk,Pregnant,0.338,125,73
04/16/2026,17027,401430,Pregnancy Test - Milk,Re-Check,0.178,137,47
04/16/2026,17617,401430,Pregnancy Test - Milk,Re-Check,0.211,151,80
04/16/2026,15062,401430,Pregnancy Test - Milk,Pregnant,0.734,104,38
04/16/2026,18428,401430,Pregnancy Test - Milk,Open,-0.007,168,39
04/16/2026,3957,401430,Pregnancy Test - Milk,Pregnant,0.785,140,36
04/16/2026,19442,401430,Pregnancy Test - Milk,Pregnant,1.042,120,36
04/16/2026,21009,401430,Pregnancy Test - Milk,Pregnant,1.111,195,41
04/16/2026,21106,401430,Pregnancy Test - Milk,Open,-0.005,139,41
04/16/2026,21713,401430,Pregnancy Test - Milk,Pregnant,1.505,119,36
04/16/2026,19401,401430,Pregnancy Test - Milk,Pregnant,0.278,157,92
04/16/2026,16742,401430,Pregnancy Test - Milk,Pregnant,1.221,138,75
04/16/2026,16629,401430,Pregnancy Test - Milk,Pregnant,0.828,205,38
04/16/2026,21435,401430,Pregnancy Test - Milk,Pregnant,0.811,117,36
04/16/2026,17252,401430,Pregnancy Test - Milk,Pregnant,0.492,150,85
04/16/2026,18577,401430,Pregnancy Test - Milk,Pregnant,0.592,183,37
04/16/2026,21125,401430,Pregnancy Test - Milk,Pregnant,0.489,167,78
04/16/2026,2290,401430,Pregnancy Test - Milk,Pregnant,0.52,358,79
04/16/2026,16632,401430,Pregnancy Test - Milk,Pregnant,0.284,260,71
04/16/2026,17521,401430,Pregnancy Test - Milk,Pregnant,0.872,109,38
04/16/2026,5252,401430,Pregnancy Test - Milk,Pregnant,0.563,129,58
04/16/2026,20730,401430,Pregnancy Test - Milk,Pregnant,0.563,272,74
04/16/2026,17113,401430,Pregnancy Test - Milk,Pregnant,0.389,200,74
04/16/2026,19373,401430,Pregnancy Test - Milk,Pregnant,1.075,165,77
04/16/2026,21848,401430,Pregnancy Test - Milk,Pregnant,2.525,119,41
04/16/2026,14391,401430,Pregnancy Test - Milk,Re-Check,0.213,92,37
04/16/2026,17762,401430,Pregnancy Test - Milk,Pregnant,0.483,108,39
04/16/2026,11877,401430,Pregnancy Test - Milk,Pregnant,1.03,187,76
04/16/2026,14123,401430,Pregnancy Test - Milk,Pregnant,0.897,205,36
04/16/2026,13716,401430,Pregnancy Test - Milk,Pregnant,0.291,140,90
04/16/2026,21458,401430,Pregnancy Test - Milk,Pregnant,1.25,106,36
04/16/2026,21431,401430,Pregnancy Test - Milk,Pregnant,1.118,125,40
04/16/2026,21395,401430,Pregnancy Test - Milk,Pregnant,0.912,110,39
04/16/2026,18787,401430,Pregnancy Test - Milk,Pregnant,1.245,120,38
04/16/2026,17254,401430,Pregnancy Test - Milk,Pregnant,1.29,114,38
04/16/2026,21156,401430,Pregnancy Test - Milk,Pregnant,2.055,190,75
04/16/2026,20868,401430,Pregnancy Test - Milk,Pregnant,0.303,166,78
04/16/2026,927,401430,Pregnancy Test - Milk,Pregnant,0.973,223,74
04/16/2026,15083,401430,Pregnancy Test - Milk,Pregnant,0.762,99,38
04/16/2026,17127,401430,Pregnancy Test - Milk,Re-Check,0.204,165,78
04/16/2026,17566,401430,Pregnancy Test - Milk,Pregnant,0.277,136,81
04/16/2026,13915,401430,Pregnancy Test - Milk,Pregnant,0.467,282,61
04/16/2026,19424,401430,Pregnancy Test - Milk,Pregnant,0.366,128,76
04/16/2026,13101,401430,Pregnancy Test - Milk,Pregnant,0.423,111,36
04/16/2026,11542,401430,Pregnancy Test - Milk,Pregnant,0.45,125,71
04/16/2026,21246,401430,Pregnancy Test - Milk,Pregnant,0.512,176,41
04/16/2026,13368,401430,Pregnancy Test - Milk,Re-Check,0.206,422,39
04/16/2026,19040,401430,Pregnancy Test - Milk,Pregnant,0.317,137,81
04/16/2026,18998,401430,Pregnancy Test - Milk,Pregnant,0.7,113,38
04/16/2026,17258,401430,Pregnancy Test - Milk,Pregnant,0.283,148,82
04/16/2026,21050,401430,Pregnancy Test - Milk,Re-Check,0.13,244,73
04/16/2026,16944,401430,Pregnancy Test - Milk,Pregnant,0.744,226,37
04/16/2026,16297,401430,Pregnancy Test - Milk,Pregnant,0.279,250,70
04/16/2026,16650,401430,Pregnancy Test - Milk,Pregnant,0.313,285,76
04/16/2026,14689,401430,Pregnancy Test - Milk,Pregnant,0.826,101,40
04/16/2026,21316,401430,Pregnancy Test - Milk,Pregnant,0.308,197,74
04/16/2026,10993,401430,Pregnancy Test - Milk,Pregnant,1.096,208,36
04/16/2026,2272,401430,Pregnancy Test - Milk,Pregnant,0.393,223,42
04/16/2026,21397,401430,Pregnancy Test - Milk,Pregnant,0.599,158,72
04/16/2026,19009,401430,Pregnancy Test - Milk,Pregnant,1.314,250,36
04/16/2026,17315,401430,Pregnancy Test - Milk,Open,-0.02,131,72
04/16/2026,16770,401430,Pregnancy Test - Milk,Pregnant,0.439,213,40
04/16/2026,17183,401430,Pregnancy Test - Milk,Pregnant,0.52,134,79
04/16/2026,19567,401430,Pregnancy Test - Milk,Pregnant,0.464,131,74
04/16/2026,16505,401430,Pregnancy Test - Milk,Pregnant,0.566,120,37
04/16/2026,19491,401430,Pregnancy Test - Milk,Pregnant,0.356,128,74
04/16/2026,21541,401430,Pregnancy Test - Milk,Pregnant,1.968,104,39
04/16/2026,7597,401430,Pregnancy Test - Milk,Pregnant,0.464,139,75
04/16/2026,15249,401430,Pregnancy Test - Milk,Re-Check,0.122,170,77
04/16/2026,3765,401430,Pregnancy Test - Milk,Pregnant,1.047,105,39
04/16/2026,13459,401430,Pregnancy Test - Milk,Open,-0.015,202,36
04/16/2026,1544,401430,Pregnancy Test - Milk,Open,-0.016,119,36
04/16/2026,21294,401430,Pregnancy Test - Milk,Pregnant,1.603,133,42
04/16/2026,21440,401430,Pregnancy Test - Milk,Pregnant,0.487,129,75
04/16/2026,21554,401430,Pregnancy Test - Milk,Pregnant,0.346,128,52
04/16/2026,21340,401430,Pregnancy Test - Milk,Pregnant,1.012,169,99
04/16/2026,16924,401430,Pregnancy Test - Milk,Pregnant,0.793,146,75
04/16/2026,19177,401430,Pregnancy Test - Milk,Re-Check,0.239,174,73
04/16/2026,7538,401430,Pregnancy Test - Milk,Pregnant,1.727,127,36
04/16/2026,19408,401430,Pregnancy Test - Milk,Pregnant,0.367,147,73
04/16/2026,21600,401430,Pregnancy Test - Milk,Pregnant,0.827,105,41
04/16/2026,21162,401430,Pregnancy Test - Milk,Pregnant,0.315,159,72
04/16/2026,14994,401430,Pregnancy Test - Milk,Open,-0.009,91,40
04/16/2026,21035,401430,Pregnancy Test - Milk,Open,-0.021,205,75
04/16/2026,21560,401430,Pregnancy Test - Milk,Pregnant,1.377,142,39
04/16/2026,17431,401430,Pregnancy Test - Milk,Pregnant,0.427,159,92
04/16/2026,15376,401430,Pregnancy Test - Milk,Open,0.086,97,45
04/16/2026,21331,401430,Pregnancy Test - Milk,Pregnant,0.399,128,72
04/16/2026,21286,401430,Pregnancy Test - Milk,Pregnant,0.622,141,72
04/16/2026,21151,401430,Pregnancy Test - Milk,Pregnant,1.259,104,39
04/16/2026,21664,401430,Pregnancy Test - Milk,Pregnant,1.617,120,36
04/16/2026,16943,401430,Pregnancy Test - Milk,Open,-0.022,152,35
04/16/2026,18777,401430,Pregnancy Test - Milk,Re-Check,0.24,233,74
04/16/2026,16718,401430,Pregnancy Test - Milk,Pregnant,1.026,104,39
04/16/2026,17542,401430,Pregnancy Test - Milk,Open,-0.012,107,39
04/16/2026,16786,401430,Pregnancy Test - Milk,Pregnant,0.294,137,81
04/16/2026,19564,401430,Pregnancy Test - Milk,Open,-0.005,108,39
04/16/2026,12991,401430,Pregnancy Test - Milk,Pregnant,0.901,153,41
04/16/2026,19381,401430,Pregnancy Test - Milk,Pregnant,0.438,121,72
04/16/2026,17281,401430,Pregnancy Test - Milk,Re-Check,0.133,128,73
04/16/2026,14762,401430,Pregnancy Test - Milk,Pregnant,0.85,93,40
04/16/2026,3866,401430,Pregnancy Test - Milk,Pregnant,0.356,253,84
04/16/2026,17206,401430,Pregnancy Test - Milk,Pregnant,0.615,116,37
04/16/2026,21252,401430,Pregnancy Test - Milk,Pregnant,0.251,193,83
04/16/2026,18872,401430,Pregnancy Test - Milk,Open,0.041,226,37
04/16/2026,21636,401430,Pregnancy Test - Milk,Pregnant,0.481,128,38
04/16/2026,17081,401430,Pregnancy Test - Milk,Re-Check,0.177,130,73
04/16/2026,16800,401430,Pregnancy Test - Milk,Pregnant,0.6,158,74
04/16/2026,18896,401430,Pregnancy Test - Milk,Pregnant,0.275,140,73
04/16/2026,12935,401430,Pregnancy Test - Milk,Pregnant,0.705,90,38
04/16/2026,19362,401430,Pregnancy Test - Milk,Pregnant,0.4,125,36
04/16/2026,21629,401430,Pregnancy Test - Milk,Pregnant,0.583,159,74
04/16/2026,16796,401430,Pregnancy Test - Milk,Pregnant,0.838,124,73
04/16/2026,16620,401430,Pregnancy Test - Milk,Pregnant,0.605,162,38
04/16/2026,14161,401430,Pregnancy Test - Milk,Pregnant,0.561,226,37
04/16/2026,16460,401430,Pregnancy Test - Milk,Pregnant,0.524,92,39
04/16/2026,18768,401430,Pregnancy Test - Milk,Pregnant,1.106,169,38
04/16/2026,14949,401430,Pregnancy Test - Milk,Pregnant,1.141,150,38
04/16/2026,18813,401430,Pregnancy Test - Milk,Open,-0.018,290,41
04/16/2026,21526,401430,Pregnancy Test - Milk,Pregnant,1.551,117,39
04/16/2026,21650,401430,Pregnancy Test - Milk,Pregnant,1.183,116,41
04/16/2026,21315,401430,Pregnancy Test - Milk,Pregnant,0.324,129,74
04/16/2026,21517,401430,Pregnancy Test - Milk,Pregnant,0.603,94,41
04/16/2026,17644,401430,Pregnancy Test - Milk,Pregnant,1.096,96,36
04/16/2026,3753,401430,Pregnancy Test - Milk,Pregnant,0.259,151,85
04/16/2026,17343,401430,Pregnancy Test - Milk,Pregnant,0.668,104,37
04/16/2026,15176,401430,Pregnancy Test - Milk,Pregnant,0.965,112,36
04/16/2026,21584,401430,Pregnancy Test - Milk,Pregnant,0.429,148,76
04/16/2026,20888,401430,Pregnancy Test - Milk,Pregnant,1.712,231,74
04/16/2026,21304,401430,Pregnancy Test - Milk,Pregnant,0.357,193,72
04/16/2026,21055,401430,Pregnancy Test - Milk,Pregnant,0.77,217,40
04/16/2026,16870,401430,Pregnancy Test - Milk,Pregnant,0.531,117,37
04/16/2026,17169,401430,Pregnancy Test - Milk,Re-Check,0.102,151,58
04/16/2026,7068,401430,Pregnancy Test - Milk,Open,-0.013,107,37
04/16/2026,21746,401430,Pregnancy Test - Milk,Pregnant,0.26,127,73
04/16/2026,21167,401430,Pregnancy Test - Milk,Pregnant,1.081,172,41
04/16/2026,21699,401430,Pregnancy Test - Milk,Pregnant,0.488,93,38
04/16/2026,19514,401430,Pregnancy Test - Milk,Pregnant,1.092,126,76
04/16/2026,11716,401430,Pregnancy Test - Milk,Open,-0.006,225,1
04/16/2026,16325,401430,Pregnancy Test - Milk,Pregnant,0.257,151,84
04/16/2026,18870,401430,Pregnancy Test - Milk,Pregnant,0.263,194,85
04/16/2026,16731,401430,Pregnancy Test - Milk,Pregnant,0.6,92,36
04/16/2026,17274,401430,Pregnancy Test - Milk,Re-Check,0.235,139,72
04/16/2026,21044,401430,Pregnancy Test - Milk,Open,-0.002,153,36
04/16/2026,19137,401430,Pregnancy Test - Milk,Pregnant,0.554,120,41
04/16/2026,15158,401430,Pregnancy Test - Milk,Pregnant,1.21,178,73
04/16/2026,19464,401430,Pregnancy Test - Milk,Pregnant,0.626,138,38
04/16/2026,19520,401430,Pregnancy Test - Milk,Pregnant,0.444,135,36
04/16/2026,21653,401430,Pregnancy Test - Milk,Pregnant,0.897,133,41
04/16/2026,14670,401430,Pregnancy Test - Milk,Pregnant,0.295,199,81
04/16/2026,21832,401430,Pregnancy Test - Milk,Pregnant,0.742,116,42
04/16/2026,21494,401430,Pregnancy Test - Milk,Pregnant,0.382,139,76
04/16/2026,21417,401430,Pregnancy Test - Milk,Re-Check,0.206,131,74
04/16/2026,21348,401430,Pregnancy Test - Milk,Pregnant,2.001,120,36
04/16/2026,19385,401430,Pregnancy Test - Milk,Pregnant,0.295,125,74
04/16/2026,17317,401430,Pregnancy Test - Milk,Pregnant,0.813,124,71
04/16/2026,15989,401430,Pregnancy Test - Milk,Pregnant,0.641,292,39
04/16/2026,13167,401430,Pregnancy Test - Milk,Pregnant,0.454,117,40
04/16/2026,19831,401430,Pregnancy Test - Milk,Open,-0.02,107,39
04/16/2026,17181,401430,Pregnancy Test - Milk,Re-Check,0.174,129,74
04/16/2026,21673,401430,Pregnancy Test - Milk,Pregnant,1.164,121,36
04/16/2026,14907,401430,Pregnancy Test - Milk,Pregnant,0.668,163,75
04/16/2026,21179,401430,Pregnancy Test - Milk,Pregnant,0.464,140,36
04/16/2026,19680,401430,Pregnancy Test - Milk,Pregnant,0.684,89,38
04/16/2026,21190,401430,Pregnancy Test - Milk,Pregnant,1.02,146,37
04/16/2026,18991,401430,Pregnancy Test - Milk,Pregnant,1.466,173,39
04/16/2026,15123,401430,Pregnancy Test - Milk,Pregnant,1.18,211,36
04/16/2026,21888,401430,Pregnancy Test - Milk,Pregnant,1.553,91,41
04/16/2026,21500,401430,Pregnancy Test - Milk,Open,-0.021,120,36
04/17/2026,19297,401430,Pregnancy Test - Milk,Pregnant,0.311,171,44
04/17/2026,18458,401430,Pregnancy Test - Milk,Pregnant,0.523,193,78
04/17/2026,1656,401430,Pregnancy Test - Milk,Pregnant,0.266,227,78
04/17/2026,15981,401430,Pregnancy Test - Milk,Pregnant,0.786,247,78
04/17/2026,14234,401430,Pregnancy Test - Milk,Pregnant,0.328,202,41
04/17/2026,7700,401430,Pregnancy Test - Milk,Pregnant,0.304,167,78
04/17/2026,19145,401430,Pregnancy Test - Milk,Pregnant,0.783,219,89
04/17/2026,20894,401430,Pregnancy Test - Milk,Pregnant,0.79,248,78
04/17/2026,14673,401430,Pregnancy Test - Milk,Pregnant,0.547,293,37
04/17/2026,13238,401430,Pregnancy Test - Milk,Pregnant,0.422,200,78
04/17/2026,20619,401430,Pregnancy Test - Milk,Open,-0.007,312,54
04/17/2026,13525,401430,Pregnancy Test - Milk,Pregnant,0.739,138,80
04/17/2026,7775,401430,Pregnancy Test - Milk,Pregnant,0.382,210,81
04/17/2026,16623,401430,Pregnancy Test - Milk,Pregnant,0.344,182,37
04/17/2026,20866,401430,Pregnancy Test - Milk,Pregnant,1.024,205,78
04/17/2026,15021,401430,Pregnancy Test - Milk,Pregnant,0.327,149,85
04/17/2026,20827,401430,Pregnancy Test - Milk,Re-Check,0.242,284,79
04/17/2026,17168,401430,Pregnancy Test - Milk,Pregnant,0.285,219,35
04/17/2026,13604,401430,Pregnancy Test - Milk,Re-Check,0.206,114,42
04/17/2026,7791,401430,Pregnancy Test - Milk,Open,-0.014,162,43
04/17/2026,15949,401430,Pregnancy Test - Milk,Re-Check,0.238,273,38
04/17/2026,21468,401430,Pregnancy Test - Milk,Pregnant,0.777,111,41
04/17/2026,19281,401430,Pregnancy Test - Milk,Pregnant,0.932,154,36
04/17/2026,19217,401430,Pregnancy Test - Milk,Pregnant,1.333,165,78
04/17/2026,20121,401430,Pregnancy Test - Milk,Open,-0.012,304,37
04/17/2026,21757,401430,Pregnancy Test - Milk,Pregnant,0.614,120,36
04/17/2026,20136,401430,Pregnancy Test - Milk,Pregnant,2.605,352,83
04/17/2026,14768,401430,Pregnancy Test - Milk,Pregnant,0.731,174,37
04/17/2026,16419,401430,Pregnancy Test - Milk,Pregnant,0.566,214,79
04/17/2026,15055,401430,Pregnancy Test - Milk,Open,-0.007,284,37
04/17/2026,18402,401430,Pregnancy Test - Milk,Pregnant,1.74,351,36
04/17/2026,20532,401430,Pregnancy Test - Milk,Pregnant,0.813,276,79
04/17/2026,18842,401430,Pregnancy Test - Milk,Pregnant,0.477,176,80
04/17/2026,16566,401430,Pregnancy Test - Milk,Pregnant,1.139,314,79
04/17/2026,15143,401430,Pregnancy Test - Milk,Pregnant,0.336,216,82
04/17/2026,21788,401430,Pregnancy Test - Milk,Pregnant,1.272,113,37
04/17/2026,17008,401430,Pregnancy Test - Milk,Pregnant,0.251,169,78
04/17/2026,16594,401430,Pregnancy Test - Milk,Pregnant,0.406,305,80
04/17/2026,7798,401430,Pregnancy Test - Milk,Pregnant,0.467,168,78
04/17/2026,14431,401430,Pregnancy Test - Milk,Pregnant,0.998,118,37
04/17/2026,7771,401430,Pregnancy Test - Milk,Pregnant,0.513,193,78
04/22/2026,54443,401430,Pregnancy Test - Milk,Pregnant,0.535,347,72
04/22/2026,10300,401430,Pregnancy Test - Milk,Re-Check,0.181,191,72
04/22/2026,10224,401430,Pregnancy Test - Milk,Open,0.074,142,73
04/22/2026,17340,401430,Pregnancy Test - Milk,Pregnant,0.281,102,36
04/22/2026,13205,401430,Pregnancy Test - Milk,Open,0.091,152,60
04/22/2026,3799,401430,Pregnancy Test - Milk,Pregnant,0.594,136,36
04/22/2026,17601,401430,Pregnancy Test - Milk,Re-Check,0.222,103,38
04/22/2026,17544,401430,Pregnancy Test - Milk,Pregnant,0.347,111,39
04/22/2026,15473,401430,Pregnancy Test - Milk,Re-Check,0.226,129,72
04/22/2026,11067,401430,Pregnancy Test - Milk,Pregnant,0.775,100,37
04/22/2026,10744,401430,Pregnancy Test - Milk,Pregnant,0.355,123,70
04/22/2026,13463,401430,Pregnancy Test - Milk,Pregnant,0.255,152,78
04/22/2026,5288,401430,Pregnancy Test - Milk,Pregnant,0.41,102,38
04/22/2026,14005,401430,Pregnancy Test - Milk,Pregnant,0.279,262,70
04/22/2026,10622,401430,Pregnancy Test - Milk,Re-Check,0.212,172,81
04/22/2026,17280,401430,Pregnancy Test - Milk,Pregnant,0.719,150,35
04/22/2026,10752,401430,Pregnancy Test - Milk,Pregnant,0.547,255,40
04/22/2026,15030,401430,Pregnancy Test - Milk,Open,0.002,122,71
04/22/2026,17988,401430,Pregnancy Test - Milk,Pregnant,1.057,249,39
04/22/2026,10480,401430,Pregnancy Test - Milk,Re-Check,0.215,149,60
04/22/2026,17281,401430,Pregnancy Test - Milk,Re-Check,0.121,135,80
04/22/2026,5206,401430,Pregnancy Test - Milk,Pregnant,1.054,117,35
04/22/2026,12856,401430,Pregnancy Test - Milk,Re-Check,0.103,206,39
04/22/2026,13377,401430,Pregnancy Test - Milk,Re-Check,0.173,130,73
04/22/2026,18221,401430,Pregnancy Test - Milk,Pregnant,1.146,251,35
04/22/2026,15772,401430,Pregnancy Test - Milk,Pregnant,0.385,220,38
04/22/2026,13789,401430,Pregnancy Test - Milk,Open,-0.012,252,35
04/22/2026,13289,401430,Pregnancy Test - Milk,Pregnant,0.295,154,85
04/22/2026,13314,401430,Pregnancy Test - Milk,Open,0.007,101,38
04/22/2026,17169,401430,Pregnancy Test - Milk,Re-Check,0.134,158,65
04/22/2026,10414,401430,Pregnancy Test - Milk,Re-Check,0.189,149,63
04/22/2026,14247,401430,Pregnancy Test - Milk,Re-Check,0.221,194,78
04/22/2026,5186,401430,Pregnancy Test - Milk,Pregnant,0.671,88,34
04/22/2026,15257,401430,Pregnancy Test - Milk,Pregnant,0.275,246,84
04/22/2026,1438,401430,Pregnancy Test - Milk,Re-Check,0.166,217,98
04/22/2026,17081,401430,Pregnancy Test - Milk,Re-Check,0.17,137,80
04/22/2026,10180,401430,Pregnancy Test - Milk,Re-Check,0.131,118,66
04/22/2026,17852,401430,Pregnancy Test - Milk,Pregnant,0.902,100,38
04/22/2026,10644,401430,Pregnancy Test - Milk,Re-Check,0.165,170,79
04/22/2026,9862,401430,Pregnancy Test - Milk,Re-Check,0.179,301,76
04/22/2026,14070,401430,Pregnancy Test - Milk,Pregnant,0.661,192,38
04/22/2026,12119,401430,Pregnancy Test - Milk,Pregnant,0.538,303,37
04/22/2026,12755,401430,Pregnancy Test - Milk,Re-Check,0.205,137,79
04/22/2026,19177,401430,Pregnancy Test - Milk,Pregnant,0.271,181,80
04/22/2026,17617,401430,Pregnancy Test - Milk,Pregnant,0.257,158,87
04/22/2026,3034,401430,Pregnancy Test - Milk,Re-Check,0.142,104,34
04/22/2026,12397,401430,Pregnancy Test - Milk,Re-Check,0.216,161,85
04/22/2026,10510,401430,Pregnancy Test - Milk,Pregnant,0.869,84,37
04/22/2026,12373,401430,Pregnancy Test - Milk,Re-Check,0.171,156,67
04/22/2026,17557,401430,Pregnancy Test - Milk,Pregnant,0.699,100,37
04/22/2026,15217,401430,Pregnancy Test - Milk,Pregnant,0.388,88,36
04/22/2026,15089,401430,Pregnancy Test - Milk,Pregnant,0.323,113,38
04/22/2026,7427,401430,Pregnancy Test - Milk,Pregnant,0.27,232,34
04/22/2026,18295,401430,Pregnancy Test - Milk,Re-Check,0.199,313,89
04/22/2026,21522,401430,Pregnancy Test - Milk,Pregnant,0.666,103,38
04/22/2026,17376,401430,Pregnancy Test - Milk,Open,0.073,153,75
04/22/2026,15122,401430,Pregnancy Test - Milk,Pregnant,0.589,139,72
04/22/2026,15357,401430,Pregnancy Test - Milk,Pregnant,0.519,88,34
04/22/2026,17027,401430,Pregnancy Test - Milk,Pregnant,0.604,144,54
04/22/2026,12274,401430,Pregnancy Test - Milk,Open,-0.011,137,1
04/22/2026,5062,401430,Pregnancy Test - Milk,Pregnant,0.553,95,37
04/22/2026,13987,401430,Pregnancy Test - Milk,Re-Check,0.192,219,80
04/22/2026,17391,401430,Pregnancy Test - Milk,Pregnant,0.632,232,70
04/22/2026,14551,401430,Pregnancy Test - Milk,Re-Check,0.108,193,75
04/22/2026,21765,401430,Pregnancy Test - Milk,Pregnant,0.316,95,36
04/23/2026,14597,401430,Pregnancy Test - Milk,Pregnant,0.346,125,73
04/23/2026,21390,401430,Pregnancy Test - Milk,Pregnant,0.945,111,41
04/23/2026,21952,401430,Pregnancy Test - Milk,Pregnant,1.258,109,39
04/23/2026,18463,401430,Pregnancy Test - Milk,Pregnant,0.942,310,35
04/23/2026,19677,401430,Pregnancy Test - Milk,Pregnant,0.427,90,38
04/23/2026,18774,401430,Pregnancy Test - Milk,Pregnant,0.554,189,76
04/23/2026,3959,401430,Pregnancy Test - Milk,Open,0.02,160,0
04/23/2026,21207,401430,Pregnancy Test - Milk,Pregnant,1.669,88,35
04/23/2026,21630,401430,Pregnancy Test - Milk,Pregnant,0.556,139,74
04/23/2026,17425,401430,Pregnancy Test - Milk,Pregnant,0.296,142,74
04/23/2026,17860,401430,Pregnancy Test - Milk,Open,-0.021,93,36
04/23/2026,1095,401430,Pregnancy Test - Milk,Pregnant,0.443,163,98
04/23/2026,14391,401430,Pregnancy Test - Milk,Re-Check,0.203,98,43
04/23/2026,20950,401430,Pregnancy Test - Milk,Pregnant,0.815,207,35
04/23/2026,15382,401430,Pregnancy Test - Milk,Pregnant,0.881,321,36
04/23/2026,17181,401430,Pregnancy Test - Milk,Pregnant,0.361,135,80
04/23/2026,17182,401430,Pregnancy Test - Milk,Pregnant,1.282,145,36
04/23/2026,18667,401430,Pregnancy Test - Milk,Pregnant,0.712,247,77
04/23/2026,21419,401430,Pregnancy Test - Milk,Pregnant,1.026,132,39
04/23/2026,19885,401430,Pregnancy Test - Milk,Open,0.013,89,37
04/23/2026,21096,401430,Pregnancy Test - Milk,Pregnant,0.826,131,73
04/23/2026,19484,401430,Pregnancy Test - Milk,Pregnant,1.001,134,39
04/23/2026,18835,401430,Pregnancy Test - Milk,Pregnant,0.42,126,72
04/23/2026,17702,401430,Pregnancy Test - Milk,Pregnant,0.471,94,36
04/23/2026,21238,401430,Pregnancy Test - Milk,Pregnant,1.12,167,38
04/23/2026,21451,401430,Pregnancy Test - Milk,Pregnant,0.764,168,76
04/23/2026,14802,401430,Pregnancy Test - Milk,Pregnant,0.561,191,77
04/23/2026,21441,401430,Pregnancy Test - Milk,Pregnant,0.456,156,72
04/23/2026,13402,401430,Pregnancy Test - Milk,Pregnant,0.646,128,72
04/23/2026,16129,401430,Pregnancy Test - Milk,Pregnant,0.254,150,79
04/23/2026,7720,401430,Pregnancy Test - Milk,Pregnant,0.294,221,72
04/23/2026,19187,401430,Pregnancy Test - Milk,Pregnant,1.057,122,35
04/23/2026,21369,401430,Pregnancy Test - Milk,Pregnant,0.381,146,77
04/23/2026,19494,401430,Pregnancy Test - Milk,Pregnant,0.665,173,77
04/23/2026,19823,401430,Pregnancy Test - Milk,Open,-0.013,88,37
04/23/2026,19215,401430,Pregnancy Test - Milk,Pregnant,1.689,143,73
04/23/2026,21718,401430,Pregnancy Test - Milk,Pregnant,1.537,103,39
04/23/2026,14674,401430,Pregnancy Test - Milk,Pregnant,0.464,162,74
04/23/2026,3736,401430,Pregnancy Test - Milk,Pregnant,0.506,253,77
04/23/2026,15035,401430,Pregnancy Test - Milk,Pregnant,0.415,188,38
04/23/2026,967,401430,Pregnancy Test - Milk,Pregnant,0.36,130,73
04/23/2026,21402,401430,Pregnancy Test - Milk,Pregnant,0.92,143,73
04/23/2026,21627,401430,Pregnancy Test - Milk,Pregnant,1.488,105,38
04/23/2026,21014,401430,Pregnancy Test - Milk,Pregnant,1.235,179,37
04/23/2026,21412,401430,Pregnancy Test - Milk,Pregnant,1.243,140,39
04/23/2026,17269,401430,Pregnancy Test - Milk,Pregnant,0.511,157,40
04/23/2026,15841,401430,Pregnancy Test - Milk,Pregnant,0.578,148,71
04/23/2026,20918,401430,Pregnancy Test - Milk,Pregnant,1.055,142,74
04/23/2026,19197,401430,Pregnancy Test - Milk,Pregnant,0.593,162,76
04/23/2026,15044,401430,Pregnancy Test - Milk,Pregnant,0.682,190,74
04/23/2026,21581,401430,Pregnancy Test - Milk,Pregnant,1.238,129,74
04/23/2026,4058,401430,Pregnancy Test - Milk,Pregnant,0.597,128,73
04/23/2026,21555,401430,Pregnancy Test - Milk,Pregnant,0.653,134,36
04/23/2026,14190,401430,Pregnancy Test - Milk,Pregnant,0.805,120,41
04/23/2026,21467,401430,Pregnancy Test - Milk,Pregnant,0.265,178,71
04/23/2026,21417,401430,Pregnancy Test - Milk,Pregnant,0.32,137,80
04/23/2026,19719,401430,Pregnancy Test - Milk,Pregnant,0.272,126,73
04/23/2026,18441,401430,Pregnancy Test - Milk,Pregnant,0.644,303,71
04/23/2026,21497,401430,Pregnancy Test - Milk,Pregnant,1.138,175,36
04/23/2026,21377,401430,Pregnancy Test - Milk,Open,0.015,122,35
04/23/2026,20775,401430,Pregnancy Test - Milk,Pregnant,0.544,303,71
04/23/2026,19413,401430,Pregnancy Test - Milk,Open,0.05,154,72
04/23/2026,21786,401430,Pregnancy Test - Milk,Open,0.035,121,35
04/23/2026,21731,401430,Pregnancy Test - Milk,Pregnant,1.139,106,38
04/23/2026,18877,401430,Pregnancy Test - Milk,Pregnant,0.834,278,38
04/23/2026,17127,401430,Pregnancy Test - Milk,Re-Check,0.162,171,84
04/23/2026,21687,401430,Pregnancy Test - Milk,Pregnant,0.534,141,71
04/23/2026,21298,401430,Pregnancy Test - Milk,Open,0.021,95,0
04/23/2026,2527,401430,Pregnancy Test - Milk,Pregnant,0.27,126,35
04/23/2026,18388,401430,Pregnancy Test - Milk,Re-Check,0.214,283,73
04/23/2026,19305,401430,Pregnancy Test - Milk,Pregnant,0.261,218,74
04/23/2026,14945,401430,Pregnancy Test - Milk,Open,0.072,143,38
04/23/2026,18777,401430,Pregnancy Test - Milk,Pregnant,0.476,239,80
04/23/2026,15249,401430,Pregnancy Test - Milk,Re-Check,0.191,176,83
04/23/2026,1353,401430,Pregnancy Test - Milk,Pregnant,0.265,225,38
04/23/2026,4000,401430,Pregnancy Test - Milk,Pregnant,0.529,173,37
04/23/2026,16205,401430,Pregnancy Test - Milk,Pregnant,0.715,250,77
04/23/2026,20900,401430,Pregnancy Test - Milk,Pregnant,0.832,205,77
04/23/2026,21201,401430,Pregnancy Test - Milk,Open,0.037,191,35
04/23/2026,15368,401430,Pregnancy Test - Milk,Pregnant,0.702,339,77
04/23/2026,18195,401430,Pregnancy Test - Milk,Pregnant,0.774,240,40
04/23/2026,15074,401430,Pregnancy Test - Milk,Pregnant,0.648,105,38
04/23/2026,19327,401430,Pregnancy Test - Milk,Pregnant,0.492,134,76
04/23/2026,20652,401430,Pregnancy Test - Milk,Pregnant,0.695,250,77
04/23/2026,21760,401430,Pregnancy Test - Milk,Pregnant,1.826,93,38
04/23/2026,21026,401430,Pregnancy Test - Milk,Pregnant,1.199,186,74
04/23/2026,20925,401430,Pregnancy Test - Milk,Pregnant,0.376,182,72
04/23/2026,21519,401430,Pregnancy Test - Milk,Pregnant,0.569,140,75
04/23/2026,21371,401430,Pregnancy Test - Milk,Pregnant,0.485,147,72
04/23/2026,21329,401430,Pregnancy Test - Milk,Pregnant,1.672,135,40
04/23/2026,7770,401430,Pregnancy Test - Milk,Pregnant,0.677,182,40
04/23/2026,3584,401430,Pregnancy Test - Milk,Pregnant,0.368,279,38
04/23/2026,21531,401430,Pregnancy Test - Milk,Pregnant,0.448,126,73
04/23/2026,914,401430,Pregnancy Test - Milk,Pregnant,0.415,193,77
04/23/2026,19427,401430,Pregnancy Test - Milk,Pregnant,0.47,146,71
04/23/2026,13368,401430,Pregnancy Test - Milk,Re-Check,0.166,428,45
04/23/2026,19454,401430,Pregnancy Test - Milk,Open,-0.015,154,77
04/23/2026,16233,401430,Pregnancy Test - Milk,Pregnant,0.939,273,74
04/23/2026,18703,401430,Pregnancy Test - Milk,Pregnant,0.429,232,77
04/23/2026,17607,401430,Pregnancy Test - Milk,Pregnant,0.912,95,37
04/23/2026,14724,401430,Pregnancy Test - Milk,Pregnant,0.713,124,35
04/23/2026,18801,401430,Pregnancy Test - Milk,Pregnant,0.372,230,74
04/23/2026,19563,401430,Pregnancy Test - Milk,Pregnant,0.424,130,25
04/23/2026,21504,401430,Pregnancy Test - Milk,Pregnant,0.35,142,73
04/23/2026,1625,401430,Pregnancy Test - Milk,Open,0.03,124,22
04/23/2026,21672,401430,Pregnancy Test - Milk,Pregnant,POS,92,39
04/23/2026,14127,401430,Pregnancy Test - Milk,Pregnant,0.581,169,38
04/23/2026,21121,401430,Pregnancy Test - Milk,Pregnant,0.632,229,72
04/23/2026,21418,401430,Pregnancy Test - Milk,Re-Check,0.244,159,71
04/23/2026,20552,401430,Pregnancy Test - Milk,Pregnant,0.479,262,71
04/23/2026,19499,401430,Pregnancy Test - Milk,Pregnant,1.018,132,37
04/23/2026,14311,401430,Pregnancy Test - Milk,Pregnant,1.298,127,73
04/23/2026,20227,401430,Pregnancy Test - Milk,Pregnant,1.306,285,38
04/23/2026,21050,401430,Pregnancy Test - Milk,Re-Check,0.159,250,79
04/23/2026,21666,401430,Pregnancy Test - Milk,Pregnant,0.752,135,72
04/23/2026,11618,401430,Pregnancy Test - Milk,Pregnant,0.265,241,77
04/23/2026,21308,401430,Pregnancy Test - Milk,Pregnant,0.554,128,72
04/23/2026,21624,401430,Pregnancy Test - Milk,Pregnant,0.257,128,73
04/23/2026,19467,401430,Pregnancy Test - Milk,Pregnant,0.759,152,74
04/23/2026,21184,401430,Pregnancy Test - Milk,Pregnant,0.478,151,72
04/23/2026,13403,401430,Pregnancy Test - Milk,Pregnant,0.86,108,38
04/23/2026,21659,401430,Pregnancy Test - Milk,Pregnant,0.389,126,73
04/23/2026,19850,401430,Pregnancy Test - Milk,Pregnant,0.823,118,36
04/23/2026,18762,401430,Pregnancy Test - Milk,Pregnant,0.585,234,37
04/23/2026,2317,401430,Pregnancy Test - Milk,Pregnant,0.571,234,71
04/23/2026,2046,401430,Pregnancy Test - Milk,Pregnant,0.877,142,35
04/23/2026,21723,401430,Pregnancy Test - Milk,Pregnant,0.95,104,38
04/23/2026,21856,401430,Pregnancy Test - Milk,Pregnant,1.271,94,40
04/23/2026,16795,401430,Pregnancy Test - Milk,Pregnant,0.496,195,77
04/23/2026,3191,401430,Pregnancy Test - Milk,Re-Check,0.172,150,72
04/23/2026,17274,401430,Pregnancy Test - Milk,Pregnant,0.402,145,78
04/23/2026,21268,401430,Pregnancy Test - Milk,Pregnant,0.59,192,77
04/23/2026,19809,401430,Pregnancy Test - Milk,Pregnant,2.203,91,38
04/23/2026,21947,401430,Pregnancy Test - Milk,Pregnant,2.082,92,38
04/23/2026,19415,401430,Pregnancy Test - Milk,Pregnant,1.143,136,39
04/23/2026,21590,401430,Pregnancy Test - Milk,Pregnant,0.763,92,35
04/23/2026,21420,401430,Pregnancy Test - Milk,Pregnant,1.014,164,35
04/23/2026,19486,401430,Pregnancy Test - Milk,Pregnant,0.277,123,74
04/23/2026,17278,401430,Pregnancy Test - Milk,Pregnant,0.29,143,38
04/23/2026,925,401430,Pregnancy Test - Milk,Pregnant,0.683,239,72
04/23/2026,21959,401430,Pregnancy Test - Milk,Pregnant,0.718,103,39
04/23/2026,17243,401430,Pregnancy Test - Milk,Pregnant,0.658,114,37
04/23/2026,21334,401430,Pregnancy Test - Milk,Pregnant,0.526,137,72
04/23/2026,18903,401430,Pregnancy Test - Milk,Pregnant,0.863,190,77
04/24/2026,15816,401430,Pregnancy Test - Milk,Pregnant,0.323,172,79
04/24/2026,19749,401430,Pregnancy Test - Milk,Pregnant,0.6,127,38
04/24/2026,20619,401430,Pregnancy Test - Milk,Open,0.027,319,61
04/24/2026,16356,401430,Pregnancy Test - Milk,Pregnant,1.355,292,35
04/24/2026,21166,401430,Pregnancy Test - Milk,Pregnant,0.69,108,36
04/24/2026,19170,401430,Pregnancy Test - Milk,Pregnant,0.355,214,78
04/24/2026,19142,401430,Pregnancy Test - Milk,Pregnant,0.408,175,40
04/24/2026,21345,401430,Pregnancy Test - Milk,Pregnant,1.028,115,40
04/24/2026,15949,401430,Pregnancy Test - Milk,Open,0.046,280,45
04/24/2026,19039,401430,Pregnancy Test - Milk,Pregnant,0.388,165,35
04/24/2026,19077,401430,Pregnancy Test - Milk,Pregnant,0.857,227,39
04/24/2026,21007,401430,Pregnancy Test - Milk,Pregnant,0.784,211,80
04/24/2026,20656,401430,Pregnancy Test - Milk,Pregnant,1.156,291,80
04/24/2026,21714,401430,Pregnancy Test - Milk,Pregnant,0.272,141,41
04/24/2026,15102,401430,Pregnancy Test - Milk,Re-Check,0.201,146,81
04/24/2026,7731,401430,Pregnancy Test - Milk,Pregnant,0.427,217,84
04/24/2026,14747,401430,Pregnancy Test - Milk,Pregnant,0.451,213,80
04/24/2026,21112,401430,Pregnancy Test - Milk,Pregnant,1.085,217,79
04/24/2026,17082,401430,Pregnancy Test - Milk,Pregnant,0.62,122,36
04/24/2026,13604,401430,Pregnancy Test - Milk,Pregnant,0.283,121,49
04/24/2026,13429,401430,Pregnancy Test - Milk,Pregnant,0.639,171,82
04/24/2026,20827,401430,Pregnancy Test - Milk,Pregnant,0.433,291,86
04/24/2026,7801,401430,Pregnancy Test - Milk,Pregnant,0.478,189,83
04/24/2026,21400,401430,Pregnancy Test - Milk,Pregnant,1.049,197,38
04/24/2026,13182,401430,Pregnancy Test - Milk,Pregnant,0.558,106,39
04/24/2026,5385,401430,Pregnancy Test - Milk,Open,-0.005,151,36
04/24/2026,19195,401430,Pregnancy Test - Milk,Pregnant,1.375,159,37
04/29/2026,17601,401430,Pregnancy Test - Milk,Pregnant,0.336,110,45
04/29/2026,12841,401430,Pregnancy Test - Milk,Pregnant,1.142,244,35
04/29/2026,10891,401430,Pregnancy Test - Milk,Pregnant,0.732,161,35
04/29/2026,21822,401430,Pregnancy Test - Milk,Pregnant,0.294,125,73
04/29/2026,10414,401430,Pregnancy Test - Milk,Pregnant,0.283,156,70
04/29/2026,12435,401430,Pregnancy Test - Milk,Pregnant,0.483,105,38
04/29/2026,10622,401430,Pregnancy Test - Milk,Pregnant,0.272,179,88
04/29/2026,10216,401430,Pregnancy Test - Milk,Pregnant,0.325,96,40
04/29/2026,14247,401430,Pregnancy Test - Milk,Pregnant,0.352,201,85
04/29/2026,18295,401430,Pregnancy Test - Milk,Pregnant,0.339,320,96
04/29/2026,9862,401430,Pregnancy Test - Milk,Re-Check,0.122,308,83
04/29/2026,17396,401430,Pregnancy Test - Milk,Pregnant,0.635,159,35
04/29/2026,19317,401430,Pregnancy Test - Milk,Pregnant,0.395,127,73
04/29/2026,16284,401430,Pregnancy Test - Milk,Pregnant,0.488,292,36
04/29/2026,19458,401430,Pregnancy Test - Milk,Pregnant,0.551,140,72
04/29/2026,21580,401430,Pregnancy Test - Milk,Pregnant,1.157,108,35
04/29/2026,17436,401430,Pregnancy Test - Milk,Re-Check,0.2,125,72
04/29/2026,7198,401430,Pregnancy Test - Milk,Open,0.069,284,1
04/29/2026,15248,401430,Pregnancy Test - Milk,Pregnant,0.379,137,75
04/29/2026,15473,401430,Pregnancy Test - Milk,Pregnant,0.277,136,79
04/29/2026,15734,401430,Pregnancy Test - Milk,Re-Check,0.162,158,70
04/29/2026,16813,401430,Pregnancy Test - Milk,Pregnant,0.512,130,73
04/29/2026,1438,401430,Pregnancy Test - Milk,Re-Check,0.221,224,105
04/29/2026,17717,401430,Pregnancy Test - Milk,Re-Check,0.115,109,38
04/29/2026,17319,401430,Pregnancy Test - Milk,Pregnant,0.462,139,72
04/29/2026,12613,401430,Pregnancy Test - Milk,Open,-0.013,131,40
04/29/2026,13072,401430,Pregnancy Test - Milk,Pregnant,0.664,94,40
04/29/2026,15386,401430,Pregnancy Test - Milk,Pregnant,1.044,102,35
04/29/2026,17491,401430,Pregnancy Test - Milk,Pregnant,0.423,107,36
04/29/2026,5241,401430,Pregnancy Test - Milk,Re-Check,0.221,178,70
04/29/2026,12856,401430,Pregnancy Test - Milk,Open,0.036,213,46
04/29/2026,12964,401430,Pregnancy Test - Milk,Open,0.066,262,38
04/29/2026,969,401430,Pregnancy Test - Milk,Pregnant,0.287,106,38
04/29/2026,21681,401430,Pregnancy Test - Milk,Pregnant,0.838,109,35
04/29/2026,9281,401430,Pregnancy Test - Milk,Pregnant,0.516,171,40
04/29/2026,17245,401430,Pregnancy Test - Milk,Pregnant,1.276,151,38
04/29/2026,21628,401430,Pregnancy Test - Milk,Pregnant,0.399,111,38
04/29/2026,13377,401430,Pregnancy Test - Milk,Re-Check,0.224,137,80
04/29/2026,953,401430,Pregnancy Test - Milk,Pregnant,0.451,206,71
04/29/2026,12586,401430,Pregnancy Test - Milk,Open,-0.009,180,40
04/29/2026,13284,401430,Pregnancy Test - Milk,Open,0.004,156,36
04/29/2026,3207,401430,Pregnancy Test - Milk,Pregnant,0.502,122,36
04/29/2026,10300,401430,Pregnancy Test - Milk,Re-Check,0.249,198,79
04/29/2026,14875,401430,Pregnancy Test - Milk,Pregnant,0.417,170,34
04/29/2026,12373,401430,Pregnancy Test - Milk,Re-Check,0.115,163,74
04/29/2026,10187,401430,Pregnancy Test - Milk,Pregnant,0.543,153,35
04/29/2026,3628,401430,Pregnancy Test - Milk,Re-Check,0.132,272,38
04/29/2026,7167,401430,Pregnancy Test - Milk,Pregnant,0.396,128,72
04/29/2026,5252,401430,Pregnancy Test - Milk,Re-Check,0.168,143,72
04/29/2026,20737,401430,Pregnancy Test - Milk,Open,-0.002,203,35
04/29/2026,19134,401430,Pregnancy Test - Milk,Re-Check,0.238,152,70
04/29/2026,14676,401430,Pregnancy Test - Milk,Re-Check,0.211,214,77
04/29/2026,3034,401430,Pregnancy Test - Milk,Pregnant,0.314,111,41
04/29/2026,21777,401430,Pregnancy Test - Milk,Pregnant,0.366,128,72
04/29/2026,16308,401430,Pregnancy Test - Milk,Pregnant,0.488,261,73
04/29/2026,14402,401430,Pregnancy Test - Milk,Pregnant,0.923,239,35
04/29/2026,16503,401430,Pregnancy Test - Milk,Pregnant,0.592,217,72
04/29/2026,14776,401430,Pregnancy Test - Milk,Open,0.033,101,36
04/29/2026,16903,401430,Pregnancy Test - Milk,Pregnant,POS,107,35
04/29/2026,19420,401430,Pregnancy Test - Milk,Pregnant,0.687,129,40
04/29/2026,14805,401430,Pregnancy Test - Milk,Pregnant,0.487,157,70
04/29/2026,17397,401430,Pregnancy Test - Milk,Open,-0.002,85,34
04/29/2026,19806,401430,Pregnancy Test - Milk,Pregnant,1.287,121,36
04/29/2026,9295,401430,Pregnancy Test - Milk,Pregnant,0.485,153,35
04/29/2026,17081,401430,Pregnancy Test - Milk,Re-Check,0.231,144,87
04/29/2026,10614,401430,Pregnancy Test - Milk,Pregnant,0.367,163,70
04/29/2026,21313,401430,Pregnancy Test - Milk,Pregnant,0.643,216,72
04/29/2026,17281,401430,Pregnancy Test - Milk,Re-Check,0.205,142,87
04/29/2026,10644,401430,Pregnancy Test - Milk,Re-Check,0.141,177,86
04/29/2026,17587,401430,Pregnancy Test - Milk,Pregnant,0.633,97,37
04/29/2026,19156,401430,Pregnancy Test - Milk,Pregnant,0.375,314,72
04/29/2026,19180,401430,Pregnancy Test - Milk,Pregnant,0.967,203,74
04/29/2026,13987,401430,Pregnancy Test - Milk,Re-Check,0.2,226,87
04/29/2026,15155,401430,Pregnancy Test - Milk,Pregnant,0.652,135,35
04/29/2026,14551,401430,Pregnancy Test - Milk,Open,0.072,200,82
04/29/2026,12755,401430,Pregnancy Test - Milk,Re-Check,0.227,144,86
04/29/2026,11348,401430,Pregnancy Test - Milk,Pregnant,0.906,170,35
04/29/2026,10546,401430,Pregnancy Test - Milk,Open,0.067,203,35
04/29/2026,17169,401430,Pregnancy Test - Milk,Re-Check,0.152,165,72
04/29/2026,16927,401430,Pregnancy Test - Milk,Pregnant,0.646,125,72
04/29/2026,10180,401430,Pregnancy Test - Milk,Pregnant,0.255,125,73
04/29/2026,10626,401430,Pregnancy Test - Milk,Re-Check,0.111,188,35
04/29/2026,10034,401430,Pregnancy Test - Milk,Open,0.099,107,35
04/29/2026,14106,401430,Pregnancy Test - Milk,Pregnant,0.952,295,37
04/29/2026,21783,401430,Pregnancy Test - Milk,Re-Check,0.246,127,76
04/29/2026,17520,401430,Pregnancy Test - Milk,Re-Check,0.1,98,36
04/29/2026,12397,401430,Pregnancy Test - Milk,Re-Check,0.22,168,92
04/30/2026,21050,401430,Pregnancy Test - Milk,Pregnant,0.379,257,86
04/30/2026,21547,401430,Pregnancy Test - Milk,Open,0.004,94,39
04/30/2026,15140,401430,Pregnancy Test - Milk,Re-Check,0.241,166,74
04/30/2026,21656,401430,Pregnancy Test - Milk,Pregnant,0.794,142,35
04/30/2026,21849,401430,Pregnancy Test - Milk,Open,0.016,117,39
04/30/2026,19246,401430,Pregnancy Test - Milk,Pregnant,0.719,160,77
04/30/2026,16673,401430,Pregnancy Test - Milk,Pregnant,0.755,186,75
04/30/2026,21085,401430,Pregnancy Test - Milk,Pregnant,0.635,186,38
04/30/2026,21708,401430,Pregnancy Test - Milk,Pregnant,1.319,120,40
04/30/2026,19599,401430,Pregnancy Test - Milk,Pregnant,0.682,108,38
04/30/2026,21337,401430,Pregnancy Test - Milk,Pregnant,0.55,104,37
04/30/2026,21506,401430,Pregnancy Test - Milk,Pregnant,0.691,144,72
04/30/2026,21787,401430,Pregnancy Test - Milk,Pregnant,0.327,106,41
04/30/2026,3659,401430,Pregnancy Test - Milk,Pregnant,0.658,266,71
04/30/2026,10377,401430,Pregnancy Test - Milk,Pregnant,0.321,187,75
04/30/2026,17426,401430,Pregnancy Test - Milk,Pregnant,0.379,122,71
04/30/2026,19669,401430,Pregnancy Test - Milk,Pregnant,0.88,91,38
04/30/2026,21396,401430,Pregnancy Test - Milk,Pregnant,0.907,136,35
04/30/2026,21205,401430,Pregnancy Test - Milk,Pregnant,0.49,132,76
04/30/2026,21546,401430,Pregnancy Test - Milk,Pregnant,0.558,137,35
04/30/2026,16984,401430,Pregnancy Test - Milk,Pregnant,0.612,169,40
04/30/2026,16728,401430,Pregnancy Test - Milk,Pregnant,0.775,189,74
04/30/2026,19248,401430,Pregnancy Test - Milk,Pregnant,0.845,163,76
04/30/2026,20131,401430,Pregnancy Test - Milk,Pregnant,1.155,323,72
04/30/2026,21591,401430,Pregnancy Test - Milk,Pregnant,1.056,116,40
04/30/2026,7776,401430,Pregnancy Test - Milk,Pregnant,0.912,231,75
04/30/2026,21563,401430,Pregnancy Test - Milk,Pregnant,0.326,131,76
04/30/2026,19794,401430,Pregnancy Test - Milk,Pregnant,0.516,121,41
04/30/2026,13858,401430,Pregnancy Test - Milk,Pregnant,0.787,285,75
04/30/2026,7589,401430,Pregnancy Test - Milk,Pregnant,0.261,161,72
04/30/2026,21588,401430,Pregnancy Test - Milk,Pregnant,0.714,189,77
04/30/2026,19433,401430,Pregnancy Test - Milk,Pregnant,0.564,159,73
04/30/2026,21187,401430,Pregnancy Test - Milk,Pregnant,2.144,100,40
04/30/2026,16405,401430,Pregnancy Test - Milk,Pregnant,0.7,232,35
04/30/2026,7627,401430,Pregnancy Test - Milk,Pregnant,0.529,129,77
04/30/2026,16655,401430,Pregnancy Test - Milk,Pregnant,0.767,179,73
04/30/2026,21372,401430,Pregnancy Test - Milk,Pregnant,0.994,134,46
04/30/2026,21593,401430,Pregnancy Test - Milk,Pregnant,0.983,93,37
04/30/2026,21425,401430,Pregnancy Test - Milk,Pregnant,1.185,170,35
04/30/2026,21358,401430,Pregnancy Test - Milk,Pregnant,0.882,129,43
04/30/2026,17078,401430,Pregnancy Test - Milk,Open,0.001,93,38
04/30/2026,11737,401430,Pregnancy Test - Milk,Open,0.029,179,41
04/30/2026,21808,401430,Pregnancy Test - Milk,Pregnant,1.386,102,35
04/30/2026,21299,401430,Pregnancy Test - Milk,Pregnant,1.853,145,41
04/30/2026,20852,401430,Pregnancy Test - Milk,Pregnant,1.103,258,73
04/30/2026,21549,401430,Pregnancy Test - Milk,Re-Check,0.161,150,72
04/30/2026,14442,401430,Pregnancy Test - Milk,Pregnant,0.613,119,35
04/30/2026,21373,401430,Pregnancy Test - Milk,Pregnant,0.737,139,73
04/30/2026,13668,401430,Pregnancy Test - Milk,Re-Check,0.145,311,39
04/30/2026,21620,401430,Pregnancy Test - Milk,Pregnant,0.755,149,76
04/30/2026,15305,401430,Pregnancy Test - Milk,Re-Check,0.199,178,40
04/30/2026,21762,401430,Pregnancy Test - Milk,Pregnant,1.296,114,37
04/30/2026,13915,401430,Pregnancy Test - Milk,Pregnant,0.683,295,74
04/30/2026,21732,401430,Pregnancy Test - Milk,Pregnant,1.055,101,38
04/30/2026,17127,401430,Pregnancy Test - Milk,Pregnant,0.302,178,91
04/30/2026,3909,401430,Pregnancy Test - Milk,Pregnant,0.693,212,35
04/30/2026,19641,401430,Pregnancy Test - Milk,Pregnant,1.098,92,39
04/30/2026,19384,401430,Pregnancy Test - Milk,Pregnant,0.721,127,75
04/30/2026,19784,401430,Pregnancy Test - Milk,Pregnant,0.847,94,36
04/30/2026,21343,401430,Pregnancy Test - Milk,Pregnant,0.907,192,35
04/30/2026,16388,401430,Pregnancy Test - Milk,Pregnant,0.49,212,74
04/30/2026,19289,401430,Pregnancy Test - Milk,Pregnant,0.261,159,72
04/30/2026,19368,401430,Pregnancy Test - Milk,Pregnant,0.789,110,36
04/30/2026,21490,401430,Pregnancy Test - Milk,Pregnant,1.261,189,38
04/30/2026,22066,401430,Pregnancy Test - Milk,Open,-0.011,89,38
04/30/2026,17180,401430,Pregnancy Test - Milk,Pregnant,0.958,104,36
04/30/2026,21726,401430,Pregnancy Test - Milk,Open,-0.01,106,39
04/30/2026,20882,401430,Pregnancy Test - Milk,Pregnant,1.186,154,73
04/30/2026,3191,401430,Pregnancy Test - Milk,Re-Check,0.204,157,79
04/30/2026,21626,401430,Pregnancy Test - Milk,Pregnant,1.857,177,91
04/30/2026,15793,401430,Pregnancy Test - Milk,Re-Check,0.112,126,72
04/30/2026,14542,401430,Pregnancy Test - Milk,Open,0.037,93,40
04/30/2026,17687,401430,Pregnancy Test - Milk,Open,0.063,124,73
04/30/2026,18668,401430,Pregnancy Test - Milk,Open,0.092,249,0
04/30/2026,21242,401430,Pregnancy Test - Milk,Pregnant,0.549,212,72
04/30/2026,14267,401430,Pregnancy Test - Milk,Pregnant,0.527,142,71
04/30/2026,20593,401430,Pregnancy Test - Milk,Pregnant,0.29,210,39
04/30/2026,21670,401430,Pregnancy Test - Milk,Pregnant,1.525,120,35
04/30/2026,21365,401430,Pregnancy Test - Milk,Pregnant,0.903,146,77
04/30/2026,21747,401430,Pregnancy Test - Milk,Pregnant,1.856,107,38
04/30/2026,21565,401430,Pregnancy Test - Milk,Pregnant,0.706,153,37
04/30/2026,16400,401430,Pregnancy Test - Milk,Pregnant,0.322,188,76
04/30/2026,17878,401430,Pregnancy Test - Milk,Open,0.023,102,37
04/30/2026,16631,401430,Pregnancy Test - Milk,Pregnant,0.846,117,35
04/30/2026,17349,401430,Pregnancy Test - Milk,Pregnant,1.136,143,35
04/30/2026,14988,401430,Pregnancy Test - Milk,Pregnant,0.395,217,77
04/30/2026,21418,401430,Pregnancy Test - Milk,Pregnant,0.518,166,78
04/30/2026,21599,401430,Pregnancy Test - Milk,Open,0.033,117,35
04/30/2026,21447,401430,Pregnancy Test - Milk,Pregnant,1.65,120,41
04/30/2026,21483,401430,Pregnancy Test - Milk,Pregnant,0.858,103,39
04/30/2026,13501,401430,Pregnancy Test - Milk,Pregnant,0.612,127,73
04/30/2026,19078,401430,Pregnancy Test - Milk,Pregnant,0.908,92,37
04/30/2026,21065,401430,Pregnancy Test - Milk,Pregnant,1.405,159,77
04/30/2026,21293,401430,Pregnancy Test - Milk,Pregnant,0.952,119,37
04/30/2026,21132,401430,Pregnancy Test - Milk,Pregnant,0.554,232,76
04/30/2026,2176,401430,Pregnancy Test - Milk,Pregnant,0.43,166,72
04/30/2026,20583,401430,Pregnancy Test - Milk,Pregnant,1.369,262,71
04/30/2026,19457,401430,Pregnancy Test - Milk,Pregnant,0.272,126,73
04/30/2026,19087,401430,Pregnancy Test - Milk,Pregnant,0.796,200,71
04/30/2026,18388,401430,Pregnancy Test - Milk,Pregnant,0.295,290,80
04/30/2026,19126,401430,Pregnancy Test - Milk,Pregnant,0.319,138,72
04/30/2026,15575,401430,Pregnancy Test - Milk,Pregnant,0.561,140,74
04/30/2026,2538,401430,Pregnancy Test - Milk,Re-Check,0.176,129,73
04/30/2026,21790,401430,Pregnancy Test - Milk,Pregnant,0.814,89,36
04/30/2026,19014,401430,Pregnancy Test - Milk,Pregnant,0.642,124,73
04/30/2026,21181,401430,Pregnancy Test - Milk,Pregnant,1.168,207,84
04/30/2026,19441,401430,Pregnancy Test - Milk,Pregnant,0.531,161,73
04/30/2026,14391,401430,Pregnancy Test - Milk,Re-Check,0.106,105,50
04/30/2026,21680,401430,Pregnancy Test - Milk,Pregnant,0.419,130,74
04/30/2026,21879,401430,Pregnancy Test - Milk,Pregnant,0.819,103,40
04/30/2026,17624,401430,Pregnancy Test - Milk,Pregnant,1.208,144,35
04/30/2026,17323,401430,Pregnancy Test - Milk,Pregnant,0.732,143,35
04/30/2026,13368,401430,Pregnancy Test - Milk,Pregnant,0.269,435,52
04/30/2026,16712,401430,Pregnancy Test - Milk,Pregnant,0.556,129,73
04/30/2026,21642,401430,Pregnancy Test - Milk,Pregnant,0.691,147,35
04/30/2026,21115,401430,Pregnancy Test - Milk,Pregnant,0.671,193,74
04/30/2026,21295,401430,Pregnancy Test - Milk,Pregnant,1.048,144,77
04/30/2026,19625,401430,Pregnancy Test - Milk,Pregnant,1.259,94,38
04/30/2026,21513,401430,Pregnancy Test - Milk,Pregnant,1.057,129,74
04/30/2026,15249,401430,Pregnancy Test - Milk,Pregnant,0.303,183,90
04/30/2026,19117,401430,Pregnancy Test - Milk,Re-Check,0.144,164,76
04/30/2026,19532,401430,Pregnancy Test - Milk,Pregnant,0.572,109,37
04/30/2026,854,401430,Pregnancy Test - Milk,Pregnant,0.386,206,35
04/30/2026,11840,401430,Pregnancy Test - Milk,Pregnant,0.251,185,73
04/30/2026,21602,401430,Pregnancy Test - Milk,Pregnant,1.011,122,72
04/30/2026,12313,401430,Pregnancy Test - Milk,Pregnant,0.634,246,35
04/30/2026,18847,401430,Pregnancy Test - Milk,Pregnant,0.582,295,71
04/30/2026,19541,401430,Pregnancy Test - Milk,Pregnant,1.065,121,72
04/30/2026,21472,401430,Pregnancy Test - Milk,Pregnant,0.312,154,71
04/30/2026,780,401430,Pregnancy Test - Milk,Pregnant,1.448,109,38
04/30/2026,18466,401430,Pregnancy Test - Milk,Pregnant,0.515,213,35
04/30/2026,19694,401430,Pregnancy Test - Milk,Open,0.014,89,39
05/01/2026,18343,401430,Pregnancy Test - Milk,Pregnant,1.133,291,39
05/01/2026,2418,401430,Pregnancy Test - Milk,Pregnant,0.506,276,39
05/01/2026,20449,401430,Pregnancy Test - Milk,Pregnant,0.784,303,78
05/01/2026,17112,401430,Pregnancy Test - Milk,Pregnant,0.631,185,36
05/01/2026,12718,401430,Pregnancy Test - Milk,Pregnant,0.317,275,84
05/01/2026,7707,401430,Pregnancy Test - Milk,Pregnant,1.239,324,84
05/01/2026,21887,401430,Pregnancy Test - Milk,Open,-0.067,119,36
05/01/2026,15102,401430,Pregnancy Test - Milk,Pregnant,0.282,153,88
05/01/2026,17981,401430,Pregnancy Test - Milk,Open,-0.073,108,39
05/01/2026,19205,401430,Pregnancy Test - Milk,Open,-0.061,155,36
05/01/2026,20792,401430,Pregnancy Test - Milk,Pregnant,0.483,267,36
05/01/2026,13215,401430,Pregnancy Test - Milk,Open,-0.021,142,36
05/01/2026,7772,401430,Pregnancy Test - Milk,Pregnant,1.233,202,78
05/01/2026,17205,401430,Pregnancy Test - Milk,Re-Check,0.113,166,78
05/01/2026,20830,401430,Pregnancy Test - Milk,Open,-0.069,312,41
05/01/2026,7735,401430,Pregnancy Test - Milk,Pregnant,0.679,251,83
05/01/2026,21900,401430,Pregnancy Test - Milk,Pregnant,0.789,115,39
05/01/2026,14969,401430,Pregnancy Test - Milk,Pregnant,0.775,114,35
05/01/2026,15115,401430,Pregnancy Test - Milk,Open,-0.02,159,36
05/01/2026,19304,401430,Pregnancy Test - Milk,Pregnant,0.55,159,36
05/01/2026,21520,401430,Pregnancy Test - Milk,Open,-0.055,126,35
05/01/2026,16189,401430,Pregnancy Test - Milk,Pregnant,0.886,293,36
05/01/2026,20619,401430,Pregnancy Test - Milk,Open,-0.038,326,68
05/01/2026,19710,401430,Pregnancy Test - Milk,Pregnant,0.482,119,40
05/01/2026,5342,401430,Pregnancy Test - Milk,Re-Check,0.219,90,36
05/01/2026,15482,401430,Pregnancy Test - Milk,Re-Check,0.123,96,38
05/07/2026,17717,401430,Pregnancy Test - Milk,Open,0.012,116,45
05/07/2026,18993,401430,Pregnancy Test - Milk,Pregnant,0.381,127,36
05/07/2026,16916,401430,Pregnancy Test - Milk,Re-Check,0.248,97,39
05/07/2026,11202,401430,Pregnancy Test - Milk,Not Tested,,96,39
05/07/2026,19134,401430,Pregnancy Test - Milk,Pregnant,0.421,159,77
05/07/2026,21549,401430,Pregnancy Test - Milk,Re-Check,0.192,157,79
05/07/2026,21415,401430,Pregnancy Test - Milk,Pregnant,1.971,166,35
05/07/2026,21689,401430,Pregnancy Test - Milk,Pregnant,1.151,109,39
05/07/2026,21577,401430,Pregnancy Test - Milk,Pregnant,0.605,126,72
05/07/2026,19927,401430,Pregnancy Test - Milk,Pregnant,0.506,94,38
05/07/2026,21059,401430,Pregnancy Test - Milk,Open,-0.006,168,36
05/07/2026,21532,401430,Pregnancy Test - Milk,Pregnant,1.191,162,77
05/07/2026,18620,401430,Pregnancy Test - Milk,Pregnant,0.76,153,37
05/07/2026,16469,401430,Pregnancy Test - Milk,Pregnant,2.638,132,36
05/07/2026,16653,401430,Pregnancy Test - Milk,Re-Check,0.22,132,74
05/07/2026,17161,401430,Pregnancy Test - Milk,Pregnant,0.795,119,34
05/07/2026,17312,401430,Pregnancy Test - Milk,Re-Check,0.249,154,36
05/07/2026,17436,401430,Pregnancy Test - Milk,Re-Check,0.235,132,79
05/07/2026,21429,401430,Pregnancy Test - Milk,Pregnant,1.301,121,36
05/07/2026,19253,401430,Pregnancy Test - Milk,Open,-0.001,223,41
05/07/2026,21221,401430,Pregnancy Test - Milk,Re-Check,0.206,186,77
05/07/2026,21554,401430,Pregnancy Test - Milk,Pregnant,0.407,148,72
05/07/2026,14586,401430,Pregnancy Test - Milk,Pregnant,0.683,140,35
05/07/2026,12649,401430,Pregnancy Test - Milk,Pregnant,0.674,158,0
05/07/2026,17715,401430,Pregnancy Test - Milk,Pregnant,0.416,141,73
05/07/2026,9993,401430,Pregnancy Test - Milk,Pregnant,0.565,209,70
05/07/2026,15734,401430,Pregnancy Test - Milk,Pregnant,0.456,165,77
05/07/2026,14276,401430,Pregnancy Test - Milk,Re-Check,0.242,260,71
05/07/2026,21379,401430,Pregnancy Test - Milk,Pregnant,0.859,197,77
05/07/2026,19598,401430,Pregnancy Test - Milk,Open,0.056,107,39
05/07/2026,18023,401430,Pregnancy Test - Milk,Pregnant,0.861,229,77
05/07/2026,21830,401430,Pregnancy Test - Milk,Pregnant,0.755,111,39
05/07/2026,21696,401430,Pregnancy Test - Milk,Pregnant,1.651,122,35
05/07/2026,12755,401430,Pregnancy Test - Milk,Pregnant,0.37,151,93
05/07/2026,17169,401430,Pregnancy Test - Milk,Re-Check,0.218,172,79
05/07/2026,19721,401430,Pregnancy Test - Milk,Pregnant,0.676,117,36
05/07/2026,16616,401430,Pregnancy Test - Milk,Pregnant,0.422,237,77
05/07/2026,21597,401430,Pregnancy Test - Milk,Pregnant,0.578,161,77
05/07/2026,20850,401430,Pregnancy Test - Milk,Pregnant,1.098,182,39
05/07/2026,21356,401430,Pregnancy Test - Milk,Pregnant,0.532,184,72
05/07/2026,16787,401430,Pregnancy Test - Milk,Pregnant,1.434,117,36
05/07/2026,9714,401430,Pregnancy Test - Milk,Pregnant,0.468,228,73
05/07/2026,17602,401430,Pregnancy Test - Milk,Open,-0.018,113,40
05/07/2026,16545,401430,Pregnancy Test - Milk,Pregnant,0.465,167,76
05/07/2026,19607,401430,Pregnancy Test - Milk,Re-Check,0.192,129,73
05/07/2026,21087,401430,Pregnancy Test - Milk,Pregnant,0.288,206,71
05/07/2026,21255,401430,Pregnancy Test - Milk,Pregnant,1.121,202,76
05/07/2026,21008,401430,Pregnancy Test - Milk,Pregnant,1.641,200,75
05/07/2026,14391,401430,Pregnancy Test - Milk,Open,0.067,112,57
05/07/2026,16756,401430,Pregnancy Test - Milk,Pregnant,0.336,135,72
05/07/2026,21740,401430,Pregnancy Test - Milk,Open,0.015,105,38
05/07/2026,17136,401430,Pregnancy Test - Milk,Re-Check,0.16,120,70
05/07/2026,5252,401430,Pregnancy Test - Milk,Re-Check,0.167,150,79
05/07/2026,13906,401430,Pregnancy Test - Milk,Pregnant,0.706,253,72
05/07/2026,15079,401430,Pregnancy Test - Milk,Pregnant,0.306,118,36
05/07/2026,17520,401430,Pregnancy Test - Milk,Re-Check,0.186,105,43
05/07/2026,13212,401430,Pregnancy Test - Milk,Pregnant,0.789,159,41
05/07/2026,16910,401430,Pregnancy Test - Milk,Open,0.067,147,35
05/07/2026,16106,401430,Pregnancy Test - Milk,Pregnant,0.253,363,74
05/07/2026,3628,401430,Pregnancy Test - Milk,Open,0.031,279,45
05/07/2026,21311,401430,Pregnancy Test - Milk,Pregnant,0.918,117,36
05/07/2026,18873,401430,Pregnancy Test - Milk,Pregnant,0.361,289,74
05/07/2026,16940,401430,Pregnancy Test - Milk,Re-Check,0.211,150,71
05/07/2026,21413,401430,Pregnancy Test - Milk,Pregnant,0.631,184,73
05/07/2026,17308,401430,Pregnancy Test - Milk,Pregnant,0.342,160,75
05/07/2026,19448,401430,Pregnancy Test - Milk,Re-Check,0.237,160,77
05/07/2026,19089,401430,Pregnancy Test - Milk,Pregnant,0.772,135,39
05/07/2026,20897,401430,Pregnancy Test - Milk,Pregnant,0.711,210,71
05/07/2026,13313,401430,Pregnancy Test - Milk,Pregnant,0.298,227,36
05/07/2026,12373,401430,Pregnancy Test - Milk,Open,0.081,170,81
05/07/2026,11322,401430,Pregnancy Test - Milk,Re-Check,0.124,118,36
05/07/2026,13409,401430,Pregnancy Test - Milk,Pregnant,0.715,92,34
05/07/2026,13089,401430,Pregnancy Test - Milk,Pregnant,0.442,214,70
05/07/2026,14677,401430,Pregnancy Test - Milk,Pregnant,0.36,157,75
05/07/2026,17104,401430,Pregnancy Test - Milk,Pregnant,0.492,156,73
05/07/2026,21633,401430,Pregnancy Test - Milk,Pregnant,0.544,142,73
05/07/2026,17419,401430,Pregnancy Test - Milk,Pregnant,0.831,152,41
05/07/2026,21994,401430,Pregnancy Test - Milk,Pregnant,1.355,97,41
05/07/2026,19117,401430,Pregnancy Test - Milk,Pregnant,0.324,171,83
05/07/2026,19175,401430,Pregnancy Test - Milk,Open,-0.01,174,41
05/07/2026,13377,401430,Pregnancy Test - Milk,Pregnant,0.365,144,87
05/07/2026,18626,401430,Pregnancy Test - Milk,Pregnant,0.291,249,77
05/07/2026,21601,401430,Pregnancy Test - Milk,Pregnant,1.152,129,35
05/07/2026,16497,401430,Pregnancy Test - Milk,Pregnant,0.396,217,74
05/07/2026,22033,401430,Pregnancy Test - Milk,Pregnant,1.039,96,39
05/07/2026,11568,401430,Pregnancy Test - Milk,Pregnant,0.475,100,39
05/07/2026,21783,401430,Pregnancy Test - Milk,Pregnant,0.314,134,83
05/07/2026,17081,401430,Pregnancy Test - Milk,Re-Check,0.222,151,94
05/07/2026,16538,401430,Pregnancy Test - Milk,Pregnant,0.504,144,36
05/07/2026,17554,401430,Pregnancy Test - Milk,Pregnant,1.001,118,36
05/07/2026,14793,401430,Pregnancy Test - Milk,Pregnant,0.617,141,35
05/07/2026,21530,401430,Pregnancy Test - Milk,Pregnant,0.757,192,41
05/07/2026,18711,401430,Pregnancy Test - Milk,Pregnant,1.18,204,35
05/07/2026,15022,401430,Pregnancy Test - Milk,Pregnant,0.732,216,73
05/07/2026,14764,401430,Pregnancy Test - Milk,Pregnant,0.261,197,38
05/07/2026,19676,401430,Pregnancy Test - Milk,Pregnant,0.517,152,41
05/07/2026,17281,401430,Pregnancy Test - Milk,Re-Check,0.102,149,94
05/07/2026,22014,401430,Pregnancy Test - Milk,Pregnant,1.003,109,39
05/07/2026,21191,401430,Pregnancy Test - Milk,Re-Check,0.246,142,73
05/07/2026,2016,401430,Pregnancy Test - Milk,Pregnant,0.399,170,77
05/07/2026,19764,401430,Pregnancy Test - Milk,Pregnant,0.942,90,38
05/07/2026,19168,401430,Pregnancy Test - Milk,Pregnant,0.412,128,72
05/07/2026,2168,401430,Pregnancy Test - Milk,Open,0.04,315,35
05/07/2026,7613,401430,Pregnancy Test - Milk,Open,-0.022,92,40
05/07/2026,18673,401430,Pregnancy Test - Milk,Pregnant,0.437,217,40
05/07/2026,11536,401430,Pregnancy Test - Milk,Pregnant,0.48,117,34
05/07/2026,11361,401430,Pregnancy Test - Milk,Pregnant,0.335,146,70
05/07/2026,19002,401430,Pregnancy Test - Milk,Pregnant,0.589,109,37
05/07/2026,18635,401430,Pregnancy Test - Milk,Pregnant,0.597,184,41
05/07/2026,19772,401430,Pregnancy Test - Milk,Pregnant,1.381,97,41
05/07/2026,21203,401430,Pregnancy Test - Milk,Open,-0.009,185,71
05/07/2026,7607,401430,Pregnancy Test - Milk,Pregnant,0.255,158,76
05/07/2026,5035,401430,Pregnancy Test - Milk,Pregnant,0.444,281,70
05/07/2026,17367,401430,Pregnancy Test - Milk,Re-Check,0.17,139,37
05/07/2026,216,401430,Pregnancy Test - Milk,Pregnant,0.361,136,34
05/07/2026,13987,401430,Pregnancy Test - Milk,Pregnant,0.301,233,94
05/07/2026,16149,401430,Pregnancy Test - Milk,Pregnant,0.479,168,71
05/07/2026,19482,401430,Pregnancy Test - Milk,Pregnant,0.517,149,71
05/07/2026,21445,401430,Pregnancy Test - Milk,Pregnant,0.532,155,71
05/07/2026,21317,401430,Pregnancy Test - Milk,Pregnant,0.836,156,71
05/07/2026,21212,401430,Pregnancy Test - Milk,Re-Check,0.14,202,35
05/07/2026,21330,401430,Pregnancy Test - Milk,Pregnant,0.6,158,71
05/07/2026,3942,401430,Pregnancy Test - Milk,Pregnant,0.258,106,38
05/07/2026,5241,401430,Pregnancy Test - Milk,Re-Check,0.233,185,77
05/07/2026,14589,401430,Pregnancy Test - Milk,Pregnant,0.417,233,74
05/07/2026,10285,401430,Pregnancy Test - Milk,Pregnant,0.472,207,34
05/07/2026,21913,401430,Pregnancy Test - Milk,Pregnant,1.11,117,35
05/07/2026,756,401430,Pregnancy Test - Milk,Pregnant,0.693,115,36
05/07/2026,19369,401430,Pregnancy Test - Milk,Pregnant,0.389,142,73
05/07/2026,14207,401430,Pregnancy Test - Milk,Pregnant,0.714,201,41
05/07/2026,17677,401430,Pregnancy Test - Milk,Pregnant,0.418,112,40
05/07/2026,19146,401430,Pregnancy Test - Milk,Re-Check,0.194,152,70
05/07/2026,13863,401430,Pregnancy Test - Milk,Open,0.008,118,36
05/07/2026,10644,401430,Pregnancy Test - Milk,Re-Check,0.19,184,93
05/07/2026,19512,401430,Pregnancy Test - Milk,Pregnant,0.319,120,36
05/07/2026,17499,401430,Pregnancy Test - Milk,Pregnant,0.77,105,36
05/07/2026,21267,401430,Pregnancy Test - Milk,Pregnant,1.309,201,40
05/07/2026,15140,401430,Pregnancy Test - Milk,Pregnant,0.433,173,81
05/07/2026,21927,401430,Pregnancy Test - Milk,Open,-0.01,118,35
05/07/2026,15262,401430,Pregnancy Test - Milk,Pregnant,0.416,128,71
05/07/2026,19510,401430,Pregnancy Test - Milk,Pregnant,0.717,89,38
05/07/2026,20924,401430,Pregnancy Test - Milk,Pregnant,0.698,182,38
05/07/2026,21406,401430,Pregnancy Test - Milk,Pregnant,0.587,149,71
05/07/2026,9233,401430,Pregnancy Test - Milk,Pregnant,0.388,186,70
05/07/2026,5204,401430,Pregnancy Test - Milk,Open,-0.016,109,36
05/07/2026,14052,401430,Pregnancy Test - Milk,Pregnant,0.37,217,76
05/07/2026,21428,401430,Pregnancy Test - Milk,Pregnant,0.651,149,72
05/07/2026,19696,401430,Pregnancy Test - Milk,Pregnant,0.424,94,38
05/07/2026,17552,401430,Pregnancy Test - Milk,Open,0.077,148,38
05/07/2026,18239,401430,Pregnancy Test - Milk,Pregnant,1.084,186,72
05/07/2026,21540,401430,Pregnancy Test - Milk,Pregnant,0.616,149,36
05/07/2026,21709,401430,Pregnancy Test - Milk,Pregnant,0.624,119,35
05/07/2026,1438,401430,Pregnancy Test - Milk,Pregnant,0.258,231,112
05/07/2026,14563,401430,Pregnancy Test - Milk,Pregnant,0.252,204,73
05/07/2026,19452,401430,Pregnancy Test - Milk,Pregnant,0.61,122,36
05/07/2026,10626,401430,Pregnancy Test - Milk,Open,0.065,195,42
05/07/2026,13326,401430,Pregnancy Test - Milk,Pregnant,0.326,95,39
05/07/2026,10345,401430,Pregnancy Test - Milk,Re-Check,0.156,119,36
05/07/2026,20943,401430,Pregnancy Test - Milk,Pregnant,0.651,226,77
05/07/2026,15793,401430,Pregnancy Test - Milk,Re-Check,0.117,133,79
05/07/2026,21834,401430,Pregnancy Test - Milk,Pregnant,0.901,121,35
05/07/2026,18375,401430,Pregnancy Test - Milk,Open,-0.021,146,40
05/07/2026,20965,401430,Pregnancy Test - Milk,Pregnant,1.368,141,37
05/07/2026,21114,401430,Pregnancy Test - Milk,Pregnant,0.632,140,36
05/07/2026,19808,401430,Pregnancy Test - Milk,Pregnant,0.638,92,37
05/07/2026,19249,401430,Pregnancy Test - Milk,Pregnant,0.984,105,37
05/07/2026,21965,401430,Pregnancy Test - Milk,Pregnant,0.436,96,38
05/07/2026,14696,401430,Pregnancy Test - Milk,Open,-0.007,108,38
05/07/2026,13774,401430,Pregnancy Test - Milk,Pregnant,0.394,174,72
05/07/2026,14676,401430,Pregnancy Test - Milk,Re-Check,0.206,221,84
05/07/2026,3983,401430,Pregnancy Test - Milk,Pregnant,0.497,143,36
05/07/2026,19634,401430,Pregnancy Test - Milk,Pregnant,0.444,126,38
05/07/2026,10300,401430,Pregnancy Test - Milk,Pregnant,0.358,205,86
05/07/2026,16681,401430,Pregnancy Test - Milk,Pregnant,0.265,132,74
05/07/2026,21796,401430,Pregnancy Test - Milk,Pregnant,0.794,118,35
05/07/2026,2538,401430,Pregnancy Test - Milk,Pregnant,0.271,136,80
05/07/2026,19945,401430,Pregnancy Test - Milk,Pregnant,0.551,94,38
05/07/2026,15305,401430,Pregnancy Test - Milk,Re-Check,0.152,185,47
05/07/2026,19200,401430,Pregnancy Test - Milk,Open,-0.014,191,35
05/07/2026,21603,401430,Pregnancy Test - Milk,Pregnant,0.548,151,77
05/07/2026,13105,401430,Pregnancy Test - Milk,Pregnant,0.531,150,35
05/07/2026,21516,401430,Pregnancy Test - Milk,Pregnant,0.827,160,77
05/07/2026,13340,401430,Pregnancy Test - Milk,Pregnant,0.349,151,41
05/07/2026,21528,401430,Pregnancy Test - Milk,Pregnant,1.058,135,40
05/07/2026,16292,401430,Pregnancy Test - Milk,Pregnant,0.274,268,75
05/07/2026,5255,401430,Pregnancy Test - Milk,Re-Check,0.199,139,72
05/07/2026,13481,401430,Pregnancy Test - Milk,Pregnant,0.29,150,76
05/07/2026,21290,401430,Pregnancy Test - Milk,Pregnant,0.413,219,76
05/07/2026,21410,401430,Pregnancy Test - Milk,Pregnant,1.429,156,38
05/07/2026,19854,401430,Pregnancy Test - Milk,Pregnant,0.891,103,38
05/07/2026,12646,401430,Pregnancy Test - Milk,Open,-0.002,202,41
05/07/2026,14632,401430,Pregnancy Test - Milk,Open,0.019,119,36
05/07/2026,9123,401430,Pregnancy Test - Milk,Pregnant,0.262,188,75
05/07/2026,12719,401430,Pregnancy Test - Milk,Pregnant,0.6,139,71
05/07/2026,15347,401430,Pregnancy Test - Milk,Re-Check,0.177,157,72
05/07/2026,18704,401430,Pregnancy Test - Milk,Pregnant,0.443,271,41
05/07/2026,1625,401430,Pregnancy Test - Milk,Re-Check,0.229,138,36
05/07/2026,19476,401430,Pregnancy Test - Milk,Pregnant,0.285,138,72
05/07/2026,17650,401430,Pregnancy Test - Milk,Pregnant,0.621,326,74
05/07/2026,21735,401430,Pregnancy Test - Milk,Pregnant,1.632,114,41
05/07/2026,17839,401430,Pregnancy Test - Milk,Pregnant,0.777,117,38
05/07/2026,19629,401430,Pregnancy Test - Milk,Pregnant,0.822,127,77
05/07/2026,21292,401430,Pregnancy Test - Milk,Pregnant,0.626,159,77
05/07/2026,12397,401430,Pregnancy Test - Milk,Pregnant,0.404,175,99
05/07/2026,14380,401430,Pregnancy Test - Milk,Open,0.021,105,38
05/07/2026,21898,401430,Pregnancy Test - Milk,Pregnant,0.633,123,40
05/07/2026,17174,401430,Pregnancy Test - Milk,Open,0.041,211,41
05/07/2026,21586,401430,Pregnancy Test - Milk,Pregnant,0.997,165,37
05/07/2026,21574,401430,Pregnancy Test - Milk,Open,0.003,152,36
05/07/2026,17142,401430,Pregnancy Test - Milk,Pregnant,0.403,138,34
05/07/2026,12460,401430,Pregnancy Test - Milk,Pregnant,0.369,152,35
05/07/2026,21665,401430,Pregnancy Test - Milk,Pregnant,1.523,117,36
05/07/2026,21625,401430,Pregnancy Test - Milk,Pregnant,2.855,115,36
05/07/2026,9836,401430,Pregnancy Test - Milk,Pregnant,0.682,107,36
05/07/2026,17108,401430,Pregnancy Test - Milk,Open,0.022,133,35
05/07/2026,19812,401430,Pregnancy Test - Milk,Pregnant,0.967,88,38
05/07/2026,21556,401430,Pregnancy Test - Milk,Pregnant,0.594,163,77
05/07/2026,21805,401430,Pregnancy Test - Milk,Pregnant,0.469,110,38
05/07/2026,21918,401430,Pregnancy Test - Milk,Pregnant,0.769,126,40
05/07/2026,3191,401430,Pregnancy Test - Milk,Re-Check,0.243,164,86
05/07/2026,21668,401430,Pregnancy Test - Milk,Pregnant,0.604,156,71
05/07/2026,15032,401430,Pregnancy Test - Milk,Open,-0.004,125,72
05/08/2026,18018,401430,Pregnancy Test - Milk,Pregnant,0.524,93,38
05/08/2026,15571,401430,Pregnancy Test - Milk,Re-Check,0.245,165,78
05/08/2026,20573,401430,Pregnancy Test - Milk,Pregnant,1.107,307,36
05/08/2026,17316,401430,Pregnancy Test - Milk,Pregnant,0.886,184,36
05/08/2026,17205,401430,Pregnancy Test - Milk,Re-Check,0.147,173,85
05/08/2026,15212,401430,Pregnancy Test - Milk,Pregnant,0.349,156,78
05/08/2026,16314,401430,Pregnancy Test - Milk,Pregnant,0.326,148,81
05/08/2026,16430,401430,Pregnancy Test - Milk,Pregnant,1.398,223,35
05/08/2026,7830,401430,Pregnancy Test - Milk,Pregnant,1.349,154,90
05/08/2026,16981,401430,Pregnancy Test - Milk,Pregnant,0.538,133,81
05/08/2026,19429,401430,Pregnancy Test - Milk,Pregnant,0.448,206,36
05/08/2026,18447,401430,Pregnancy Test - Milk,Open,-0.007,249,36
05/08/2026,14790,401430,Pregnancy Test - Milk,Pregnant,0.26,176,83
05/08/2026,21011,401430,Pregnancy Test - Milk,Pregnant,0.751,124,37
05/08/2026,20191,401430,Pregnancy Test - Milk,Open,-0.01,325,36
05/08/2026,15436,401430,Pregnancy Test - Milk,Pregnant,0.289,208,36
05/08/2026,1636,401430,Pregnancy Test - Milk,Pregnant,0.549,279,35
05/08/2026,18978,401430,Pregnancy Test - Milk,Pregnant,0.356,134,81
05/08/2026,17443,401430,Pregnancy Test - Milk,Pregnant,0.305,194,78
05/08/2026,20543,401430,Pregnancy Test - Milk,Pregnant,0.939,312,80
05/08/2026,15482,401430,Pregnancy Test - Milk,Open,0.031,103,45
05/08/2026,5342,401430,Pregnancy Test - Milk,Re-Check,0.116,97,43
05/08/2026,13900,401430,Pregnancy Test - Milk,Re-Check,0.209,135,80
05/08/2026,13538,401430,Pregnancy Test - Milk,Pregnant,0.766,208,36
05/08/2026,22105,401430,Pregnancy Test - Milk,Pregnant,0.89,91,39
05/08/2026,17035,401430,Pregnancy Test - Milk,Re-Check,0.188,203,41
05/08/2026,15207,401430,Pregnancy Test - Milk,Pregnant,0.306,146,81
05/08/2026,14660,401430,Pregnancy Test - Milk,Pregnant,0.484,176,38
05/08/2026,21645,401430,Pregnancy Test - Milk,Pregnant,1.084,136,36
05/08/2026,21901,401430,Pregnancy Test - Milk,Pregnant,1.299,89,39
05/08/2026,1615,401430,Pregnancy Test - Milk,Pregnant,0.395,288,78
05/08/2026,21907,401430,Pregnancy Test - Milk,Open,-0.009,89,36
05/08/2026,21460,401430,Pregnancy Test - Milk,Pregnant,0.775,130,41
05/14/2026,14071,401430,Pregnancy Test - Milk,Pregnant,0.529,278,74
05/14/2026,21776,401430,Pregnancy Test - Milk,Open,-0.002,123,36
05/14/2026,915,401430,Pregnancy Test - Milk,Pregnant,0.381,125,73
05/14/2026,7608,401430,Pregnancy Test - Milk,Pregnant,0.259,154,73
05/14/2026,11995,401430,Pregnancy Test - Milk,Pregnant,0.541,191,41
05/14/2026,21414,401430,Pregnancy Test - Milk,Pregnant,0.676,195,38
05/14/2026,15319,401430,Pregnancy Test - Milk,Re-Check,0.238,146,72
05/14/2026,12329,401430,Pregnancy Test - Milk,Open,0.005,98,37
05/14/2026,19261,401430,Pregnancy Test - Milk,Pregnant,0.378,204,73
05/14/2026,16450,401430,Pregnancy Test - Milk,Pregnant,0.522,177,41
05/14/2026,20278,401430,Pregnancy Test - Milk,Pregnant,0.843,336,41
05/14/2026,19555,401430,Pregnancy Test - Milk,Pregnant,0.514,123,35
05/14/2026,15396,401430,Pregnancy Test - Milk,Pregnant,0.31,184,71
05/14/2026,12808,401430,Pregnancy Test - Milk,Re-Check,0.142,136,73
05/14/2026,15372,401430,Pregnancy Test - Milk,Re-Check,0.15,110,38
05/14/2026,21736,401430,Pregnancy Test - Milk,Pregnant,0.349,124,36
05/14/2026,12674,401430,Pregnancy Test - Milk,Open,0.032,126,37
05/14/2026,16706,401430,Pregnancy Test - Milk,Re-Check,0.196,128,73
05/14/2026,18964,401430,Pregnancy Test - Milk,Pregnant,0.519,252,39
05/14/2026,19169,401430,Pregnancy Test - Milk,Open,-0.014,198,40
05/14/2026,17212,401430,Pregnancy Test - Milk,Open,0.02,117,35
05/14/2026,1673,401430,Pregnancy Test - Milk,Pregnant,0.441,196,77
05/14/2026,20971,401430,Pregnancy Test - Milk,Pregnant,0.755,194,75
05/14/2026,7629,401430,Pregnancy Test - Milk,Pregnant,0.303,147,71
05/14/2026,12800,401430,Pregnancy Test - Milk,Pregnant,0.591,249,75
05/14/2026,15305,401430,Pregnancy Test - Milk,Pregnant,0.253,192,54
05/14/2026,19626,401430,Pregnancy Test - Milk,Pregnant,1.581,121,36
05/14/2026,19502,401430,Pregnancy Test - Milk,Pregnant,0.645,157,36
05/14/2026,21643,401430,Pregnancy Test - Milk,Pregnant,0.657,149,73
05/14/2026,5747,401430,Pregnancy Test - Milk,Re-Check,0.129,149,71
05/14/2026,17749,401430,Pregnancy Test - Milk,Open,0.003,94,36
05/14/2026,5241,401430,Pregnancy Test - Milk,Pregnant,0.259,193,85
05/14/2026,14276,401430,Pregnancy Test - Milk,Re-Check,0.206,268,79
05/14/2026,16653,401430,Pregnancy Test - Milk,Pregnant,0.314,140,82
05/14/2026,5252,401430,Pregnancy Test - Milk,Pregnant,0.327,158,87
05/14/2026,17027,401430,Pregnancy Test - Milk,Pregnant,0.253,166,76
05/14/2026,19430,401430,Pregnancy Test - Milk,Re-Check,0.13,154,76
05/14/2026,21716,401430,Pregnancy Test - Milk,Pregnant,0.64,152,71
05/14/2026,21478,401430,Pregnancy Test - Milk,Pregnant,0.745,205,71
05/14/2026,21455,401430,Pregnancy Test - Milk,Open,0.018,115,39
05/14/2026,21510,401430,Pregnancy Test - Milk,Pregnant,0.539,131,79
05/14/2026,22003,401430,Pregnancy Test - Milk,Open,0.024,108,38
05/14/2026,13776,401430,Pregnancy Test - Milk,Pregnant,0.274,123,36
05/14/2026,17520,401430,Pregnancy Test - Milk,Open,0.016,113,51
05/14/2026,11202,401430,Pregnancy Test - Milk,Pregnant,0.282,104,47
05/14/2026,17169,401430,Pregnancy Test - Milk,Pregnant,0.307,180,87
05/14/2026,17436,401430,Pregnancy Test - Milk,Pregnant,0.401,140,87
05/14/2026,12691,401430,Pregnancy Test - Milk,Pregnant,0.311,243,74
05/14/2026,21544,401430,Pregnancy Test - Milk,Pregnant,0.445,140,74
05/14/2026,16916,401430,Pregnancy Test - Milk,Re-Check,0.199,105,47
05/14/2026,14302,401430,Pregnancy Test - Milk,Pregnant,0.39,202,74
05/14/2026,16926,401430,Pregnancy Test - Milk,Open,-0.012,175,35
05/14/2026,3794,401430,Pregnancy Test - Milk,Pregnant,0.399,114,38
05/14/2026,16194,401430,Pregnancy Test - Milk,Open,-0.014,227,35
05/14/2026,19607,401430,Pregnancy Test - Milk,Pregnant,0.302,136,80
05/14/2026,21745,401430,Pregnancy Test - Milk,Pregnant,0.602,128,74
05/14/2026,21816,401430,Pregnancy Test - Milk,Pregnant,2.514,120,37
05/14/2026,21524,401430,Pregnancy Test - Milk,Pregnant,0.414,120,36
05/14/2026,18163,401430,Pregnancy Test - Milk,Pregnant,0.761,94,37
05/14/2026,21476,401430,Pregnancy Test - Milk,Pregnant,0.779,181,77
05/14/2026,20840,401430,Pregnancy Test - Milk,Pregnant,0.996,200,37
05/14/2026,21616,401430,Pregnancy Test - Milk,Pregnant,0.606,160,41
05/14/2026,18353,401430,Pregnancy Test - Milk,Pregnant,0.694,236,73
05/14/2026,21509,401430,Pregnancy Test - Milk,Pregnant,0.806,163,40
05/14/2026,3931,401430,Pregnancy Test - Milk,Pregnant,0.7,156,35
05/14/2026,19705,401430,Pregnancy Test - Milk,Pregnant,0.303,103,38
05/14/2026,21188,401430,Pregnancy Test - Milk,Pregnant,0.811,186,41
05/14/2026,13219,401430,Pregnancy Test - Milk,Pregnant,0.283,124,36
05/14/2026,10935,401430,Pregnancy Test - Milk,Pregnant,0.363,179,72
05/14/2026,3191,401430,Pregnancy Test - Milk,Re-Check,0.19,171,93
05/14/2026,17990,401430,Pregnancy Test - Milk,Pregnant,0.336,95,40
05/14/2026,17806,401430,Pregnancy Test - Milk,Pregnant,0.437,153,78
05/14/2026,17309,401430,Pregnancy Test - Milk,Re-Check,0.146,145,71
05/14/2026,11457,401430,Pregnancy Test - Milk,Pregnant,0.274,131,38
05/14/2026,17136,401430,Pregnancy Test - Milk,Re-Check,0.141,128,78
05/14/2026,14436,401430,Pregnancy Test - Milk,Pregnant,1.215,219,35
05/14/2026,19838,401430,Pregnancy Test - Milk,Pregnant,0.416,132,74
05/14/2026,17834,401430,Pregnancy Test - Milk,Pregnant,0.599,97,39
05/14/2026,12939,401430,Pregnancy Test - Milk,Open,-0.007,172,36
05/14/2026,19460,401430,Pregnancy Test - Milk,Open,0.083,210,77
05/14/2026,20926,401430,Pregnancy Test - Milk,Pregnant,0.383,259,35
05/14/2026,21284,401430,Pregnancy Test - Milk,Pregnant,0.905,155,35
05/14/2026,21971,401430,Pregnancy Test - Milk,Pregnant,0.386,91,37
05/14/2026,17488,401430,Pregnancy Test - Milk,Open,0.037,107,38
05/14/2026,15162,401430,Pregnancy Test - Milk,Pregnant,0.64,118,38
05/14/2026,21569,401430,Pregnancy Test - Milk,Pregnant,0.442,175,72
05/14/2026,1810,401430,Pregnancy Test - Milk,Pregnant,0.569,229,81
05/14/2026,13102,401430,Pregnancy Test - Milk,Pregnant,0.718,134,35
05/14/2026,13557,401430,Pregnancy Test - Milk,Pregnant,0.569,242,77
05/14/2026,7631,401430,Pregnancy Test - Milk,Pregnant,0.72,431,75
05/14/2026,22070,401430,Pregnancy Test - Milk,Pregnant,0.961,109,37
05/14/2026,20555,401430,Pregnancy Test - Milk,Pregnant,1.197,189,35
05/14/2026,17296,401430,Pregnancy Test - Milk,Re-Check,0.21,129,72
05/14/2026,13318,401430,Pregnancy Test - Milk,Pregnant,0.301,130,73
05/14/2026,3906,401430,Pregnancy Test - Milk,Re-Check,0.185,142,73
05/14/2026,19417,401430,Pregnancy Test - Milk,Re-Check,0.208,109,37
05/14/2026,15793,401430,Pregnancy Test - Milk,Re-Check,0.209,140,86
05/14/2026,14625,401430,Pregnancy Test - Milk,Open,0.014,240,35
05/14/2026,19461,401430,Pregnancy Test - Milk,Pregnant,1,171,35
05/14/2026,19565,401430,Pregnancy Test - Milk,Pregnant,0.596,123,36
05/14/2026,12839,401430,Pregnancy Test - Milk,Re-Check,0.249,135,73
05/14/2026,15293,401430,Pregnancy Test - Milk,Pregnant,0.322,237,71
05/14/2026,16754,401430,Pregnancy Test - Milk,Pregnant,0.733,224,71
05/14/2026,11322,401430,Pregnancy Test - Milk,Open,0.043,126,44
05/14/2026,9719,401430,Pregnancy Test - Milk,Pregnant,0.506,349,71
05/14/2026,19649,401430,Pregnancy Test - Milk,Re-Check,0.222,130,38
05/14/2026,16957,401430,Pregnancy Test - Milk,Pregnant,0.488,106,38
05/14/2026,19448,401430,Pregnancy Test - Milk,Re-Check,0.194,167,84
05/14/2026,21370,401430,Pregnancy Test - Milk,Pregnant,0.481,223,76
05/14/2026,13535,401430,Pregnancy Test - Milk,Open,0.016,173,77
05/14/2026,16961,401430,Pregnancy Test - Milk,Pregnant,0.326,110,38
05/14/2026,9732,401430,Pregnancy Test - Milk,Pregnant,0.601,122,36
05/14/2026,19267,401430,Pregnancy Test - Milk,Pregnant,0.49,172,75
05/14/2026,18536,401430,Pregnancy Test - Milk,Pregnant,0.295,153,76
05/14/2026,19453,401430,Pregnancy Test - Milk,Pregnant,1.48,105,38
05/14/2026,18914,401430,Pregnancy Test - Milk,Pregnant,0.469,229,77
05/14/2026,19340,401430,Pregnancy Test - Milk,Pregnant,0.603,201,75
05/14/2026,21878,401430,Pregnancy Test - Milk,Pregnant,0.861,89,37
05/14/2026,19651,401430,Pregnancy Test - Milk,Pregnant,0.91,106,36
05/14/2026,20211,401430,Pregnancy Test - Milk,Open,0.065,347,76
05/14/2026,19612,401430,Pregnancy Test - Milk,Pregnant,1.459,122,39
05/14/2026,21031,401430,Pregnancy Test - Milk,Pregnant,0.879,190,39
05/14/2026,21394,401430,Pregnancy Test - Milk,Re-Check,0.128,161,72
05/14/2026,21721,401430,Pregnancy Test - Milk,Pregnant,0.721,153,71
05/14/2026,17115,401430,Pregnancy Test - Milk,Pregnant,0.258,124,73
05/14/2026,15385,401430,Pregnancy Test - Milk,Pregnant,0.319,160,40
05/14/2026,16199,401430,Pregnancy Test - Milk,Re-Check,0.157,186,76
05/14/2026,340,401430,Pregnancy Test - Milk,Pregnant,0.351,197,73
05/14/2026,17290,401430,Pregnancy Test - Milk,Pregnant,0.677,124,36
05/14/2026,12569,401430,Pregnancy Test - Milk,Open,0.05,188,71
05/14/2026,18900,401430,Pregnancy Test - Milk,Pregnant,0.994,251,35
05/14/2026,14987,401430,Pregnancy Test - Milk,Pregnant,0.398,95,37
05/14/2026,21933,401430,Pregnancy Test - Milk,Pregnant,1.543,96,37
05/14/2026,7622,401430,Pregnancy Test - Milk,Pregnant,0.358,154,77
05/14/2026,21338,401430,Pregnancy Test - Milk,Pregnant,0.664,115,37
05/14/2026,14959,401430,Pregnancy Test - Milk,Pregnant,0.472,169,76
05/14/2026,21536,401430,Pregnancy Test - Milk,Pregnant,0.802,134,77
05/14/2026,14864,401430,Pregnancy Test - Milk,Pregnant,0.35,116,35
05/14/2026,17202,401430,Pregnancy Test - Milk,Pregnant,0.527,164,41
05/14/2026,13482,401430,Pregnancy Test - Milk,Re-Check,0.116,136,73
05/14/2026,14676,401430,Pregnancy Test - Milk,Pregnant,0.336,229,92
05/14/2026,17367,401430,Pregnancy Test - Milk,Re-Check,0.113,147,45
05/14/2026,17365,401430,Pregnancy Test - Milk,Open,-0.012,146,71
05/14/2026,19833,401430,Pregnancy Test - Milk,Pregnant,0.505,135,36
05/14/2026,20958,401430,Pregnancy Test - Milk,Pregnant,0.826,196,82
05/14/2026,17081,401430,Pregnancy Test - Milk,Pregnant,0.3,159,102
05/14/2026,10644,401430,Pregnancy Test - Milk,Pregnant,0.275,192,101
05/14/2026,14744,401430,Pregnancy Test - Milk,Pregnant,0.385,206,72
05/14/2026,21707,401430,Pregnancy Test - Milk,Open,-0.004,119,35
05/14/2026,17215,401430,Pregnancy Test - Milk,Pregnant,0.441,166,40
05/14/2026,21651,401430,Pregnancy Test - Milk,Pregnant,0.798,118,36
05/14/2026,21595,401430,Pregnancy Test - Milk,Pregnant,0.588,140,73
05/14/2026,19321,401430,Pregnancy Test - Milk,Pregnant,0.789,92,38
05/14/2026,1144,401430,Pregnancy Test - Milk,Re-Check,0.244,139,72
05/14/2026,2241,401430,Pregnancy Test - Milk,Re-Check,0.23,190,77
05/14/2026,17025,401430,Pregnancy Test - Milk,Pregnant,0.636,126,71
05/14/2026,21191,401430,Pregnancy Test - Milk,Re-Check,0.193,149,80
05/14/2026,20845,401430,Pregnancy Test - Milk,Pregnant,0.481,203,73
05/14/2026,17564,401430,Pregnancy Test - Milk,Open,-0.007,90,38
05/14/2026,17312,401430,Pregnancy Test - Milk,Re-Check,0.231,162,44
05/14/2026,19473,401430,Pregnancy Test - Milk,Pregnant,0.28,144,75
05/14/2026,16618,401430,Pregnancy Test - Milk,Pregnant,0.403,146,73
05/14/2026,17011,401430,Pregnancy Test - Milk,Pregnant,0.538,197,73
05/14/2026,17232,401430,Pregnancy Test - Milk,Pregnant,0.636,106,41
05/14/2026,13269,401430,Pregnancy Test - Milk,Open,0.066,91,40
05/14/2026,17407,401430,Pregnancy Test - Milk,Open,0.074,127,73
05/14/2026,21764,401430,Pregnancy Test - Milk,Open,0.002,121,39
05/14/2026,7779,401430,Pregnancy Test - Milk,Pregnant,0.492,254,74
05/14/2026,19725,401430,Pregnancy Test - Milk,Pregnant,0.545,133,74
05/14/2026,10345,401430,Pregnancy Test - Milk,Open,0.057,127,44
05/14/2026,5255,401430,Pregnancy Test - Milk,Pregnant,0.262,147,80
05/14/2026,21178,401430,Pregnancy Test - Milk,Pregnant,0.492,161,77
05/14/2026,21399,401430,Pregnancy Test - Milk,Pregnant,0.578,150,41
05/14/2026,15898,401430,Pregnancy Test - Milk,Pregnant,0.316,304,77
05/14/2026,19516,401430,Pregnancy Test - Milk,Pregnant,0.446,140,41
05/14/2026,14520,401430,Pregnancy Test - Milk,Pregnant,0.481,237,38
05/14/2026,19421,401430,Pregnancy Test - Milk,Pregnant,0.608,94,38
05/14/2026,1625,401430,Pregnancy Test - Milk,Re-Check,0.12,145,43
05/14/2026,21657,401430,Pregnancy Test - Milk,Pregnant,1.156,120,35
05/14/2026,14092,401430,Pregnancy Test - Milk,Pregnant,0.308,271,38
05/14/2026,13768,401430,Pregnancy Test - Milk,Pregnant,1.211,277,35
05/14/2026,17320,401430,Pregnancy Test - Milk,Pregnant,0.96,99,41
05/14/2026,18796,401430,Pregnancy Test - Milk,Pregnant,0.389,135,74
05/14/2026,19236,401430,Pregnancy Test - Milk,Pregnant,0.363,163,84
05/14/2026,13703,401430,Pregnancy Test - Milk,Pregnant,1.056,142,75
05/14/2026,15347,401430,Pregnancy Test - Milk,Re-Check,0.162,164,79
05/14/2026,16940,401430,Pregnancy Test - Milk,Re-Check,0.237,157,78
05/14/2026,19593,401430,Pregnancy Test - Milk,Pregnant,0.493,134,76
05/14/2026,17894,401430,Pregnancy Test - Milk,Pregnant,0.512,90,36
05/14/2026,21221,401430,Pregnancy Test - Milk,Re-Check,0.182,193,84
05/14/2026,30001,401430,Pregnancy Test - Milk,Pregnant,0.947,238,76
05/14/2026,17281,401430,Pregnancy Test - Milk,Pregnant,0.25,157,102
05/14/2026,20838,401430,Pregnancy Test - Milk,Pregnant,1.311,266,36
05/14/2026,21674,401430,Pregnancy Test - Milk,Pregnant,0.781,103,37
05/14/2026,20403,401430,Pregnancy Test - Milk,Open,0.076,205,39
05/14/2026,21258,401430,Pregnancy Test - Milk,Pregnant,0.839,185,41
05/14/2026,21619,401430,Pregnancy Test - Milk,Pregnant,1.235,163,35
05/14/2026,15243,401430,Pregnancy Test - Milk,Pregnant,0.495,131,41
05/14/2026,21570,401430,Pregnancy Test - Milk,Open,-0.003,178,36
05/14/2026,21701,401430,Pregnancy Test - Milk,Open,-0.003,127,75
05/14/2026,21881,401430,Pregnancy Test - Milk,Pregnant,1.279,96,35
05/14/2026,16358,401430,Pregnancy Test - Milk,Re-Check,0.201,224,40
05/14/2026,21549,401430,Pregnancy Test - Milk,Re-Check,0.17,164,86
05/14/2026,14250,401430,Pregnancy Test - Milk,Pregnant,0.388,321,74
05/14/2026,14782,401430,Pregnancy Test - Milk,Pregnant,0.271,224,71
05/14/2026,21956,401430,Pregnancy Test - Milk,Pregnant,0.692,109,41
05/14/2026,12712,401430,Pregnancy Test - Milk,Re-Check,0.186,98,38
05/14/2026,19146,401430,Pregnancy Test - Milk,Re-Check,0.214,160,78
05/15/2026,14093,401430,Pregnancy Test - Milk,Pregnant,0.396,207,38
05/15/2026,21612,401430,Pregnancy Test - Milk,Pregnant,0.282,184,79
05/15/2026,15108,401430,Pregnancy Test - Milk,Pregnant,0.287,170,37
05/15/2026,14824,401430,Pregnancy Test - Milk,Re-Check,0.186,146,80
05/15/2026,17132,401430,Pregnancy Test - Milk,Pregnant,0.501,166,78
05/15/2026,13199,401430,Pregnancy Test - Milk,Pregnant,1.169,172,36
05/15/2026,19012,401430,Pregnancy Test - Milk,Pregnant,0.298,166,41
05/15/2026,13900,401430,Pregnancy Test - Milk,Re-Check,0.248,142,87
05/15/2026,19226,401430,Pregnancy Test - Milk,Pregnant,0.63,120,36
05/15/2026,15591,401430,Pregnancy Test - Milk,Pregnant,0.477,107,36
05/15/2026,22018,401430,Pregnancy Test - Milk,Pregnant,0.641,103,36
05/15/2026,19123,401430,Pregnancy Test - Milk,Re-Check,0.126,169,39
05/15/2026,21001,401430,Pregnancy Test - Milk,Pregnant,0.527,187,36
05/15/2026,14662,401430,Pregnancy Test - Milk,Open,-0.016,160,78
05/15/2026,21851,401430,Pregnancy Test - Milk,Pregnant,1.03,95,35
05/15/2026,21903,401430,Pregnancy Test - Milk,Pregnant,0.503,109,41
05/15/2026,17641,401430,Pregnancy Test - Milk,Pregnant,0.473,86,35
05/15/2026,7642,401430,Pregnancy Test - Milk,Re-Check,0.245,115,46
05/15/2026,21729,401430,Pregnancy Test - Milk,Pregnant,0.392,143,79
05/15/2026,18925,401430,Pregnancy Test - Milk,Pregnant,0.518,94,40
05/15/2026,17205,401430,Pregnancy Test - Milk,Re-Check,0.203,180,92
05/15/2026,21548,401430,Pregnancy Test - Milk,Pregnant,0.505,135,35
05/15/2026,19103,401430,Pregnancy Test - Milk,Re-Check,0.233,172,78
05/15/2026,17035,401430,Pregnancy Test - Milk,Re-Check,0.179,210,48
05/15/2026,15401,401430,Pregnancy Test - Milk,Pregnant,0.517,132,35
05/15/2026,17758,401430,Pregnancy Test - Milk,Pregnant,0.436,96,38
05/15/2026,15355,401430,Pregnancy Test - Milk,Open,0.068,173,82
05/15/2026,15098,401430,Pregnancy Test - Milk,Pregnant,0.296,160,78
05/15/2026,21977,401430,Pregnancy Test - Milk,Pregnant,0.924,103,36
05/15/2026,18091,401430,Pregnancy Test - Milk,Pregnant,2.055,365,82
05/15/2026,14126,401430,Pregnancy Test - Milk,Pregnant,0.505,164,78
05/15/2026,15571,401430,Pregnancy Test - Milk,Pregnant,0.367,172,85
05/15/2026,19155,401430,Pregnancy Test - Milk,Open,-0.006,107,39
05/15/2026,17005,401430,Pregnancy Test - Milk,Pregnant,0.361,117,38
05/21/2026,13482,401430,Pregnancy Test - Milk,Pregnant,0.349,142,79
05/21/2026,21920,401430,Pregnancy Test - Milk,Pregnant,1.841,108,38
05/21/2026,17579,401430,Pregnancy Test - Milk,Open,0.004,118,35
05/21/2026,17656,401430,Pregnancy Test - Milk,Pregnant,0.628,148,35
05/21/2026,13368,401430,Pregnancy Test - Milk,Pregnant,0.377,456,73
05/21/2026,15793,401430,Pregnancy Test - Milk,Pregnant,0.337,147,93
05/21/2026,21944,401430,Pregnancy Test - Milk,Pregnant,1.37,93,36
05/21/2026,17362,401430,Pregnancy Test - Milk,Pregnant,0.473,145,41
05/21/2026,21632,401430,Pregnancy Test - Milk,Pregnant,1.38,133,41
05/21/2026,5249,401430,Pregnancy Test - Milk,Pregnant,0.725,184,41
05/21/2026,20821,401430,Pregnancy Test - Milk,Pregnant,2.024,221,133
05/21/2026,11716,401430,Pregnancy Test - Milk,Pregnant,0.59,259,35
05/21/2026,21958,401430,Pregnancy Test - Milk,Pregnant,1.3,94,35
05/21/2026,17209,401430,Pregnancy Test - Milk,Pregnant,1.31,110,35
05/21/2026,19146,401430,Pregnancy Test - Milk,Pregnant,0.285,166,84
05/21/2026,14762,401430,Pregnancy Test - Milk,Pregnant,0.671,128,75
05/21/2026,14276,401430,Pregnancy Test - Milk,Pregnant,2.077,274,85
05/21/2026,13421,401430,Pregnancy Test - Milk,Pregnant,0.377,287,76
05/21/2026,16501,401430,Pregnancy Test - Milk,Open,0.016,89,36
05/21/2026,15616,401430,Pregnancy Test - Milk,Pregnant,0.783,89,38
05/21/2026,11660,401430,Pregnancy Test - Milk,Pregnant,0.337,95,36
05/21/2026,3676,401430,Pregnancy Test - Milk,Pregnant,0.583,246,40
05/21/2026,21604,401430,Pregnancy Test - Milk,Open,0.032,170,35
05/21/2026,20975,401430,Pregnancy Test - Milk,Pregnant,1.031,204,35
05/21/2026,21951,401430,Pregnancy Test - Milk,Pregnant,1.437,110,38
05/21/2026,19464,401430,Pregnancy Test - Milk,Pregnant,0.33,172,72
05/21/2026,9656,401430,Pregnancy Test - Milk,Pregnant,1.144,299,76
05/21/2026,9524,401430,Pregnancy Test - Milk,Open,0.022,203,35
05/21/2026,15083,401430,Pregnancy Test - Milk,Pregnant,1.354,134,73
05/21/2026,19570,401430,Pregnancy Test - Milk,Re-Check,0.177,141,72
05/21/2026,17309,401430,Pregnancy Test - Milk,Re-Check,0.224,151,77
05/21/2026,17136,401430,Pregnancy Test - Milk,Pregnant,0.258,134,84
05/21/2026,16620,401430,Pregnancy Test - Milk,Pregnant,0.856,197,73
05/21/2026,8917,401430,Pregnancy Test - Milk,Re-Check,0.165,109,38
05/21/2026,2272,401430,Pregnancy Test - Milk,Re-Check,0.229,257,76
05/21/2026,14949,401430,Pregnancy Test - Milk,Pregnant,0.428,184,72
05/21/2026,17165,401430,Pregnancy Test - Milk,Pregnant,0.465,90,38
05/21/2026,10838,401430,Pregnancy Test - Milk,Open,0.01,182,35
05/21/2026,21514,401430,Pregnancy Test - Milk,Pregnant,0.995,119,35
05/21/2026,19489,401430,Pregnancy Test - Milk,Pregnant,0.626,161,35
05/21/2026,9921,401430,Pregnancy Test - Milk,Pregnant,0.645,117,35
05/21/2026,17380,401430,Pregnancy Test - Milk,Pregnant,1.379,119,37
05/21/2026,17849,401430,Pregnancy Test - Milk,Open,0.065,80,35
05/21/2026,21814,401430,Pregnancy Test - Milk,Pregnant,1.213,130,38
05/21/2026,21653,401430,Pregnancy Test - Milk,Pregnant,0.764,167,75
05/21/2026,21756,401430,Pregnancy Test - Milk,Pregnant,1.248,120,35
05/21/2026,13067,401430,Pregnancy Test - Milk,Pregnant,0.547,92,0
05/21/2026,21294,401430,Pregnancy Test - Milk,Pregnant,0.851,167,76
05/21/2026,20887,401430,Pregnancy Test - Milk,Pregnant,1.39,253,37
05/21/2026,19430,401430,Pregnancy Test - Milk,Re-Check,0.186,161,83
05/21/2026,17327,401430,Pregnancy Test - Milk,Pregnant,0.802,92,37
05/21/2026,13531,401430,Pregnancy Test - Milk,Pregnant,0.333,175,70
05/21/2026,9074,401430,Pregnancy Test - Milk,Open,0.001,93,37
05/21/2026,14529,401430,Pregnancy Test - Milk,Open,0.066,209,39
05/21/2026,10633,401430,Pregnancy Test - Milk,Open,0.06,177,35
05/21/2026,14983,401430,Pregnancy Test - Milk,Pregnant,0.608,163,76
05/21/2026,21302,401430,Pregnancy Test - Milk,Pregnant,1.258,230,36
05/21/2026,18681,401430,Pregnancy Test - Milk,Pregnant,0.647,257,41
05/21/2026,21699,401430,Pregnancy Test - Milk,Open,-0.021,127,72
05/21/2026,5407,401430,Pregnancy Test - Milk,Pregnant,0.339,148,75
05/21/2026,21636,401430,Pregnancy Test - Milk,Pregnant,0.676,162,72
05/21/2026,19448,401430,Pregnancy Test - Milk,Pregnant,0.369,174,91
05/21/2026,21009,401430,Pregnancy Test - Milk,Pregnant,0.736,229,75
05/21/2026,16940,401430,Pregnancy Test - Milk,Pregnant,0.379,164,85
05/21/2026,3191,401430,Pregnancy Test - Milk,Pregnant,0.35,178,100
05/21/2026,19767,401430,Pregnancy Test - Milk,Open,-0.005,104,38
05/21/2026,16706,401430,Pregnancy Test - Milk,Re-Check,0.215,135,80
05/21/2026,15372,401430,Pregnancy Test - Milk,Re-Check,0.169,116,44
05/21/2026,21461,401430,Pregnancy Test - Milk,Pregnant,1.39,153,70
05/21/2026,17313,401430,Pregnancy Test - Milk,Pregnant,0.428,134,38
05/21/2026,17086,401430,Pregnancy Test - Milk,Pregnant,0.729,103,36
05/21/2026,14689,401430,Pregnancy Test - Milk,Pregnant,0.683,136,75
05/21/2026,21871,401430,Pregnancy Test - Milk,Open,0.009,121,35
05/21/2026,10540,401430,Pregnancy Test - Milk,Pregnant,0.559,154,70
05/21/2026,12983,401430,Pregnancy Test - Milk,Pregnant,0.694,161,35
05/21/2026,3906,401430,Pregnancy Test - Milk,Pregnant,0.391,149,80
05/21/2026,21560,401430,Pregnancy Test - Milk,Pregnant,0.555,176,73
05/21/2026,21431,401430,Pregnancy Test - Milk,Pregnant,1.402,159,74
05/21/2026,21190,401430,Pregnancy Test - Milk,Pregnant,0.67,180,71
05/21/2026,19196,401430,Pregnancy Test - Milk,Open,0.004,179,35
05/21/2026,21888,401430,Pregnancy Test - Milk,Pregnant,1.034,125,75
05/21/2026,14289,401430,Pregnancy Test - Milk,Pregnant,0.267,186,37
05/21/2026,15989,401430,Pregnancy Test - Milk,Pregnant,0.385,326,73
05/21/2026,12946,401430,Pregnancy Test - Milk,Pregnant,0.481,171,36
05/21/2026,16770,401430,Pregnancy Test - Milk,Pregnant,0.632,248,75
05/21/2026,7651,401430,Pregnancy Test - Milk,Pregnant,0.939,99,37
05/21/2026,15319,401430,Pregnancy Test - Milk,Pregnant,0.489,153,79
05/21/2026,20808,401430,Pregnancy Test - Milk,Not Tested,,240,38
05/21/2026,17791,401430,Pregnancy Test - Milk,Pregnant,0.816,114,36
05/21/2026,21517,401430,Pregnancy Test - Milk,Pregnant,0.682,128,75
05/21/2026,3249,401430,Pregnancy Test - Milk,Pregnant,0.476,339,77
05/21/2026,12687,401430,Pregnancy Test - Milk,Re-Check,0.123,93,38
05/21/2026,3765,401430,Pregnancy Test - Milk,Pregnant,0.274,139,73
05/21/2026,14450,401430,Pregnancy Test - Milk,Pregnant,0.63,265,37
05/21/2026,5234,401430,Pregnancy Test - Milk,Pregnant,0.735,175,38
05/21/2026,17449,401430,Pregnancy Test - Milk,Open,0.024,104,35
05/21/2026,21852,401430,Pregnancy Test - Milk,Pregnant,1.085,129,38
05/21/2026,17254,401430,Pregnancy Test - Milk,Pregnant,0.591,148,72
05/21/2026,18577,401430,Pregnancy Test - Milk,Pregnant,0.349,217,71
05/21/2026,21310,401430,Pregnancy Test - Milk,Open,-0.003,170,35
05/21/2026,15347,401430,Pregnancy Test - Milk,Re-Check,0.219,171,86
05/21/2026,13056,401430,Pregnancy Test - Milk,Pregnant,0.4,104,38
05/21/2026,12898,401430,Pregnancy Test - Milk,Open,0.077,144,72
05/21/2026,17084,401430,Pregnancy Test - Milk,Pregnant,0.485,107,38
05/21/2026,17297,401430,Pregnancy Test - Milk,Pregnant,0.566,120,35
05/21/2026,22151,401430,Pregnancy Test - Milk,Pregnant,1.352,108,0
05/21/2026,21679,401430,Pregnancy Test - Milk,Pregnant,0.791,112,41
05/21/2026,16759,401430,Pregnancy Test - Milk,Pregnant,0.622,210,77
05/21/2026,10790,401430,Pregnancy Test - Milk,Pregnant,0.421,212,71
05/21/2026,21394,401430,Pregnancy Test - Milk,Pregnant,0.318,168,79
05/21/2026,15970,401430,Pregnancy Test - Milk,Re-Check,0.116,109,41
05/21/2026,18056,401430,Pregnancy Test - Milk,Pregnant,0.448,143,72
05/21/2026,21549,401430,Pregnancy Test - Milk,Pregnant,0.43,171,93
05/21/2026,17296,401430,Pregnancy Test - Milk,Pregnant,0.255,136,79
05/21/2026,1144,401430,Pregnancy Test - Milk,Pregnant,0.315,146,79
05/21/2026,17417,401430,Pregnancy Test - Milk,Re-Check,0.202,90,37
05/21/2026,19649,401430,Pregnancy Test - Milk,Re-Check,0.1,136,44
05/21/2026,13085,401430,Pregnancy Test - Milk,Pregnant,0.377,156,75
05/21/2026,17312,401430,Pregnancy Test - Milk,Pregnant,0.758,168,50
05/21/2026,14843,401430,Pregnancy Test - Milk,Pregnant,0.518,209,76
05/21/2026,14836,401430,Pregnancy Test - Milk,Pregnant,0.631,216,35
05/21/2026,15062,401430,Pregnancy Test - Milk,Pregnant,0.292,138,72
05/21/2026,21485,401430,Pregnancy Test - Milk,Pregnant,2.4,92,37
05/21/2026,21167,401430,Pregnancy Test - Milk,Pregnant,1.777,206,75
05/21/2026,21848,401430,Pregnancy Test - Milk,Pregnant,2.056,153,75
05/21/2026,21541,401430,Pregnancy Test - Milk,Pregnant,0.991,138,73
05/21/2026,21991,401430,Pregnancy Test - Milk,Not Tested,,105,38
05/21/2026,16505,401430,Pregnancy Test - Milk,Pregnant,0.374,154,71
05/21/2026,16358,401430,Pregnancy Test - Milk,Pregnant,0.28,231,47
05/21/2026,15489,401430,Pregnancy Test - Milk,Pregnant,0.398,174,37
05/21/2026,15758,401430,Pregnancy Test - Milk,Pregnant,0.331,128,34
05/21/2026,11260,401430,Pregnancy Test - Milk,Pregnant,0.499,124,38
05/21/2026,17367,401430,Pregnancy Test - Milk,Re-Check,0.187,153,51
05/21/2026,19360,401430,Pregnancy Test - Milk,Pregnant,0.742,147,71
05/21/2026,18521,401430,Pregnancy Test - Milk,Pregnant,0.399,295,76
05/21/2026,16199,401430,Pregnancy Test - Milk,Re-Check,0.248,192,82
05/21/2026,12932,401430,Pregnancy Test - Milk,Pregnant,0.511,154,70
05/21/2026,11713,401430,Pregnancy Test - Milk,Pregnant,0.556,124,72
05/21/2026,13109,401430,Pregnancy Test - Milk,Open,0.031,154,70
05/21/2026,17645,401430,Pregnancy Test - Milk,Pregnant,0.554,122,35
05/21/2026,16944,401430,Pregnancy Test - Milk,Open,0.014,261,72
05/21/2026,19293,401430,Pregnancy Test - Milk,Open,0.066,100,39
05/21/2026,16870,401430,Pregnancy Test - Milk,Pregnant,0.399,152,72
05/21/2026,3425,401430,Pregnancy Test - Milk,Pregnant,0.546,94,37
05/21/2026,19680,401430,Pregnancy Test - Milk,Pregnant,0.405,123,72
05/21/2026,21380,401430,Pregnancy Test - Milk,Pregnant,1.155,163,77
05/21/2026,21874,401430,Pregnancy Test - Milk,Pregnant,1.83,128,77
05/21/2026,21241,401430,Pregnancy Test - Milk,Not Tested,,221,154
05/21/2026,15045,401430,Pregnancy Test - Milk,Pregnant,0.317,164,77
05/21/2026,21521,401430,Pregnancy Test - Milk,Pregnant,0.556,146,38
05/21/2026,10924,401430,Pregnancy Test - Milk,Pregnant,0.642,196,35
05/21/2026,16629,401430,Pregnancy Test - Milk,Pregnant,0.683,240,73
05/21/2026,21462,401430,Pregnancy Test - Milk,Pregnant,0.581,160,77
05/21/2026,20008,401430,Pregnancy Test - Milk,Pregnant,1.237,103,36
05/21/2026,19417,401430,Pregnancy Test - Milk,Re-Check,0.124,116,44
05/21/2026,7582,401430,Pregnancy Test - Milk,Open,-0.012,102,36
05/21/2026,12935,401430,Pregnancy Test - Milk,Pregnant,0.261,124,72
05/21/2026,21191,401430,Pregnancy Test - Milk,Pregnant,0.319,156,87
05/21/2026,21600,401430,Pregnancy Test - Milk,Pregnant,1.071,139,75
05/21/2026,22170,401430,Pregnancy Test - Milk,Pregnant,1.797,102,35
05/21/2026,19683,401430,Pregnancy Test - Milk,Pregnant,1.126,104,41
05/21/2026,16452,401430,Pregnancy Test - Milk,Pregnant,0.542,335,37
05/21/2026,21246,401430,Pregnancy Test - Milk,Pregnant,0.751,210,75
05/21/2026,21221,401430,Pregnancy Test - Milk,Re-Check,0.186,200,91
05/21/2026,21452,401430,Pregnancy Test - Milk,Pregnant,1.679,112,37
05/21/2026,21327,401430,Pregnancy Test - Milk,Pregnant,1.086,161,77
05/21/2026,12808,401430,Pregnancy Test - Milk,Re-Check,0.248,142,79
05/21/2026,15354,401430,Pregnancy Test - Milk,Open,0.021,103,35
05/21/2026,19376,401430,Pregnancy Test - Milk,Pregnant,1.214,144,35
05/21/2026,12146,401430,Pregnancy Test - Milk,Open,0.066,317,39
05/21/2026,14457,401430,Pregnancy Test - Milk,Pregnant,0.52,178,75
05/21/2026,19504,401430,Pregnancy Test - Milk,Pregnant,0.573,134,75
05/21/2026,17074,401430,Pregnancy Test - Milk,Open,0.005,146,35
05/21/2026,21724,401430,Pregnancy Test - Milk,Open,-0.019,117,35
05/21/2026,16718,401430,Pregnancy Test - Milk,Pregnant,0.577,138,73
05/21/2026,21326,401430,Pregnancy Test - Milk,Not Tested,,216,77
05/21/2026,17762,401430,Pregnancy Test - Milk,Pregnant,0.298,142,73
05/21/2026,14217,401430,Pregnancy Test - Milk,Pregnant,0.712,247,41
05/21/2026,1625,401430,Pregnancy Test - Milk,Open,0.072,152,50
05/21/2026,5402,401430,Pregnancy Test - Milk,Pregnant,0.266,131,70
05/21/2026,17521,401430,Pregnancy Test - Milk,Pregnant,0.518,144,73
05/21/2026,17652,401430,Pregnancy Test - Milk,Pregnant,0.687,94,38
05/21/2026,17339,401430,Pregnancy Test - Milk,Pregnant,0.606,156,77
05/21/2026,20039,401430,Pregnancy Test - Milk,Pregnant,1.035,104,37
05/21/2026,1676,401430,Pregnancy Test - Milk,Pregnant,0.815,89,38
05/21/2026,16460,401430,Pregnancy Test - Milk,Re-Check,0.185,126,73
05/21/2026,2241,401430,Pregnancy Test - Milk,Pregnant,0.276,197,84
05/21/2026,18922,401430,Pregnancy Test - Milk,Not Tested,,249,182
05/21/2026,16916,401430,Pregnancy Test - Milk,Pregnant,0.345,111,53
05/21/2026,17560,401430,Pregnancy Test - Milk,Pregnant,0.765,122,35
05/21/2026,12839,401430,Pregnancy Test - Milk,Pregnant,0.251,141,79
05/21/2026,1003,401430,Pregnancy Test - Milk,Re-Check,0.159,154,74
05/21/2026,19633,401430,Pregnancy Test - Milk,Open,-0.014,90,39
05/21/2026,21151,401430,Pregnancy Test - Milk,Pregnant,0.624,138,73
05/21/2026,21650,401430,Pregnancy Test - Milk,Pregnant,1.646,150,75
05/21/2026,3184,401430,Pregnancy Test - Milk,Pregnant,0.664,131,75
05/21/2026,19828,401430,Pregnancy Test - Milk,Pregnant,0.571,94,36
05/21/2026,10098,401430,Pregnancy Test - Milk,Pregnant,0.62,184,38
05/21/2026,19414,401430,Pregnancy Test - Milk,Pregnant,0.745,196,77
05/21/2026,21442,401430,Pregnancy Test - Milk,Pregnant,1.309,189,38
05/21/2026,12991,401430,Pregnancy Test - Milk,Pregnant,0.436,187,75
05/21/2026,13220,401430,Pregnancy Test - Milk,Pregnant,0.451,221,70
05/21/2026,17070,401430,Pregnancy Test - Milk,Pregnant,0.509,132,40
05/21/2026,21828,401430,Pregnancy Test - Milk,Pregnant,1.421,112,39
05/21/2026,5747,401430,Pregnancy Test - Milk,Re-Check,0.206,156,78
05/21/2026,18991,401430,Pregnancy Test - Milk,Pregnant,0.458,207,73
05/22/2026,17035,401430,Pregnancy Test - Milk,Re-Check,0.214,217,55
05/22/2026,21911,401430,Pregnancy Test - Milk,Pregnant,1.002,110,39
05/22/2026,13900,401430,Pregnancy Test - Milk,Pregnant,0.329,149,94
05/22/2026,1649,401430,Pregnancy Test - Milk,Pregnant,0.36,386,84
05/22/2026,12890,401430,Pregnancy Test - Milk,Open,-0.016,94,39
05/22/2026,20921,401430,Pregnancy Test - Milk,Pregnant,0.641,238,78
05/22/2026,17708,401430,Pregnancy Test - Milk,Open,-0.012,93,38
05/22/2026,21820,401430,Pregnancy Test - Milk,Pregnant,0.528,156,82
05/22/2026,7642,401430,Pregnancy Test - Milk,Re-Check,0.202,122,53
05/22/2026,7804,401430,Pregnancy Test - Milk,Pregnant,0.774,206,82
05/22/2026,21802,401430,Pregnancy Test - Milk,Pregnant,0.441,135,81
05/22/2026,21607,401430,Pregnancy Test - Milk,Pregnant,0.927,103,38
05/22/2026,19006,401430,Pregnancy Test - Milk,Pregnant,0.262,219,83
05/22/2026,19123,401430,Pregnancy Test - Milk,Re-Check,0.213,176,46
05/22/2026,18915,401430,Pregnancy Test - Milk,Re-Check,0.153,136,36
05/22/2026,15430,401430,Pregnancy Test - Milk,Pregnant,0.543,146,82
05/22/2026,21405,401430,Pregnancy Test - Milk,Pregnant,0.336,148,84
05/22/2026,21300,401430,Pregnancy Test - Milk,Pregnant,0.986,234,78
05/22/2026,19297,401430,Pregnancy Test - Milk,Pregnant,0.387,206,79
05/22/2026,19357,401430,Pregnancy Test - Milk,Pregnant,0.614,191,78
05/22/2026,5368,401430,Pregnancy Test - Milk,Re-Check,0.218,136,81
05/22/2026,17177,401430,Pregnancy Test - Milk,Pregnant,0.344,120,36
05/22/2026,22200,401430,Pregnancy Test - Milk,Pregnant,0.812,115,40
05/22/2026,15159,401430,Pregnancy Test - Milk,Re-Check,0.129,201,78
05/22/2026,21359,401430,Pregnancy Test - Milk,Pregnant,0.404,156,83
05/22/2026,18092,401430,Pregnancy Test - Milk,Open,0.013,126,37
05/22/2026,22084,401430,Pregnancy Test - Milk,Pregnant,1.155,95,41
05/22/2026,14824,401430,Pregnancy Test - Milk,Pregnant,0.471,153,87
05/22/2026,15318,401430,Pregnancy Test - Milk,Re-Check,0.215,160,82
05/22/2026,15437,401430,Pregnancy Test - Milk,Pregnant,0.277,315,78
05/22/2026,19103,401430,Pregnancy Test - Milk,Pregnant,0.391,179,85
05/22/2026,15361,401430,Pregnancy Test - Milk,Pregnant,0.695,174,36
05/22/2026,17205,401430,Pregnancy Test - Milk,Pregnant,0.256,187,99
05/22/2026,20635,401430,Pregnancy Test - Milk,Pregnant,0.444,276,81
05/22/2026,18888,401430,Pregnancy Test - Milk,Pregnant,0.442,228,36
05/22/2026,17037,401430,Pregnancy Test - Milk,Pregnant,0.449,197,37
